ACO_ID,ACO_NAME,STATE,YEAR,ACTUAL_NEXT_YEAR_RISK,RISK_PROBABILITY,PREDICTED_NEXT_YEAR_RISK,CLASSIFICATION_THRESHOLD
A00002,Brookside Care Network Network,Massachusetts,2018,0,0.03023534567933575,0,0.23
A00012,Unity Provider Alliance Association,Florida,2018,0,0.11294774240749363,0,0.23
A00019,Cedar Care Group,Pennsylvania,2018,1,0.23941928133375284,1,0.23
A00021,Northstar Integrated Health Partners,Wisconsin,2018,0,0.0755401320582025,0,0.23
A00024,Valley Health Partners Association,Arizona,2018,0,0.14857582912390224,0,0.23
A00068,Grandview Medical Group Partners,Missouri,2018,0,0.1836860970601049,0,0.23
A00077,Lakeside Medical Group Physician Alliance,Georgia,2018,0,0.20460043723802393,0,0.23
A00083,Heritage Wellness Health System,Pennsylvania,2018,0,0.16722112850684986,0,0.23
A00084,Meadow Medical Physician Alliance,Tennessee,2018,0,0.16417858490362466,0,0.23
A00095,Oakridge Physician Network Collaborative,Wisconsin,2018,0,0.07593822048774991,0,0.23
A00100,Golden Valley Integrated Health Association,Georgia,2018,0,0.11067134143281626,0,0.23
A00117,Evergreen Care Alliance Health System,Florida,2018,0,0.18817597296876604,0,0.23
A00125,Clearview Physician Network Care Network,Indiana,2018,0,0.053619818896994145,0,0.23
A00128,Blue Ridge Health Partners Medical Center,Texas,2018,1,0.14086981779788182,0,0.23
A00135,Highland Medical Physician Alliance,Illinois,2018,0,0.1507398763040671,0,0.23
A00141,Stonebridge Provider Alliance Network,New York,2018,0,0.04111891736271296,0,0.23
A00142,Heritage Integrated Health Network,Missouri,2018,0,0.16282517964024723,0,0.23
A00147,Eastgate Care Health System,Virginia,2018,1,0.2076875664647094,0,0.23
A00150,Maplewood Provider Alliance Care Network,Indiana,2018,0,0.05068243688801211,0,0.23
A00152,Crestview Health Collaborative Physician Alliance,New Jersey,2018,0,0.11250289483656987,0,0.23
A00162,Mountain View Care Network Care Network,Arizona,2018,0,0.28703047801046955,1,0.23
A00164,Maplewood Provider Alliance Group,Alabama,2018,0,0.09993333495016099,0,0.23
A00167,Summit Medical Alliance,Pennsylvania,2018,1,0.08980381811709855,0,0.23
A00168,Cedar Care Partners Partners,Oregon,2018,0,0.07290314078163944,0,0.23
A00170,Pioneer Health Group,Maryland,2018,0,0.07004545719410973,0,0.23
A00172,Silverstone Provider Alliance Association,California,2018,0,0.17258955468724346,0,0.23
A00180,Highland Physician Network Care Network,New York,2018,0,0.24679842510017985,1,0.23
A00183,WellSpring Physician Network Group,Arizona,2018,0,0.2153568197937555,0,0.23
A00184,Westfield Medical Group Network,Maryland,2018,0,0.081145967390009,0,0.23
A00185,Riverbend Wellness Health System,Maryland,2018,0,0.15044589271282802,0,0.23
A00186,Canyon Medical Collaborative,Illinois,2018,0,0.10889013984930564,0,0.23
A00191,Eastgate Care Alliance,Virginia,2018,0,0.13056683949179138,0,0.23
A00195,Pioneer Community Care Association,California,2018,0,0.017746946492312666,0,0.23
A00196,Canyon Provider Alliance Care Network,Oregon,2018,0,0.08058673426967441,0,0.23
A00197,Springfield Physicians Alliance,Indiana,2018,0,0.3653901217332878,1,0.23
A00207,Gateway Health Partners Network,Washington,2018,0,0.11321641644704114,0,0.23
A00209,Parkview Care Partners Collaborative,Virginia,2018,0,0.04242932084232037,0,0.23
A00213,Summit Care Medical Center,Colorado,2018,0,0.04317102425868766,0,0.23
A00224,Westfield Care Care Network,Maryland,2018,0,0.07214236507757764,0,0.23
A00225,Summit Community Care Group,Massachusetts,2018,0,0.18735552474387152,0,0.23
A00227,Golden Valley Care Network Group,New York,2018,0,0.08792120229272603,0,0.23
A00228,Highland Care Alliance Physician Alliance,Indiana,2018,0,0.20521896462092143,0,0.23
A00229,Heartland Health Alliance,Alabama,2018,1,0.1192065178736534,0,0.23
A00230,Blue Ridge Care Partners Association,Massachusetts,2018,0,0.012470606707663534,0,0.23
A00236,Pinnacle Medical Association,Connecticut,2018,0,0.06311071323366751,0,0.23
A00237,Grandview Health Alliance Health System,Pennsylvania,2018,1,0.17363124823115605,0,0.23
A00238,Valley Health Care Network,Missouri,2018,0,0.23919427067367557,1,0.23
A00244,Community Care Alliance,Pennsylvania,2018,0,0.05221418908374492,0,0.23
A00246,Unity Healthcare Alliance,Virginia,2018,1,0.20571456359519275,0,0.23
A00248,Community Healthcare Care Network,North Carolina,2018,0,0.045825266467140115,0,0.23
A00249,Highland Integrated Health Collaborative,Florida,2018,0,0.06192323790594759,0,0.23
A00261,Community Physicians Collaborative,New Jersey,2018,0,0.1717134802007923,0,0.23
A00262,Pinnacle Wellness Physician Alliance,Massachusetts,2018,1,0.550187563634096,1,0.23
A00270,Valley Care Partners Medical Center,Colorado,2018,0,0.038122932804379686,0,0.23
A00280,Gateway Health Collaborative Health System,California,2018,0,0.0757022726908719,0,0.23
A00290,Riverside Physician Network Collaborative,Virginia,2018,0,0.057119892233938756,0,0.23
A00295,Highland Care Alliance Care Network,Michigan,2018,0,0.2820188336144029,1,0.23
A00297,Fairview Medical Partners Physician Alliance,New Jersey,2018,0,0.17399933746103688,0,0.23
A00302,Redwood Healthcare Group,New York,2018,0,0.07143351899609751,0,0.23
A00303,Blue Ridge Care Alliance Health System,New Jersey,2018,1,0.38341196993331217,1,0.23
A00309,Heartland Health Collaborative Association,California,2018,0,0.07008460698729992,0,0.23
A00319,Riverside Health Partners Partners,Missouri,2018,0,0.1288077971079523,0,0.23
A00323,Riverbend Care Network,Georgia,2018,0,0.09633623997337126,0,0.23
A00333,Highland Care Medical Center,Georgia,2018,0,0.08865912729653454,0,0.23
A00338,Beacon Care Network Group,North Carolina,2018,0,0.051371943984026336,0,0.23
A00339,Clearview Physicians Network,Washington,2018,0,0.059470612796329494,0,0.23
A00344,WellSpring Care Alliance,Missouri,2018,0,0.06090421865595688,0,0.23
A00345,Pioneer Care Partners Partners,Indiana,2018,0,0.05838972963324093,0,0.23
A00351,Riverside Clinical Partners Physician Alliance,New York,2018,0,0.15658820046778335,0,0.23
A00363,Horizon Integrated Health Physician Alliance,Florida,2018,0,0.09218989474722399,0,0.23
A00364,Fairview Community Care Physician Alliance,Ohio,2018,0,0.12026375876805286,0,0.23
A00368,Evergreen Care Network Health System,Wisconsin,2018,0,0.05429306177963565,0,0.23
A00369,Green Valley Health Association,Connecticut,2018,0,0.042877319703691415,0,0.23
A00372,Unity Provider Alliance Group,Ohio,2018,0,0.04753000148064172,0,0.23
A00374,Stonebridge Health Collaborative Partners,California,2018,0,0.09369195952422954,0,0.23
A00387,Pinnacle Health Collaborative Physician Alliance,Virginia,2018,0,0.10175092755598568,0,0.23
A00391,Brookside Medical Partners Medical Center,Alabama,2018,0,0.1614682073397313,0,0.23
A00411,Green Valley Health Alliance Network,New York,2018,0,0.05702116278339232,0,0.23
A00413,Redwood Health Collaborative Health System,Illinois,2018,0,0.1990055366004557,0,0.23
A00416,Cedar Care Partners Medical Center,Washington,2018,0,0.21470038861653973,0,0.23
A00430,Mountain View Care Care Network,Tennessee,2018,0,0.12293715854379288,0,0.23
A00435,Riverside Community Care Partners,Connecticut,2018,0,0.09883946535663174,0,0.23
A00440,Redwood Physicians Health System,Minnesota,2018,0,0.13041573636511733,0,0.23
A00441,Gateway Medical Partners Collaborative,Wisconsin,2018,0,0.29263778631423,1,0.23
A00442,Clearview Integrated Health Collaborative,Maryland,2018,0,0.1638831273598716,0,0.23
A00449,Fairview Care Alliance Health System,Connecticut,2018,0,0.07712929172486571,0,0.23
A00450,Summit Wellness Association,Alabama,2018,1,0.32868794006565805,1,0.23
A00454,Cedar Medical Collaborative,Colorado,2018,0,0.03221493570996631,0,0.23
A00464,Redwood Integrated Health Partners,Tennessee,2018,0,0.04361494854593386,0,0.23
A00471,Riverside Care Alliance Partners,Wisconsin,2018,0,0.0211800271491948,0,0.23
A00472,Oakridge Physician Network Network,New York,2018,0,0.2084846765163303,0,0.23
A00474,Westfield Wellness Health System,Ohio,2018,1,0.18888508508719595,0,0.23
A00488,Community Physician Network Network,Oregon,2018,0,0.0746880865007829,0,0.23
A00489,Pioneer Provider Alliance Network,California,2018,0,0.19102809996861633,0,0.23
A00490,Westfield Medical Health System,Colorado,2018,0,0.19042788684546216,0,0.23
A00492,Lakeside Wellness Health System,Minnesota,2018,0,0.07012270670424664,0,0.23
A00501,Riverside Care Network Network,Missouri,2018,0,0.11154292517401913,0,0.23
A00506,Pinnacle Medical Partners Collaborative,Colorado,2018,0,0.07177949507205898,0,0.23
A00513,Grandview Provider Alliance Collaborative,Wisconsin,2018,0,0.043405633668541214,0,0.23
A00529,Highland Health Group,Wisconsin,2018,1,0.2671767242224974,1,0.23
A00541,Canyon Clinical Partners Partners,New York,2018,0,0.12320130944602425,0,0.23
A00554,Silverstone Care Alliance Collaborative,Arizona,2018,1,0.3329128855420624,1,0.23
A00560,Mountain View Physicians Health System,Massachusetts,2018,0,0.04340083749696309,0,0.23
A00583,Crestview Medical Group Collaborative,Texas,2018,0,0.14898446951741684,0,0.23
A00593,Blue Ridge Community Care Physician Alliance,Georgia,2018,0,0.07054866874385808,0,0.23
A00594,Riverbend Health Collaborative Medical Center,California,2018,0,0.13433191780754147,0,0.23
A00596,Riverbend Integrated Health Medical Center,Michigan,2018,0,0.05262830563091748,0,0.23
A00598,Eastgate Health Alliance,Missouri,2018,0,0.05505332387783271,0,0.23
A00601,Canyon Medical Partners Alliance,Colorado,2018,0,0.13756760552292693,0,0.23
A00604,Brookside Community Care Health System,Michigan,2018,0,0.14565575211139778,0,0.23
A00605,Brookside Medical Group Collaborative,Ohio,2018,1,0.16326932477098588,0,0.23
A00612,Northstar Physicians Health System,Oregon,2018,0,0.06827993943507492,0,0.23
A00617,Blue Ridge Care Alliance Physician Alliance,Tennessee,2018,0,0.1579596939918943,0,0.23
A00621,Meadow Physicians Medical Center,Colorado,2018,1,0.5248255883718447,1,0.23
A00627,Fairview Care Collaborative,Missouri,2018,0,0.13358034471101302,0,0.23
A00632,Maplewood Health Partners Medical Center,Texas,2018,1,0.12286559134060387,0,0.23
A00636,Beacon Medical Network,Pennsylvania,2018,0,0.06310342513264289,0,0.23
A00639,Silverstone Medical Partners Partners,Connecticut,2018,0,0.058191273656494714,0,0.23
A00641,Riverbend Health Network Care Network,Indiana,2018,0,0.03023534696577264,0,0.23
A00649,Evergreen Health Alliance Care Network,Illinois,2018,0,0.3524551287320753,1,0.23
A00656,Evergreen Community Care Partners,New York,2018,0,0.08424029078425412,0,0.23
A00660,Canyon Health Partners Partners,Pennsylvania,2018,0,0.02823975367503651,0,0.23
A00672,Brookside Integrated Health Network,California,2018,0,0.07789433042651206,0,0.23
A00673,Clearview Health Collaborative,Texas,2018,0,0.05507563510514682,0,0.23
A00686,Mountain View Health Network Network,Pennsylvania,2018,0,0.053667913263040094,0,0.23
A00687,Springfield Medical Medical Center,Tennessee,2018,0,0.04873857847325467,0,0.23
A00697,Redwood Clinical Partners Group,New York,2018,0,0.11152026902935151,0,0.23
A00712,Riverbend Medical Group Group,Georgia,2018,0,0.10546255484764468,0,0.23
A00714,Stonebridge Health Network Health System,Illinois,2018,0,0.046064086539659266,0,0.23
A00722,Brookside Health Alliance Group,Georgia,2018,1,0.02641911295871262,0,0.23
A00725,Pioneer Physician Network Health System,Alabama,2018,0,0.06892749283426731,0,0.23
A00736,Parkview Health Collaborative Partners,Maryland,2018,0,0.020182010086037944,0,0.23
A00743,Oakridge Healthcare Care Network,Florida,2018,0,0.15247365366289561,0,0.23
A00745,Heartland Health Collaborative,Arizona,2018,0,0.14348462546429058,0,0.23
A00750,Riverbend Clinical Partners Medical Center,Florida,2018,0,0.1525353944477053,0,0.23
A00759,Crestview Medical Group,Texas,2018,0,0.22272759940566864,0,0.23
A00768,Grandview Health Alliance Physician Alliance,Tennessee,2018,1,0.3714017348348271,1,0.23
A00773,Northstar Health Collaborative Collaborative,Connecticut,2018,0,0.028354382164462448,0,0.23
A00785,Redwood Health Medical Center,Pennsylvania,2018,0,0.08381522560114173,0,0.23
A00796,Cedar Wellness Medical Center,Tennessee,2018,0,0.08889727416705051,0,0.23
A00805,Northstar Healthcare Physician Alliance,North Carolina,2018,0,0.0951496834059806,0,0.23
A00807,Community Medical Partners Physician Alliance,North Carolina,2018,0,0.17509580829506904,0,0.23
A00810,Beacon Health Collaborative Network,Minnesota,2018,0,0.10757805332563539,0,0.23
A00811,Gateway Care Partners Physician Alliance,Pennsylvania,2018,0,0.06428808064308791,0,0.23
A00814,Pioneer Health Network Group,Alabama,2018,0,0.11675427815907635,0,0.23
A00815,Evergreen Medical Partners Alliance,Alabama,2018,0,0.1257619701235523,0,0.23
A00819,Valley Medical Collaborative,Massachusetts,2018,1,0.15174929030274817,0,0.23
A00825,Springfield Integrated Health Association,New York,2018,0,0.09700834289591242,0,0.23
A00829,Metro Health Collaborative Health System,Florida,2018,0,0.145475082009084,0,0.23
A00838,Oakridge Integrated Health Collaborative,Connecticut,2018,0,0.05084983105639182,0,0.23
A00842,Summit Care Partners Health System,Arizona,2018,0,0.03997356379917781,0,0.23
A00843,Mountain View Medical Alliance,Missouri,2018,0,0.059800494343859756,0,0.23
A00844,Brookside Clinical Partners Physician Alliance,California,2018,0,0.14796554856750532,0,0.23
A00851,Blue Ridge Health Collaborative Group,Oregon,2018,0,0.030627489631928607,0,0.23
A00852,WellSpring Health Care Network,Alabama,2018,0,0.19074256137418022,0,0.23
A00857,Riverside Care Network Group,Alabama,2018,1,0.1707762286087329,0,0.23
A00860,Lakeside Clinical Partners Partners,New Jersey,2018,0,0.16732619420349498,0,0.23
A00864,Blue Ridge Wellness Network,New Jersey,2018,0,0.08176809191805683,0,0.23
A00873,Stonebridge Health Collaborative Association,Connecticut,2018,0,0.06690950968306446,0,0.23
A00883,Westfield Provider Alliance Collaborative,Tennessee,2018,1,0.5329608115071347,1,0.23
A00884,Mountain View Healthcare Network,Colorado,2018,0,0.062483436267079764,0,0.23
A00886,Springfield Medical Partners Health System,Oregon,2018,0,0.08031815185733564,0,0.23
A00890,Blue Ridge Health Network Partners,Indiana,2018,0,0.13286597348507226,0,0.23
A00898,Fairview Health Network Alliance,North Carolina,2018,0,0.0171416417490759,0,0.23
A00900,Valley Health Collaborative Alliance,Ohio,2018,0,0.08582777568353586,0,0.23
A00917,Riverbend Provider Alliance Group,Tennessee,2018,0,0.14799848860401457,0,0.23
A00919,WellSpring Health Alliance Care Network,Alabama,2018,1,0.2056951460357037,0,0.23
A00936,Fairview Provider Alliance Medical Center,Florida,2018,0,0.08402755387840564,0,0.23
A00941,Redwood Physician Network Health System,Tennessee,2018,0,0.10972013654798386,0,0.23
A00946,Pinnacle Clinical Partners Medical Center,Ohio,2018,0,0.08599741903792978,0,0.23
A00949,Mountain View Provider Alliance Physician Alliance,Washington,2018,0,0.03961095225097822,0,0.23
A00954,Gateway Medical Group Collaborative,Washington,2018,0,0.050353928325671246,0,0.23
A00955,Metro Community Care Partners,California,2018,0,0.04814174842994583,0,0.23
A00957,Green Valley Care Partners Medical Center,Texas,2018,0,0.11194752250054275,0,0.23
A00958,Beacon Care Alliance Association,Maryland,2018,0,0.03871979589681263,0,0.23
A00969,Golden Valley Provider Alliance Association,Michigan,2018,0,0.2122387865714399,0,0.23
A00980,Fairview Integrated Health Partners,Connecticut,2018,0,0.14858536345595644,0,0.23
A00981,Riverside Medical Health System,Illinois,2018,0,0.16460727851903975,0,0.23
A00982,Lakeside Physician Network Group,Michigan,2018,0,0.18951436238599795,0,0.23
A00990,Grandview Medical Group Association,Colorado,2018,0,0.10738646894385476,0,0.23
A01002,Canyon Care Network,Arizona,2018,0,0.024896603905670743,0,0.23
A01015,Crestview Health Alliance Medical Center,Tennessee,2018,0,0.13683489092791448,0,0.23
A01029,Parkview Provider Alliance Collaborative,North Carolina,2018,0,0.06073775515931896,0,0.23
A01030,Eastgate Healthcare Care Network,North Carolina,2018,0,0.047611992542474765,0,0.23
A01035,Stonebridge Medical Group Medical Center,New Jersey,2018,0,0.37533071778812244,1,0.23
A01038,Oakridge Medical Group Alliance,Arizona,2018,0,0.2448500048940748,1,0.23
A01044,Springfield Wellness Group,Georgia,2018,0,0.24857586625958433,1,0.23
A01045,Beacon Integrated Health Medical Center,Massachusetts,2018,0,0.0668150360002347,0,0.23
A01052,Green Valley Health Collaborative Health System,Washington,2018,0,0.04073376818273951,0,0.23
A01056,Heritage Health Alliance,Illinois,2018,0,0.062038655453849956,0,0.23
A01059,Pioneer Provider Alliance Care Network,Georgia,2018,0,0.0495129610690537,0,0.23
A01060,Valley Community Care Partners,Alabama,2018,1,0.16811248002071907,0,0.23
A01061,Pioneer Provider Alliance Group,New York,2018,0,0.19735038251380976,0,0.23
A01070,Summit Wellness Alliance,Michigan,2018,0,0.060231774231694735,0,0.23
A01071,Redwood Health Collaborative Physician Alliance,Alabama,2018,0,0.053428224312829745,0,0.23
A01076,Riverbend Integrated Health Group,Washington,2018,0,0.11462020059633798,0,0.23
A01080,Lakeside Health Partners Partners,Florida,2018,0,0.13122130419929992,0,0.23
A01081,Blue Ridge Physician Network Collaborative,Arizona,2018,0,0.15841826222086722,0,0.23
A01092,Summit Medical Group Group,Alabama,2018,0,0.2562584102993704,1,0.23
A01098,Springfield Health Care Network,Missouri,2018,0,0.05478959048938274,0,0.23
A01100,Mountain View Physicians Collaborative,Indiana,2018,0,0.05253646653899942,0,0.23
A01103,Fairview Care Partners Association,Florida,2018,0,0.1442782608477424,0,0.23
A01111,Grandview Medical Group,Indiana,2018,1,0.15686566917675088,0,0.23
A01119,Northstar Wellness Network,North Carolina,2018,0,0.0731036207423378,0,0.23
A01120,Maplewood Health Network Association,Michigan,2018,0,0.10901946588043909,0,0.23
A01125,Meadow Care Network Care Network,Arizona,2018,0,0.07403505387676433,0,0.23
A01126,Riverbend Health Collaborative Physician Alliance,Alabama,2018,1,0.2863298642001382,1,0.23
A01127,Parkview Physicians Group,Michigan,2018,0,0.28212643002602245,1,0.23
A01128,Gateway Clinical Partners Care Network,New Jersey,2018,0,0.09524080434535391,0,0.23
A01133,Green Valley Community Care Group,Washington,2018,0,0.11255628339310675,0,0.23
A01135,Lakeside Health Network Partners,Texas,2018,0,0.13578829519104532,0,0.23
A01141,Brookside Wellness Collaborative,New York,2018,0,0.05946798865312996,0,0.23
A01148,Parkview Health Partners Network,New York,2018,0,0.16344325250021485,0,0.23
A01150,Community Physician Network Collaborative,Missouri,2018,0,0.055346219450020814,0,0.23
A01156,Cedar Medical Group Group,Alabama,2018,0,0.03578167776321691,0,0.23
A01165,Highland Health Partners Health System,Illinois,2018,0,0.14252192523866625,0,0.23
A01168,Lakeside Care Partners Group,Pennsylvania,2018,0,0.05331347674345815,0,0.23
A01185,Pinnacle Health Partners Medical Center,Michigan,2018,0,0.33054934469345526,1,0.23
A01191,Redwood Wellness Network,Missouri,2018,1,0.17972098797424227,0,0.23
A01205,Mountain View Provider Alliance Partners,Michigan,2018,0,0.33903905726708655,1,0.23
A01210,Eastgate Healthcare Medical Center,Georgia,2018,0,0.19949254551394632,0,0.23
A01211,Silverstone Physician Network Medical Center,California,2018,0,0.13279694548658144,0,0.23
A01214,Eastgate Integrated Health Network,Alabama,2018,0,0.06837198144035797,0,0.23
A01220,Green Valley Care Alliance Partners,Tennessee,2018,0,0.06306512989593495,0,0.23
A01224,Northstar Physician Network Association,Florida,2018,0,0.11510252407017411,0,0.23
A01225,Golden Valley Health Partners Association,Tennessee,2018,1,0.26012833319816225,1,0.23
A01231,WellSpring Care Alliance Network,Indiana,2018,0,0.1209551178970696,0,0.23
A01239,Pinnacle Medical Partners Alliance,Illinois,2018,0,0.09045314175772357,0,0.23
A01240,Canyon Health Partners,North Carolina,2018,0,0.10368811156374035,0,0.23
A01241,Northstar Health Network Group,Pennsylvania,2018,0,0.26703412977347396,1,0.23
A01242,Summit Care Partners Group,Georgia,2018,0,0.12227349005171753,0,0.23
A01246,Riverside Care Network Partners,California,2018,1,0.11482356840972326,0,0.23
A01248,Grandview Health Alliance Partners,Michigan,2018,0,0.08503129456350388,0,0.23
A01257,Westfield Medical Group Medical Center,Arizona,2018,1,0.5551308060778051,1,0.23
A01259,Maplewood Physicians Care Network,Minnesota,2018,0,0.4372698403888035,1,0.23
A01266,Riverside Community Care Physician Alliance,Tennessee,2018,0,0.14243715429451187,0,0.23
A01273,Unity Physician Network Partners,Arizona,2018,1,0.24858064923823073,1,0.23
A01281,Beacon Health Network Group,North Carolina,2018,0,0.24801057863648915,1,0.23
A01284,Westfield Health Collaborative Group,New Jersey,2018,0,0.07368109553565909,0,0.23
A01292,Golden Valley Medical Group Partners,Florida,2018,0,0.09646207726684458,0,0.23
A01297,Evergreen Health Care Network,New York,2018,0,0.025771841737151465,0,0.23
A01306,Riverside Care Partners Medical Center,New York,2018,0,0.11829901572683711,0,0.23
A01309,Blue Ridge Medical Network,Ohio,2018,0,0.10787369336823291,0,0.23
A01315,Meadow Health Partners Health System,Oregon,2018,0,0.04782605690875157,0,0.23
A01316,Parkview Health Partners Group,North Carolina,2018,1,0.3800884418521289,1,0.23
A01318,Community Care Health System,Massachusetts,2018,0,0.029965369675756057,0,0.23
A01326,Horizon Care Partners,Massachusetts,2018,0,0.21517947298617007,0,0.23
A01327,Eastgate Physicians Care Network,Pennsylvania,2018,0,0.10176813848867501,0,0.23
A01332,Heartland Physicians Group,Virginia,2018,0,0.09672028723916515,0,0.23
A01333,Fairview Physician Network Health System,Connecticut,2018,0,0.08583410376016413,0,0.23
A01336,Unity Health Network Care Network,Pennsylvania,2018,1,0.25351582851341564,1,0.23
A01339,Brookside Health Collaborative Collaborative,Washington,2018,0,0.0658134457041096,0,0.23
A01347,Maplewood Medical Partners Care Network,California,2018,0,0.06993787549034783,0,0.23
A01359,Cedar Care Partners Care Network,Massachusetts,2018,0,0.1423961705864554,0,0.23
A01363,Eastgate Provider Alliance Medical Center,Wisconsin,2018,0,0.16870731942971395,0,0.23
A01371,Heritage Care Partners,New Jersey,2018,0,0.028272472517218407,0,0.23
A01375,Brookside Health Alliance Care Network,New York,2018,0,0.16991847542720628,0,0.23
A01376,Cedar Health Medical Center,Ohio,2018,0,0.3051751695489737,1,0.23
A01380,Northstar Health Partners Alliance,Illinois,2018,0,0.051989357818814017,0,0.23
A01383,Pinnacle Medical Group Group,Maryland,2018,0,0.11838357398991839,0,0.23
A01386,Northstar Health Collaborative,Connecticut,2018,0,0.09344764104646781,0,0.23
A01390,Meadow Medical Care Network,Connecticut,2018,0,0.15976744998349598,0,0.23
A01391,Unity Integrated Health Group,Oregon,2018,0,0.14383105436339122,0,0.23
A01402,Beacon Care Network Collaborative,Maryland,2018,0,0.043047270979097954,0,0.23
A01408,Springfield Health Collaborative Collaborative,Georgia,2018,0,0.100913101271507,0,0.23
A01416,Riverbend Care Alliance Physician Alliance,Colorado,2018,0,0.05453078085593555,0,0.23
A01420,Highland Wellness Health System,Colorado,2018,0,0.32215360824185924,1,0.23
A01423,Riverbend Community Care Care Network,Florida,2018,0,0.1668280132927475,0,0.23
A01424,Heritage Healthcare Collaborative,Indiana,2018,0,0.036839488765582525,0,0.23
A01426,Clearview Health Network Partners,Connecticut,2018,0,0.19621987603644425,0,0.23
A01428,Heritage Provider Alliance Care Network,Missouri,2018,0,0.10383679331921057,0,0.23
A01429,Meadow Medical Partners Alliance,Alabama,2018,0,0.10161802785956545,0,0.23
A01430,Parkview Provider Alliance Partners,Wisconsin,2018,0,0.036471718921271656,0,0.23
A01434,Grandview Care Network Collaborative,Ohio,2018,0,0.13078322568692646,0,0.23
A01438,Summit Medical Care Network,Missouri,2018,0,0.053387357429694575,0,0.23
A01441,Canyon Health Health System,New Jersey,2018,0,0.165220065551438,0,0.23
A01449,Brookside Provider Alliance Medical Center,Wisconsin,2018,0,0.03409489641553173,0,0.23
A01455,Brookside Care Partners Health System,Illinois,2018,0,0.0951144364746594,0,0.23
A01459,Redwood Medical Physician Alliance,Wisconsin,2018,0,0.09113454537487455,0,0.23
A01464,Heartland Physicians Medical Center,New York,2018,0,0.044632036425947305,0,0.23
A01468,Pioneer Physician Network Alliance,Pennsylvania,2018,0,0.18340121908517393,0,0.23
A01472,Northstar Community Care Physician Alliance,Michigan,2018,0,0.078306024178301,0,0.23
A01474,Parkview Care Alliance Group,Virginia,2018,1,0.11883528254052463,0,0.23
A01475,Beacon Health Partners Medical Center,Michigan,2018,0,0.1950650846160631,0,0.23
A01496,Canyon Physicians Group,Maryland,2018,0,0.1987770619053359,0,0.23
A01497,Valley Care Partners Care Network,California,2018,1,0.15347170702236784,0,0.23
A01508,Grandview Care Alliance Association,Illinois,2018,0,0.33380548668319193,1,0.23
A01528,Redwood Wellness Partners,Georgia,2018,0,0.08308574914327455,0,0.23
A01537,Northstar Health Alliance Care Network,Indiana,2018,0,0.1457325355668603,0,0.23
A01539,Canyon Care Network Association,Virginia,2018,0,0.40669668654994956,1,0.23
A01544,Stonebridge Care Network Care Network,New York,2018,0,0.081145967390009,0,0.23
A01545,Eastgate Medical Network,Florida,2018,0,0.18369957532059508,0,0.23
A01546,Blue Ridge Health Collaborative Care Network,Alabama,2018,0,0.18608081577017732,0,0.23
A01550,Maplewood Wellness Partners,Michigan,2018,0,0.13735204578398122,0,0.23
A01558,Stonebridge Wellness Network,Minnesota,2018,0,0.08513595835636904,0,0.23
A01563,Clearview Care Network Group,Washington,2018,0,0.14033372560794838,0,0.23
A01572,Silverstone Medical Network,Michigan,2018,1,0.18226892107182346,0,0.23
A01582,Clearview Physician Network Alliance,Minnesota,2018,0,0.12055956890594571,0,0.23
A01584,Westfield Provider Alliance Group,Georgia,2018,0,0.09782273629943701,0,0.23
A01589,Crestview Physicians Collaborative,Pennsylvania,2018,0,0.21427592793947103,0,0.23
A01590,Crestview Care Partners Partners,Michigan,2018,1,0.19443425155354258,0,0.23
A01592,Evergreen Medical Partners Health System,California,2018,0,0.24020825172508453,1,0.23
A01603,Mountain View Medical Partners Group,New Jersey,2018,0,0.07743429742193342,0,0.23
A01604,Pioneer Physicians Partners,New Jersey,2018,0,0.035439762219709084,0,0.23
A01614,Grandview Medical Group Group,New Jersey,2018,0,0.1847838454207215,0,0.23
A01631,Redwood Provider Alliance Partners,Washington,2018,0,0.1413567789516706,0,0.23
A01633,Community Health Partners Network,California,2018,0,0.23574122932407765,1,0.23
A01652,Golden Valley Physicians Health System,California,2018,0,0.10930719404470857,0,0.23
A01654,Evergreen Wellness Association,Oregon,2018,0,0.07445876692768649,0,0.23
A01655,Brookside Health Partners Medical Center,Wisconsin,2018,0,0.06171042048356523,0,0.23
A01659,Maplewood Care Physician Alliance,Alabama,2018,0,0.046059626640614956,0,0.23
A01669,WellSpring Community Care Care Network,Wisconsin,2018,0,0.0965597928549775,0,0.23
A01670,Summit Community Care Health System,Illinois,2018,0,0.019160304862953552,0,0.23
A01672,Canyon Care Partners Physician Alliance,New York,2018,0,0.09726651541049387,0,0.23
A01675,Silverstone Care Alliance Association,Minnesota,2018,0,0.07673756463040923,0,0.23
A01676,Summit Provider Alliance Partners,Wisconsin,2018,0,0.026978159907067048,0,0.23
A01678,Clearview Wellness Partners,Missouri,2018,0,0.029361474522662485,0,0.23
A01686,Silverstone Physician Network Physician Alliance,Ohio,2018,0,0.0792301182590037,0,0.23
A01687,Brookside Care Network Collaborative,Pennsylvania,2018,0,0.12388233193539389,0,0.23
A01699,Blue Ridge Integrated Health Association,Michigan,2018,0,0.03925526790189369,0,0.23
A01703,Oakridge Health Network Collaborative,Texas,2018,0,0.204623796395936,0,0.23
A01708,Parkview Wellness Health System,Alabama,2018,0,0.16613210756013505,0,0.23
A01711,Oakridge Physician Network Physician Alliance,Georgia,2018,0,0.10486069710009566,0,0.23
A01727,WellSpring Healthcare Care Network,Washington,2018,1,0.19415220360889862,0,0.23
A01728,Mountain View Medical Network,New Jersey,2018,0,0.10814743127617628,0,0.23
A01735,Metro Wellness Physician Alliance,Oregon,2018,0,0.1589011130809301,0,0.23
A01740,Meadow Care Alliance Physician Alliance,Illinois,2018,0,0.0637019554857728,0,0.23
A01741,Clearview Clinical Partners Collaborative,Massachusetts,2018,0,0.10251075962634404,0,0.23
A01750,Evergreen Medical Group Physician Alliance,Michigan,2018,0,0.019517523731342974,0,0.23
A01753,Meadow Care Alliance Health System,Arizona,2018,0,0.05597639814777262,0,0.23
A01755,Pinnacle Medical Group Care Network,Texas,2018,0,0.05932199142366778,0,0.23
A01771,Parkview Clinical Partners Physician Alliance,Washington,2018,0,0.09660626554621018,0,0.23
A01773,Horizon Provider Alliance Care Network,New York,2018,1,0.17545082879097296,0,0.23
A01775,Cedar Medical Group Medical Center,Ohio,2018,1,0.3015942062018242,1,0.23
A01777,Oakridge Physicians Medical Center,Ohio,2018,0,0.07134842468597859,0,0.23
A01778,Highland Care Alliance Association,Washington,2018,0,0.186589676973651,0,0.23
A01790,Cedar Care Association,Indiana,2018,0,0.16577477984644198,0,0.23
A01793,Clearview Medical Physician Alliance,Alabama,2018,0,0.09642014864722924,0,0.23
A01797,Crestview Provider Alliance Collaborative,California,2018,1,0.09764431786013565,0,0.23
A01805,Stonebridge Healthcare Network,Arizona,2018,0,0.03692328432799141,0,0.23
A01818,Community Medical Group Alliance,Indiana,2018,1,0.170385781038643,0,0.23
A01819,Unity Wellness Medical Center,Texas,2018,0,0.09642014864722924,0,0.23
A01823,Heritage Healthcare Medical Center,Missouri,2018,0,0.06429927374113105,0,0.23
A01834,Horizon Health Group,Tennessee,2018,0,0.15397579378052795,0,0.23
A01838,Fairview Health Partners Physician Alliance,Ohio,2018,0,0.05825363318083745,0,0.23
A01839,Redwood Care Network,Missouri,2018,0,0.13169767152766457,0,0.23
A01840,Grandview Health Network Alliance,Indiana,2018,1,0.19953750145459448,0,0.23
A01845,Horizon Health Collaborative Partners,California,2018,0,0.07749485560102841,0,0.23
A01851,Riverside Provider Alliance Physician Alliance,Texas,2018,0,0.12367072860515861,0,0.23
A01853,Maplewood Medical Physician Alliance,Wisconsin,2018,0,0.0453915684780242,0,0.23
A01860,Golden Valley Health Medical Center,Michigan,2018,0,0.03552789177399129,0,0.23
A01861,Highland Care Partners,Virginia,2018,0,0.03036691520868575,0,0.23
A01862,Fairview Care Network Group,Oregon,2018,0,0.04718404965484198,0,0.23
A01866,Brookside Integrated Health Alliance,Minnesota,2018,0,0.16204769903036542,0,0.23
A01872,Parkview Care Network Association,Connecticut,2018,0,0.04996384767449032,0,0.23
A01875,Canyon Physicians Network,Texas,2018,0,0.07547209868092765,0,0.23
A01878,Eastgate Care Medical Center,Michigan,2018,0,0.08647959887333796,0,0.23
A01879,Meadow Physicians Physician Alliance,Arizona,2018,0,0.05776098447019691,0,0.23
A01887,Crestview Physicians Association,Connecticut,2018,0,0.07265288323505699,0,0.23
A01889,Redwood Wellness Health System,Missouri,2018,1,0.4725082413679409,1,0.23
A01895,Eastgate Health Network,Pennsylvania,2018,0,0.05405081118466757,0,0.23
A01910,Cedar Health Collaborative,Wisconsin,2018,0,0.15166239360947156,0,0.23
A01919,Crestview Community Care Association,Connecticut,2018,0,0.44533391458206123,1,0.23
A01922,Community Medical Group Partners,Arizona,2018,0,0.1284355592994618,0,0.23
A01925,Valley Medical Group Network,Maryland,2018,0,0.15284424934196406,0,0.23
A01927,Summit Health Network,Virginia,2018,0,0.08192626086402303,0,0.23
A01946,Parkview Healthcare Group,New Jersey,2018,0,0.0748850543911646,0,0.23
A01950,Pioneer Care Alliance Physician Alliance,Washington,2018,1,0.17247119169242858,0,0.23
A01951,Riverside Medical Group Partners,New York,2018,0,0.04198010946377282,0,0.23
A01956,Highland Care Partners Care Network,Ohio,2018,1,0.6541132837953637,1,0.23
A01961,Lakeside Medical Health System,Florida,2018,1,0.19953750145459448,0,0.23
A01964,Heritage Care Partners Care Network,Washington,2018,0,0.0643010093422384,0,0.23
A01967,Evergreen Health Medical Center,Alabama,2018,0,0.10969163713843734,0,0.23
A01973,Parkview Health Alliance Collaborative,New Jersey,2018,0,0.09674917580546964,0,0.23
A01975,Evergreen Care Partners Partners,New Jersey,2018,0,0.0767259911884727,0,0.23
A01977,WellSpring Care Alliance Association,Michigan,2018,0,0.016432345849636577,0,0.23
A01980,Unity Clinical Partners Health System,Indiana,2018,0,0.1809665323723194,0,0.23
A01984,Silverstone Health Network Partners,Pennsylvania,2018,0,0.04910422733558023,0,0.23
A01985,Valley Care Network Health System,Wisconsin,2018,0,0.07003574716061343,0,0.23
A01989,Riverbend Care Partners Medical Center,Connecticut,2018,0,0.091630595087113,0,0.23
A01990,Highland Health Alliance,Connecticut,2018,1,0.2070549062324195,0,0.23
A01995,Crestview Care Partners Physician Alliance,Minnesota,2018,0,0.059654653553350284,0,0.23
A02002,Summit Health Collaborative Physician Alliance,Virginia,2018,0,0.31658467333980556,1,0.23
A02003,Westfield Medical Care Network,Virginia,2018,0,0.16360381908920055,0,0.23
A02008,Pinnacle Health Network Physician Alliance,Texas,2018,0,0.10544788994488032,0,0.23
A02020,Meadow Care Alliance Collaborative,Arizona,2018,0,0.20736351306357725,0,0.23
A02027,Springfield Medical Group Collaborative,California,2018,0,0.09661964189994947,0,0.23
A02031,Oakridge Health Alliance Association,North Carolina,2018,1,0.5313173999840902,1,0.23
A02032,Meadow Physicians Care Network,Pennsylvania,2018,0,0.1527462934493441,0,0.23
A02033,Gateway Medical Partners Medical Center,Wisconsin,2018,0,0.043108576741061305,0,0.23
A02039,Highland Integrated Health Association,North Carolina,2018,0,0.12364531785696521,0,0.23
A02043,Valley Medical Association,Minnesota,2018,0,0.018326571806289944,0,0.23
A02046,Westfield Wellness Medical Center,Illinois,2018,1,0.1264752997327724,0,0.23
A02051,Green Valley Provider Alliance Medical Center,Pennsylvania,2018,0,0.22458552278603633,0,0.23
A02057,Unity Clinical Partners Partners,Wisconsin,2018,0,0.08567321174451134,0,0.23
A02063,Northstar Physicians Medical Center,Connecticut,2018,0,0.17755767080569881,0,0.23
A02065,Redwood Care Care Network,Arizona,2018,0,0.18406587650131762,0,0.23
A02083,Riverside Health Partners Association,Washington,2018,0,0.3308216188047193,1,0.23
A02084,Clearview Health Association,Colorado,2018,0,0.16126573418573645,0,0.23
A02087,Metro Care Partners Collaborative,New York,2018,0,0.08558855314491927,0,0.23
A02094,Eastgate Medical Medical Center,Virginia,2018,0,0.4699619645819689,1,0.23
A02104,Eastgate Physicians Association,Arizona,2018,0,0.12687528840472578,0,0.23
A02112,Westfield Medical Partners Physician Alliance,Ohio,2018,0,0.32501228358602197,1,0.23
A02121,Heritage Physician Network Network,Maryland,2018,0,0.3062514957111508,1,0.23
A02123,Riverbend Community Care Medical Center,Minnesota,2018,0,0.07921395246710737,0,0.23
A02127,Blue Ridge Wellness Group,California,2018,1,0.2552022305200341,1,0.23
A02128,Gateway Health Collaborative Network,Texas,2018,0,0.134421352369697,0,0.23
A02130,Westfield Health Partners Group,Texas,2018,1,0.11539201421997859,0,0.23
A02136,Green Valley Community Care Alliance,Minnesota,2018,1,0.5357751837435237,1,0.23
A02153,Springfield Community Care Medical Center,Connecticut,2018,1,0.3231015584785065,1,0.23
A02156,Brookside Health Group,Oregon,2018,0,0.11725439095216253,0,0.23
A02171,Crestview Health Network Group,Ohio,2018,0,0.05852032118278244,0,0.23
A02172,Stonebridge Care Network Group,Wisconsin,2018,0,0.055467938797878834,0,0.23
A02177,Green Valley Health Collaborative Network,Washington,2018,0,0.05262945644041947,0,0.23
A02185,Metro Care Network,Pennsylvania,2018,0,0.10463569882236678,0,0.23
A02188,Golden Valley Physician Network Association,Illinois,2018,0,0.04623354675906675,0,0.23
A02189,Oakridge Community Care Care Network,California,2018,0,0.14937684490095537,0,0.23
A02199,Gateway Health Network Network,Pennsylvania,2018,0,0.04702084508833079,0,0.23
A02204,Highland Healthcare Network,Texas,2018,1,0.07379009491019095,0,0.23
A02206,Stonebridge Wellness Alliance,Washington,2018,1,0.08919146080534396,0,0.23
A02209,Cedar Care Alliance Association,Wisconsin,2018,0,0.2194237287262008,0,0.23
A02230,Pinnacle Health Alliance Group,California,2018,0,0.1691911475554292,0,0.23
A02232,Metro Provider Alliance Medical Center,Ohio,2018,1,0.3111938122800017,1,0.23
A02233,Oakridge Provider Alliance Network,Missouri,2018,0,0.10814743127617628,0,0.23
A02238,Meadow Integrated Health Health System,Connecticut,2018,0,0.08397116453066732,0,0.23
A02245,Riverside Health Collaborative,New York,2018,0,0.12225228677212893,0,0.23
A02254,Grandview Care Network Group,Colorado,2018,0,0.10357335757505076,0,0.23
A02267,Northstar Health Alliance Physician Alliance,Missouri,2018,0,0.246072661584292,1,0.23
A02273,Meadow Health Alliance Association,Minnesota,2018,0,0.046492523225062005,0,0.23
A02274,Parkview Health Network Medical Center,Missouri,2018,0,0.08376468875385523,0,0.23
A02286,Crestview Care Partners Network,Wisconsin,2018,0,0.029971404197959742,0,0.23
A02290,Meadow Medical Partners,Michigan,2018,1,0.5928706005464693,1,0.23
A02294,Silverstone Medical Group Medical Center,Minnesota,2018,0,0.1174845702842253,0,0.23
A02295,Evergreen Health Alliance Medical Center,Florida,2018,0,0.3393042040821023,1,0.23
A02304,Clearview Healthcare Partners,Michigan,2018,0,0.07658095677790465,0,0.23
A02305,Redwood Health Collaborative Care Network,Connecticut,2018,0,0.0665147266948658,0,0.23
A02307,Community Medical Partners,Indiana,2018,0,0.08106129324372918,0,0.23
A02313,Crestview Health Partners Medical Center,Virginia,2018,0,0.013321813877555669,0,0.23
A02317,Parkview Medical Partners Collaborative,Georgia,2018,0,0.12567257842951196,0,0.23
A02321,Brookside Wellness Group,Florida,2018,0,0.18844166430933978,0,0.23
A02326,Westfield Provider Alliance Partners,Colorado,2018,0,0.15573000671130416,0,0.23
A02328,Clearview Health Partners Partners,Wisconsin,2018,0,0.11488962285639685,0,0.23
A02335,Redwood Clinical Partners Partners,Alabama,2018,0,0.08077407425487167,0,0.23
A02340,Blue Ridge Community Care Care Network,New Jersey,2018,0,0.14731725342237428,0,0.23
A02351,Cedar Medical Group Physician Alliance,New York,2018,1,0.1815402713204163,0,0.23
A02364,Heritage Physician Network Partners,North Carolina,2018,0,0.20281828977132488,0,0.23
A02366,Oakridge Integrated Health Care Network,Pennsylvania,2018,0,0.02005433897157261,0,0.23
A02368,Maplewood Physician Network Network,Missouri,2018,0,0.1367675963093074,0,0.23
A02370,Horizon Health Partners Care Network,Michigan,2018,0,0.19671565258698787,0,0.23
A02379,Northstar Health Partners Group,Massachusetts,2018,0,0.09298602256616509,0,0.23
A02380,Westfield Health Group,North Carolina,2018,0,0.1960531054854853,0,0.23
A02391,Stonebridge Care Physician Alliance,Missouri,2018,0,0.048818688781924066,0,0.23
A02395,Canyon Health Alliance Care Network,Massachusetts,2018,1,0.508445736432297,1,0.23
A02397,Maplewood Physician Network Association,North Carolina,2018,0,0.050104174509279266,0,0.23
A02398,Grandview Care Partners Partners,Ohio,2018,0,0.2158177634907782,0,0.23
A02399,WellSpring Healthcare Network,Colorado,2018,0,0.2732233031667762,1,0.23
A02400,Riverbend Health Collaborative Association,Wisconsin,2018,0,0.04295336343058824,0,0.23
A02402,Heartland Healthcare Medical Center,California,2018,0,0.10538643920153719,0,0.23
A02408,WellSpring Physicians Group,Massachusetts,2018,0,0.07399124808345332,0,0.23
A02409,Pioneer Medical Partners Group,Indiana,2018,0,0.08967681603199557,0,0.23
A02411,Heritage Health Partners Network,Connecticut,2018,0,0.04646720308209355,0,0.23
A02421,Gateway Care Alliance Health System,Colorado,2018,0,0.1378462232260908,0,0.23
A02426,Redwood Integrated Health Network,Tennessee,2018,0,0.1589561108776475,0,0.23
A02429,Silverstone Care Partners Association,Pennsylvania,2018,0,0.045826798054189016,0,0.23
A02432,Heartland Health Network Group,Texas,2018,0,0.050295112297683194,0,0.23
A02437,Eastgate Medical Partners Medical Center,Wisconsin,2018,1,0.30906024347854766,1,0.23
A02440,Pioneer Care Alliance Health System,Ohio,2018,0,0.089761039056306,0,0.23
A02445,Cedar Provider Alliance Collaborative,Washington,2018,0,0.11329368232371965,0,0.23
A02446,Pinnacle Health Collaborative Association,New York,2018,1,0.3057938300780855,1,0.23
A02451,Community Health Alliance Alliance,Florida,2018,0,0.06431788374263109,0,0.23
A02452,Stonebridge Community Care Partners,Alabama,2018,1,0.1469735695089105,0,0.23
A02454,Evergreen Care Network Partners,Pennsylvania,2018,0,0.10696661893658076,0,0.23
A02457,Clearview Healthcare Group,Virginia,2018,0,0.05169563786296574,0,0.23
A02460,Maplewood Physician Network Medical Center,Massachusetts,2018,0,0.05318694695196854,0,0.23
A02462,Unity Integrated Health Collaborative,Maryland,2018,1,0.2725249822811428,1,0.23
A02466,Parkview Health Partners,Minnesota,2018,0,0.11580661611994218,0,0.23
A02469,Valley Medical Group Physician Alliance,Minnesota,2018,0,0.11565421348952101,0,0.23
A02470,Cedar Integrated Health Partners,Maryland,2018,1,0.2270773503083278,0,0.23
A02475,Crestview Care Group,Georgia,2018,0,0.18653844059688265,0,0.23
A02476,Fairview Provider Alliance Collaborative,Washington,2018,1,0.3374014053900787,1,0.23
A02477,Horizon Care Partners Medical Center,Tennessee,2018,0,0.13704344675941743,0,0.23
A02479,Silverstone Integrated Health Partners,Virginia,2018,0,0.34316402088458886,1,0.23
A02489,Stonebridge Medical Group Health System,Washington,2018,1,0.48907607588246366,1,0.23
A02497,Unity Provider Alliance Medical Center,Texas,2018,0,0.06415943040120166,0,0.23
A02499,Gateway Clinical Partners Association,Connecticut,2018,0,0.13459459602916585,0,0.23
A02502,Parkview Medical Care Network,North Carolina,2018,1,0.24744419456393588,1,0.23
A02504,Riverside Healthcare Alliance,Massachusetts,2018,0,0.11596405023015749,0,0.23
A02514,Pinnacle Health Partners,Ohio,2018,0,0.035218061162596584,0,0.23
A02515,Heritage Clinical Partners Partners,Arizona,2018,0,0.03330115505517292,0,0.23
A02518,Northstar Integrated Health Physician Alliance,Tennessee,2018,0,0.20754439216243536,0,0.23
A02521,Horizon Wellness Medical Center,Texas,2018,0,0.028571065854943276,0,0.23
A02537,Crestview Health Collaborative Medical Center,Virginia,2018,0,0.07920738067869347,0,0.23
A02540,Springfield Health Partners Physician Alliance,California,2018,0,0.15835619442863622,0,0.23
A02543,Parkview Physician Network Physician Alliance,Arizona,2018,0,0.040308175233894836,0,0.23
A02548,Riverbend Integrated Health Health System,North Carolina,2018,0,0.06886390313952662,0,0.23
A02552,Summit Integrated Health Alliance,Ohio,2018,0,0.1574531819455813,0,0.23
A02555,Fairview Community Care Partners,Florida,2018,0,0.04326566160140072,0,0.23
A02556,Brookside Provider Alliance Group,Virginia,2018,0,0.048604385345715304,0,0.23
A02557,Summit Medical Partners Health System,Tennessee,2018,1,0.3893925962232778,1,0.23
A02566,Grandview Health Association,Alabama,2018,1,0.08230088799006932,0,0.23
A02569,Canyon Health Collaborative Health System,Oregon,2018,0,0.22723816378004408,0,0.23
A02574,Springfield Physicians Care Network,Indiana,2018,0,0.047254112346449405,0,0.23
A02579,Horizon Health Alliance Physician Alliance,Illinois,2018,0,0.11445711037779549,0,0.23
A02581,Beacon Care Partners Partners,North Carolina,2018,0,0.02495431809166785,0,0.23
A02583,Clearview Health Alliance Group,Colorado,2018,0,0.20980993897205713,0,0.23
A02585,Redwood Physician Network Medical Center,Massachusetts,2018,1,0.23497012654383068,1,0.23
A02591,Golden Valley Care Collaborative,Maryland,2018,0,0.1282634907078546,0,0.23
A02601,Redwood Medical Group Medical Center,Tennessee,2018,0,0.16185538989372625,0,0.23
A02611,WellSpring Care Alliance Collaborative,Georgia,2018,0,0.06551105852506516,0,0.23
A02618,Mountain View Physicians Alliance,Missouri,2018,0,0.1394834620914722,0,0.23
A02619,Summit Healthcare Group,Illinois,2018,0,0.1975611908376561,0,0.23
A02622,Crestview Clinical Partners Medical Center,Minnesota,2018,0,0.06597748869613403,0,0.23
A02627,Grandview Wellness Partners,Alabama,2018,0,0.12460401267062153,0,0.23
A02632,Evergreen Care Alliance,Pennsylvania,2018,0,0.06151460326436662,0,0.23
A02633,Unity Medical Group Medical Center,Ohio,2018,1,0.09417864930589895,0,0.23
A02636,Fairview Physicians Partners,Washington,2018,0,0.12560718757651704,0,0.23
A02640,Redwood Medical Group Group,Illinois,2018,0,0.02892565860684934,0,0.23
A02643,Meadow Provider Alliance Physician Alliance,Florida,2018,0,0.19797410277344935,0,0.23
A02645,Beacon Clinical Partners Health System,Indiana,2018,0,0.11574822938215298,0,0.23
A02652,Maplewood Integrated Health Association,Ohio,2018,0,0.12794955906906194,0,0.23
A02658,Redwood Health Alliance Partners,Michigan,2018,0,0.08088962206178868,0,0.23
A02666,Heritage Integrated Health Care Network,Arizona,2018,0,0.11030147346085067,0,0.23
A02668,Parkview Medical Alliance,Massachusetts,2018,0,0.20016190002152026,0,0.23
A02672,Mountain View Clinical Partners Alliance,Minnesota,2018,0,0.04838705800159485,0,0.23
A02682,Fairview Care Partners Health System,Colorado,2018,0,0.03825055668197971,0,0.23
A02688,Parkview Physicians Association,Florida,2018,0,0.06779420682895818,0,0.23
A02690,Riverside Health Network Physician Alliance,Michigan,2018,0,0.04076815658778142,0,0.23
A02693,Pinnacle Provider Alliance Medical Center,Virginia,2018,1,0.3479567873395306,1,0.23
A02696,Oakridge Medical Network,Oregon,2018,0,0.08357408859773097,0,0.23
A02703,Maplewood Medical Care Network,Wisconsin,2018,0,0.08832786895987617,0,0.23
A02716,Lakeside Medical Collaborative,Massachusetts,2018,0,0.19191233010452738,0,0.23
A02717,Pinnacle Integrated Health Group,Massachusetts,2018,0,0.15431061759616418,0,0.23
A02721,Springfield Physician Network Partners,Michigan,2018,0,0.08941925531419528,0,0.23
A02727,Canyon Physician Network Alliance,Wisconsin,2018,0,0.1542345961964073,0,0.23
A02732,Canyon Care Partners Health System,New Jersey,2018,0,0.11972040370144732,0,0.23
A02737,Redwood Medical Partners Medical Center,Georgia,2018,0,0.4457055351527815,1,0.23
A02741,Maplewood Health Group,New York,2018,1,0.07737810280683892,0,0.23
A02751,Eastgate Clinical Partners Partners,Ohio,2018,1,0.32344646582482967,1,0.23
A02753,Highland Community Care Care Network,Florida,2018,1,0.5290547391109862,1,0.23
A02763,Unity Integrated Health Physician Alliance,Connecticut,2018,0,0.11125631042364337,0,0.23
A02765,Canyon Physician Network Network,Wisconsin,2018,1,0.11483672645228048,0,0.23
A02767,Canyon Health Collaborative Partners,Arizona,2018,0,0.05818923052564525,0,0.23
A02790,Riverside Integrated Health Health System,Arizona,2018,0,0.04049545054932101,0,0.23
A02794,Riverbend Integrated Health Alliance,Florida,2018,1,0.3471805979573255,1,0.23
A02800,Pioneer Health Health System,New York,2018,0,0.15791187616127528,0,0.23
A02811,Fairview Care Care Network,Maryland,2018,0,0.10282186014955248,0,0.23
A02817,Summit Health Partners Association,Maryland,2018,0,0.09052330053616708,0,0.23
A02828,Canyon Care Alliance Care Network,Arizona,2018,1,0.2736987386010667,1,0.23
A02829,Cedar Care Health System,Florida,2018,1,0.29864749835835924,1,0.23
A02830,Redwood Medical Group Health System,Illinois,2018,0,0.06616936180781821,0,0.23
A02844,Fairview Wellness Health System,North Carolina,2018,0,0.06015700769016852,0,0.23
A02853,Cedar Care Partners Group,Washington,2018,0,0.06159236882549082,0,0.23
A02854,Cedar Wellness Association,Colorado,2018,0,0.22609352675906624,0,0.23
A02858,Maplewood Health Partners Group,Florida,2018,1,0.25692341743795555,1,0.23
A02859,WellSpring Integrated Health Association,Pennsylvania,2018,0,0.050598011594088194,0,0.23
A02873,Redwood Health Physician Alliance,New York,2018,0,0.047394864670725234,0,0.23
A02880,Crestview Health Collaborative Health System,Colorado,2018,0,0.14478286205351762,0,0.23
A02884,Pioneer Integrated Health Association,Minnesota,2018,0,0.036040791764440805,0,0.23
A02890,Crestview Medical Group Association,Virginia,2018,0,0.06592908580229763,0,0.23
A02892,Meadow Integrated Health Collaborative,Indiana,2018,0,0.227840427021921,0,0.23
A02897,Evergreen Medical Group Collaborative,Georgia,2018,0,0.07643690337965434,0,0.23
A02899,Westfield Care Health System,Ohio,2018,0,0.1257136451457519,0,0.23
A02909,Valley Physician Network Partners,Minnesota,2018,1,0.13254443101274177,0,0.23
A02913,Community Health Partners Association,Colorado,2018,0,0.07895551957169561,0,0.23
A02914,Meadow Medical Group Collaborative,Tennessee,2018,0,0.12373596305393392,0,0.23
A02923,Valley Medical Partners Partners,Georgia,2018,0,0.10339571415936052,0,0.23
A02932,Crestview Care Alliance Group,Tennessee,2018,0,0.15143331619332856,0,0.23
A02938,Horizon Health Alliance Medical Center,Indiana,2018,0,0.10809042970258584,0,0.23
A02942,Unity Care Partners Physician Alliance,Georgia,2018,0,0.18966449994109208,0,0.23
A02945,Riverbend Care Network Health System,Massachusetts,2018,0,0.240624897588345,1,0.23
A02952,Fairview Health Collaborative Medical Center,Texas,2018,0,0.05871022393057443,0,0.23
A02955,Pioneer Clinical Partners Physician Alliance,Oregon,2018,0,0.09012745181879359,0,0.23
A02959,Lakeside Health Partners,Minnesota,2018,0,0.07263720505641913,0,0.23
A02967,Riverside Care Alliance Medical Center,Connecticut,2018,0,0.027108987060961223,0,0.23
A02970,Pinnacle Integrated Health Network,Connecticut,2018,0,0.05887505631670281,0,0.23
A02981,Canyon Health Partners Association,Illinois,2018,0,0.09810684406148801,0,0.23
A02988,Crestview Clinical Partners Partners,California,2018,0,0.08402556948847524,0,0.23
A02989,Highland Provider Alliance Collaborative,Missouri,2018,0,0.0729447241115253,0,0.23
A02991,Horizon Provider Alliance Association,Texas,2018,0,0.11542239994325275,0,0.23
A02998,Crestview Care Network Physician Alliance,Ohio,2018,1,0.3935703440229066,1,0.23
A03000,Meadow Wellness Association,Washington,2018,0,0.22269624745594016,0,0.23
A03004,Maplewood Physicians Network,New York,2018,0,0.057869257694807656,0,0.23
A03008,Westfield Care Alliance Medical Center,Illinois,2018,0,0.2677621555125975,1,0.23
A03019,Heritage Integrated Health Medical Center,Arizona,2018,0,0.04524277114185288,0,0.23
A03027,Community Community Care Care Network,Colorado,2018,0,0.19652036000958872,0,0.23
A03029,Springfield Healthcare Association,Michigan,2018,0,0.06302610896492868,0,0.23
A03051,Riverside Integrated Health Group,Virginia,2018,1,0.4259276397999695,1,0.23
A03053,Community Health Association,Illinois,2018,1,0.03150893052456804,0,0.23
A03068,Silverstone Care Health System,Ohio,2018,0,0.2194237287262008,0,0.23
A03069,Silverstone Health Partners Group,Colorado,2018,0,0.2471358551829921,1,0.23
A03074,Mountain View Health Alliance Partners,Arizona,2018,0,0.047747083450502915,0,0.23
A03088,Golden Valley Community Care Network,Oregon,2018,0,0.16859688397192532,0,0.23
A03090,Gateway Medical Care Network,Wisconsin,2018,0,0.06082974874565988,0,0.23
A03100,Eastgate Health Partners Partners,Oregon,2018,0,0.039191474272663625,0,0.23
A03104,Horizon Medical Alliance,Missouri,2018,0,0.08165429532505508,0,0.23
A03110,Gateway Healthcare Group,Texas,2018,1,0.2192114020063044,0,0.23
A03113,WellSpring Medical Partners Group,Colorado,2018,0,0.08971920180302924,0,0.23
A03117,Green Valley Medical Group Collaborative,Virginia,2018,0,0.22480241680365354,0,0.23
A03122,Community Physicians Association,Ohio,2018,0,0.053973946039263844,0,0.23
A03125,Clearview Care Alliance Association,Minnesota,2018,0,0.0614539095244499,0,0.23
A03127,Metro Medical Health System,Texas,2018,0,0.03998000819300209,0,0.23
A03128,Redwood Health Partners Collaborative,Pennsylvania,2018,0,0.061368711595250626,0,0.23
A03134,Eastgate Health Collaborative Partners,Virginia,2018,0,0.03787572903316882,0,0.23
A03135,Meadow Medical Health System,Maryland,2018,0,0.054962928853251006,0,0.23
A03137,Canyon Care Alliance Physician Alliance,Florida,2018,0,0.05841691306219694,0,0.23
A03142,Brookside Medical Group Group,Arizona,2018,0,0.34072716989528745,1,0.23
A03143,Silverstone Clinical Partners Partners,New York,2018,0,0.05953792895887799,0,0.23
A03149,Parkview Physician Network Association,Alabama,2018,1,0.18475017092563317,0,0.23
A03155,Metro Health Network Health System,Connecticut,2018,0,0.22495792741972043,0,0.23
A03158,Brookside Physicians Collaborative,California,2018,0,0.027585409697482133,0,0.23
A03162,Gateway Clinical Partners Group,Wisconsin,2018,0,0.024222460521449697,0,0.23
A03165,Fairview Care Alliance Group,Florida,2018,0,0.033277551901835276,0,0.23
A03166,Stonebridge Medical Group Group,Texas,2018,0,0.10241005685855539,0,0.23
A03169,Stonebridge Healthcare Medical Center,Missouri,2018,0,0.310195708621441,1,0.23
A03173,Pioneer Wellness Association,Colorado,2018,0,0.06459556644947728,0,0.23
A03176,Maplewood Provider Alliance Collaborative,Maryland,2018,0,0.03257659498716139,0,0.23
A03178,Heritage Medical Group Network,Pennsylvania,2018,0,0.08774763167751706,0,0.23
A03184,Heritage Care Partners Network,North Carolina,2018,0,0.15119740219848257,0,0.23
A03190,Unity Care Partners Medical Center,Florida,2018,0,0.07413900091214361,0,0.23
A03197,Lakeside Medical Group Care Network,Arizona,2018,0,0.14868334929396945,0,0.23
A03199,Springfield Wellness Health System,Alabama,2018,1,0.08685979598919122,0,0.23
A03206,Parkview Integrated Health Care Network,Missouri,2018,0,0.1410993166474621,0,0.23
A03211,Brookside Care Physician Alliance,Pennsylvania,2018,0,0.023460050409028634,0,0.23
A03212,Green Valley Clinical Partners Group,California,2018,0,0.03974264795385161,0,0.23
A03215,Parkview Health Collaborative Association,Pennsylvania,2018,0,0.18400478322102656,0,0.23
A03224,Golden Valley Health Collaborative Health System,Arizona,2018,0,0.10698214042370098,0,0.23
A03227,Highland Medical Care Network,Washington,2018,1,0.4394629667644566,1,0.23
A03231,Pinnacle Provider Alliance Care Network,Wisconsin,2018,0,0.09021195658261219,0,0.23
A03236,WellSpring Physician Network Alliance,Maryland,2018,0,0.17456544702703825,0,0.23
A03246,Riverbend Health Alliance Care Network,New Jersey,2018,0,0.008949811505860683,0,0.23
A03257,Evergreen Health Network Care Network,Connecticut,2018,0,0.06147013255309369,0,0.23
A03266,Westfield Integrated Health Alliance,Virginia,2018,0,0.051311594283024516,0,0.23
A03269,Parkview Physician Network Care Network,Massachusetts,2018,0,0.08209686340129604,0,0.23
A03271,Cedar Health Alliance Association,Indiana,2018,0,0.13179296128708554,0,0.23
A03283,Stonebridge Medical Group Association,New York,2018,0,0.48721506190247327,1,0.23
A03285,Silverstone Health Partners Collaborative,Michigan,2018,0,0.10036358921863822,0,0.23
A03288,Unity Medical Partners Collaborative,New York,2018,0,0.03240617929874571,0,0.23
A03294,Horizon Health Collaborative Medical Center,Wisconsin,2018,0,0.08993920012155733,0,0.23
A03295,Community Health Health System,Wisconsin,2018,0,0.4611096987565504,1,0.23
A03297,Valley Health Collaborative Care Network,Missouri,2018,0,0.06296145213036654,0,0.23
A03301,Valley Health Partners Physician Alliance,Arizona,2018,0,0.032138740906107986,0,0.23
A03325,Redwood Health Network Association,Alabama,2018,0,0.16198610956045603,0,0.23
A03330,Green Valley Care Network Partners,Alabama,2018,0,0.10877010686868262,0,0.23
A03332,Silverstone Health Collaborative,Oregon,2018,0,0.1901368652799965,0,0.23
A03345,Pinnacle Care Group,Colorado,2018,0,0.087782794840056,0,0.23
A03352,Silverstone Care Medical Center,Oregon,2018,1,0.24765249194929426,1,0.23
A03353,WellSpring Medical Partners Association,Arizona,2018,0,0.29723022871318855,1,0.23
A03363,Metro Healthcare Group,Minnesota,2018,0,0.1438048696936704,0,0.23
A03365,Eastgate Integrated Health Collaborative,California,2018,0,0.04521492986645574,0,0.23
A03366,Northstar Care Alliance Partners,Colorado,2018,0,0.04948956926997804,0,0.23
A03370,Eastgate Integrated Health Health System,Virginia,2018,0,0.1078244246329772,0,0.23
A03376,Heartland Community Care Collaborative,New York,2018,0,0.10957282838605151,0,0.23
A03378,Oakridge Care Network Group,Ohio,2018,0,0.06149748880873516,0,0.23
A03386,Community Integrated Health Care Network,Maryland,2018,1,0.3093542594934646,1,0.23
A03389,Eastgate Provider Alliance Network,Alabama,2018,0,0.03857090590844417,0,0.23
A03395,Maplewood Integrated Health Group,New York,2018,0,0.05496004237399715,0,0.23
A03406,Stonebridge Care Care Network,Washington,2018,0,0.08570054425260532,0,0.23
A03407,Stonebridge Care Network Health System,Florida,2018,0,0.18148736632535203,0,0.23
A03409,Community Care Network Physician Alliance,Washington,2018,0,0.12549626378961243,0,0.23
A03415,Heritage Health Collaborative Physician Alliance,Massachusetts,2018,0,0.026067371385810306,0,0.23
A03427,Blue Ridge Care Alliance Alliance,Texas,2018,1,0.06819268460939662,0,0.23
A03434,Eastgate Health Collaborative Association,Illinois,2018,0,0.046786911870814546,0,0.23
A03435,Community Health Partners Physician Alliance,Massachusetts,2018,0,0.06484191102766151,0,0.23
A03437,WellSpring Medical Group Physician Alliance,California,2018,0,0.045739199851587115,0,0.23
A03443,Silverstone Integrated Health Collaborative,Connecticut,2018,0,0.02524487441084735,0,0.23
A03445,Mountain View Health Network Collaborative,Ohio,2018,0,0.029512389449265326,0,0.23
A03448,Lakeside Physician Network Association,Maryland,2018,0,0.03380170654128971,0,0.23
A03454,Community Wellness Group,Missouri,2018,0,0.1967914929548099,0,0.23
A03457,Parkview Health Partners Association,North Carolina,2018,0,0.06306063601008803,0,0.23
A03473,Beacon Care Partners Health System,Indiana,2018,1,0.11548720591877765,0,0.23
A03475,Green Valley Health Network Partners,Virginia,2018,0,0.062748959596712,0,0.23
A03479,Riverbend Physicians Care Network,Colorado,2018,0,0.019199556501749673,0,0.23
A03482,Mountain View Physician Network Medical Center,Oregon,2018,0,0.052452063205051885,0,0.23
A03491,Beacon Integrated Health Collaborative,North Carolina,2018,0,0.19528703727251084,0,0.23
A03492,Redwood Care Partners Association,North Carolina,2018,0,0.06734754492969261,0,0.23
A03494,Gateway Clinical Partners Partners,Florida,2018,0,0.4961070988620721,1,0.23
A03497,Metro Care Partners Care Network,Virginia,2018,0,0.1344301215381818,0,0.23
A03498,Mountain View Care Alliance Medical Center,New Jersey,2018,0,0.47441558525007366,1,0.23
A03501,Canyon Medical Partners Group,California,2018,0,0.06151460326436662,0,0.23
A03505,Springfield Provider Alliance Association,Ohio,2018,0,0.08872698957816089,0,0.23
A03508,Metro Physicians Health System,Texas,2018,0,0.16654135417792987,0,0.23
A03527,Clearview Care Group,Virginia,2018,0,0.05336867936958118,0,0.23
A03531,Community Provider Alliance Alliance,Indiana,2018,0,0.05493953512515335,0,0.23
A03535,Meadow Clinical Partners Physician Alliance,Florida,2018,0,0.0875669399421794,0,0.23
A03538,Golden Valley Care Alliance,Arizona,2018,0,0.08442190666668753,0,0.23
A03544,Stonebridge Medical Partners,North Carolina,2018,1,0.021677228898103612,0,0.23
A03546,Heritage Care Network Alliance,New York,2018,0,0.14658158921501027,0,0.23
A03552,Riverbend Community Care Network,Oregon,2018,0,0.1972342053030901,0,0.23
A03554,Community Physician Network Physician Alliance,Indiana,2018,0,0.04656117618908645,0,0.23
A03557,Silverstone Health Collaborative Network,Pennsylvania,2018,0,0.08743852220324566,0,0.23
A03560,Crestview Medical Group Network,North Carolina,2018,0,0.08460027504662898,0,0.23
A03563,Redwood Health Network Network,Massachusetts,2018,0,0.15873995590130294,0,0.23
A03573,Green Valley Health Network Collaborative,Massachusetts,2018,0,0.09265841811569406,0,0.23
A03580,Meadow Healthcare Physician Alliance,Maryland,2018,1,0.1155057180693099,0,0.23
A03589,Highland Health Network Care Network,Florida,2018,0,0.05280178820949088,0,0.23
A03590,Canyon Clinical Partners Alliance,Arizona,2018,1,0.5663147637922266,1,0.23
A03591,Riverside Medical Network,Alabama,2018,0,0.08170510196660484,0,0.23
A03595,Parkview Health Network Network,Indiana,2018,0,0.06773696159019328,0,0.23
A03602,Oakridge Integrated Health Physician Alliance,Texas,2018,0,0.1254626734779988,0,0.23
A03609,Westfield Provider Alliance Health System,Pennsylvania,2018,1,0.5354219131059064,1,0.23
A03616,Parkview Wellness Group,New Jersey,2018,0,0.03074940327512053,0,0.23
A03618,Community Health Medical Center,Maryland,2018,0,0.1403994292790451,0,0.23
A03621,Northstar Medical Group Network,Oregon,2018,0,0.07065556605568643,0,0.23
A03630,Maplewood Physician Network Partners,Illinois,2018,0,0.15450824469907037,0,0.23
A03650,Eastgate Health Network Medical Center,Indiana,2018,0,0.1589191654076689,0,0.23
A03651,Westfield Health Alliance,Missouri,2018,0,0.17562469029899672,0,0.23
A03665,Beacon Medical Group Group,New York,2018,0,0.13319513694696158,0,0.23
A03691,Pinnacle Health Partners Partners,Tennessee,2018,0,0.07152607275690835,0,0.23
A03693,Green Valley Health Network Care Network,Washington,2018,0,0.07228612939194212,0,0.23
A03696,Horizon Medical Collaborative,California,2018,0,0.05067753977265168,0,0.23
A03704,Highland Wellness Care Network,Massachusetts,2018,0,0.14565101342129463,0,0.23
A03711,Oakridge Wellness Collaborative,Oregon,2018,0,0.07743429742193342,0,0.23
A03720,Fairview Health Medical Center,Missouri,2018,1,0.18552713580382732,0,0.23
A03738,Community Care Network Partners,New Jersey,2018,0,0.25657783179498594,1,0.23
A03740,Gateway Physician Network Medical Center,Florida,2018,0,0.19446513071915394,0,0.23
A03742,Horizon Care Physician Alliance,Wisconsin,2018,0,0.045447785270273544,0,0.23
A03743,Grandview Community Care Medical Center,Connecticut,2018,1,0.3829780788672162,1,0.23
A03744,Northstar Care Alliance Collaborative,Georgia,2018,0,0.10498505917142924,0,0.23
A03748,Canyon Wellness Association,Oregon,2018,0,0.09895626077463052,0,0.23
A03752,Valley Medical Medical Center,Florida,2018,0,0.019587925613383572,0,0.23
A03754,Evergreen Physicians Medical Center,Ohio,2018,0,0.07876373044580688,0,0.23
A03778,Springfield Medical Partners Physician Alliance,Georgia,2018,0,0.1727199341016887,0,0.23
A03780,Highland Integrated Health Group,Maryland,2018,0,0.1439924372304052,0,0.23
A03788,Crestview Health Partners Association,California,2018,0,0.19942863611425085,0,0.23
A03791,Springfield Health Alliance Physician Alliance,New York,2018,0,0.22656441869655894,0,0.23
A03794,Mountain View Care Health System,Ohio,2018,0,0.30703963019197056,1,0.23
A03796,Gateway Care Alliance Partners,Florida,2018,0,0.10543962243734888,0,0.23
A03803,Summit Clinical Partners Partners,Pennsylvania,2018,0,0.3675427138795105,1,0.23
A03806,Gateway Medical Partners Network,Colorado,2018,0,0.1725613230138777,0,0.23
A03809,Maplewood Clinical Partners Association,Virginia,2018,1,0.05806629162456042,0,0.23
A03810,Pinnacle Health Network Care Network,Maryland,2018,0,0.03582752625330398,0,0.23
A03814,Beacon Care Alliance Alliance,Wisconsin,2018,0,0.06147771771928757,0,0.23
A03819,Unity Healthcare Health System,Georgia,2018,0,0.2758339643452401,1,0.23
A03820,Community Health Collaborative Partners,Georgia,2018,0,0.06732430010353406,0,0.23
A03822,Parkview Care Network Network,Virginia,2018,0,0.09208910828264892,0,0.23
A03824,Crestview Healthcare Association,Arizona,2018,0,0.11967117205785988,0,0.23
A03829,Brookside Health Network Collaborative,Georgia,2018,0,0.1290652168573979,0,0.23
A03830,Brookside Care Partners Alliance,Colorado,2018,0,0.06454074527274659,0,0.23
A03832,Silverstone Wellness Physician Alliance,Illinois,2018,0,0.09797495867254499,0,0.23
A03833,Riverbend Integrated Health Physician Alliance,Missouri,2018,1,0.1231119425803902,0,0.23
A03836,Maplewood Medical Partners Physician Alliance,Texas,2018,0,0.19186241418651626,0,0.23
A03840,Blue Ridge Community Care Association,North Carolina,2018,0,0.13917458676262182,0,0.23
A03847,Pinnacle Care Partners Alliance,New York,2018,0,0.14555206308170646,0,0.23
A03852,Springfield Care Health System,Virginia,2018,0,0.10483241117364653,0,0.23
A03869,Metro Healthcare Medical Center,Pennsylvania,2018,0,0.07484789915739172,0,0.23
A03879,Clearview Clinical Partners Health System,Illinois,2018,0,0.06894385995652973,0,0.23
A03884,Northstar Health Network,Arizona,2018,0,0.043685791766693426,0,0.23
A03894,Eastgate Medical Partners Group,Ohio,2018,1,0.3072845379583056,1,0.23
A03909,Valley Health Partners Health System,New Jersey,2018,0,0.07360599401386853,0,0.23
A03910,Maplewood Medical Association,New York,2018,0,0.12929421947802416,0,0.23
A03913,Westfield Care Partners Network,Alabama,2018,0,0.11227245915275295,0,0.23
A03923,Heritage Medical Group Physician Alliance,Oregon,2018,0,0.10996559968532127,0,0.23
A03927,Eastgate Health Alliance Group,Washington,2018,0,0.21593061144874393,0,0.23
A03939,Cedar Healthcare Partners,Connecticut,2018,0,0.037450868191880794,0,0.23
A03942,Maplewood Medical Health System,Missouri,2018,0,0.04256450870382144,0,0.23
A03947,Green Valley Medical Group Association,Illinois,2018,0,0.07990324223799754,0,0.23
A03954,Springfield Provider Alliance Network,Indiana,2018,0,0.07307508242392341,0,0.23
A03959,Westfield Care Partners Partners,Colorado,2018,0,0.21263278794650287,0,0.23
A03966,Springfield Community Care Collaborative,Colorado,2018,0,0.11424345495216509,0,0.23
A03971,Westfield Care Alliance Physician Alliance,Maryland,2018,0,0.08868434876484722,0,0.23
A03985,Crestview Health Partners Alliance,Missouri,2018,0,0.024149777878171394,0,0.23
A03993,Golden Valley Healthcare Care Network,Missouri,2018,0,0.10910170910159848,0,0.23
A03997,Evergreen Wellness Care Network,Arizona,2018,0,0.04818122883926264,0,0.23
A03999,Eastgate Health Network Physician Alliance,California,2018,0,0.25144681199519003,1,0.23
A04003,Mountain View Physician Network Alliance,Wisconsin,2018,0,0.09457450970431798,0,0.23
A04005,Heritage Healthcare Care Network,Texas,2018,0,0.07398682433487763,0,0.23
A04014,Oakridge Health Partners Collaborative,New York,2018,0,0.14212279504900568,0,0.23
A04019,Redwood Integrated Health Group,Colorado,2018,0,0.39093387399186086,1,0.23
A04025,Westfield Medical Group Health System,Alabama,2018,0,0.036172565626229294,0,0.23
A04026,Green Valley Medical Group Care Network,Illinois,2018,0,0.1798539885052568,0,0.23
A04029,WellSpring Care Partners Partners,Florida,2018,0,0.09377868346532668,0,0.23
A04031,Blue Ridge Health Alliance Group,Illinois,2018,0,0.10462893026556416,0,0.23
A04040,Cedar Clinical Partners Network,Pennsylvania,2018,0,0.05646023274875467,0,0.23
A04043,Clearview Health Network Collaborative,Washington,2018,0,0.12299008375361206,0,0.23
A04044,Pioneer Physician Network Network,Colorado,2018,0,0.17916616466756605,0,0.23
A04060,Heritage Provider Alliance Physician Alliance,New York,2018,0,0.07290751217404258,0,0.23
A04061,WellSpring Community Care Association,Georgia,2018,0,0.09945019044544604,0,0.23
A04067,Valley Health Collaborative Physician Alliance,Colorado,2018,0,0.2299351601378306,0,0.23
A04068,Grandview Medical Partners Medical Center,Ohio,2018,0,0.04594422344802319,0,0.23
A04069,Highland Medical Group Health System,Tennessee,2018,0,0.22338545180275335,0,0.23
A04072,Community Physicians Partners,Tennessee,2018,0,0.12475040932187444,0,0.23
A04077,Gateway Provider Alliance Care Network,Oregon,2018,0,0.6008128348706322,1,0.23
A04078,Springfield Medical Group Health System,Arizona,2018,0,0.010791957635426716,0,0.23
A04085,Community Clinical Partners Group,Alabama,2018,0,0.2051031701369911,0,0.23
A04094,Grandview Wellness Network,Indiana,2018,0,0.04982352887590185,0,0.23
A04099,Heartland Care Alliance Partners,Wisconsin,2018,0,0.1472999266852371,0,0.23
A04101,Crestview Medical Partners,New Jersey,2018,0,0.14924447249808062,0,0.23
A04103,WellSpring Integrated Health Physician Alliance,Alabama,2018,0,0.167235198637219,0,0.23
A04108,WellSpring Healthcare Group,North Carolina,2018,0,0.13831336157700355,0,0.23
A04111,Riverside Wellness Network,Connecticut,2018,1,0.6008238456254655,1,0.23
A04120,Canyon Medical Group Partners,Washington,2018,0,0.09020497829281023,0,0.23
A04121,Gateway Community Care Health System,Maryland,2018,0,0.0665046093924829,0,0.23
A04136,Unity Health Alliance Physician Alliance,Illinois,2018,0,0.08763070007370334,0,0.23
A04150,Fairview Provider Alliance Physician Alliance,New Jersey,2018,0,0.2758339643452401,1,0.23
A04152,Summit Physician Network Physician Alliance,Massachusetts,2018,1,0.3434055227900397,1,0.23
A04155,Metro Medical Partners Care Network,California,2018,0,0.06139376073823945,0,0.23
A04159,Golden Valley Medical Partners Group,Oregon,2018,1,0.13644822989754649,0,0.23
A04162,Green Valley Healthcare Partners,Massachusetts,2018,0,0.4059545529013661,1,0.23
A04165,Riverside Provider Alliance Care Network,Texas,2018,0,0.27118497753815884,1,0.23
A04169,Green Valley Health Medical Center,Oregon,2018,0,0.036612022517320535,0,0.23
A04182,Oakridge Health Partners,Virginia,2018,0,0.06815628574914995,0,0.23
A04205,Crestview Integrated Health Medical Center,Colorado,2018,0,0.3273904849110544,1,0.23
A04223,Riverside Health Alliance Physician Alliance,Washington,2018,1,0.11335517987898774,0,0.23
A04232,Community Wellness Association,Ohio,2018,1,0.40920494660360646,1,0.23
A04233,Blue Ridge Healthcare Physician Alliance,Illinois,2018,0,0.11675151244596395,0,0.23
A04256,Meadow Health Group,Ohio,2018,0,0.05769705366683289,0,0.23
A04267,Springfield Integrated Health Physician Alliance,Virginia,2018,0,0.35784074864659643,1,0.23
A04273,Redwood Clinical Partners Network,New York,2018,1,0.12112195443055042,0,0.23
A04294,Unity Care Partners Alliance,Virginia,2018,0,0.09503380463452173,0,0.23
A04308,Pioneer Health Network Collaborative,Maryland,2018,0,0.021771218125194017,0,0.23
A04312,Pioneer Health Collaborative Group,North Carolina,2018,0,0.0762148355561348,0,0.23
A04313,Metro Health Health System,Texas,2018,0,0.07740524394042186,0,0.23
A04315,Meadow Health Collaborative Collaborative,Arizona,2018,0,0.07295624483785254,0,0.23
A04316,Golden Valley Clinical Partners Physician Alliance,Indiana,2018,0,0.06281533453800771,0,0.23
A04319,Metro Medical Group Group,New Jersey,2018,0,0.12440310556951496,0,0.23
A04323,Silverstone Health Collaborative Alliance,Oregon,2018,0,0.09445046144016739,0,0.23
A04326,Riverside Healthcare Medical Center,Washington,2018,1,0.4322508098775436,1,0.23
A04335,Evergreen Care Alliance Collaborative,Missouri,2018,0,0.06439142983901192,0,0.23
A04345,Green Valley Care Group,Indiana,2018,0,0.04307579604223417,0,0.23
A04348,Stonebridge Health Collaborative Health System,Missouri,2018,0,0.03777694206031975,0,0.23
A04349,Cedar Care Alliance,Maryland,2018,0,0.0900321161949059,0,0.23
A04352,Heartland Medical Care Network,Virginia,2018,0,0.22866028215688877,0,0.23
A04360,Mountain View Healthcare Association,Massachusetts,2018,0,0.12312590765660747,0,0.23
A04371,Metro Medical Partners Partners,Pennsylvania,2018,0,0.05314385693858656,0,0.23
A04387,Meadow Care Partners Network,Arizona,2018,0,0.0260174592775101,0,0.23
A04395,Oakridge Physician Network Health System,Missouri,2018,0,0.05533151693973323,0,0.23
A04397,Gateway Health Collaborative,Texas,2018,0,0.2917623212773705,1,0.23
A04401,Silverstone Health Alliance Alliance,Texas,2018,0,0.1038277786166688,0,0.23
A04403,Grandview Health Network Health System,Massachusetts,2018,0,0.10507674308451348,0,0.23
A04408,Summit Clinical Partners Group,Arizona,2018,0,0.06855966007561412,0,0.23
A04409,Evergreen Community Care Physician Alliance,Michigan,2018,0,0.08606708922493043,0,0.23
A04417,Redwood Care Alliance Care Network,Ohio,2018,0,0.2092115168543879,0,0.23
A04422,Canyon Health Network Alliance,Virginia,2018,1,0.2097434114794832,0,0.23
A04427,Highland Health Alliance Alliance,Massachusetts,2018,0,0.11970072710645319,0,0.23
A04434,Lakeside Physician Network Medical Center,Ohio,2018,1,0.11677247606605629,0,0.23
A04437,Metro Healthcare Care Network,Michigan,2018,0,0.16380920494564177,0,0.23
A04440,Blue Ridge Health Network Physician Alliance,Florida,2018,1,0.4773488549054772,1,0.23
A04444,Northstar Health Association,Virginia,2018,0,0.06901590464353358,0,0.23
A04452,Grandview Medical Partners,California,2018,0,0.16985147402787465,0,0.23
A04464,Oakridge Physician Network Partners,Ohio,2018,0,0.15495815443409383,0,0.23
A04471,Golden Valley Healthcare Physician Alliance,Colorado,2018,0,0.2554618659289931,1,0.23
A04489,Fairview Physician Network Partners,Massachusetts,2018,0,0.05654091786735807,0,0.23
A04503,Springfield Care Partners,Illinois,2018,0,0.15478904205858626,0,0.23
A04506,Horizon Clinical Partners Association,Michigan,2018,0,0.19021238430429718,0,0.23
A04508,Heartland Clinical Partners Alliance,Ohio,2018,0,0.1133365947493719,0,0.23
A04510,WellSpring Health Physician Alliance,Massachusetts,2018,0,0.10357839063166213,0,0.23
A04511,Mountain View Clinical Partners Partners,California,2018,0,0.09242059932478415,0,0.23
A04515,Fairview Medical Partners Health System,Indiana,2018,0,0.03701977902331402,0,0.23
A04517,Silverstone Medical Health System,Michigan,2018,0,0.04979956112171029,0,0.23
A04522,Highland Care Alliance Collaborative,New York,2018,0,0.23928771212016442,1,0.23
A04525,Canyon Integrated Health Group,Virginia,2018,0,0.14347009027799953,0,0.23
A04527,Heritage Care Association,North Carolina,2018,0,0.14320900359159305,0,0.23
A04534,Stonebridge Health Alliance,Michigan,2018,0,0.13618860186435752,0,0.23
A04540,Unity Medical Group Care Network,Minnesota,2018,0,0.042015118534292455,0,0.23
A04544,Valley Clinical Partners Health System,North Carolina,2018,1,0.38198345424986724,1,0.23
A04545,Riverbend Health Alliance,Tennessee,2018,0,0.03858773699283295,0,0.23
A04547,Pioneer Care Alliance Association,Georgia,2018,0,0.023252707414616162,0,0.23
A04552,Eastgate Physicians Medical Center,North Carolina,2018,0,0.0681212546625092,0,0.23
A04554,Green Valley Health Network Physician Alliance,California,2018,0,0.09411565297562963,0,0.23
A04558,Blue Ridge Wellness Medical Center,Georgia,2018,0,0.17110979595227466,0,0.23
A04561,Westfield Care Alliance Collaborative,Alabama,2018,1,0.48000154343505097,1,0.23
A04562,Pioneer Health Alliance Group,Tennessee,2018,0,0.17852994423157342,0,0.23
A04566,Fairview Health Alliance Medical Center,Florida,2018,0,0.3684565090941627,1,0.23
A04567,Stonebridge Wellness Medical Center,Florida,2018,0,0.0831739824925063,0,0.23
A04570,Parkview Healthcare Association,Maryland,2018,0,0.2149386418632599,0,0.23
A04571,Heartland Care Network Association,Georgia,2018,1,0.21102565092445455,0,0.23
A04580,Springfield Health Alliance Association,Virginia,2018,0,0.09298055899008706,0,0.23
A04584,Mountain View Care Partners Physician Alliance,Colorado,2018,0,0.1774296729812652,0,0.23
A04589,Highland Medical Partners Network,Minnesota,2018,0,0.12233745197597962,0,0.23
A04593,Mountain View Health Alliance Health System,Maryland,2018,0,0.21912150047790319,0,0.23
A04599,Gateway Health Partners,Florida,2018,0,0.018663759084256284,0,0.23
A04601,Highland Health Association,Wisconsin,2018,0,0.16126120804733243,0,0.23
A04605,Silverstone Physician Network Care Network,New Jersey,2018,0,0.138903614959646,0,0.23
A04610,Northstar Health Care Network,Missouri,2018,0,0.059539631863544676,0,0.23
A04613,Lakeside Medical Partners Care Network,Ohio,2018,0,0.15810014566661384,0,0.23
A04617,Silverstone Health Network,Washington,2018,0,0.04041890140950324,0,0.23
A04619,Redwood Physician Network Association,North Carolina,2018,0,0.22992437504033655,0,0.23
A04621,Clearview Health Alliance,Pennsylvania,2018,0,0.12194561141406028,0,0.23
A04624,WellSpring Medical Group Health System,Missouri,2018,0,0.06417191055836195,0,0.23
A04625,Blue Ridge Community Care Health System,Colorado,2018,0,0.05738970895559757,0,0.23
A04637,Cedar Health Partners Partners,Arizona,2018,0,0.35956769942234024,1,0.23
A04642,Highland Health Partners Care Network,Michigan,2018,0,0.13119477871630766,0,0.23
A04646,Brookside Health Partners Alliance,New Jersey,2018,0,0.3780903994353551,1,0.23
A04668,Pioneer Clinical Partners Health System,Maryland,2018,0,0.11840559009148287,0,0.23
A04674,WellSpring Physician Network Network,New Jersey,2018,0,0.0658886484598343,0,0.23
A04683,Pinnacle Physicians Group,Indiana,2018,0,0.08806187970157525,0,0.23
A04684,Pioneer Health Network Alliance,Pennsylvania,2018,1,0.22393180945826688,0,0.23
A04688,Grandview Healthcare Alliance,Illinois,2018,0,0.14880403218760427,0,0.23
A04689,Clearview Health Partners Care Network,Wisconsin,2018,0,0.1369214507224156,0,0.23
A04698,Northstar Physician Network Medical Center,Virginia,2018,0,0.07381243205972714,0,0.23
A04704,Oakridge Health Alliance Collaborative,Washington,2018,0,0.2256761638879072,0,0.23
A04717,Canyon Health Partners Group,Washington,2018,0,0.08028984038123797,0,0.23
A04737,Eastgate Health Partners Care Network,Missouri,2018,0,0.16732591097364213,0,0.23
A04738,WellSpring Medical Partners Partners,Washington,2018,0,0.12191232069940723,0,0.23
A04744,Unity Wellness Association,Wisconsin,2018,0,0.08814211082119763,0,0.23
A04751,Meadow Wellness Medical Center,Arizona,2018,0,0.18813246190244107,0,0.23
A04752,Fairview Medical Partners Group,Massachusetts,2018,0,0.2034262854554115,0,0.23
A04759,Maplewood Medical Group Partners,Connecticut,2018,0,0.09384620123073155,0,0.23
A04762,WellSpring Health Network Health System,Arizona,2018,0,0.15248087782841466,0,0.23
A04782,Heritage Care Partners Medical Center,Ohio,2018,0,0.14513082546106085,0,0.23
A04785,Westfield Health Health System,Wisconsin,2018,0,0.09224567414770558,0,0.23
A04797,Blue Ridge Health Partners Physician Alliance,North Carolina,2018,1,0.15605802186932258,0,0.23
A04799,Cedar Health Alliance,New Jersey,2018,0,0.10896663879679551,0,0.23
A04806,Maplewood Care Partners Collaborative,Texas,2018,0,0.13992420844716694,0,0.23
A04807,Redwood Health Partners Medical Center,Florida,2018,0,0.047822825652780156,0,0.23
A04813,Meadow Provider Alliance Medical Center,Michigan,2018,0,0.11907072762309052,0,0.23
A04814,Metro Health Alliance Partners,Georgia,2018,0,0.13522642184720335,0,0.23
A04817,Evergreen Health Association,Michigan,2018,0,0.06219690508952411,0,0.23
A04826,Redwood Health Alliance Care Network,Indiana,2018,0,0.20655863871614272,0,0.23
A04828,Mountain View Care Partners Collaborative,Illinois,2018,0,0.20114178872746613,0,0.23
A04829,Highland Care Alliance Medical Center,Pennsylvania,2018,0,0.24209504959875783,1,0.23
A04832,Lakeside Medical Alliance,Wisconsin,2018,0,0.29741646127876054,1,0.23
A04836,Stonebridge Care Network Medical Center,Massachusetts,2018,0,0.03942804369644084,0,0.23
A04839,Fairview Health Network Association,Wisconsin,2018,0,0.16176997595218454,0,0.23
A04851,Pioneer Health Network Care Network,Texas,2018,0,0.015597958594504474,0,0.23
A04853,Eastgate Health Collaborative Medical Center,Minnesota,2018,0,0.10543105846146238,0,0.23
A04857,WellSpring Medical Group Group,Ohio,2018,0,0.16592882909259582,0,0.23
A04864,Riverside Care Alliance Association,Michigan,2018,0,0.12729563334014052,0,0.23
A04867,Summit Care Association,Virginia,2018,0,0.1602660823278776,0,0.23
A04870,Valley Physician Network Network,Florida,2018,0,0.1373528263205685,0,0.23
A04871,Clearview Medical Partners Association,Minnesota,2018,0,0.009138219921562284,0,0.23
A04876,Brookside Care Network Group,California,2018,0,0.05128285886442969,0,0.23
A04879,Northstar Provider Alliance Network,Illinois,2018,0,0.0868666788190543,0,0.23
A04889,Meadow Care Partners Alliance,Connecticut,2018,0,0.051466743022045396,0,0.23
A04899,Springfield Provider Alliance Alliance,Minnesota,2018,0,0.12192200019874576,0,0.23
A04912,Stonebridge Health Health System,Indiana,2018,0,0.04985292248487734,0,0.23
A04914,Golden Valley Community Care Collaborative,New York,2018,0,0.06858597729855548,0,0.23
A04929,Meadow Wellness Care Network,Ohio,2018,1,0.35533064444948415,1,0.23
A04942,Northstar Health Collaborative Physician Alliance,Maryland,2018,0,0.041705066628358184,0,0.23
A04943,Riverside Health Group,Indiana,2018,0,0.0197875238079566,0,0.23
A04952,Pinnacle Care Alliance Group,Michigan,2018,0,0.06572307629722604,0,0.23
A04955,Lakeside Health Alliance Care Network,Maryland,2018,0,0.0684263188150224,0,0.23
A04957,Gateway Health Partners Medical Center,Ohio,2018,0,0.055614978784478956,0,0.23
A04962,Stonebridge Community Care Physician Alliance,Indiana,2018,0,0.14692315507406195,0,0.23
A04973,Clearview Community Care Association,Minnesota,2018,0,0.08773360196821266,0,0.23
A04979,Evergreen Care Network Collaborative,Virginia,2018,0,0.3690287456373613,1,0.23
A04987,Oakridge Medical Partners Group,Connecticut,2018,0,0.34160238342523797,1,0.23
A04990,Oakridge Integrated Health Network,Wisconsin,2018,0,0.20499126647704735,0,0.23
A05006,Mountain View Community Care Alliance,Pennsylvania,2018,0,0.03079375463394821,0,0.23
A05010,Grandview Health Network Partners,Pennsylvania,2018,0,0.1504431367130275,0,0.23
A05012,Canyon Care Network Care Network,Virginia,2018,0,0.02349809429560453,0,0.23
A05013,Stonebridge Integrated Health Health System,Alabama,2018,0,0.11824140911857704,0,0.23
A05014,Clearview Health Collaborative Physician Alliance,Georgia,2018,0,0.08022584470068594,0,0.23
A05015,Eastgate Community Care Network,Indiana,2018,0,0.047397208828416824,0,0.23
A05019,Parkview Care Partners Partners,Missouri,2018,0,0.09672028723916515,0,0.23
A05023,Riverside Care Medical Center,Washington,2018,0,0.19413865587938228,0,0.23
A05028,Cedar Medical Care Network,Michigan,2018,0,0.10266189834231458,0,0.23
A05030,Riverbend Care Alliance Care Network,Maryland,2018,0,0.1872528185673636,0,0.23
A05038,Metro Medical Physician Alliance,Minnesota,2018,0,0.3946405408725691,1,0.23
A05043,Grandview Wellness Care Network,Missouri,2018,0,0.15649032555053177,0,0.23
A05056,Pioneer Care Network Medical Center,Texas,2018,0,0.17770326181053075,0,0.23
A05057,Oakridge Community Care Physician Alliance,Florida,2018,0,0.16193550972996534,0,0.23
A05058,Cedar Wellness Care Network,Arizona,2018,0,0.041063233233006244,0,0.23
A05063,Pioneer Community Care Care Network,Maryland,2018,0,0.07100669897013254,0,0.23
A05068,Golden Valley Physician Network Group,Michigan,2018,0,0.12336987913420192,0,0.23
A05074,Stonebridge Care Partners Association,Colorado,2018,0,0.44770195762877485,1,0.23
A05080,Eastgate Care Network Collaborative,Minnesota,2018,1,0.1784361981972562,0,0.23
A05084,Beacon Community Care Association,Oregon,2018,1,0.3803453135413583,1,0.23
A05088,Cedar Medical Physician Alliance,Wisconsin,2018,0,0.046530252141357434,0,0.23
A05104,Summit Health Group,Indiana,2018,1,0.2891054133627599,1,0.23
A05109,Heritage Care Partners Association,Missouri,2018,0,0.025662788898461276,0,0.23
A05121,Fairview Medical Group Medical Center,Michigan,2018,1,0.2784935457529357,1,0.23
A05122,Mountain View Health Partners Care Network,Tennessee,2018,0,0.08663770547859338,0,0.23
A05132,Springfield Health Alliance Collaborative,Indiana,2018,0,0.09040438998870039,0,0.23
A05134,Beacon Health Alliance Collaborative,Tennessee,2018,0,0.15638702928435982,0,0.23
A05139,WellSpring Medical Care Network,Pennsylvania,2018,0,0.1975889372393207,0,0.23
A05147,Highland Provider Alliance Physician Alliance,Massachusetts,2018,0,0.05584075257258367,0,0.23
A05153,Heritage Integrated Health Partners,Georgia,2018,0,0.12404640598446383,0,0.23
A05155,Mountain View Healthcare Collaborative,Massachusetts,2018,0,0.2599818745281073,1,0.23
A05156,Maplewood Health Partners Partners,Pennsylvania,2018,0,0.08896904585125459,0,0.23
A05163,Meadow Community Care Physician Alliance,Arizona,2018,0,0.15690799487499618,0,0.23
A05164,Westfield Community Care Partners,Missouri,2018,1,0.13548019719696489,0,0.23
A05174,Gateway Wellness Physician Alliance,Oregon,2018,0,0.09699257815425666,0,0.23
A05177,Redwood Physicians Group,Oregon,2018,0,0.2222352789180558,0,0.23
A05181,Maplewood Health Alliance Medical Center,Florida,2018,0,0.21268875483227279,0,0.23
A05184,Maplewood Health Partners Collaborative,Texas,2018,0,0.19649300345617074,0,0.23
A05189,Westfield Community Care Network,Arizona,2018,1,0.15905099037924728,0,0.23
A05190,Canyon Care Health System,Michigan,2018,0,0.039128095308218175,0,0.23
A05198,Crestview Health Partners Health System,Minnesota,2018,0,0.06635695457332663,0,0.23
A05214,Northstar Wellness Association,Michigan,2018,0,0.1788116224483442,0,0.23
A05216,Grandview Physicians Care Network,Pennsylvania,2018,0,0.05597639814777262,0,0.23
A05235,Mountain View Medical Partners Collaborative,Missouri,2018,1,0.1965287557676754,0,0.23
A05241,Metro Community Care Group,Florida,2018,0,0.08939678018877534,0,0.23
A05243,Riverbend Medical Partners,Indiana,2018,1,0.23195585848835665,1,0.23
A05244,Oakridge Care Group,Connecticut,2018,0,0.37151355446193274,1,0.23
A05248,Cedar Care Medical Center,Washington,2018,0,0.1196484753522255,0,0.23
A05266,Clearview Wellness Collaborative,Massachusetts,2018,0,0.08228067794881029,0,0.23
A05281,Horizon Medical Group Health System,Maryland,2018,0,0.1379076255169955,0,0.23
A05286,Green Valley Medical Group Network,Indiana,2018,0,0.20282921029170814,0,0.23
A05288,Heritage Care Network Association,Virginia,2018,1,0.4224068064346623,1,0.23
A05289,Riverbend Wellness Care Network,Texas,2018,0,0.11447702665968851,0,0.23
A05297,Evergreen Health Collaborative Health System,Connecticut,2018,1,0.23339477477670878,1,0.23
A05299,Mountain View Healthcare Health System,Texas,2018,0,0.33347463426860097,1,0.23
A05301,Eastgate Medical Group Network,Alabama,2018,0,0.32203640613118545,1,0.23
A05312,Riverbend Physicians Health System,Missouri,2018,0,0.12461797594889357,0,0.23
A05313,Riverbend Clinical Partners Physician Alliance,Massachusetts,2018,0,0.1706012646569774,0,0.23
A05320,Community Provider Alliance Health System,Missouri,2018,0,0.036213067453489046,0,0.23
A05334,Community Care Care Network,North Carolina,2018,0,0.12299008375361206,0,0.23
A05347,Blue Ridge Care Network Partners,Minnesota,2018,1,0.515028679167632,1,0.23
A05369,Riverbend Physician Network Physician Alliance,Tennessee,2018,1,0.15418214113094333,0,0.23
A05370,Parkview Health Physician Alliance,Maryland,2018,0,0.16958399917330216,0,0.23
A05371,Pioneer Clinical Partners Network,Missouri,2018,0,0.16803208373166256,0,0.23
A05374,Valley Health Partners Care Network,Indiana,2018,0,0.15862824762157204,0,0.23
A05377,Springfield Care Alliance,Georgia,2018,0,0.0711462373929265,0,0.23
A05379,Pioneer Care Alliance Medical Center,Connecticut,2018,0,0.06071588054874713,0,0.23
A05383,Canyon Community Care Collaborative,Ohio,2018,1,0.10583936920035908,0,0.23
A05384,Mountain View Community Care Physician Alliance,Illinois,2018,0,0.06580914233804916,0,0.23
A05385,Westfield Healthcare Care Network,Indiana,2018,1,0.22869570684450108,0,0.23
A05386,Green Valley Integrated Health Collaborative,Florida,2018,0,0.03517691253713289,0,0.23
A05389,Highland Physician Network Network,Connecticut,2018,0,0.08764743598169412,0,0.23
A05413,Silverstone Care Network Alliance,Tennessee,2018,0,0.08099887339031393,0,0.23
A05426,Redwood Care Alliance Partners,Alabama,2018,0,0.07805535190183316,0,0.23
A05434,Clearview Health Partners Medical Center,Indiana,2018,0,0.06385879403740402,0,0.23
A05436,Maplewood Physician Network Care Network,New Jersey,2018,0,0.1020613965538617,0,0.23
A05439,Golden Valley Medical Group Association,Michigan,2018,0,0.14546864576755922,0,0.23
A05443,Heritage Community Care Network,North Carolina,2018,0,0.3863026653680625,1,0.23
A05453,Springfield Health Alliance Alliance,Indiana,2018,0,0.023084808980778734,0,0.23
A05454,Eastgate Clinical Partners Medical Center,Pennsylvania,2018,0,0.03179761485571594,0,0.23
A05455,Clearview Integrated Health Alliance,Colorado,2018,0,0.07267165797412832,0,0.23
A05456,Westfield Healthcare Health System,Arizona,2018,0,0.08330405507558013,0,0.23
A05458,Pioneer Wellness Group,Ohio,2018,0,0.09674917580546964,0,0.23
A05461,Riverside Health Alliance Group,Tennessee,2018,0,0.05564887919970408,0,0.23
A05462,Maplewood Medical Group,Minnesota,2018,0,0.04354146841224554,0,0.23
A05492,Green Valley Community Care Physician Alliance,Maryland,2018,0,0.022478045845352866,0,0.23
A05498,Heartland Physician Network Health System,Connecticut,2018,0,0.10078012187572011,0,0.23
A05499,Pinnacle Clinical Partners Care Network,Tennessee,2018,0,0.10983942463246517,0,0.23
A05500,Grandview Healthcare Medical Center,Colorado,2018,0,0.15094326973597585,0,0.23
A05513,Clearview Health Partners Group,Washington,2018,0,0.2328691133636791,1,0.23
A05522,Community Care Alliance Alliance,Minnesota,2018,0,0.0913540392035293,0,0.23
A05525,Westfield Health Partners Physician Alliance,Missouri,2018,0,0.2376327627154403,1,0.23
A05527,Canyon Health Alliance Physician Alliance,North Carolina,2018,0,0.11148132064143855,0,0.23
A05536,Pinnacle Health Partners Association,Virginia,2018,0,0.268732664909731,1,0.23
A05538,Meadow Health Network Care Network,Maryland,2018,0,0.03273778662183122,0,0.23
A05540,Clearview Care Network Care Network,Colorado,2018,1,0.19460996184825136,0,0.23
A05547,Metro Health Alliance Collaborative,California,2018,0,0.07359731664416876,0,0.23
A05549,Meadow Community Care Association,Minnesota,2018,0,0.1298571998071676,0,0.23
A05550,Meadow Integrated Health Network,Missouri,2018,0,0.0803975090167922,0,0.23
A05558,Heartland Care Health System,Oregon,2018,0,0.06962904824579681,0,0.23
A05559,Unity Care Partners Group,Virginia,2018,0,0.03667759859744919,0,0.23
A05562,Riverside Health Partners Collaborative,Oregon,2018,0,0.0643111066692355,0,0.23
A05564,Redwood Integrated Health Health System,Tennessee,2018,0,0.025842670365379704,0,0.23
A05570,Golden Valley Care Alliance Physician Alliance,Tennessee,2018,0,0.1469582073672161,0,0.23
A05576,Grandview Physicians Association,California,2018,0,0.17493505653547334,0,0.23
A05578,Community Physicians Health System,Connecticut,2018,0,0.1276687691808278,0,0.23
A05582,Meadow Health Collaborative Medical Center,California,2018,0,0.07245375486809742,0,0.23
A05592,Golden Valley Healthcare Health System,Illinois,2018,0,0.17141237944971152,0,0.23
A05599,Lakeside Medical Partners Group,Colorado,2018,0,0.2028116674222456,0,0.23
A05605,Riverside Care Alliance Care Network,Michigan,2018,0,0.021421139533074212,0,0.23
A05606,Gateway Medical Association,California,2018,0,0.031966958499313164,0,0.23
A05610,Blue Ridge Medical Group,Tennessee,2018,0,0.07322241511032523,0,0.23
A05612,Riverside Medical Partners Physician Alliance,Georgia,2018,0,0.051189470145840535,0,0.23
A05613,Highland Medical Group Network,Minnesota,2018,0,0.10989414740530766,0,0.23
A05619,Oakridge Physicians Alliance,Georgia,2018,0,0.10008367155069768,0,0.23
A05620,Riverbend Community Care Group,New York,2018,0,0.483534641212756,1,0.23
A05621,Green Valley Health Network Medical Center,Illinois,2018,0,0.033831165189088436,0,0.23
A05625,Cedar Medical Partners Medical Center,Washington,2018,0,0.03212980135604922,0,0.23
A05638,Unity Medical Partners Network,Wisconsin,2018,0,0.11655255825679921,0,0.23
A05641,Eastgate Health Care Network,Florida,2018,0,0.20068783974242002,0,0.23
A05642,Community Health Collaborative Collaborative,California,2018,0,0.06216843241169147,0,0.23
A05646,Heritage Health Network Care Network,New Jersey,2018,0,0.20832169368744397,0,0.23
A05647,Mountain View Health Network Association,Illinois,2018,1,0.16365488945882295,0,0.23
A05650,Pioneer Medical Alliance,Colorado,2018,0,0.12979114982517742,0,0.23
A05651,Redwood Provider Alliance Group,Colorado,2018,0,0.11154700644298984,0,0.23
A05659,WellSpring Health Partners Medical Center,Indiana,2018,0,0.2172094946944093,0,0.23
A05661,Lakeside Health Medical Center,Minnesota,2018,1,0.07509050684979836,0,0.23
A05662,Brookside Physician Network Physician Alliance,Missouri,2018,0,0.0326145753744006,0,0.23
A05669,Northstar Physician Network Care Network,Massachusetts,2018,0,0.0317854287776794,0,0.23
A05677,Pinnacle Medical Alliance,New Jersey,2018,0,0.09688248286732062,0,0.23
A05683,Evergreen Integrated Health Care Network,Alabama,2018,0,0.07069931653600307,0,0.23
A05703,Northstar Care Alliance Health System,Illinois,2018,0,0.09303391294836491,0,0.23
A05714,Parkview Physician Network Health System,Indiana,2018,0,0.18915359814902982,0,0.23
A05715,Heritage Healthcare Physician Alliance,Tennessee,2018,0,0.2202070854618224,0,0.23
A05731,Springfield Medical Partners Care Network,Virginia,2018,0,0.03658412687098994,0,0.23
A05732,Metro Provider Alliance Care Network,New York,2018,0,0.1774296729812652,0,0.23
A05738,Pioneer Healthcare Alliance,Michigan,2018,0,0.048191595595937026,0,0.23
A05739,Blue Ridge Medical Group Group,Maryland,2018,0,0.0900141284919693,0,0.23
A05741,Parkview Medical Partners Alliance,Michigan,2018,1,0.15381666540286928,0,0.23
A05742,Riverbend Health Care Network,Virginia,2018,0,0.06516174993086149,0,0.23
A05759,Oakridge Health Network Alliance,Tennessee,2018,0,0.0430301885182674,0,0.23
A05765,Valley Physician Network Alliance,Georgia,2018,0,0.01876321097901108,0,0.23
A05769,Green Valley Medical Group Physician Alliance,Georgia,2018,0,0.031686597840654945,0,0.23
A05770,WellSpring Health Alliance Collaborative,Florida,2018,0,0.1871206353477432,0,0.23
A05772,Horizon Physician Network Physician Alliance,Massachusetts,2018,0,0.19981657918037954,0,0.23
A05775,Evergreen Health Alliance Alliance,Washington,2018,0,0.08962680516472625,0,0.23
A05778,Community Health Physician Alliance,Alabama,2018,0,0.056658576724360976,0,0.23
A05784,Beacon Health Alliance Care Network,New York,2018,0,0.07430219520723187,0,0.23
A05795,Golden Valley Health Collaborative Partners,Massachusetts,2018,1,0.0566091858646464,0,0.23
A05797,Valley Care Alliance Collaborative,Connecticut,2018,0,0.04847480748852434,0,0.23
A05800,Stonebridge Care Alliance Health System,California,2018,0,0.1655940557351966,0,0.23
A05812,Gateway Community Care Medical Center,Washington,2018,0,0.04307493507222666,0,0.23
A05820,Lakeside Care Alliance Group,Maryland,2018,0,0.05121462815872555,0,0.23
A05823,Pinnacle Medical Partners Partners,Texas,2018,0,0.21423588180270847,0,0.23
A05829,Unity Care Partners Network,Texas,2018,0,0.121960695416023,0,0.23
A05831,Parkview Health Network Partners,Illinois,2018,0,0.1275015337430446,0,0.23
A05835,Lakeside Health Network Physician Alliance,Indiana,2018,0,0.3143876298545842,1,0.23
A05841,Summit Clinical Partners Health System,Minnesota,2018,0,0.15458992573227964,0,0.23
A05844,Fairview Health Partners Association,Texas,2018,0,0.17490747541180543,0,0.23
A05851,Summit Provider Alliance Health System,New Jersey,2018,0,0.15424197577740548,0,0.23
A05856,Green Valley Health Partners Group,Wisconsin,2018,0,0.23263921289255304,1,0.23
A05865,Canyon Community Care Partners,Indiana,2018,0,0.09123893239847786,0,0.23
A05867,Mountain View Healthcare Partners,Tennessee,2018,0,0.05564296622745701,0,0.23
A05886,Golden Valley Wellness Group,Illinois,2018,0,0.08245221078034083,0,0.23
A05887,Oakridge Healthcare Alliance,Georgia,2018,0,0.10871487300617318,0,0.23
A05890,Springfield Care Partners Partners,Connecticut,2018,0,0.1286641680684366,0,0.23
A05891,Stonebridge Physician Network Health System,Wisconsin,2018,1,0.11349706907556456,0,0.23
A05896,Pinnacle Health Network Group,North Carolina,2018,1,0.6999750011202975,1,0.23
A05909,Grandview Physician Network Group,North Carolina,2018,0,0.059600042184673525,0,0.23
A05911,Beacon Clinical Partners Care Network,Maryland,2018,0,0.035906789012225604,0,0.23
A05924,Riverside Care Network Physician Alliance,Connecticut,2018,0,0.036006962819168924,0,0.23
A05925,Riverbend Health Alliance Health System,North Carolina,2018,0,0.6632045018950252,1,0.23
A05930,Springfield Clinical Partners Health System,Minnesota,2018,0,0.14157908937696306,0,0.23
A05932,Westfield Care Alliance Partners,Minnesota,2018,0,0.1322803428766871,0,0.23
A05934,Heritage Wellness Care Network,New York,2018,0,0.15473848063170106,0,0.23
A05936,Beacon Care Network Health System,Arizona,2018,0,0.08972707658411311,0,0.23
A05947,Horizon Care Partners Care Network,Minnesota,2018,0,0.05443824809090364,0,0.23
A05950,Maplewood Care Alliance Alliance,Pennsylvania,2018,1,0.35210027603666566,1,0.23
A05953,Springfield Healthcare Alliance,New York,2018,0,0.08257535522526119,0,0.23
A05954,Crestview Care Alliance Collaborative,Indiana,2018,0,0.09893767717654896,0,0.23
A05959,Evergreen Health Alliance,Maryland,2018,0,0.2667311862016824,1,0.23
A05962,Golden Valley Medical Partners Alliance,Massachusetts,2018,0,0.21581725143723507,0,0.23
A05966,Horizon Wellness Health System,Maryland,2018,0,0.30630367223840665,1,0.23
A05972,Fairview Provider Alliance Group,Maryland,2018,0,0.1208080361884299,0,0.23
A05974,Canyon Physician Network Group,Maryland,2018,0,0.050025577364888635,0,0.23
A05982,Pioneer Physicians Alliance,Texas,2018,0,0.0446910571945283,0,0.23
A05985,Blue Ridge Care Collaborative,New York,2018,0,0.17242613268404558,0,0.23
A05993,Community Care Alliance Network,Indiana,2018,0,0.20855569747580968,0,0.23
A05995,Northstar Medical Group Group,Arizona,2018,0,0.14033419204537784,0,0.23
A05997,Lakeside Health Alliance Alliance,New Jersey,2018,0,0.04938228751733214,0,0.23
A05998,Gateway Health Partners Collaborative,New Jersey,2018,0,0.17456544702703825,0,0.23
A05999,Riverbend Physician Network Alliance,Massachusetts,2018,0,0.27614310874614656,1,0.23
A06002,Parkview Health Network Collaborative,Georgia,2018,0,0.044803264817849166,0,0.23
A06007,Stonebridge Integrated Health Collaborative,California,2018,0,0.19437037104235602,0,0.23
A06012,Northstar Health Collaborative Care Network,Maryland,2018,0,0.18727547128312708,0,0.23
A06017,Maplewood Medical Network,Georgia,2018,0,0.2640996651530854,1,0.23
A06023,Crestview Physicians Partners,Missouri,2018,0,0.13834884606431938,0,0.23
A06027,Clearview Care Health System,Pennsylvania,2018,0,0.18710215188197662,0,0.23
A06045,Pioneer Medical Group Collaborative,Massachusetts,2018,0,0.02598336080634738,0,0.23
A06052,Oakridge Health Health System,Tennessee,2018,0,0.07543808436532759,0,0.23
A06054,Springfield Medical Alliance,Ohio,2018,0,0.09729172145751798,0,0.23
A06056,Clearview Health Collaborative Partners,California,2018,0,0.08113084274957955,0,0.23
A06057,Meadow Physicians Network,Texas,2018,0,0.19481453222134248,0,0.23
A06062,Pinnacle Care Partners Physician Alliance,Minnesota,2018,0,0.022399348387323142,0,0.23
A06076,Gateway Care Partners Collaborative,California,2018,0,0.18700477763302065,0,0.23
A06081,Parkview Health Alliance Alliance,Alabama,2018,0,0.09124040011985618,0,0.23
A06087,Metro Health Network,Colorado,2018,0,0.07933242158830545,0,0.23
A06102,Evergreen Medical Group Association,Connecticut,2018,0,0.10192990706372079,0,0.23
A06107,Heartland Health Partners Partners,Maryland,2018,0,0.03913245523356909,0,0.23
A06109,Evergreen Care Partners Care Network,Alabama,2018,1,0.3866119181167425,1,0.23
A06110,Crestview Care Partners Health System,Florida,2018,0,0.17896881077508936,0,0.23
A06123,Summit Physicians Care Network,North Carolina,2018,0,0.11523168029792856,0,0.23
A06124,Northstar Care Alliance Association,Missouri,2018,0,0.2512887709648795,1,0.23
A06129,Parkview Care Medical Center,Illinois,2018,0,0.11321641644704114,0,0.23
A06133,Riverside Care Group,Maryland,2018,0,0.06618942153790287,0,0.23
A06136,Maplewood Clinical Partners Collaborative,Michigan,2018,1,0.2148618734549608,0,0.23
A06143,Fairview Health Collaborative Collaborative,California,2018,0,0.10100480597355771,0,0.23
A06157,Blue Ridge Wellness Partners,New York,2018,0,0.05878945476426189,0,0.23
A06158,Evergreen Clinical Partners Physician Alliance,Ohio,2018,0,0.06975953739198423,0,0.23
A06160,Mountain View Health Collaborative Alliance,Georgia,2018,0,0.20311769750864378,0,0.23
A06167,Unity Health Group,Arizona,2018,0,0.19540962281209004,0,0.23
A06175,Highland Health Collaborative Collaborative,Pennsylvania,2018,0,0.14181022581681174,0,0.23
A06190,Parkview Medical Collaborative,Florida,2018,1,0.34935112165645743,1,0.23
A06191,Fairview Clinical Partners Care Network,North Carolina,2018,0,0.09236764118018122,0,0.23
A06193,Stonebridge Community Care Association,Minnesota,2018,0,0.07639481839550195,0,0.23
A06194,Clearview Healthcare Network,Arizona,2018,0,0.246072661584292,1,0.23
A06200,Summit Care Care Network,Tennessee,2018,0,0.1364601061942673,0,0.23
A06202,Blue Ridge Medical Group Association,Arizona,2018,0,0.1123574578976177,0,0.23
A06203,WellSpring Clinical Partners Care Network,Michigan,2018,0,0.1736652384825972,0,0.23
A06216,Maplewood Care Partners Partners,Georgia,2018,0,0.043248799950893445,0,0.23
A06220,Crestview Health Network Partners,Illinois,2018,0,0.04886505824318561,0,0.23
A06222,Brookside Care Alliance Partners,Michigan,2018,0,0.05798423250869948,0,0.23
A06238,Grandview Health Collaborative Care Network,Tennessee,2018,1,0.31260398093137737,1,0.23
A06239,Evergreen Physicians Network,Michigan,2018,0,0.14772825752357888,0,0.23
A06261,Parkview Provider Alliance Alliance,Washington,2018,0,0.20904589722525496,0,0.23
A06273,Maplewood Medical Medical Center,Ohio,2018,0,0.12051675747785053,0,0.23
A06276,Silverstone Community Care Care Network,Texas,2018,1,0.11144211404851687,0,0.23
A06282,WellSpring Medical Partners Care Network,Tennessee,2018,0,0.21706853629342981,0,0.23
A06284,Brookside Health Network Association,Missouri,2018,1,0.2955097017689571,1,0.23
A06290,Highland Health Collaborative Partners,Massachusetts,2018,0,0.09700673984309799,0,0.23
A06291,Pinnacle Physicians Network,Illinois,2018,0,0.030308777931525838,0,0.23
A06296,Meadow Health Alliance Alliance,New Jersey,2018,0,0.11330042807628317,0,0.23
A06297,Golden Valley Provider Alliance Group,Tennessee,2018,1,0.5822847818856248,1,0.23
A06305,Summit Medical Group Physician Alliance,Virginia,2018,1,0.06818044556965785,0,0.23
A06306,Blue Ridge Care Network Health System,Oregon,2018,0,0.027063663876565065,0,0.23
A06316,Canyon Health Alliance Alliance,Missouri,2018,0,0.08809255924383008,0,0.23
A06317,Evergreen Integrated Health Network,California,2018,1,0.3737999871702277,1,0.23
A06321,Silverstone Care Alliance Health System,North Carolina,2018,0,0.1138533534164643,0,0.23
A06322,Westfield Health Partners Medical Center,Colorado,2018,0,0.16990178750794196,0,0.23
A06326,Silverstone Physicians Association,Virginia,2018,0,0.1205375038805909,0,0.23
A06346,Mountain View Physicians Physician Alliance,New Jersey,2018,0,0.15589229143514724,0,0.23
A06347,Valley Provider Alliance Care Network,Michigan,2018,1,0.054324387601781696,0,0.23
A06350,Mountain View Healthcare Physician Alliance,California,2018,0,0.09165169254606698,0,0.23
A06351,Beacon Health Alliance Physician Alliance,Florida,2018,0,0.195067849381342,0,0.23
A06356,Pioneer Integrated Health Group,Oregon,2018,0,0.0787637962517867,0,0.23
A06360,Northstar Physician Network Collaborative,New Jersey,2018,0,0.07407178970632108,0,0.23
A06367,Mountain View Health Partners Group,Washington,2018,0,0.05725336413679,0,0.23
A06370,Brookside Healthcare Partners,Indiana,2018,0,0.07615165421279003,0,0.23
A06378,Stonebridge Health Physician Alliance,Missouri,2018,1,0.1739929390504043,0,0.23
A06379,Oakridge Wellness Network,Texas,2018,0,0.0464584322046847,0,0.23
A06381,Silverstone Community Care Physician Alliance,New York,2018,0,0.1361496432814441,0,0.23
A06393,WellSpring Health Network Care Network,Indiana,2018,0,0.05081615832149407,0,0.23
A06400,Beacon Integrated Health Group,Oregon,2018,0,0.12126794400511265,0,0.23
A06408,Pioneer Care Network Care Network,Wisconsin,2018,1,0.05572494208632271,0,0.23
A06411,Riverside Integrated Health Network,Oregon,2018,0,0.21048780839320322,0,0.23
A06413,Pinnacle Medical Partners Network,Minnesota,2018,0,0.15543119618856735,0,0.23
A06415,Highland Health Collaborative Care Network,Texas,2018,0,0.01965531344568584,0,0.23
A06425,Brookside Care Alliance Group,Indiana,2018,1,0.1944680882408253,0,0.23
A06427,Pinnacle Health Partners Alliance,Ohio,2018,0,0.2103699840859993,0,0.23
A06428,Redwood Provider Alliance Care Network,Ohio,2018,0,0.14464721119978757,0,0.23
A06432,Beacon Healthcare Physician Alliance,Massachusetts,2018,0,0.37921905728573096,1,0.23
A06441,Westfield Health Alliance Health System,Maryland,2018,1,0.2564347614615844,1,0.23
A06442,Maplewood Provider Alliance Network,Alabama,2018,0,0.22182540908476575,0,0.23
A06446,Green Valley Care Collaborative,Tennessee,2018,0,0.08270786098044543,0,0.23
A06449,Highland Health Alliance Network,Missouri,2018,0,0.17488331206440744,0,0.23
A06451,Gateway Healthcare Medical Center,Florida,2018,0,0.05229961692741629,0,0.23
A06452,Summit Physicians Collaborative,Washington,2018,0,0.2565397586140017,1,0.23
A06455,Brookside Wellness Partners,New York,2018,0,0.02025570632402975,0,0.23
A06477,Stonebridge Health Partners Health System,Virginia,2018,0,0.161858509935499,0,0.23
A06482,Riverside Health Network Care Network,Tennessee,2018,1,0.22533520000994625,0,0.23
A06490,Cedar Provider Alliance Health System,New York,2018,0,0.05657785205338965,0,0.23
A06495,WellSpring Health Partners Group,Tennessee,2018,1,0.26033186235341677,1,0.23
A06501,Redwood Wellness Medical Center,Ohio,2018,0,0.045605609934040094,0,0.23
A06514,Parkview Healthcare Physician Alliance,Washington,2018,0,0.09411062927507068,0,0.23
A06516,Summit Medical Partners Association,Indiana,2018,0,0.18297345362251782,0,0.23
A06524,Heartland Physician Network Collaborative,North Carolina,2018,0,0.19101431711357172,0,0.23
A06553,Mountain View Care Partners Medical Center,Connecticut,2018,0,0.0809862170156601,0,0.23
A06558,Canyon Integrated Health Collaborative,New York,2018,0,0.04323720111506549,0,0.23
A06567,Brookside Wellness Care Network,Florida,2018,0,0.05418165703060098,0,0.23
A06571,Parkview Health Partners Medical Center,Alabama,2018,0,0.13492499336315963,0,0.23
A06577,Heritage Health Partners,Michigan,2018,0,0.019921377725634796,0,0.23
A06579,Highland Physician Network Group,North Carolina,2018,1,0.5928706005464693,1,0.23
A06580,Clearview Care Alliance Network,Illinois,2018,0,0.2515814967320025,1,0.23
A06582,Valley Physician Network Group,New Jersey,2018,1,0.20045798864191242,0,0.23
A06595,Blue Ridge Care Partners Collaborative,Tennessee,2018,0,0.04890296761559333,0,0.23
A06599,Cedar Physicians Health System,Pennsylvania,2018,0,0.05868851994650707,0,0.23
A06600,Brookside Medical Medical Center,Florida,2018,0,0.08696303330954916,0,0.23
A06602,Valley Wellness Collaborative,New York,2018,0,0.08126200688786564,0,0.23
A06607,Unity Health Network Association,California,2018,0,0.12907044525547068,0,0.23
A06610,Westfield Clinical Partners Care Network,Alabama,2018,1,0.0577689004073385,0,0.23
A06616,Riverside Health Physician Alliance,Connecticut,2018,0,0.1894685120906673,0,0.23
A06619,Gateway Care Medical Center,Georgia,2018,0,0.08760083898636185,0,0.23
A06621,Springfield Health Network Group,California,2018,0,0.12424916385171005,0,0.23
A06622,Eastgate Care Group,New York,2018,0,0.0893684566139324,0,0.23
A06624,Evergreen Health Network Partners,Wisconsin,2018,0,0.0827942541284788,0,0.23
A06627,Fairview Clinical Partners Collaborative,Ohio,2018,0,0.21244843986204073,0,0.23
A06639,Westfield Provider Alliance Physician Alliance,Washington,2018,0,0.19728349875024687,0,0.23
A06647,Gateway Medical Health System,Alabama,2018,0,0.055450144125623345,0,0.23
A06649,Green Valley Health Collaborative Physician Alliance,Georgia,2018,0,0.08973118199616159,0,0.23
A06650,Golden Valley Care Partners Association,Florida,2018,0,0.01976520465735451,0,0.23
A06651,Eastgate Health Network Collaborative,New York,2018,1,0.19492045591652038,0,0.23
A06658,Canyon Care Association,Tennessee,2018,0,0.25637224582642415,1,0.23
A06662,WellSpring Care Network Group,Michigan,2018,0,0.08752250886291826,0,0.23
A06664,Meadow Medical Group Partners,California,2018,0,0.04607054117583072,0,0.23
A06669,Heritage Health Network Collaborative,North Carolina,2018,0,0.07510512705570914,0,0.23
A06675,Mountain View Medical Group Health System,Tennessee,2018,0,0.4050541981754406,1,0.23
A06680,Oakridge Medical Group Health System,Indiana,2018,0,0.1897507047175631,0,0.23
A06682,Metro Physicians Association,Virginia,2018,0,0.044335489768891165,0,0.23
A06683,Pinnacle Medical Collaborative,Wisconsin,2018,0,0.052821302477320725,0,0.23
A06684,Evergreen Care Network Alliance,Texas,2018,0,0.04022290534954375,0,0.23
A06692,Grandview Care Network Network,Missouri,2018,0,0.18987330126294721,0,0.23
A06696,Grandview Physicians Partners,Minnesota,2018,1,0.23493286221909856,1,0.23
A06698,Highland Care Network Group,Arizona,2018,0,0.03798128273636373,0,0.23
A06706,Community Healthcare Collaborative,Missouri,2018,0,0.196857193205115,0,0.23
A06708,Horizon Health Collaborative Association,Colorado,2018,0,0.029223628067064897,0,0.23
A06711,Redwood Care Network Partners,Oregon,2018,1,0.12409219603222395,0,0.23
A06713,Valley Wellness Health System,Illinois,2018,0,0.12846954289263357,0,0.23
A06725,Highland Medical Medical Center,Oregon,2018,0,0.06271724573310222,0,0.23
A06727,Green Valley Integrated Health Partners,Pennsylvania,2018,0,0.049919854183543784,0,0.23
A06731,Golden Valley Medical Association,Connecticut,2018,1,0.5356404528561629,1,0.23
A06745,Oakridge Medical Medical Center,Minnesota,2018,0,0.16034418732621156,0,0.23
A06746,Clearview Wellness Care Network,Illinois,2018,0,0.17196735336858818,0,0.23
A06749,Unity Health Collaborative Care Network,Massachusetts,2018,0,0.10611655932514165,0,0.23
A06751,Canyon Medical Group Network,Virginia,2018,0,0.23458393142341788,1,0.23
A06761,Highland Medical Health System,New Jersey,2018,0,0.18249375200538975,0,0.23
A06765,Meadow Clinical Partners Medical Center,Florida,2018,0,0.07290751217404258,0,0.23
A06768,Silverstone Care Network Association,Minnesota,2018,0,0.1369711632954651,0,0.23
A06769,Pinnacle Medical Physician Alliance,North Carolina,2018,1,0.08693576223439095,0,0.23
A06771,Brookside Wellness Physician Alliance,Ohio,2018,0,0.1463275051231308,0,0.23
A06773,Blue Ridge Health Collaborative Partners,Florida,2018,1,0.37950880104652673,1,0.23
A06778,Gateway Care Network,Florida,2018,0,0.13116272711344068,0,0.23
A06782,Golden Valley Care Partners Medical Center,Maryland,2018,0,0.06398182998920367,0,0.23
A06785,Evergreen Physicians Collaborative,Maryland,2018,0,0.31872572874185395,1,0.23
A06787,Horizon Care Network,Alabama,2018,0,0.07598911764318701,0,0.23
A06792,Blue Ridge Health Collaborative Association,Alabama,2018,0,0.03766440169975145,0,0.23
A06795,Silverstone Health Collaborative Group,Missouri,2018,0,0.14536865730120188,0,0.23
A06796,Cedar Community Care Care Network,Maryland,2018,0,0.1381720522780226,0,0.23
A06798,Crestview Health Collaborative Network,Indiana,2018,1,0.11792236879967392,0,0.23
A06799,Silverstone Medical Group Partners,Connecticut,2018,0,0.1365258194859785,0,0.23
A06802,Horizon Medical Care Network,Georgia,2018,0,0.21473943532637058,0,0.23
A06803,Canyon Medical Partners,Wisconsin,2018,0,0.13081590704635906,0,0.23
A06808,Metro Health Network Alliance,California,2018,0,0.05051028015868125,0,0.23
A06810,Stonebridge Physician Network Association,California,2018,0,0.15266814778081295,0,0.23
A06812,Eastgate Health Health System,Michigan,2018,0,0.06296145213036654,0,0.23
A06813,Riverbend Physician Network Care Network,New Jersey,2018,1,0.2238465452213856,0,0.23
A06815,Mountain View Health Partners,Arizona,2018,0,0.04604535057279236,0,0.23
A06818,Maplewood Health Alliance Physician Alliance,New Jersey,2018,0,0.031644130297863254,0,0.23
A06819,Pinnacle Health Collaborative Network,Texas,2018,0,0.06666491849139955,0,0.23
A06822,Canyon Provider Alliance Physician Alliance,Massachusetts,2018,0,0.20038400227994044,0,0.23
A06823,Evergreen Provider Alliance Collaborative,Michigan,2018,0,0.11039840656438597,0,0.23
A06826,Evergreen Health Network Collaborative,Connecticut,2018,0,0.11148132064143855,0,0.23
A06834,Cedar Health Care Network,Illinois,2018,1,0.21481690681242985,0,0.23
A06841,Heartland Clinical Partners Health System,Virginia,2018,0,0.1340945856933401,0,0.23
A06843,Brookside Care Group,Wisconsin,2018,0,0.013321813877555669,0,0.23
A06844,Blue Ridge Clinical Partners Group,Illinois,2018,0,0.15962125210286957,0,0.23
A06847,Riverside Health Partners Physician Alliance,Washington,2018,0,0.0847665069185779,0,0.23
A06853,Stonebridge Medical Partners Alliance,Wisconsin,2018,0,0.03136355577323377,0,0.23
A06856,Westfield Medical Group Alliance,Tennessee,2018,0,0.14483215303486238,0,0.23
A06864,Fairview Care Network Care Network,Michigan,2018,0,0.1403596617420201,0,0.23
A06872,Green Valley Medical Partners Collaborative,Missouri,2018,0,0.18550357030678188,0,0.23
A06877,WellSpring Health Collaborative Network,Tennessee,2018,0,0.1372362309934089,0,0.23
A06878,Redwood Wellness Association,New Jersey,2018,0,0.047423978583224606,0,0.23
A06883,Westfield Integrated Health Health System,Virginia,2018,0,0.46031055575897184,1,0.23
A06884,Cedar Health Collaborative Network,Illinois,2018,0,0.06948270814721719,0,0.23
A06889,Horizon Community Care Alliance,Washington,2018,0,0.08004140659357378,0,0.23
A06896,Valley Medical Group Partners,Ohio,2018,0,0.11911010311965949,0,0.23
A06898,Maplewood Physicians Alliance,Colorado,2018,0,0.13647440927173637,0,0.23
A06900,Westfield Care Partners Association,Alabama,2018,0,0.14243885453212984,0,0.23
A06905,Pioneer Health Partners Alliance,Washington,2018,0,0.046369002366684474,0,0.23
A06911,Highland Healthcare Physician Alliance,Indiana,2018,0,0.08408382794583448,0,0.23
A06913,Clearview Health Network Physician Alliance,Missouri,2018,0,0.07173644809931976,0,0.23
A06918,Mountain View Care Network Group,New Jersey,2018,1,0.32849600169887777,1,0.23
A06928,Summit Physicians Association,Pennsylvania,2018,0,0.16739638610465954,0,0.23
A06930,Community Medical Group Medical Center,Illinois,2018,0,0.07001516084227925,0,0.23
A06931,Brookside Clinical Partners Network,Tennessee,2018,0,0.1326888538361255,0,0.23
A06933,Valley Health Partners Medical Center,Virginia,2018,0,0.10069982170769343,0,0.23
A06942,Maplewood Care Medical Center,Indiana,2018,0,0.02005408830764588,0,0.23
A06948,Unity Physician Network Alliance,Colorado,2018,0,0.11548347886816082,0,0.23
A06952,Lakeside Health Alliance Medical Center,Wisconsin,2018,0,0.126156469149172,0,0.23
A06965,Clearview Medical Partners Physician Alliance,Colorado,2018,0,0.172976307658742,0,0.23
A06968,Westfield Health Alliance Partners,Washington,2018,0,0.18482830292031951,0,0.23
A06975,Oakridge Health Collaborative Alliance,Arizona,2018,0,0.20074127838536795,0,0.23
A06981,Beacon Care Partners,Michigan,2018,1,0.28536643822216196,1,0.23
A06982,Green Valley Healthcare Alliance,Georgia,2018,1,0.2511581393865984,1,0.23
A06987,Evergreen Health Collaborative,Pennsylvania,2018,0,0.15743877234424253,0,0.23
A06988,Silverstone Wellness Partners,Ohio,2018,0,0.13301483124472072,0,0.23
A06989,Mountain View Provider Alliance Care Network,North Carolina,2018,0,0.0625113441634737,0,0.23
A06991,Community Health Collaborative Alliance,Indiana,2018,0,0.17643754802854544,0,0.23
A06996,Golden Valley Care Network Collaborative,Maryland,2018,0,0.126347796964063,0,0.23
A07003,Maplewood Wellness Alliance,Michigan,2018,0,0.10670455002556344,0,0.23
A07006,WellSpring Wellness Alliance,Virginia,2018,0,0.0603568275744381,0,0.23
A07008,Mountain View Wellness Care Network,Florida,2018,0,0.26202642194310055,1,0.23
A07012,Mountain View Care Alliance Alliance,North Carolina,2018,1,0.3140506577847992,1,0.23
A07015,Brookside Physician Network Partners,New York,2018,0,0.25804904848057386,1,0.23
A07026,Clearview Wellness Alliance,Indiana,2018,1,0.11758641682797022,0,0.23
A07033,Pioneer Care Network Physician Alliance,Ohio,2018,0,0.04581291772994277,0,0.23
A07035,Riverbend Health Medical Center,Texas,2018,0,0.10835964734470842,0,0.23
A07037,Blue Ridge Physicians Alliance,Pennsylvania,2018,0,0.02691441500675862,0,0.23
A07042,Unity Physician Network Association,New York,2018,0,0.1372362309934089,0,0.23
A07045,Parkview Wellness Alliance,Alabama,2018,0,0.22081223659670243,0,0.23
A07051,Valley Clinical Partners Physician Alliance,Ohio,2018,1,0.13748006150265776,0,0.23
A07053,Summit Care Alliance Group,Michigan,2018,0,0.07348841039091901,0,0.23
A07058,Highland Medical Group Partners,Michigan,2018,0,0.16380559644000414,0,0.23
A07064,Stonebridge Health Collaborative Care Network,New York,2018,0,0.08397116453066732,0,0.23
A07067,WellSpring Health Network,Oregon,2018,1,0.7973324847209539,1,0.23
A07068,WellSpring Physicians Collaborative,Virginia,2018,0,0.09061809838191871,0,0.23
A07075,Silverstone Medical Group Group,Massachusetts,2018,0,0.05046081132774972,0,0.23
A07081,Westfield Care Network Alliance,Alabama,2018,0,0.052619705991413544,0,0.23
A07088,Parkview Care Network Health System,Massachusetts,2018,0,0.08063678606607755,0,0.23
A07094,Stonebridge Medical Medical Center,Ohio,2018,0,0.15260189769736543,0,0.23
A07098,WellSpring Care Partners Group,Wisconsin,2018,0,0.03118588043521682,0,0.23
A07100,Meadow Health Health System,Virginia,2018,1,0.1422833327255299,0,0.23
A07104,Beacon Medical Group Care Network,Michigan,2018,0,0.0339543876822461,0,0.23
A07105,Canyon Health Partners Collaborative,Arizona,2018,0,0.06155270178449229,0,0.23
A07116,Heritage Wellness Association,California,2018,0,0.13802714077511058,0,0.23
A07118,Silverstone Medical Group Association,New Jersey,2018,0,0.03536514498499566,0,0.23
A07121,Heritage Medical Medical Center,New Jersey,2018,0,0.08508048935132229,0,0.23
A07126,Stonebridge Care Association,Minnesota,2018,0,0.207051388899667,0,0.23
A07127,Metro Medical Partners Association,Florida,2018,0,0.11417338951640131,0,0.23
A07147,Redwood Wellness Alliance,Michigan,2018,0,0.08516076817588672,0,0.23
A07158,Golden Valley Medical Group Health System,Florida,2018,0,0.07336961080674001,0,0.23
A07166,Riverbend Health Collaborative Collaborative,Michigan,2018,0,0.04161990459524056,0,0.23
A07173,Pioneer Medical Group Partners,Minnesota,2018,1,0.5219957587240734,1,0.23
A07174,Riverside Community Care Alliance,Georgia,2018,1,0.1792516730430213,0,0.23
A07176,Green Valley Care Physician Alliance,Minnesota,2018,0,0.3420809672217078,1,0.23
A07185,Blue Ridge Medical Partners Association,Illinois,2018,0,0.13384290817254485,0,0.23
A07190,Stonebridge Physicians Collaborative,Texas,2018,0,0.03154609340652593,0,0.23
A07193,Fairview Clinical Partners Network,Wisconsin,2018,0,0.13498769982234232,0,0.23
A07197,Lakeside Medical Association,Connecticut,2018,0,0.020182010086037944,0,0.23
A07199,Summit Physicians Medical Center,Washington,2018,0,0.017957774510347337,0,0.23
A07204,WellSpring Physicians Association,Massachusetts,2018,1,0.3974193132727191,1,0.23
A07206,Clearview Care Physician Alliance,Florida,2018,0,0.03018680242894572,0,0.23
A07209,Silverstone Health Partners Care Network,New Jersey,2018,1,0.2780481255469051,1,0.23
A07216,Cedar Health Alliance Group,North Carolina,2018,0,0.25231310031849974,1,0.23
A07223,Summit Care Partners Collaborative,Maryland,2018,1,0.07231312670879661,0,0.23
A07225,Parkview Medical Partners Health System,Texas,2018,1,0.4259276397999695,1,0.23
A07227,Eastgate Wellness Alliance,Alabama,2018,0,0.03935204269880272,0,0.23
A07231,Community Health Network Care Network,New Jersey,2018,0,0.14699186398860453,0,0.23
A07237,Riverside Care Partners Partners,Texas,2018,1,0.2180860082488646,0,0.23
A07242,Lakeside Integrated Health Partners,Oregon,2018,0,0.023033440236741188,0,0.23
A07254,Beacon Medical Group,Washington,2018,0,0.07067242744525658,0,0.23
A07256,Evergreen Healthcare Health System,Virginia,2018,0,0.036815695089724994,0,0.23
A07262,Northstar Healthcare Group,Pennsylvania,2018,0,0.07062469732444698,0,0.23
A07269,Northstar Medical Medical Center,California,2018,0,0.10208182830277483,0,0.23
A07270,Westfield Physician Network Partners,Tennessee,2018,1,0.49990962622865254,1,0.23
A07278,Fairview Medical Partners,Oregon,2018,0,0.23435387417412695,1,0.23
A07281,Riverside Care Association,Georgia,2018,0,0.18558881593271237,0,0.23
A07286,Oakridge Care Alliance Alliance,Minnesota,2018,0,0.13925698805836112,0,0.23
A07293,Green Valley Care Association,Florida,2018,0,0.06378081689661926,0,0.23
A07298,Lakeside Physician Network Collaborative,Pennsylvania,2018,0,0.034330609078166846,0,0.23
A07300,Pinnacle Healthcare Collaborative,New Jersey,2018,0,0.15956055967539784,0,0.23
A07313,Maplewood Community Care Collaborative,Colorado,2018,0,0.07336723687743633,0,0.23
A07319,Community Care Alliance Medical Center,Massachusetts,2018,0,0.03424367449261628,0,0.23
A07324,Springfield Healthcare Physician Alliance,Washington,2018,0,0.1568524701795716,0,0.23
A07332,Northstar Care Partners,Texas,2018,0,0.16785216158957617,0,0.23
A07333,Clearview Health Network Network,Massachusetts,2018,0,0.036040791764440805,0,0.23
A07336,Riverside Wellness Physician Alliance,New Jersey,2018,0,0.08766604413540957,0,0.23
A07348,Springfield Physicians Collaborative,California,2018,0,0.11633128287724646,0,0.23
A07357,Oakridge Medical Partners Association,Missouri,2018,1,0.09149902800450219,0,0.23
A07358,Golden Valley Wellness Health System,Illinois,2018,0,0.15817524565259589,0,0.23
A07360,Unity Health Care Network,Pennsylvania,2018,0,0.028317748889365238,0,0.23
A07367,Clearview Health Network Group,North Carolina,2018,0,0.07071740328564081,0,0.23
A07369,Evergreen Health Collaborative Collaborative,Washington,2018,1,0.3935609485640405,1,0.23
A07385,Unity Medical Alliance,Michigan,2018,0,0.03535766577534645,0,0.23
A07411,Oakridge Care Network Collaborative,Illinois,2018,0,0.04339815963797721,0,0.23
A07416,Clearview Integrated Health Group,Indiana,2018,0,0.09678341169075201,0,0.23
A07426,Unity Integrated Health Care Network,Oregon,2018,0,0.12480845435530058,0,0.23
A07427,Blue Ridge Integrated Health Network,Texas,2018,0,0.06405844456138703,0,0.23
A07437,Redwood Medical Group Physician Alliance,Oregon,2018,0,0.1341823093825004,0,0.23
A07440,Unity Medical Group Network,Michigan,2018,0,0.2228051391658401,0,0.23
A07441,Beacon Care Alliance Partners,New York,2018,0,0.17680861275797013,0,0.23
A07456,Redwood Medical Partners Partners,Arizona,2018,1,0.15048737801831227,0,0.23
A07457,Evergreen Health Collaborative Alliance,Tennessee,2018,0,0.18161435054404584,0,0.23
A07459,Unity Health Collaborative Partners,Connecticut,2018,0,0.19063917879726244,0,0.23
A07461,Pinnacle Provider Alliance Network,Georgia,2018,1,0.04947393605739345,0,0.23
A07468,Heritage Wellness Physician Alliance,Massachusetts,2018,0,0.058510599461969674,0,0.23
A07474,Lakeside Health Network,Ohio,2018,0,0.08969620056788626,0,0.23
A07480,Valley Wellness Medical Center,Indiana,2018,0,0.1384780170023236,0,0.23
A07486,Clearview Community Care Medical Center,Michigan,2018,0,0.14047728549428262,0,0.23
A07489,Crestview Health Alliance Health System,Illinois,2018,0,0.047870647342242216,0,0.23
A07496,Blue Ridge Medical Partners Medical Center,Arizona,2018,0,0.03149735807480313,0,0.23
A07500,Unity Wellness Collaborative,Tennessee,2018,0,0.04022343202071152,0,0.23
A00005,Mountain View Care Alliance Collaborative,Ohio,2019,0,0.34532653524539403,1,0.23
A00007,Metro Health Alliance Medical Center,Missouri,2019,0,0.060448145571743474,0,0.23
A00012,Unity Provider Alliance Association,Florida,2019,0,0.18998259599891562,0,0.23
A00013,Beacon Health Collaborative Health System,Michigan,2019,0,0.05443120024072232,0,0.23
A00021,Northstar Integrated Health Partners,Wisconsin,2019,1,0.07163380253958365,0,0.23
A00022,Riverside Care Alliance Health System,Maryland,2019,0,0.17196735336858818,0,0.23
A00025,Northstar Healthcare Alliance,Oregon,2019,0,0.19926094831002295,0,0.23
A00026,Pinnacle Wellness Group,New York,2019,0,0.1930262743057911,0,0.23
A00037,WellSpring Care Network Network,Maryland,2019,1,0.36333989998608934,1,0.23
A00042,Brookside Integrated Health Partners,New York,2019,1,0.14583048803522877,0,0.23
A00044,Mountain View Clinical Partners Group,Massachusetts,2019,0,0.07762967939088108,0,0.23
A00051,Parkview Care Group,Colorado,2019,0,0.08401729165984774,0,0.23
A00052,Pinnacle Wellness Association,Florida,2019,0,0.21414207879980116,0,0.23
A00056,Silverstone Physicians Network,New Jersey,2019,1,0.6070733436806809,1,0.23
A00061,Brookside Physicians Physician Alliance,New York,2019,0,0.07897786394698608,0,0.23
A00064,Metro Clinical Partners Physician Alliance,Michigan,2019,0,0.057767705318976494,0,0.23
A00089,Brookside Care Network Alliance,New York,2019,0,0.18104414597602803,0,0.23
A00090,Lakeside Medical Group Health System,Tennessee,2019,0,0.09290662069528537,0,0.23
A00094,Metro Care Care Network,Massachusetts,2019,0,0.09880472528460321,0,0.23
A00098,Stonebridge Care Collaborative,Arizona,2019,0,0.12074310957794884,0,0.23
A00110,Evergreen Health Collaborative Physician Alliance,Texas,2019,0,0.20766862417619777,0,0.23
A00112,Pinnacle Wellness Network,North Carolina,2019,0,0.18700477763302065,0,0.23
A00130,Cedar Community Care Group,Missouri,2019,0,0.050890827079821684,0,0.23
A00132,WellSpring Health Network Medical Center,Minnesota,2019,0,0.22975347287020512,0,0.23
A00144,Evergreen Care Health System,Connecticut,2019,0,0.21920230457128217,0,0.23
A00153,Springfield Care Medical Center,Michigan,2019,0,0.0896592270679575,0,0.23
A00156,Blue Ridge Health Partners,Connecticut,2019,0,0.5334933320797967,1,0.23
A00177,Parkview Integrated Health Network,Indiana,2019,0,0.16861516038165916,0,0.23
A00179,Heartland Health Partners Group,Connecticut,2019,0,0.025224730741503734,0,0.23
A00180,Highland Physician Network Care Network,New York,2019,0,0.09345600000549355,0,0.23
A00189,Mountain View Health Collaborative Partners,Texas,2019,0,0.07747293990919446,0,0.23
A00192,Mountain View Integrated Health Association,New York,2019,0,0.045121167817541254,0,0.23
A00198,Northstar Integrated Health Network,Arizona,2019,0,0.19922678572056948,0,0.23
A00201,Metro Physician Network Partners,Tennessee,2019,0,0.18582246952407883,0,0.23
A00206,Parkview Health Partners Partners,Missouri,2019,0,0.322607192290694,1,0.23
A00207,Gateway Health Partners Network,Washington,2019,0,0.14983161058665526,0,0.23
A00217,Valley Healthcare Alliance,New Jersey,2019,0,0.28506013803141117,1,0.23
A00223,Golden Valley Clinical Partners Association,Wisconsin,2019,0,0.1866591485440696,0,0.23
A00243,Evergreen Medical Medical Center,Connecticut,2019,0,0.16456190820289343,0,0.23
A00255,Pioneer Physician Network Collaborative,Washington,2019,0,0.13971403645952932,0,0.23
A00261,Community Physicians Collaborative,New Jersey,2019,0,0.26865406031538297,1,0.23
A00262,Pinnacle Wellness Physician Alliance,Massachusetts,2019,1,0.05445946334860116,0,0.23
A00263,Mountain View Clinical Partners Collaborative,New Jersey,2019,0,0.21836909283555894,0,0.23
A00268,Grandview Health Alliance,Indiana,2019,0,0.09084808986339488,0,0.23
A00269,Metro Health Partners Health System,Virginia,2019,0,0.055903298062641674,0,0.23
A00272,Gateway Health Alliance Medical Center,Pennsylvania,2019,0,0.10479192231147698,0,0.23
A00274,Crestview Health Network Association,North Carolina,2019,0,0.06458048167911377,0,0.23
A00275,WellSpring Medical Group Alliance,Ohio,2019,0,0.2239672453764565,0,0.23
A00279,Heritage Physicians Medical Center,Oregon,2019,0,0.09057326315931925,0,0.23
A00283,Golden Valley Care Partners,Oregon,2019,0,0.24401951185118168,1,0.23
A00287,Community Health Network,Wisconsin,2019,0,0.08919637770264216,0,0.23
A00292,Stonebridge Care Partners,Michigan,2019,1,0.2562195992265483,1,0.23
A00301,Gateway Medical Group Alliance,Missouri,2019,0,0.17007201965784494,0,0.23
A00307,Beacon Care Group,California,2019,0,0.08926934639647899,0,0.23
A00308,Eastgate Care Partners Care Network,Illinois,2019,0,0.08769767380756949,0,0.23
A00313,Valley Physician Network Physician Alliance,New Jersey,2019,0,0.035992793562485824,0,0.23
A00319,Riverside Health Partners Partners,Missouri,2019,0,0.029408414359018784,0,0.23
A00324,Evergreen Provider Alliance Group,Alabama,2019,0,0.16935821319016547,0,0.23
A00327,Golden Valley Wellness Physician Alliance,Wisconsin,2019,0,0.15089826681544116,0,0.23
A00329,Parkview Health Collaborative,Illinois,2019,0,0.1070846508823807,0,0.23
A00345,Pioneer Care Partners Partners,Indiana,2019,0,0.06018679179159575,0,0.23
A00354,Pinnacle Medical Health System,Washington,2019,0,0.40895619356187574,1,0.23
A00356,Lakeside Health Network Health System,Pennsylvania,2019,0,0.10022265523878592,0,0.23
A00362,Silverstone Provider Alliance Network,Massachusetts,2019,0,0.22968816681251666,0,0.23
A00364,Fairview Community Care Physician Alliance,Ohio,2019,0,0.21248908328194324,0,0.23
A00365,Heritage Clinical Partners Association,Washington,2019,0,0.15725447174477927,0,0.23
A00366,Parkview Healthcare Care Network,Tennessee,2019,1,0.08318166857100293,0,0.23
A00383,Canyon Community Care Alliance,Georgia,2019,0,0.06498760375097809,0,0.23
A00387,Pinnacle Health Collaborative Physician Alliance,Virginia,2019,0,0.05418165703060098,0,0.23
A00388,Unity Health Partners Collaborative,Florida,2019,0,0.04171636808026223,0,0.23
A00389,Riverbend Medical Network,Alabama,2019,0,0.02605133365076576,0,0.23
A00390,Green Valley Care Partners,Florida,2019,0,0.0731945126008164,0,0.23
A00392,Green Valley Medical Network,Massachusetts,2019,1,0.36212644413680245,1,0.23
A00394,Pinnacle Health Alliance Health System,Minnesota,2019,0,0.07723128680617725,0,0.23
A00397,Eastgate Community Care Health System,Texas,2019,0,0.13398948237164532,0,0.23
A00398,Meadow Provider Alliance Group,Texas,2019,0,0.17053389941611882,0,0.23
A00400,Highland Community Care Health System,New York,2019,0,0.08350353649013799,0,0.23
A00414,Parkview Care Alliance Alliance,North Carolina,2019,0,0.1505399669413544,0,0.23
A00422,WellSpring Integrated Health Network,Alabama,2019,0,0.12210518195385422,0,0.23
A00423,Cedar Health Group,New York,2019,1,0.14281218340448246,0,0.23
A00441,Gateway Medical Partners Collaborative,Wisconsin,2019,0,0.1529420839963821,0,0.23
A00443,Metro Care Medical Center,Oregon,2019,0,0.1451995760600399,0,0.23
A00453,Highland Integrated Health Health System,Connecticut,2019,0,0.13293496465599744,0,0.23
A00454,Cedar Medical Collaborative,Colorado,2019,0,0.22009184713498287,0,0.23
A00458,Lakeside Care Collaborative,California,2019,0,0.053890745030404454,0,0.23
A00466,Green Valley Health Network Alliance,Illinois,2019,0,0.125868375663108,0,0.23
A00469,Pinnacle Health Collaborative Group,Connecticut,2019,0,0.03469740386901294,0,0.23
A00477,Grandview Physician Network Alliance,Alabama,2019,0,0.1481845706352622,0,0.23
A00480,Oakridge Health Collaborative Partners,Texas,2019,1,0.11235275090664892,0,0.23
A00481,Brookside Medical Partners Health System,Washington,2019,0,0.13740261827413208,0,0.23
A00490,Westfield Medical Health System,Colorado,2019,0,0.09526637047314755,0,0.23
A00492,Lakeside Wellness Health System,Minnesota,2019,0,0.14818113202399463,0,0.23
A00497,Green Valley Medical Care Network,Washington,2019,0,0.04311989753650535,0,0.23
A00504,Brookside Health Collaborative Physician Alliance,North Carolina,2019,0,0.08052708853246276,0,0.23
A00510,Redwood Clinical Partners Collaborative,Maryland,2019,0,0.0820536969259514,0,0.23
A00512,Heartland Health Network Physician Alliance,California,2019,0,0.045446176909021585,0,0.23
A00514,Canyon Medical Group Medical Center,Florida,2019,0,0.07543839459440567,0,0.23
A00515,Redwood Integrated Health Medical Center,New York,2019,0,0.05025418456040152,0,0.23
A00517,Redwood Care Partners Physician Alliance,Texas,2019,0,0.06506902793608361,0,0.23
A00519,Riverside Health Collaborative Partners,Washington,2019,0,0.16401265940247395,0,0.23
A00529,Highland Health Group,Wisconsin,2019,0,0.10843202524440809,0,0.23
A00532,Meadow Medical Partners Collaborative,Michigan,2019,0,0.051311594283024516,0,0.23
A00538,Eastgate Physician Network Association,Ohio,2019,0,0.1295527397531507,0,0.23
A00539,Brookside Medical Network,Indiana,2019,0,0.052067024354718654,0,0.23
A00540,Valley Integrated Health Alliance,Indiana,2019,0,0.030167576461038674,0,0.23
A00542,Fairview Care Partners Group,Tennessee,2019,0,0.13685510130567693,0,0.23
A00566,Evergreen Medical Association,Colorado,2019,0,0.11698505628677543,0,0.23
A00571,Stonebridge Clinical Partners Health System,Alabama,2019,0,0.07725434806104352,0,0.23
A00574,Heritage Clinical Partners Group,Florida,2019,0,0.18902739313373917,0,0.23
A00589,Unity Provider Alliance Alliance,Colorado,2019,0,0.08643579370681677,0,0.23
A00596,Riverbend Integrated Health Medical Center,Michigan,2019,0,0.4194113517447438,1,0.23
A00597,Pinnacle Health Partners Physician Alliance,Illinois,2019,0,0.11738958319609759,0,0.23
A00598,Eastgate Health Alliance,Missouri,2019,0,0.185924989356706,0,0.23
A00600,Cedar Physician Network Care Network,Massachusetts,2019,0,0.38904712560798543,1,0.23
A00607,Heartland Medical Partners Medical Center,Alabama,2019,0,0.11916315028380996,0,0.23
A00608,Horizon Health Alliance Association,Massachusetts,2019,0,0.11703744553475753,0,0.23
A00609,Valley Care Care Network,New York,2019,0,0.0805167682423439,0,0.23
A00621,Meadow Physicians Medical Center,Colorado,2019,1,0.24532779758086584,1,0.23
A00623,WellSpring Health Network Partners,Colorado,2019,0,0.2707259506871724,1,0.23
A00626,Clearview Care Partners Medical Center,Washington,2019,0,0.026980918121052716,0,0.23
A00637,Canyon Community Care Medical Center,Massachusetts,2019,0,0.12667469319316718,0,0.23
A00638,Grandview Physicians Network,Texas,2019,0,0.11055323608272603,0,0.23
A00643,Community Wellness Care Network,Maryland,2019,0,0.19542426563109497,0,0.23
A00653,Eastgate Care Alliance Health System,Oregon,2019,0,0.10967142996608423,0,0.23
A00664,Evergreen Provider Alliance Health System,California,2019,0,0.07664407198004541,0,0.23
A00675,WellSpring Physician Network Association,Illinois,2019,0,0.0584060633579528,0,0.23
A00678,Eastgate Care Partners,Pennsylvania,2019,0,0.03579103629949875,0,0.23
A00684,Highland Physician Network Medical Center,Maryland,2019,0,0.11724403487263853,0,0.23
A00690,Heartland Healthcare Care Network,North Carolina,2019,0,0.03319761716846526,0,0.23
A00693,Cedar Health Collaborative Partners,New York,2019,0,0.10539221291460178,0,0.23
A00695,Fairview Health Health System,Michigan,2019,0,0.04629070052329135,0,0.23
A00697,Redwood Clinical Partners Group,New York,2019,0,0.16290614279722843,0,0.23
A00702,Valley Integrated Health Collaborative,Minnesota,2019,0,0.1315216586013348,0,0.23
A00707,Stonebridge Health Collaborative Collaborative,Missouri,2019,0,0.03691709022836306,0,0.23
A00713,Summit Medical Partners Medical Center,Colorado,2019,0,0.15342775221199084,0,0.23
A00714,Stonebridge Health Network Health System,Illinois,2019,0,0.02874181316365874,0,0.23
A00719,Beacon Health Partners Alliance,Tennessee,2019,0,0.12178080358338553,0,0.23
A00726,Westfield Health Medical Center,Arizona,2019,0,0.10765948603515381,0,0.23
A00730,Evergreen Health Partners,Pennsylvania,2019,0,0.15824029908531823,0,0.23
A00732,Heartland Health Alliance Collaborative,North Carolina,2019,0,0.2286556594004276,0,0.23
A00744,Highland Medical Partners Group,Connecticut,2019,0,0.14237383568624687,0,0.23
A00745,Heartland Health Collaborative,Arizona,2019,1,0.28625252053674843,1,0.23
A00750,Riverbend Clinical Partners Medical Center,Florida,2019,0,0.37303603808897795,1,0.23
A00751,Fairview Clinical Partners Alliance,Alabama,2019,0,0.4887701410989142,1,0.23
A00754,Clearview Medical Association,Tennessee,2019,0,0.07795106825064396,0,0.23
A00756,Green Valley Care Network Medical Center,Indiana,2019,0,0.07084052767996372,0,0.23
A00757,Brookside Integrated Health Health System,Indiana,2019,0,0.15302975691661314,0,0.23
A00761,Mountain View Integrated Health Group,Missouri,2019,0,0.02661051685895215,0,0.23
A00767,Riverside Clinical Partners Medical Center,Georgia,2019,0,0.06178654747023193,0,0.23
A00768,Grandview Health Alliance Physician Alliance,Tennessee,2019,0,0.16277050310506114,0,0.23
A00769,Cedar Integrated Health Association,Minnesota,2019,0,0.06585043339354231,0,0.23
A00770,Golden Valley Medical Group Group,Florida,2019,0,0.17249823428245978,0,0.23
A00779,Heartland Community Care Health System,Missouri,2019,0,0.05997651540322301,0,0.23
A00782,Stonebridge Integrated Health Network,New Jersey,2019,0,0.1231095506709536,0,0.23
A00783,Grandview Health Partners Medical Center,North Carolina,2019,0,0.23577072465347562,1,0.23
A00785,Redwood Health Medical Center,Pennsylvania,2019,1,0.24567006968664665,1,0.23
A00788,Cedar Provider Alliance Partners,Tennessee,2019,0,0.14947347719829887,0,0.23
A00789,Westfield Healthcare Alliance,Alabama,2019,1,0.1776717405399965,0,0.23
A00792,Northstar Physicians Alliance,Ohio,2019,0,0.023121782485250753,0,0.23
A00810,Beacon Health Collaborative Network,Minnesota,2019,0,0.1167948711879689,0,0.23
A00814,Pioneer Health Network Group,Alabama,2019,0,0.06139376073823945,0,0.23
A00818,Valley Care Partners Health System,Pennsylvania,2019,0,0.034450388293542425,0,0.23
A00823,Lakeside Community Care Care Network,Illinois,2019,0,0.057200911945745475,0,0.23
A00828,Riverside Health Partners Care Network,New York,2019,0,0.3641234813155754,1,0.23
A00832,Unity Clinical Partners Physician Alliance,Tennessee,2019,0,0.33642898666314763,1,0.23
A00833,Horizon Integrated Health Medical Center,Florida,2019,0,0.054398441507274964,0,0.23
A00841,Gateway Health Network Alliance,Virginia,2019,0,0.022005233795498222,0,0.23
A00848,Westfield Community Care Association,New York,2019,0,0.13713126562805106,0,0.23
A00850,Parkview Community Care Care Network,Illinois,2019,0,0.2859196793092633,1,0.23
A00853,Riverside Care Partners Alliance,Indiana,2019,0,0.03960313627163633,0,0.23
A00858,Canyon Health Network Association,Florida,2019,0,0.04304651958964669,0,0.23
A00859,Highland Care Network Association,Virginia,2019,0,0.08954629227831616,0,0.23
A00866,Clearview Care Medical Center,Minnesota,2019,1,0.3246578129417486,1,0.23
A00872,Unity Care Network Association,Illinois,2019,0,0.21652781680142968,0,0.23
A00876,Gateway Medical Group,Virginia,2019,0,0.08553464798408238,0,0.23
A00896,Blue Ridge Health Partners Network,Colorado,2019,1,0.16296988650879846,0,0.23
A00898,Fairview Health Network Alliance,North Carolina,2019,0,0.08816783941581897,0,0.23
A00899,Gateway Integrated Health Group,New Jersey,2019,1,0.3384197363892237,1,0.23
A00900,Valley Health Collaborative Alliance,Ohio,2019,0,0.11330042807628317,0,0.23
A00902,Heritage Health Partners Collaborative,Minnesota,2019,1,0.14302851440588443,0,0.23
A00904,Brookside Provider Alliance Care Network,New Jersey,2019,1,0.18520640594052384,0,0.23
A00911,Beacon Clinical Partners Network,Alabama,2019,0,0.18022624716589092,0,0.23
A00923,Valley Provider Alliance Health System,Michigan,2019,0,0.08228370709870925,0,0.23
A00929,Stonebridge Medical Group Collaborative,Illinois,2019,0,0.12524681387338857,0,0.23
A00937,Maplewood Health Collaborative Medical Center,North Carolina,2019,0,0.05350654756470633,0,0.23
A00940,Grandview Clinical Partners Physician Alliance,Michigan,2019,0,0.17156039145228466,0,0.23
A00944,Lakeside Medical Group Network,Missouri,2019,0,0.10426046942177533,0,0.23
A00954,Gateway Medical Group Collaborative,Washington,2019,0,0.020673713932796652,0,0.23
A00955,Metro Community Care Partners,California,2019,0,0.21653483641683066,0,0.23
A00958,Beacon Care Alliance Association,Maryland,2019,0,0.1401202084100634,0,0.23
A00967,Redwood Care Partners Group,Pennsylvania,2019,0,0.20048552020546664,0,0.23
A00970,Highland Clinical Partners Collaborative,Alabama,2019,1,0.0639103100391064,0,0.23
A00973,Westfield Care Network Care Network,Oregon,2019,0,0.20972252321598797,0,0.23
A00979,Maplewood Integrated Health Medical Center,Texas,2019,0,0.2139058026907872,0,0.23
A00983,Silverstone Integrated Health Network,Tennessee,2019,0,0.07552601412554803,0,0.23
A00992,Cedar Clinical Partners Medical Center,Missouri,2019,0,0.09744609615358274,0,0.23
A00994,Evergreen Physician Network Care Network,Alabama,2019,0,0.012174893808309526,0,0.23
A00995,Canyon Healthcare Health System,Massachusetts,2019,0,0.18774571918163552,0,0.23
A01004,Heritage Medical Partners Care Network,Connecticut,2019,0,0.12793092504930464,0,0.23
A01005,Heritage Health Alliance Alliance,Minnesota,2019,1,0.22199092573788287,0,0.23
A01006,Summit Community Care Physician Alliance,Georgia,2019,0,0.08995194417577818,0,0.23
A01009,Oakridge Health Collaborative Association,Ohio,2019,0,0.08967240705714723,0,0.23
A01012,Heritage Medical Partners Group,Washington,2019,0,0.031282249079081684,0,0.23
A01018,Eastgate Physician Network Network,Connecticut,2019,0,0.18803767680380187,0,0.23
A01019,Riverside Community Care Network,Wisconsin,2019,1,0.3219873787515929,1,0.23
A01023,Fairview Health Alliance Network,Virginia,2019,1,0.6243465028013094,1,0.23
A01025,Cedar Health Partners Care Network,Wisconsin,2019,1,0.26529328332017615,1,0.23
A01028,Mountain View Health Partners Medical Center,Oregon,2019,1,0.5703917758226434,1,0.23
A01031,Canyon Physician Network Care Network,Illinois,2019,0,0.09901037605639144,0,0.23
A01032,Oakridge Care Alliance Network,North Carolina,2019,0,0.1507077859363995,0,0.23
A01033,Oakridge Wellness Physician Alliance,Virginia,2019,1,0.20408697368622303,0,0.23
A01040,Heartland Health Collaborative Partners,Georgia,2019,1,0.6021366858435739,1,0.23
A01043,Horizon Healthcare Medical Center,New York,2019,0,0.17620162397253547,0,0.23
A01044,Springfield Wellness Group,Georgia,2019,0,0.06720409977133569,0,0.23
A01046,Fairview Provider Alliance Care Network,New York,2019,0,0.14380407137465448,0,0.23
A01047,Horizon Care Network Partners,Georgia,2019,0,0.41889249044354776,1,0.23
A01050,Metro Provider Alliance Network,New York,2019,1,0.23283181988814705,1,0.23
A01051,Unity Care Network Medical Center,Virginia,2019,0,0.05310311629445267,0,0.23
A01056,Heritage Health Alliance,Illinois,2019,0,0.12390136191870933,0,0.23
A01065,Brookside Medical Health System,New Jersey,2019,0,0.1689069580200511,0,0.23
A01074,WellSpring Clinical Partners Collaborative,Georgia,2019,0,0.08790433867457031,0,0.23
A01079,Metro Physicians Care Network,Georgia,2019,0,0.185908202964242,0,0.23
A01080,Lakeside Health Partners Partners,Florida,2019,0,0.15361304355860508,0,0.23
A01099,Blue Ridge Health Health System,Texas,2019,0,0.08245567495539918,0,0.23
A01101,Crestview Physician Network Physician Alliance,North Carolina,2019,0,0.0695595413721618,0,0.23
A01103,Fairview Care Partners Association,Florida,2019,0,0.07639254727125444,0,0.23
A01106,Unity Health Partners Alliance,Texas,2019,0,0.17955904748962723,0,0.23
A01107,Riverside Health Alliance Health System,Connecticut,2019,0,0.08134777902850729,0,0.23
A01116,Maplewood Integrated Health Care Network,Florida,2019,0,0.10613302510461263,0,0.23
A01118,Brookside Community Care Partners,Illinois,2019,0,0.1162965064429398,0,0.23
A01129,Stonebridge Health Alliance Care Network,Tennessee,2019,0,0.07273963432860195,0,0.23
A01131,Valley Medical Partners Alliance,Pennsylvania,2019,0,0.11634991029030874,0,0.23
A01132,Evergreen Community Care Health System,Ohio,2019,0,0.04681712097053675,0,0.23
A01133,Green Valley Community Care Group,Washington,2019,0,0.0810948861412701,0,0.23
A01152,Blue Ridge Physician Network Group,Washington,2019,0,0.019306845419128957,0,0.23
A01162,Grandview Care Partners Association,Virginia,2019,0,0.11745085301346381,0,0.23
A01168,Lakeside Care Partners Group,Pennsylvania,2019,0,0.020673713932796652,0,0.23
A01172,Heartland Health Association,Massachusetts,2019,0,0.05502776677781867,0,0.23
A01174,Golden Valley Physician Network Care Network,Illinois,2019,0,0.09373280066056293,0,0.23
A01175,Evergreen Health Alliance Association,Texas,2019,0,0.26847084963852114,1,0.23
A01186,Gateway Physician Network Partners,Oregon,2019,0,0.13616064435747244,0,0.23
A01190,Oakridge Clinical Partners Alliance,Massachusetts,2019,0,0.055759424567025276,0,0.23
A01196,Blue Ridge Provider Alliance Association,New York,2019,0,0.046386521507653794,0,0.23
A01201,Green Valley Health Partners Care Network,Indiana,2019,1,0.10108815934543271,0,0.23
A01211,Silverstone Physician Network Medical Center,California,2019,0,0.12201036493125081,0,0.23
A01213,Westfield Physician Network Physician Alliance,Ohio,2019,1,0.18420857070353758,0,0.23
A01216,Crestview Physician Network Medical Center,Illinois,2019,1,0.6853507284443192,1,0.23
A01217,Silverstone Healthcare Collaborative,Pennsylvania,2019,0,0.14741678928252988,0,0.23
A01224,Northstar Physician Network Association,Florida,2019,0,0.05517957403062313,0,0.23
A01226,WellSpring Health Association,Pennsylvania,2019,0,0.0920241744977628,0,0.23
A01230,Metro Health Collaborative Alliance,Maryland,2019,0,0.0684118273298746,0,0.23
A01232,Horizon Community Care Care Network,Illinois,2019,0,0.06479323495069067,0,0.23
A01234,Unity Health Alliance Health System,Minnesota,2019,0,0.19029895930208685,0,0.23
A01240,Canyon Health Partners,North Carolina,2019,1,0.13281614560746624,0,0.23
A01252,Mountain View Clinical Partners Care Network,Pennsylvania,2019,0,0.16693594916287524,0,0.23
A01263,Fairview Health Collaborative Partners,Wisconsin,2019,1,0.2823943058917671,1,0.23
A01267,Redwood Provider Alliance Association,Georgia,2019,0,0.016549261329175665,0,0.23
A01268,Valley Medical Group Alliance,Minnesota,2019,0,0.09941447716023136,0,0.23
A01272,Metro Clinical Partners Alliance,Florida,2019,0,0.07073578083955309,0,0.23
A01289,Mountain View Community Care Medical Center,Alabama,2019,0,0.14829479927611175,0,0.23
A01294,Oakridge Health Alliance Physician Alliance,Illinois,2019,0,0.05690405357471565,0,0.23
A01298,Clearview Physicians Medical Center,Ohio,2019,0,0.04537546505105789,0,0.23
A01315,Meadow Health Partners Health System,Oregon,2019,0,0.020589333786070287,0,0.23
A01316,Parkview Health Partners Group,North Carolina,2019,0,0.1385301490566201,0,0.23
A01320,Metro Care Alliance,Michigan,2019,0,0.15571287989421578,0,0.23
A01327,Eastgate Physicians Care Network,Pennsylvania,2019,0,0.05841190138274066,0,0.23
A01329,Oakridge Health Partners Group,New York,2019,0,0.08903590312732586,0,0.23
A01332,Heartland Physicians Group,Virginia,2019,0,0.06696184044206378,0,0.23
A01335,Brookside Care Alliance Care Network,Colorado,2019,0,0.03345160689009338,0,0.23
A01336,Unity Health Network Care Network,Pennsylvania,2019,0,0.040406751143686935,0,0.23
A01338,Clearview Healthcare Physician Alliance,Georgia,2019,1,0.1051810457820514,0,0.23
A01348,Blue Ridge Medical Partners Collaborative,Texas,2019,0,0.2405361258612243,1,0.23
A01352,Eastgate Wellness Health System,North Carolina,2019,0,0.043137903823205426,0,0.23
A01360,Blue Ridge Physician Network Care Network,Connecticut,2019,0,0.12036566825149071,0,0.23
A01368,Grandview Provider Alliance Network,Ohio,2019,0,0.1004960056670926,0,0.23
A01389,Maplewood Community Care Medical Center,California,2019,0,0.06523374918485866,0,0.23
A01390,Meadow Medical Care Network,Connecticut,2019,0,0.0988239469964673,0,0.23
A01394,Heritage Wellness Alliance,Michigan,2019,0,0.1394582824085125,0,0.23
A01398,Canyon Integrated Health Medical Center,Massachusetts,2019,0,0.048626877695506235,0,0.23
A01400,Beacon Wellness Collaborative,New York,2019,0,0.3074868916820421,1,0.23
A01401,Unity Provider Alliance Health System,Texas,2019,0,0.15824029908531823,0,0.23
A01403,Valley Physicians Health System,Illinois,2019,0,0.12794955906906194,0,0.23
A01415,WellSpring Health Collaborative Collaborative,Connecticut,2019,0,0.1576759623536687,0,0.23
A01419,Eastgate Clinical Partners Physician Alliance,Michigan,2019,0,0.13125767460011598,0,0.23
A01431,Clearview Physician Network Network,Virginia,2019,1,0.34585933151912324,1,0.23
A01440,Stonebridge Integrated Health Physician Alliance,Ohio,2019,0,0.08507697491987788,0,0.23
A01458,Fairview Physicians Medical Center,New York,2019,0,0.14671863597176446,0,0.23
A01460,Community Medical Network,Illinois,2019,0,0.01036289780693861,0,0.23
A01462,Grandview Health Partners Network,Virginia,2019,0,0.11201173674715427,0,0.23
A01465,Green Valley Healthcare Care Network,Illinois,2019,1,0.050312152370169685,0,0.23
A01467,Northstar Health Collaborative Health System,Wisconsin,2019,0,0.03215171787494272,0,0.23
A01471,Northstar Integrated Health Alliance,Ohio,2019,0,0.20789556416608115,0,0.23
A01474,Parkview Care Alliance Group,Virginia,2019,0,0.0503615255345953,0,0.23
A01479,Beacon Medical Partners Association,New Jersey,2019,0,0.16785547503660134,0,0.23
A01483,Evergreen Care Network,New York,2019,0,0.05506049392408042,0,0.23
A01484,Parkview Care Network Medical Center,Wisconsin,2019,0,0.2366352048039429,1,0.23
A01485,Fairview Clinical Partners Association,California,2019,0,0.34257484356457835,1,0.23
A01487,Grandview Health Collaborative,Pennsylvania,2019,0,0.16587642775238035,0,0.23
A01488,Brookside Physician Network Care Network,Ohio,2019,1,0.4415300084612205,1,0.23
A01489,Riverside Wellness Partners,Florida,2019,0,0.11039791746404641,0,0.23
A01492,Gateway Health Collaborative Collaborative,California,2019,0,0.1030270722128524,0,0.23
A01504,Stonebridge Care Medical Center,Minnesota,2019,0,0.19276624715857515,0,0.23
A01505,Redwood Clinical Partners Physician Alliance,North Carolina,2019,0,0.06798780680497897,0,0.23
A01508,Grandview Care Alliance Association,Illinois,2019,0,0.1320335368731315,0,0.23
A01514,Riverbend Provider Alliance Health System,Florida,2019,0,0.18046557845421787,0,0.23
A01518,Blue Ridge Care Network Care Network,Oregon,2019,0,0.02205658859727321,0,0.23
A01522,Springfield Healthcare Group,Arizona,2019,0,0.04027124209432444,0,0.23
A01526,Gateway Physician Network Physician Alliance,Wisconsin,2019,1,0.3713653171719929,1,0.23
A01527,Crestview Medical Partners Network,Virginia,2019,0,0.10717324304547109,0,0.23
A01529,Valley Care Alliance Care Network,Alabama,2019,0,0.02973310151278408,0,0.23
A01546,Blue Ridge Health Collaborative Care Network,Alabama,2019,0,0.0721540516101192,0,0.23
A01549,Metro Medical Collaborative,Virginia,2019,0,0.08296986820538818,0,0.23
A01550,Maplewood Wellness Partners,Michigan,2019,0,0.04891144795637623,0,0.23
A01552,Gateway Health Health System,California,2019,0,0.1323640489447525,0,0.23
A01559,Grandview Care Partners,Ohio,2019,0,0.13780608110059772,0,0.23
A01574,Fairview Medical Care Network,Michigan,2019,0,0.2049562350376862,0,0.23
A01576,Brookside Health Partners Network,Virginia,2019,0,0.15961460721658463,0,0.23
A01586,Oakridge Physicians Care Network,Maryland,2019,0,0.05418165703060098,0,0.23
A01588,Pinnacle Care Care Network,Minnesota,2019,0,0.23430426821602526,1,0.23
A01593,Community Care Network,Texas,2019,0,0.0847964152153527,0,0.23
A01596,Golden Valley Health Alliance Group,Texas,2019,0,0.2130791381761739,0,0.23
A01597,Stonebridge Medical Health System,Georgia,2019,0,0.03721622105689749,0,0.23
A01606,Community Health Alliance Care Network,Ohio,2019,0,0.30517836039538987,1,0.23
A01611,Meadow Health Partners Group,Massachusetts,2019,0,0.27532525789615986,1,0.23
A01629,Stonebridge Medical Group Care Network,Pennsylvania,2019,0,0.17584243131804478,0,0.23
A01634,Meadow Community Care Medical Center,Minnesota,2019,0,0.07053142698591128,0,0.23
A01637,Pinnacle Wellness Alliance,Washington,2019,1,0.5361821759869493,1,0.23
A01640,Beacon Medical Health System,Colorado,2019,0,0.08593820296025242,0,0.23
A01642,Brookside Physicians Medical Center,California,2019,0,0.11932148574893477,0,0.23
A01644,Gateway Medical Network,Massachusetts,2019,0,0.036185535135567916,0,0.23
A01649,Valley Care Partners Partners,North Carolina,2019,0,0.07223382734350609,0,0.23
A01660,Community Care Partners Collaborative,Pennsylvania,2019,0,0.1476360619555369,0,0.23
A01671,Clearview Medical Health System,Minnesota,2019,1,0.272749043512856,1,0.23
A01673,Summit Medical Partners,Alabama,2019,0,0.04090655570208077,0,0.23
A01685,Riverbend Health Collaborative Partners,Wisconsin,2019,0,0.1284092294146679,0,0.23
A01688,Mountain View Healthcare Medical Center,New York,2019,0,0.06187901077098543,0,0.23
A01703,Oakridge Health Network Collaborative,Texas,2019,0,0.02699964377223166,0,0.23
A01709,Summit Physicians Physician Alliance,Washington,2019,0,0.0682841693759826,0,0.23
A01719,Springfield Integrated Health Network,Pennsylvania,2019,1,0.05806629162456042,0,0.23
A01720,Evergreen Medical Physician Alliance,New York,2019,0,0.033946598696607384,0,0.23
A01724,Pinnacle Physician Network Partners,Washington,2019,0,0.0754091397455591,0,0.23
A01728,Mountain View Medical Network,New Jersey,2019,0,0.1781219120261067,0,0.23
A01730,Pioneer Community Care Network,Florida,2019,0,0.06263749166086395,0,0.23
A01756,Blue Ridge Health Network Alliance,Oregon,2019,1,0.08614211201229156,0,0.23
A01764,WellSpring Integrated Health Health System,Florida,2019,0,0.06128176568848351,0,0.23
A01768,Lakeside Health Collaborative Partners,Ohio,2019,0,0.06530889688319688,0,0.23
A01779,Springfield Care Network Collaborative,Washington,2019,0,0.17675624588235114,0,0.23
A01790,Cedar Care Association,Indiana,2019,1,0.16240421509232184,0,0.23
A01792,Golden Valley Health Alliance Partners,Texas,2019,0,0.07578487276579225,0,0.23
A01793,Clearview Medical Physician Alliance,Alabama,2019,0,0.13537661528274242,0,0.23
A01803,Silverstone Wellness Group,Minnesota,2019,1,0.37103562853558236,1,0.23
A01807,Mountain View Wellness Network,Missouri,2019,0,0.20489541869950453,0,0.23
A01826,Heartland Health Care Network,Indiana,2019,0,0.03927273679819728,0,0.23
A01829,Mountain View Medical Group Group,Maryland,2019,1,0.48288234488684245,1,0.23
A01830,Valley Medical Partners,Colorado,2019,1,0.1469622485293901,0,0.23
A01842,Highland Care Partners Network,North Carolina,2019,0,0.06791323566452726,0,0.23
A01844,Horizon Provider Alliance Health System,Virginia,2019,0,0.13431708425281458,0,0.23
A01846,Northstar Care Partners Health System,Georgia,2019,1,0.07379009491019095,0,0.23
A01857,Valley Health Alliance Group,Massachusetts,2019,0,0.12969900470674392,0,0.23
A01863,Canyon Physicians Medical Center,North Carolina,2019,0,0.16826334799243509,0,0.23
A01879,Meadow Physicians Physician Alliance,Arizona,2019,0,0.054631717588625825,0,0.23
A01885,Heartland Health Partners Network,Maryland,2019,0,0.10081448706007036,0,0.23
A01891,Riverside Health Medical Center,North Carolina,2019,0,0.14235113826598267,0,0.23
A01896,Riverside Physician Network Care Network,Maryland,2019,0,0.41432849351230316,1,0.23
A01901,Fairview Medical Partners Partners,Connecticut,2019,0,0.25274807806120375,1,0.23
A01909,Brookside Care Partners Group,Texas,2019,0,0.07132850938276299,0,0.23
A01912,Cedar Health Alliance Partners,Connecticut,2019,0,0.0770594811063551,0,0.23
A01930,Golden Valley Medical Partners Collaborative,Indiana,2019,1,0.807928501186632,1,0.23
A01931,Horizon Wellness Care Network,Arizona,2019,0,0.0863883007738369,0,0.23
A01942,Cedar Care Alliance Medical Center,Minnesota,2019,0,0.06995717881365887,0,0.23
A01953,Clearview Health Alliance Association,New Jersey,2019,0,0.15777898000282942,0,0.23
A01961,Lakeside Medical Health System,Florida,2019,0,0.10166362534796893,0,0.23
A01965,Mountain View Healthcare Alliance,Arizona,2019,0,0.16940339229796453,0,0.23
A01970,Springfield Provider Alliance Collaborative,Tennessee,2019,0,0.02920688805176885,0,0.23
A01979,Parkview Health Collaborative Alliance,Oregon,2019,0,0.06951114099935443,0,0.23
A01984,Silverstone Health Network Partners,Pennsylvania,2019,0,0.07288455485848522,0,0.23
A01987,Summit Care Health System,Connecticut,2019,0,0.17160116064846428,0,0.23
A01994,Meadow Care Partners Collaborative,Wisconsin,2019,0,0.1323245469437876,0,0.23
A01999,Lakeside Health Alliance Partners,New Jersey,2019,0,0.040619317543901697,0,0.23
A02000,Canyon Health Physician Alliance,Alabama,2019,0,0.05842245719954419,0,0.23
A02006,Northstar Community Care Health System,New York,2019,1,0.09826237468615882,0,0.23
A02011,WellSpring Provider Alliance Network,Pennsylvania,2019,0,0.06431788374263109,0,0.23
A02013,Stonebridge Integrated Health Group,Virginia,2019,0,0.09603058548962932,0,0.23
A02014,Silverstone Medical Partners Physician Alliance,Washington,2019,0,0.11542239994325275,0,0.23
A02020,Meadow Care Alliance Collaborative,Arizona,2019,0,0.17954706016733074,0,0.23
A02021,Heritage Health Alliance Medical Center,Illinois,2019,0,0.13541203924020054,0,0.23
A02029,Clearview Health Collaborative Alliance,Pennsylvania,2019,0,0.14034245832881306,0,0.23
A02030,Mountain View Health Collaborative Health System,Oregon,2019,0,0.12288731884130356,0,0.23
A02052,Blue Ridge Care Network Network,New York,2019,0,0.1462387002197768,0,0.23
A02058,Evergreen Care Partners Association,Arizona,2019,0,0.06461124242915194,0,0.23
A02065,Redwood Care Care Network,Arizona,2019,0,0.24773636419441405,1,0.23
A02068,Evergreen Health Partners Collaborative,Arizona,2019,0,0.1734102591903497,0,0.23
A02071,Parkview Clinical Partners Medical Center,Washington,2019,0,0.1769542336862527,0,0.23
A02074,Pinnacle Physician Network Alliance,Missouri,2019,0,0.15062715770789142,0,0.23
A02076,Mountain View Medical Partners Health System,Illinois,2019,0,0.03325501772824189,0,0.23
A02082,Beacon Integrated Health Alliance,Florida,2019,0,0.10587177520591494,0,0.23
A02091,Pioneer Medical Partners Alliance,Texas,2019,0,0.15420921701051735,0,0.23
A02092,Riverside Physicians Health System,Washington,2019,0,0.02330950673904595,0,0.23
A02094,Eastgate Medical Medical Center,Virginia,2019,0,0.08802413522793795,0,0.23
A02095,Gateway Health Network Group,Pennsylvania,2019,0,0.1975611908376561,0,0.23
A02103,Clearview Clinical Partners Partners,Arizona,2019,0,0.13311446126246465,0,0.23
A02120,Meadow Integrated Health Care Network,Wisconsin,2019,0,0.11688793825000027,0,0.23
A02125,Summit Health Alliance Health System,Missouri,2019,0,0.011476664570483068,0,0.23
A02130,Westfield Health Partners Group,Texas,2019,1,0.06843808637076988,0,0.23
A02135,Clearview Care Partners,Indiana,2019,0,0.1338856473901079,0,0.23
A02136,Green Valley Community Care Alliance,Minnesota,2019,0,0.09901037605639144,0,0.23
A02139,Parkview Clinical Partners Alliance,Tennessee,2019,0,0.058577350415121916,0,0.23
A02159,Blue Ridge Medical Group Care Network,Connecticut,2019,0,0.31109120157712583,1,0.23
A02161,Silverstone Care Alliance Group,Pennsylvania,2019,0,0.12505180385685313,0,0.23
A02166,Mountain View Medical Partners Partners,Massachusetts,2019,0,0.09583708468581742,0,0.23
A02173,Eastgate Health Alliance Association,Georgia,2019,0,0.20820834772367125,0,0.23
A02174,Westfield Care Network Partners,Virginia,2019,0,0.08135570392632296,0,0.23
A02176,Parkview Medical Association,Washington,2019,0,0.20655863871614272,0,0.23
A02184,Parkview Community Care Group,North Carolina,2019,0,0.3333188364718241,1,0.23
A02185,Metro Care Network,Pennsylvania,2019,0,0.0770584648122222,0,0.23
A02188,Golden Valley Physician Network Association,Illinois,2019,0,0.1525118928039466,0,0.23
A02192,Mountain View Provider Alliance Collaborative,California,2019,0,0.04263975738369702,0,0.23
A02202,Beacon Medical Association,California,2019,1,0.06658995622088074,0,0.23
A02203,Heartland Physician Network Care Network,Maryland,2019,0,0.19441299174881294,0,0.23
A02204,Highland Healthcare Network,Texas,2019,0,0.07343257313735221,0,0.23
A02207,WellSpring Health Partners Alliance,Arizona,2019,0,0.4035517675469289,1,0.23
A02210,Unity Integrated Health Health System,Pennsylvania,2019,0,0.19991695316920188,0,0.23
A02214,WellSpring Community Care Physician Alliance,Connecticut,2019,0,0.06061858942411644,0,0.23
A02226,Pinnacle Care Network Collaborative,New Jersey,2019,0,0.15043497962359026,0,0.23
A02234,Parkview Medical Partners Group,Indiana,2019,0,0.13131992546053864,0,0.23
A02237,Beacon Community Care Group,California,2019,0,0.21476840879740858,0,0.23
A02238,Meadow Integrated Health Health System,Connecticut,2019,0,0.07568322549097546,0,0.23
A02242,Maplewood Health Medical Center,Arizona,2019,0,0.04061320071369046,0,0.23
A02246,Heartland Health Collaborative Physician Alliance,Alabama,2019,0,0.078863653087045,0,0.23
A02247,Clearview Community Care Health System,New Jersey,2019,0,0.0630634666188896,0,0.23
A02248,Community Provider Alliance Network,Washington,2019,0,0.06647099656606466,0,0.23
A02251,Gateway Medical Partners Alliance,Ohio,2019,0,0.09342218193823518,0,0.23
A02256,Brookside Health Association,Virginia,2019,1,0.17330634185880667,0,0.23
A02261,Grandview Health Care Network,Tennessee,2019,0,0.10558172709056868,0,0.23
A02262,Brookside Health Network Medical Center,California,2019,0,0.09050666133331553,0,0.23
A02269,Golden Valley Physician Network Health System,Ohio,2019,0,0.07455065375500652,0,0.23
A02272,Stonebridge Health Partners Alliance,North Carolina,2019,0,0.0746880865007829,0,0.23
A02279,Heritage Health Collaborative Health System,Washington,2019,0,0.08175932265006405,0,0.23
A02280,Meadow Wellness Physician Alliance,Pennsylvania,2019,0,0.15649032555053177,0,0.23
A02283,Blue Ridge Physician Network Alliance,Massachusetts,2019,0,0.09148260587686391,0,0.23
A02286,Crestview Care Partners Network,Wisconsin,2019,1,0.13346838726598378,0,0.23
A02295,Evergreen Health Alliance Medical Center,Florida,2019,0,0.04689206438697546,0,0.23
A02308,Community Healthcare Partners,New York,2019,0,0.4797877717821189,1,0.23
A02315,Community Medical Partners Care Network,New Jersey,2019,0,0.11578481210926103,0,0.23
A02316,Westfield Integrated Health Care Network,Maryland,2019,0,0.04833235196738674,0,0.23
A02324,Canyon Health Alliance Collaborative,Ohio,2019,0,0.0689435696503864,0,0.23
A02327,Oakridge Physician Network Association,Maryland,2019,0,0.23377676697001576,1,0.23
A02330,Gateway Care Partners Alliance,Texas,2019,0,0.12788138305161645,0,0.23
A02332,Brookside Integrated Health Care Network,California,2019,0,0.03822088604038858,0,0.23
A02338,Golden Valley Health Network Physician Alliance,Washington,2019,0,0.11507589036395985,0,0.23
A02342,Blue Ridge Health Network Care Network,Colorado,2019,0,0.08991198900971158,0,0.23
A02349,Riverside Healthcare Physician Alliance,New Jersey,2019,1,0.09026739028540492,0,0.23
A02352,Clearview Care Partners Care Network,Missouri,2019,0,0.13285052499924674,0,0.23
A02355,Valley Physicians Collaborative,North Carolina,2019,0,0.1138950024021955,0,0.23
A02358,Stonebridge Care Partners Care Network,Missouri,2019,0,0.11078641038110022,0,0.23
A02363,Horizon Physicians Alliance,Washington,2019,0,0.03424834700401286,0,0.23
A02367,Green Valley Physician Network Association,Georgia,2019,0,0.1719200584951943,0,0.23
A02369,Unity Health Collaborative Medical Center,California,2019,0,0.09166799226141227,0,0.23
A02373,Lakeside Integrated Health Network,Oregon,2019,0,0.30804965337326135,1,0.23
A02376,Parkview Physicians Alliance,Texas,2019,0,0.08216065954966423,0,0.23
A02384,Pioneer Care Partners,Wisconsin,2019,0,0.08397841030266678,0,0.23
A02389,Golden Valley Community Care Association,North Carolina,2019,0,0.07737887123973415,0,0.23
A02395,Canyon Health Alliance Care Network,Massachusetts,2019,0,0.049180679486272826,0,0.23
A02399,WellSpring Healthcare Network,Colorado,2019,0,0.07643690337965434,0,0.23
A02419,Heartland Medical Association,Indiana,2019,0,0.14124331424983236,0,0.23
A02422,Evergreen Care Alliance Physician Alliance,Colorado,2019,0,0.05069127296025644,0,0.23
A02424,Summit Physicians Partners,California,2019,0,0.06862150105044003,0,0.23
A02426,Redwood Integrated Health Network,Tennessee,2019,0,0.03697351249309511,0,0.23
A02433,Oakridge Care Alliance Group,Indiana,2019,0,0.2028116674222456,0,0.23
A02438,Metro Care Alliance Network,Washington,2019,0,0.07723333132446107,0,0.23
A02450,Clearview Physicians Association,Massachusetts,2019,0,0.10429052928565177,0,0.23
A02452,Stonebridge Community Care Partners,Alabama,2019,0,0.053667913263040094,0,0.23
A02455,Highland Health Collaborative Alliance,Texas,2019,0,0.2314337135259277,1,0.23
A02473,WellSpring Wellness Health System,Illinois,2019,0,0.04375229338138417,0,0.23
A02483,Brookside Health Alliance Health System,Michigan,2019,0,0.10463862133538825,0,0.23
A02484,Golden Valley Wellness Alliance,Texas,2019,0,0.035298776770737034,0,0.23
A02488,Grandview Medical Alliance,Connecticut,2019,0,0.20432989834147686,0,0.23
A02500,Riverside Health Alliance Care Network,Texas,2019,0,0.022881518600006444,0,0.23
A02503,Springfield Care Partners Physician Alliance,Pennsylvania,2019,1,0.07840681707298668,0,0.23
A02509,Springfield Health Network Association,Connecticut,2019,0,0.04430588678950013,0,0.23
A02514,Pinnacle Health Partners,Ohio,2019,1,0.35248693702109385,1,0.23
A02521,Horizon Wellness Medical Center,Texas,2019,0,0.18513231782085357,0,0.23
A02523,Eastgate Health Alliance Care Network,New Jersey,2019,0,0.07529615579560048,0,0.23
A02531,Blue Ridge Health Network Association,Virginia,2019,0,0.045939663532232757,0,0.23
A02532,Brookside Health Partners Physician Alliance,California,2019,0,0.15490335801113841,0,0.23
A02533,Valley Health Alliance Care Network,California,2019,0,0.12797475047179405,0,0.23
A02541,Heartland Care Alliance Network,Florida,2019,0,0.36379507861427074,1,0.23
A02549,Pioneer Medical Group Alliance,Wisconsin,2019,0,0.10528246940227405,0,0.23
A02550,Oakridge Health Association,California,2019,0,0.07043514779033366,0,0.23
A02551,Brookside Health Network Alliance,Washington,2019,0,0.04825523960968984,0,0.23
A02555,Fairview Community Care Partners,Florida,2019,0,0.033247569300750915,0,0.23
A02556,Brookside Provider Alliance Group,Virginia,2019,0,0.09314755750475637,0,0.23
A02561,Unity Care Health System,Illinois,2019,0,0.440449697701573,1,0.23
A02569,Canyon Health Collaborative Health System,Oregon,2019,0,0.09462588780329423,0,0.23
A02582,Green Valley Health Collaborative Alliance,Arizona,2019,0,0.2564530940493031,1,0.23
A02608,Springfield Care Partners Collaborative,Minnesota,2019,0,0.141788734751371,0,0.23
A02609,Golden Valley Medical Partners Network,Maryland,2019,0,0.03499810603869073,0,0.23
A02612,Canyon Care Network Partners,Indiana,2019,0,0.09825545971359471,0,0.23
A02614,Evergreen Health Network Group,Florida,2019,0,0.5486766511006177,1,0.23
A02617,Parkview Medical Partners Medical Center,New Jersey,2019,0,0.047714140291499216,0,0.23
A02623,Heritage Health Partners Association,New Jersey,2019,0,0.2048954023922097,0,0.23
A02632,Evergreen Care Alliance,Pennsylvania,2019,0,0.11556364731402084,0,0.23
A02635,Summit Care Alliance Medical Center,Virginia,2019,0,0.05904882031255801,0,0.23
A02636,Fairview Physicians Partners,Washington,2019,0,0.1364969167788103,0,0.23
A02640,Redwood Medical Group Group,Illinois,2019,0,0.09375197198344566,0,0.23
A02641,Highland Care Network Collaborative,Texas,2019,0,0.08542938571081445,0,0.23
A02642,Horizon Wellness Association,Alabama,2019,0,0.1965781163880995,0,0.23
A02646,Canyon Medical Group,Minnesota,2019,0,0.06109795483784574,0,0.23
A02654,Parkview Health Care Network,Georgia,2019,0,0.09878498484924311,0,0.23
A02655,Parkview Community Care Health System,Minnesota,2019,0,0.06047346141068835,0,0.23
A02678,Mountain View Medical Group Collaborative,Alabama,2019,0,0.08493012855990999,0,0.23
A02679,Clearview Provider Alliance Network,Arizona,2019,0,0.04630105224460683,0,0.23
A02682,Fairview Care Partners Health System,Colorado,2019,0,0.07285653310965806,0,0.23
A02691,Pioneer Provider Alliance Partners,California,2019,0,0.11829784640412522,0,0.23
A02699,Beacon Care Network,Washington,2019,0,0.1074512884506178,0,0.23
A02706,Fairview Community Care Alliance,Illinois,2019,0,0.08722176273837835,0,0.23
A02713,Maplewood Health Collaborative Physician Alliance,Florida,2019,0,0.11151791442440646,0,0.23
A02718,Fairview Physicians Association,Minnesota,2019,0,0.04152934376057448,0,0.23
A02730,Metro Integrated Health Partners,Ohio,2019,0,0.05983514193179748,0,0.23
A02734,Riverside Medical Partners Group,California,2019,0,0.06305371316019989,0,0.23
A02736,Horizon Physician Network Health System,Illinois,2019,0,0.13081435133452968,0,0.23
A02737,Redwood Medical Partners Medical Center,Georgia,2019,0,0.32989623191464373,1,0.23
A02745,Redwood Provider Alliance Health System,Texas,2019,1,0.1366790927055401,0,0.23
A02755,Springfield Provider Alliance Group,New York,2019,0,0.1143890407398758,0,0.23
A02757,Brookside Health Partners Partners,Oregon,2019,0,0.03796111364658713,0,0.23
A02758,Stonebridge Health Alliance Partners,Massachusetts,2019,0,0.17523496886169745,0,0.23
A02762,Eastgate Care Alliance Alliance,Colorado,2019,0,0.2629546461453175,1,0.23
A02765,Canyon Physician Network Network,Wisconsin,2019,0,0.053785316612767996,0,0.23
A02766,Heritage Wellness Group,Georgia,2019,0,0.11210388389209924,0,0.23
A02769,Meadow Care Network Association,Washington,2019,0,0.13293321814099404,0,0.23
A02777,Summit Health Alliance Association,California,2019,0,0.15521902679078306,0,0.23
A02779,Metro Care Network Collaborative,New York,2019,0,0.0655172779406386,0,0.23
A02782,Brookside Physician Network Alliance,Virginia,2019,0,0.1353662081736583,0,0.23
A02798,Eastgate Health Network Care Network,Pennsylvania,2019,0,0.059802880453174216,0,0.23
A02812,Silverstone Integrated Health Group,Connecticut,2019,0,0.10742211843722005,0,0.23
A02820,Meadow Healthcare Alliance,Arizona,2019,0,0.07240825046991053,0,0.23
A02823,Fairview Physicians Health System,Connecticut,2019,1,0.33917605032069376,1,0.23
A02831,Crestview Health Network,Illinois,2019,0,0.1196613837697544,0,0.23
A02834,Heartland Health Partners Medical Center,Arizona,2019,0,0.09312173346325289,0,0.23
A02835,Golden Valley Care Alliance Collaborative,Connecticut,2019,1,0.2867193555690333,1,0.23
A02844,Fairview Wellness Health System,North Carolina,2019,0,0.11411635098413378,0,0.23
A02847,Beacon Care Alliance Physician Alliance,Missouri,2019,0,0.10456196099250556,0,0.23
A02848,Metro Care Alliance Alliance,New York,2019,0,0.10748705822679297,0,0.23
A02859,WellSpring Integrated Health Association,Pennsylvania,2019,0,0.2132060150568379,0,0.23
A02861,Green Valley Physicians Physician Alliance,Illinois,2019,0,0.09981223239315229,0,0.23
A02866,Springfield Medical Partners Network,Alabama,2019,0,0.09274031122571597,0,0.23
A02868,Stonebridge Wellness Health System,Ohio,2019,1,0.34757164073446434,1,0.23
A02869,Highland Health Collaborative Network,Wisconsin,2019,0,0.08049383380402916,0,0.23
A02872,Oakridge Care Association,Michigan,2019,1,0.08556483947582519,0,0.23
A02883,Pioneer Health Collaborative Physician Alliance,Texas,2019,0,0.06983929063986567,0,0.23
A02885,Unity Physicians Partners,Pennsylvania,2019,0,0.0300930637997218,0,0.23
A02888,Valley Medical Alliance,Arizona,2019,0,0.11679296215031743,0,0.23
A02890,Crestview Medical Group Association,Virginia,2019,0,0.14994219621969276,0,0.23
A02891,Maplewood Provider Alliance Physician Alliance,Wisconsin,2019,0,0.13183181113076642,0,0.23
A02892,Meadow Integrated Health Collaborative,Indiana,2019,1,0.07080043045266654,0,0.23
A02900,Riverside Healthcare Health System,Wisconsin,2019,0,0.09416813780801425,0,0.23
A02904,Mountain View Medical Partners Physician Alliance,North Carolina,2019,0,0.036654344798512796,0,0.23
A02906,Eastgate Care Partners Physician Alliance,California,2019,0,0.05557715934332548,0,0.23
A02909,Valley Physician Network Partners,Minnesota,2019,1,0.07201894187672275,0,0.23
A02915,Riverbend Medical Partners Health System,Massachusetts,2019,0,0.0893735008454525,0,0.23
A02928,Brookside Integrated Health Physician Alliance,Oregon,2019,0,0.03754553615120118,0,0.23
A02929,Clearview Care Partners Partners,Arizona,2019,0,0.04033335827123439,0,0.23
A02931,Heritage Community Care Care Network,Minnesota,2019,0,0.06217370239970323,0,0.23
A02933,Green Valley Care Alliance Alliance,Colorado,2019,0,0.03974274396029552,0,0.23
A02941,Springfield Medical Association,Washington,2019,0,0.07068704492692227,0,0.23
A02944,Silverstone Medical Partners Health System,Connecticut,2019,0,0.07860495263930348,0,0.23
A02955,Pioneer Clinical Partners Physician Alliance,Oregon,2019,1,0.10624424409548816,0,0.23
A02965,Golden Valley Health Collaborative Physician Alliance,Missouri,2019,0,0.017414571458054643,0,0.23
A02967,Riverside Care Alliance Medical Center,Connecticut,2019,0,0.11047184924954953,0,0.23
A02972,Canyon Medical Network,Colorado,2019,0,0.19229785973473032,0,0.23
A02974,Heritage Care Partners Alliance,Ohio,2019,1,0.06234362083050371,0,0.23
A02978,Parkview Community Care Medical Center,Minnesota,2019,0,0.23284568564425137,1,0.23
A02982,Pinnacle Wellness Health System,New Jersey,2019,0,0.09272652186346572,0,0.23
A02987,Gateway Integrated Health Physician Alliance,Georgia,2019,0,0.1848951519182138,0,0.23
A03001,Cedar Integrated Health Health System,Georgia,2019,0,0.09822435134450531,0,0.23
A03004,Maplewood Physicians Network,New York,2019,0,0.05921256162578112,0,0.23
A03012,Maplewood Physicians Group,Alabama,2019,0,0.051833826007130365,0,0.23
A03014,Pioneer Care Network Partners,Washington,2019,1,0.18447927126851166,0,0.23
A03015,Canyon Health Network Partners,Alabama,2019,0,0.06545946054693053,0,0.23
A03017,Maplewood Wellness Group,Florida,2019,1,0.48013169082883417,1,0.23
A03018,Beacon Provider Alliance Health System,Indiana,2019,0,0.12241284636591608,0,0.23
A03023,Golden Valley Medical Group Care Network,Maryland,2019,0,0.06033407533252198,0,0.23
A03030,Unity Care Alliance Partners,Minnesota,2019,0,0.048051533677653406,0,0.23
A03056,Beacon Provider Alliance Network,Illinois,2019,0,0.14721915873619498,0,0.23
A03061,Beacon Healthcare Alliance,New Jersey,2019,0,0.02863475731698116,0,0.23
A03062,Maplewood Health Collaborative,Wisconsin,2019,1,0.149259816733196,0,0.23
A03064,Crestview Healthcare Care Network,Wisconsin,2019,0,0.04520947219588734,0,0.23
A03075,Silverstone Health Alliance Partners,Ohio,2019,0,0.25021027887027153,1,0.23
A03076,Cedar Care Physician Alliance,Missouri,2019,0,0.08404711940166554,0,0.23
A03077,Maplewood Health Partners Care Network,Minnesota,2019,0,0.13663639135187422,0,0.23
A03079,Crestview Healthcare Health System,Tennessee,2019,0,0.4656093468600797,1,0.23
A03089,Mountain View Medical Group Partners,Washington,2019,0,0.1552184669790661,0,0.23
A03091,Beacon Care Alliance Care Network,Oregon,2019,0,0.10035280306901959,0,0.23
A03098,Valley Wellness Alliance,New York,2019,0,0.03426436114480236,0,0.23
A03101,Parkview Care Network Alliance,Georgia,2019,0,0.08463273988953636,0,0.23
A03102,Eastgate Medical Group Partners,Illinois,2019,0,0.09056600296172529,0,0.23
A03110,Gateway Healthcare Group,Texas,2019,0,0.1618738461220019,0,0.23
A03111,Lakeside Wellness Partners,Michigan,2019,1,0.09431550199698885,0,0.23
A03112,Riverbend Medical Group Association,New Jersey,2019,0,0.06858360816249971,0,0.23
A03117,Green Valley Medical Group Collaborative,Virginia,2019,0,0.13511437017406694,0,0.23
A03119,Horizon Care Network Medical Center,Massachusetts,2019,0,0.11641165846131063,0,0.23
A03120,Community Clinical Partners Partners,Illinois,2019,1,0.6008238456254655,1,0.23
A03121,Canyon Physician Network Medical Center,Missouri,2019,0,0.017832016613348666,0,0.23
A03123,Blue Ridge Medical Health System,Massachusetts,2019,0,0.05839652791791563,0,0.23
A03141,Evergreen Medical Partners Network,Maryland,2019,0,0.14986995447198267,0,0.23
A03144,Gateway Integrated Health Collaborative,Wisconsin,2019,0,0.1247664631438638,0,0.23
A03145,Northstar Wellness Group,Tennessee,2019,0,0.07507291177123633,0,0.23
A03153,Beacon Physicians Group,Washington,2019,0,0.12194261651014371,0,0.23
A03155,Metro Health Network Health System,Connecticut,2019,0,0.04852199342750611,0,0.23
A03158,Brookside Physicians Collaborative,California,2019,0,0.2505634148138578,1,0.23
A03161,Grandview Provider Alliance Partners,New Jersey,2019,1,0.1693730631109053,0,0.23
A03163,Grandview Integrated Health Network,Alabama,2019,0,0.5384017346867821,1,0.23
A03176,Maplewood Provider Alliance Collaborative,Maryland,2019,0,0.17820038182592754,0,0.23
A03179,Beacon Physicians Alliance,Texas,2019,0,0.07237262354770377,0,0.23
A03185,Springfield Physicians Group,North Carolina,2019,1,0.24858064923823073,1,0.23
A03195,Redwood Care Partners Medical Center,Indiana,2019,0,0.05441579656412109,0,0.23
A03196,Highland Community Care Network,Missouri,2019,0,0.20739525409811269,0,0.23
A03200,Stonebridge Medical Group Partners,Washington,2019,0,0.233606887841382,1,0.23
A03203,WellSpring Health Alliance,Maryland,2019,1,0.13958258877575544,0,0.23
A03206,Parkview Integrated Health Care Network,Missouri,2019,0,0.12249874626859204,0,0.23
A03220,Grandview Physician Network Health System,Florida,2019,0,0.1972053150723393,0,0.23
A03232,Green Valley Community Care Network,Connecticut,2019,1,0.27785112063449746,1,0.23
A03234,Stonebridge Health Alliance Group,Tennessee,2019,0,0.11316639450981646,0,0.23
A03245,Blue Ridge Physician Network Partners,Wisconsin,2019,0,0.15371302315574598,0,0.23
A03271,Cedar Health Alliance Association,Indiana,2019,0,0.06456725320007388,0,0.23
A03277,Westfield Care Partners,Washington,2019,0,0.0620881958750798,0,0.23
A03287,Maplewood Care Alliance Physician Alliance,California,2019,1,0.466460000626096,1,0.23
A03299,Highland Care Alliance Alliance,Tennessee,2019,1,0.731349513326078,1,0.23
A03304,Silverstone Care Alliance Alliance,Georgia,2019,0,0.06216218584319859,0,0.23
A03311,Crestview Wellness Partners,New York,2019,0,0.027689547251504885,0,0.23
A03317,Westfield Care Network Medical Center,Connecticut,2019,0,0.08689856599470261,0,0.23
A03337,Blue Ridge Wellness Alliance,North Carolina,2019,0,0.05271877567565256,0,0.23
A03345,Pinnacle Care Group,Colorado,2019,0,0.23418097485812214,1,0.23
A03351,Westfield Physicians Alliance,Michigan,2019,0,0.20359502424423517,0,0.23
A03352,Silverstone Care Medical Center,Oregon,2019,0,0.30784417936124203,1,0.23
A03357,Oakridge Physician Network Medical Center,Arizona,2019,0,0.1212645749379329,0,0.23
A03367,Highland Health Network Medical Center,Florida,2019,0,0.04890145816044399,0,0.23
A03370,Eastgate Integrated Health Health System,Virginia,2019,0,0.17849193863415042,0,0.23
A03372,Silverstone Health Collaborative Care Network,Alabama,2019,0,0.08638381216540576,0,0.23
A03373,Metro Care Partners Medical Center,Ohio,2019,0,0.11722495382223164,0,0.23
A03393,Fairview Healthcare Physician Alliance,North Carolina,2019,0,0.044923822879084925,0,0.23
A03398,Parkview Care Collaborative,Arizona,2019,0,0.1358279058647945,0,0.23
A03399,Clearview Care Network Network,Missouri,2019,0,0.043497069330618886,0,0.23
A03401,Horizon Health Alliance Alliance,Florida,2019,0,0.3619262703177524,1,0.23
A03417,Northstar Medical Partners Medical Center,Connecticut,2019,1,0.18843214809503553,0,0.23
A03418,Oakridge Healthcare Network,Tennessee,2019,0,0.04593193511637088,0,0.23
A03420,Highland Care Partners Partners,Wisconsin,2019,1,0.17591057759338763,0,0.23
A03433,WellSpring Physician Network Collaborative,North Carolina,2019,0,0.20930620298510508,0,0.23
A03440,Valley Health Network Health System,California,2019,0,0.027997402303605794,0,0.23
A03442,Pinnacle Health Network Partners,Texas,2019,0,0.10521933290634798,0,0.23
A03454,Community Wellness Group,Missouri,2019,0,0.10200167673015795,0,0.23
A03456,Golden Valley Health Association,Colorado,2019,0,0.034476994437471445,0,0.23
A03459,Clearview Care Partners Collaborative,New York,2019,1,0.21878501197242123,0,0.23
A03468,Fairview Care Network Partners,Connecticut,2019,0,0.04506980323879889,0,0.23
A03471,Riverbend Medical Group Medical Center,Arizona,2019,0,0.03981315344260603,0,0.23
A03479,Riverbend Physicians Care Network,Colorado,2019,0,0.03999542146282972,0,0.23
A03480,Riverbend Medical Group,Florida,2019,0,0.18584611218156433,0,0.23
A03481,Horizon Medical Partners Collaborative,Arizona,2019,1,0.10583936920035908,0,0.23
A03484,Horizon Medical Group Partners,Tennessee,2019,0,0.08511707579473377,0,0.23
A03494,Gateway Clinical Partners Partners,Florida,2019,0,0.03499405751443093,0,0.23
A03495,Mountain View Care Alliance Association,Oregon,2019,0,0.038161466347575224,0,0.23
A03500,Silverstone Care Network Health System,Wisconsin,2019,0,0.10297087062618977,0,0.23
A03509,Highland Medical Group Medical Center,Ohio,2019,0,0.09397409802939319,0,0.23
A03517,Oakridge Health Network Care Network,Massachusetts,2019,0,0.08214647923524428,0,0.23
A03526,Golden Valley Care Alliance Care Network,Massachusetts,2019,1,0.07753960986195113,0,0.23
A03531,Community Provider Alliance Alliance,Indiana,2019,1,0.23444317846427268,1,0.23
A03533,Stonebridge Medical Partners Network,Alabama,2019,0,0.1348677033106918,0,0.23
A03535,Meadow Clinical Partners Physician Alliance,Florida,2019,0,0.0436201710626863,0,0.23
A03543,Green Valley Medical Partners Partners,Virginia,2019,0,0.17791592200357675,0,0.23
A03545,Pinnacle Medical Group Collaborative,New York,2019,0,0.11678936283780836,0,0.23
A03546,Heritage Care Network Alliance,New York,2019,0,0.5944309261609546,1,0.23
A03547,Metro Clinical Partners Collaborative,Illinois,2019,0,0.5265549384891408,1,0.23
A03551,Riverbend Care Alliance Health System,New Jersey,2019,1,0.44860351867419523,1,0.23
A03553,Heartland Healthcare Network,Alabama,2019,0,0.09927782828157414,0,0.23
A03554,Community Physician Network Physician Alliance,Indiana,2019,0,0.17810412373278606,0,0.23
A03558,Golden Valley Health Alliance Care Network,Tennessee,2019,1,0.6235419530625316,1,0.23
A03560,Crestview Medical Group Network,North Carolina,2019,0,0.12685996301250138,0,0.23
A03569,Heartland Health Partners Collaborative,Connecticut,2019,0,0.09492250247747852,0,0.23
A03576,Lakeside Health Alliance Health System,New York,2019,0,0.11267962880541757,0,0.23
A03579,Riverbend Clinical Partners Network,California,2019,0,0.0644847759479823,0,0.23
A03585,Gateway Community Care Alliance,Wisconsin,2019,0,0.5499119465612521,1,0.23
A03588,Riverbend Health Network Physician Alliance,Massachusetts,2019,0,0.2016722588336358,0,0.23
A03589,Highland Health Network Care Network,Florida,2019,0,0.0666183603105124,0,0.23
A03592,Summit Clinical Partners Physician Alliance,Illinois,2019,1,0.18711341787725672,0,0.23
A03595,Parkview Health Network Network,Indiana,2019,1,0.3446864970253024,1,0.23
A03598,Springfield Care Network Alliance,Florida,2019,0,0.0407319324705885,0,0.23
A03604,Pioneer Health Collaborative Health System,Virginia,2019,0,0.23190098470787518,1,0.23
A03605,Stonebridge Care Partners Group,Michigan,2019,0,0.11696557449213811,0,0.23
A03610,Oakridge Health Care Network,North Carolina,2019,0,0.050165512044491684,0,0.23
A03613,Pioneer Wellness Partners,Minnesota,2019,0,0.09103882486675442,0,0.23
A03621,Northstar Medical Group Network,Oregon,2019,0,0.04458875178530275,0,0.23
A03627,Beacon Health Collaborative Care Network,Tennessee,2019,0,0.07863979138346261,0,0.23
A03628,Beacon Care Physician Alliance,Colorado,2019,0,0.15006117402779565,0,0.23
A03631,Oakridge Health Group,Texas,2019,0,0.11130454358419058,0,0.23
A03643,Evergreen Health Partners Care Network,Massachusetts,2019,0,0.045435699514283445,0,0.23
A03647,Pioneer Health Partners Health System,Tennessee,2019,0,0.046555087450308875,0,0.23
A03650,Eastgate Health Network Medical Center,Indiana,2019,0,0.339837796573359,1,0.23
A03654,Heartland Health Collaborative Collaborative,Massachusetts,2019,0,0.16078411967432638,0,0.23
A03659,Westfield Wellness Collaborative,Virginia,2019,0,0.11997189762477697,0,0.23
A03661,Green Valley Health Alliance Collaborative,Texas,2019,0,0.024205755204402424,0,0.23
A03662,Eastgate Health Collaborative Physician Alliance,Colorado,2019,1,0.3137126717773139,1,0.23
A03663,Horizon Health Partners Medical Center,New Jersey,2019,0,0.11330042807628317,0,0.23
A03667,Horizon Health Partners Health System,Michigan,2019,0,0.22742360181856494,0,0.23
A03668,Heartland Physicians Association,California,2019,0,0.12297136245459991,0,0.23
A03678,Golden Valley Physicians Physician Alliance,Tennessee,2019,0,0.12818423165475815,0,0.23
A03680,Beacon Health Alliance Network,Wisconsin,2019,0,0.08019457077593652,0,0.23
A03686,Pinnacle Medical Care Network,Wisconsin,2019,0,0.1809156828899385,0,0.23
A03692,Silverstone Health Partners Health System,Missouri,2019,0,0.07595899211039389,0,0.23
A03696,Horizon Medical Collaborative,California,2019,0,0.051699086764774,0,0.23
A03699,Heartland Community Care Partners,Missouri,2019,1,0.1768438376701548,0,0.23
A03701,Pioneer Physicians Physician Alliance,California,2019,0,0.10493951044355805,0,0.23
A03702,Canyon Healthcare Network,North Carolina,2019,0,0.1991359376084117,0,0.23
A03706,Evergreen Health Partners Medical Center,Oregon,2019,0,0.29045993370794465,1,0.23
A03709,Clearview Care Alliance Collaborative,Washington,2019,0,0.03155893099078682,0,0.23
A03715,Golden Valley Medical Medical Center,Wisconsin,2019,0,0.07185217653965821,0,0.23
A03719,Crestview Health Alliance,Missouri,2019,0,0.05849791959049707,0,0.23
A03721,Heritage Wellness Collaborative,Indiana,2019,0,0.17586012128594658,0,0.23
A03726,Stonebridge Care Partners Partners,North Carolina,2019,0,0.03019634035495627,0,0.23
A03728,Parkview Medical Partners Network,Illinois,2019,0,0.19619537893547137,0,0.23
A03735,Green Valley Medical Partners Group,New York,2019,1,0.0595901545004059,0,0.23
A03763,Horizon Wellness Network,Tennessee,2019,1,0.40846154973383975,1,0.23
A03764,WellSpring Health Collaborative Association,Wisconsin,2019,0,0.14484231229937594,0,0.23
A03766,Clearview Physician Network Partners,Georgia,2019,0,0.3184196992559877,1,0.23
A03769,Highland Provider Alliance Association,California,2019,0,0.164063001125132,0,0.23
A03771,Crestview Healthcare Group,Massachusetts,2019,0,0.04665030364476176,0,0.23
A03777,WellSpring Physicians Partners,Illinois,2019,0,0.24404590058742695,1,0.23
A03781,Silverstone Healthcare Network,Illinois,2019,1,0.32559468599714253,1,0.23
A03782,Oakridge Care Physician Alliance,New Jersey,2019,0,0.12393942611568223,0,0.23
A03783,Silverstone Physicians Group,Michigan,2019,0,0.5285292373880894,1,0.23
A03785,Mountain View Provider Alliance Health System,Texas,2019,0,0.16521896916464354,0,0.23
A03790,Redwood Care Alliance Network,Wisconsin,2019,0,0.21178134320887068,0,0.23
A03792,Fairview Wellness Care Network,Connecticut,2019,0,0.14112681121140344,0,0.23
A03796,Gateway Care Alliance Partners,Florida,2019,0,0.06242382563622303,0,0.23
A03797,Pioneer Health Partners Physician Alliance,Texas,2019,0,0.03313122360792202,0,0.23
A03800,Unity Healthcare Care Network,Florida,2019,0,0.1698290430384976,0,0.23
A03807,Evergreen Provider Alliance Alliance,Alabama,2019,0,0.12408581450917128,0,0.23
A03818,Northstar Healthcare Network,Connecticut,2019,0,0.09761051080894202,0,0.23
A03830,Brookside Care Partners Alliance,Colorado,2019,0,0.18971771837566836,0,0.23
A03836,Maplewood Medical Partners Physician Alliance,Texas,2019,0,0.07420686348767382,0,0.23
A03841,Gateway Health Collaborative Association,Virginia,2019,0,0.05251624948542952,0,0.23
A03850,Unity Care Network Care Network,California,2019,0,0.11668670595877544,0,0.23
A03854,Northstar Health Partners,Minnesota,2019,0,0.09336565687430488,0,0.23
A03855,Meadow Clinical Partners Group,Georgia,2019,1,0.5503809382069105,1,0.23
A03866,Oakridge Care Partners Alliance,New York,2019,0,0.0655965615137786,0,0.23
A03868,Metro Care Network Alliance,Tennessee,2019,1,0.3111938122800017,1,0.23
A03872,Stonebridge Wellness Partners,Virginia,2019,0,0.2908821224078728,1,0.23
A03873,Green Valley Care Alliance Care Network,Indiana,2019,0,0.18816487691447123,0,0.23
A03874,Metro Medical Partners Alliance,Colorado,2019,0,0.16571433069611108,0,0.23
A03877,Beacon Medical Group Alliance,Alabama,2019,0,0.17522460902421857,0,0.23
A03879,Clearview Clinical Partners Health System,Illinois,2019,0,0.10163411857229397,0,0.23
A03893,Horizon Health Partners Association,Wisconsin,2019,0,0.0637019554857728,0,0.23
A03897,Summit Medical Collaborative,Wisconsin,2019,1,0.1767842367306356,0,0.23
A03900,Silverstone Care Network Group,Texas,2019,0,0.0701854998744263,0,0.23
A03904,Westfield Physicians Care Network,Alabama,2019,0,0.08349104067415532,0,0.23
A03911,Springfield Medical Partners Collaborative,Ohio,2019,0,0.20435242730266792,0,0.23
A03915,Parkview Care Alliance Medical Center,Alabama,2019,1,0.0522123073337945,0,0.23
A03936,Eastgate Wellness Network,Wisconsin,2019,1,0.17326246270422918,0,0.23
A03960,Evergreen Wellness Medical Center,Ohio,2019,0,0.08120441893726482,0,0.23
A03967,Canyon Care Partners Partners,Georgia,2019,0,0.04697918769799769,0,0.23
A03971,Westfield Care Alliance Physician Alliance,Maryland,2019,0,0.03469445802017232,0,0.23
A03972,Clearview Integrated Health Partners,New York,2019,0,0.1640295022638015,0,0.23
A03979,Cedar Health Collaborative Physician Alliance,Tennessee,2019,0,0.09632385981628996,0,0.23
A03982,Lakeside Physician Network Health System,Alabama,2019,1,0.18473544175234377,0,0.23
A03993,Golden Valley Healthcare Care Network,Missouri,2019,0,0.16986267581587886,0,0.23
A04004,Cedar Health Network Collaborative,Tennessee,2019,0,0.021236730428236865,0,0.23
A04006,Evergreen Medical Partners,Maryland,2019,0,0.14102080504493344,0,0.23
A04012,Oakridge Care Partners,Ohio,2019,0,0.05341222909169196,0,0.23
A04014,Oakridge Health Partners Collaborative,New York,2019,0,0.09474799199417185,0,0.23
A04017,Riverside Physician Network Alliance,Massachusetts,2019,0,0.10339183727118603,0,0.23
A04028,Springfield Physicians Network,Minnesota,2019,0,0.05446864601254566,0,0.23
A04033,Canyon Care Partners Association,Connecticut,2019,1,0.29122632115100133,1,0.23
A04041,Heartland Community Care Group,Connecticut,2019,0,0.21901776772760267,0,0.23
A04043,Clearview Health Network Collaborative,Washington,2019,0,0.16967962715755852,0,0.23
A04045,Valley Care Partners Alliance,Illinois,2019,0,0.20225932143405248,0,0.23
A04051,Riverside Community Care Association,Wisconsin,2019,0,0.11538974384978296,0,0.23
A04053,Riverside Health Collaborative Alliance,Minnesota,2019,0,0.03362976684644195,0,0.23
A04055,Heartland Provider Alliance Partners,New York,2019,0,0.09829755969683861,0,0.23
A04057,Evergreen Care Alliance Medical Center,Georgia,2019,0,0.19347637114119823,0,0.23
A04061,WellSpring Community Care Association,Georgia,2019,0,0.14781794495926331,0,0.23
A04062,Metro Care Partners Physician Alliance,Tennessee,2019,1,0.2511581393865984,1,0.23
A04072,Community Physicians Partners,Tennessee,2019,0,0.0663635368747722,0,0.23
A04076,Fairview Health Association,North Carolina,2019,0,0.08028227293642383,0,0.23
A04080,Springfield Health Network Partners,Alabama,2019,0,0.13403343817908073,0,0.23
A04082,Beacon Physicians Partners,New York,2019,0,0.15258278514520263,0,0.23
A04085,Community Clinical Partners Group,Alabama,2019,1,0.17996920013449835,0,0.23
A04087,Community Community Care Collaborative,New York,2019,0,0.10034112709870413,0,0.23
A04090,Oakridge Medical Collaborative,California,2019,0,0.21942914370560299,0,0.23
A04095,Horizon Care Health System,Florida,2019,0,0.2762766728579069,1,0.23
A04101,Crestview Medical Partners,New Jersey,2019,0,0.10533472863688359,0,0.23
A04110,Meadow Health Partners Physician Alliance,Colorado,2019,1,0.35781236115296894,1,0.23
A04111,Riverside Wellness Network,Connecticut,2019,0,0.025599672321559526,0,0.23
A04118,Heartland Health Alliance Health System,New Jersey,2019,1,0.05438634336750901,0,0.23
A04121,Gateway Community Care Health System,Maryland,2019,1,0.05241305142397139,0,0.23
A04123,Lakeside Medical Partners Health System,Texas,2019,0,0.026790300627928473,0,0.23
A04124,Brookside Physician Network Network,Massachusetts,2019,0,0.12784364545317214,0,0.23
A04132,Crestview Health Collaborative Alliance,Michigan,2019,0,0.0760040235567183,0,0.23
A04137,Springfield Physician Network Physician Alliance,Tennessee,2019,0,0.04975673308523648,0,0.23
A04144,Stonebridge Health Collaborative Group,New Jersey,2019,0,0.03751722819730045,0,0.23
A04155,Metro Medical Partners Care Network,California,2019,1,0.1614332427970211,0,0.23
A04160,Valley Medical Group Medical Center,Ohio,2019,0,0.07876663025864579,0,0.23
A04165,Riverside Provider Alliance Care Network,Texas,2019,0,0.058718299950129484,0,0.23
A04167,Oakridge Care Collaborative,Ohio,2019,0,0.015292646084633066,0,0.23
A04177,Valley Care Physician Alliance,Wisconsin,2019,0,0.05665214913206653,0,0.23
A04181,Fairview Community Care Care Network,Connecticut,2019,0,0.05807734812689513,0,0.23
A04186,Lakeside Medical Care Network,Missouri,2019,0,0.30362776444819767,1,0.23
A04195,Fairview Medical Partners Care Network,Wisconsin,2019,0,0.08967695718650144,0,0.23
A04198,Maplewood Medical Partners Group,Minnesota,2019,1,0.3356265843118028,1,0.23
A04199,Meadow Care Alliance Network,Alabama,2019,0,0.10203203983845902,0,0.23
A04205,Crestview Integrated Health Medical Center,Colorado,2019,1,0.14951535941807984,0,0.23
A04206,Community Medical Partners Health System,North Carolina,2019,1,0.054060046300995666,0,0.23
A04210,Evergreen Clinical Partners Partners,North Carolina,2019,1,0.43118058476887006,1,0.23
A04214,Crestview Care Alliance Network,Tennessee,2019,0,0.09133294276982865,0,0.23
A04221,Mountain View Medical Partners Alliance,Massachusetts,2019,1,0.15086251656837826,0,0.23
A04231,Eastgate Health Alliance Network,Texas,2019,0,0.18687632848021782,0,0.23
A04238,Clearview Care Partners Alliance,Missouri,2019,0,0.16684972939877574,0,0.23
A04245,Evergreen Care Group,Alabama,2019,0,0.14572384070879096,0,0.23
A04249,Springfield Medical Physician Alliance,Virginia,2019,1,0.4150634712423961,1,0.23
A04250,Summit Care Physician Alliance,Pennsylvania,2019,0,0.1527329243112017,0,0.23
A04257,Mountain View Medical Health System,Maryland,2019,0,0.0792427726191763,0,0.23
A04258,Valley Care Network Care Network,New York,2019,0,0.044141189951151745,0,0.23
A04259,Heartland Community Care Care Network,Maryland,2019,0,0.14540485388659605,0,0.23
A04261,Stonebridge Provider Alliance Partners,Virginia,2019,1,0.4289010415400288,1,0.23
A04271,Highland Care Network Medical Center,Arizona,2019,0,0.12784420129568455,0,0.23
A04285,WellSpring Wellness Physician Alliance,Florida,2019,1,0.07928387396917941,0,0.23
A04287,Green Valley Care Partners Group,Arizona,2019,0,0.137600596480458,0,0.23
A04291,Blue Ridge Clinical Partners Network,Texas,2019,0,0.12701636157410326,0,0.23
A04295,Heritage Health Partners Medical Center,New Jersey,2019,0,0.11078641038110022,0,0.23
A04297,Highland Wellness Medical Center,Washington,2019,0,0.15764643504905107,0,0.23
A04298,Stonebridge Medical Partners Collaborative,Colorado,2019,1,0.7306603842608723,1,0.23
A04306,WellSpring Community Care Alliance,Connecticut,2019,0,0.14769605686433404,0,0.23
A04311,Metro Integrated Health Association,New York,2019,0,0.13386963859396472,0,0.23
A04320,Cedar Physician Network Network,Alabama,2019,0,0.0988948896013167,0,0.23
A04321,Maplewood Medical Group Medical Center,Wisconsin,2019,0,0.05808338450497807,0,0.23
A04322,Parkview Medical Group Collaborative,Georgia,2019,0,0.05160239878791897,0,0.23
A04336,Pinnacle Care Medical Center,Florida,2019,0,0.1114997921058756,0,0.23
A04337,Heartland Physicians Health System,Michigan,2019,1,0.07137871570298175,0,0.23
A04342,Gateway Care Association,Oregon,2019,1,0.2161614838187862,0,0.23
A04344,Blue Ridge Care Alliance Care Network,Minnesota,2019,1,0.29132317170944466,1,0.23
A04355,Green Valley Provider Alliance Network,Texas,2019,0,0.1660807528645976,0,0.23
A04357,Northstar Physician Network Group,Oregon,2019,0,0.1846538717957376,0,0.23
A04366,Heritage Provider Alliance Association,Connecticut,2019,0,0.22910066094112602,0,0.23
A04379,Fairview Care Alliance Association,Pennsylvania,2019,0,0.03230614039641827,0,0.23
A04380,Mountain View Provider Alliance Association,New Jersey,2019,0,0.11693551335482383,0,0.23
A04383,Lakeside Care Network,Ohio,2019,0,0.10244546021728333,0,0.23
A04387,Meadow Care Partners Network,Arizona,2019,0,0.20350476333516845,0,0.23
A04390,Lakeside Health Physician Alliance,North Carolina,2019,0,0.12761821919449284,0,0.23
A04400,Cedar Community Care Physician Alliance,Maryland,2019,0,0.18314294832735672,0,0.23
A04401,Silverstone Health Alliance Alliance,Texas,2019,0,0.08875873198962995,0,0.23
A04403,Grandview Health Network Health System,Massachusetts,2019,1,0.1617197051377598,0,0.23
A04408,Summit Clinical Partners Group,Arizona,2019,0,0.08737421986637946,0,0.23
A04416,Stonebridge Physicians Association,Texas,2019,0,0.0519588112673084,0,0.23
A04441,Redwood Health Partners Physician Alliance,Oregon,2019,1,0.08505567427729468,0,0.23
A04447,Pinnacle Community Care Collaborative,Ohio,2019,0,0.12785587368230433,0,0.23
A04452,Grandview Medical Partners,California,2019,1,0.3219873787515929,1,0.23
A04453,Metro Physicians Group,Maryland,2019,0,0.07813313165512989,0,0.23
A04455,Redwood Care Alliance Group,Georgia,2019,0,0.1699943126454521,0,0.23
A04459,Cedar Medical Partners Health System,Georgia,2019,0,0.0504170529796279,0,0.23
A04466,Heartland Care Association,Alabama,2019,0,0.09316378225965717,0,0.23
A04469,Beacon Health Network Care Network,Maryland,2019,0,0.1989924701980104,0,0.23
A04473,Stonebridge Health Association,North Carolina,2019,0,0.18173960181641008,0,0.23
A04482,Eastgate Physician Network Alliance,Michigan,2019,0,0.10709275556488031,0,0.23
A04483,Westfield Health Partners Alliance,North Carolina,2019,0,0.12622429417197423,0,0.23
A04488,Heartland Health Collaborative Care Network,California,2019,0,0.08170510196660484,0,0.23
A04492,Pioneer Integrated Health Network,Maryland,2019,0,0.32097119145932623,1,0.23
A04496,Crestview Provider Alliance Network,Tennessee,2019,0,0.18297345362251782,0,0.23
A04500,Meadow Health Alliance Collaborative,Maryland,2019,1,0.10378856791779563,0,0.23
A04503,Springfield Care Partners,Illinois,2019,0,0.05137774881000147,0,0.23
A04504,Green Valley Integrated Health Network,Minnesota,2019,0,0.20908763431487717,0,0.23
A04505,Clearview Health Partners,Florida,2019,0,0.11699652489637172,0,0.23
A04511,Mountain View Clinical Partners Partners,California,2019,0,0.24553392438265245,1,0.23
A04516,Golden Valley Medical Partners Association,Minnesota,2019,0,0.09087538009571854,0,0.23
A04518,Horizon Health Network Collaborative,Connecticut,2019,0,0.15134229969543644,0,0.23
A04521,Unity Health Alliance Network,Illinois,2019,0,0.22140823927612646,0,0.23
A04524,Oakridge Medical Association,New Jersey,2019,0,0.08724866254329992,0,0.23
A04526,Pioneer Care Partners Network,Massachusetts,2019,1,0.0961452564467838,0,0.23
A04529,Gateway Health Network Medical Center,Indiana,2019,1,0.21861317722624196,0,0.23
A04531,Beacon Health Partners Care Network,Washington,2019,0,0.13190657310131854,0,0.23
A04544,Valley Clinical Partners Health System,North Carolina,2019,0,0.2863467114851574,1,0.23
A04545,Riverbend Health Alliance,Tennessee,2019,1,0.4621829647701018,1,0.23
A04549,Grandview Medical Partners Alliance,Maryland,2019,0,0.04575083189807569,0,0.23
A04559,Redwood Health Partners Association,Alabama,2019,0,0.10547073188730373,0,0.23
A04561,Westfield Care Alliance Collaborative,Alabama,2019,0,0.2617010561612856,1,0.23
A04562,Pioneer Health Alliance Group,Tennessee,2019,0,0.01607264017075598,0,0.23
A04570,Parkview Healthcare Association,Maryland,2019,1,0.17169112521128535,0,0.23
A04575,Fairview Health Alliance Health System,Washington,2019,0,0.07236936614237405,0,0.23
A04588,Maplewood Care Alliance Partners,Ohio,2019,0,0.08127409338755644,0,0.23
A04590,Valley Clinical Partners Group,Texas,2019,0,0.08115708702323293,0,0.23
A04591,Summit Medical Health System,Virginia,2019,1,0.18208069417393868,0,0.23
A04594,Grandview Wellness Association,Arizona,2019,0,0.16895965420538037,0,0.23
A04599,Gateway Health Partners,Florida,2019,1,0.36997101000659044,1,0.23
A04601,Highland Health Association,Wisconsin,2019,0,0.08471529236435407,0,0.23
A04603,Heartland Integrated Health Association,North Carolina,2019,0,0.06366082189434852,0,0.23
A04605,Silverstone Physician Network Care Network,New Jersey,2019,0,0.03878603843985813,0,0.23
A04611,Oakridge Community Care Network,Pennsylvania,2019,0,0.25162093645270384,1,0.23
A04626,WellSpring Care Partners Care Network,Missouri,2019,0,0.04924259763857943,0,0.23
A04635,Brookside Health Care Network,Illinois,2019,0,0.05316492730612579,0,0.23
A04640,Heritage Clinical Partners Collaborative,Colorado,2019,0,0.041303062809334434,0,0.23
A04642,Highland Health Partners Care Network,Michigan,2019,1,0.16734540962767933,0,0.23
A04647,Blue Ridge Provider Alliance Network,Arizona,2019,0,0.12676646418522478,0,0.23
A04657,Pinnacle Health Care Network,Indiana,2019,0,0.13890549321299112,0,0.23
A04660,WellSpring Clinical Partners Network,Indiana,2019,0,0.28458737004865675,1,0.23
A04670,Westfield Care Network Association,Illinois,2019,0,0.09716326921298751,0,0.23
A04673,Redwood Community Care Partners,Ohio,2019,0,0.13455532787788557,0,0.23
A04676,Silverstone Medical Partners Medical Center,Georgia,2019,1,0.15933295363389088,0,0.23
A04684,Pioneer Health Network Alliance,Pennsylvania,2019,0,0.25162093645270384,1,0.23
A04688,Grandview Healthcare Alliance,Illinois,2019,1,0.32827200221230834,1,0.23
A04695,Riverbend Community Care Health System,Indiana,2019,0,0.08129097659247451,0,0.23
A04699,Springfield Care Network Partners,North Carolina,2019,1,0.03695719957943819,0,0.23
A04700,Northstar Medical Physician Alliance,Minnesota,2019,0,0.08835904198393843,0,0.23
A04722,Maplewood Health Network Care Network,Florida,2019,0,0.07560832851334244,0,0.23
A04726,Oakridge Physicians Association,North Carolina,2019,0,0.11661958211910868,0,0.23
A04735,Grandview Integrated Health Group,Georgia,2019,0,0.2511875371820058,1,0.23
A04742,Golden Valley Care Network,Michigan,2019,0,0.08299936311684794,0,0.23
A04743,Cedar Care Network Association,Wisconsin,2019,0,0.06086438836876975,0,0.23
A04744,Unity Wellness Association,Wisconsin,2019,0,0.026572990069331906,0,0.23
A04746,Meadow Clinical Partners Collaborative,Virginia,2019,0,0.020409301039643567,0,0.23
A04752,Fairview Medical Partners Group,Massachusetts,2019,0,0.05450490523394347,0,0.23
A04759,Maplewood Medical Group Partners,Connecticut,2019,0,0.05889307067911083,0,0.23
A04773,Maplewood Health Alliance Collaborative,Wisconsin,2019,1,0.2635854978388115,1,0.23
A04776,Metro Medical Care Network,California,2019,0,0.12986675467905423,0,0.23
A04778,Summit Healthcare Alliance,Washington,2019,0,0.07479857373170944,0,0.23
A04786,Green Valley Wellness Physician Alliance,Arizona,2019,0,0.14448178946264073,0,0.23
A04789,Highland Care Collaborative,Virginia,2019,0,0.06538442033084726,0,0.23
A04792,Clearview Care Partners Physician Alliance,Wisconsin,2019,0,0.018509521943069956,0,0.23
A04822,Evergreen Medical Partners Partners,Michigan,2019,1,0.3299154448619327,1,0.23
A04823,Highland Physician Network Association,Ohio,2019,0,0.11560497460872998,0,0.23
A04826,Redwood Health Alliance Care Network,Indiana,2019,0,0.07346242045490255,0,0.23
A04829,Highland Care Alliance Medical Center,Pennsylvania,2019,0,0.1615664800014918,0,0.23
A04832,Lakeside Medical Alliance,Wisconsin,2019,0,0.05726045538772136,0,0.23
A04836,Stonebridge Care Network Medical Center,Massachusetts,2019,0,0.031045834605697896,0,0.23
A04841,Pioneer Physicians Health System,Maryland,2019,0,0.08403282988408264,0,0.23
A04853,Eastgate Health Collaborative Medical Center,Minnesota,2019,0,0.093926323596269,0,0.23
A04857,WellSpring Medical Group Group,Ohio,2019,0,0.19486685856671232,0,0.23
A04861,Beacon Physicians Care Network,Wisconsin,2019,0,0.04364423951642658,0,0.23
A04866,Unity Physicians Collaborative,California,2019,0,0.19117338893737837,0,0.23
A04873,Clearview Health Collaborative Group,Indiana,2019,0,0.036172565626229294,0,0.23
A04875,Brookside Care Network Medical Center,Virginia,2019,0,0.053957696205895314,0,0.23
A04876,Brookside Care Network Group,California,2019,1,0.24269962652382668,1,0.23
A04879,Northstar Provider Alliance Network,Illinois,2019,0,0.06642395383850079,0,0.23
A04885,Heartland Health Alliance Alliance,Alabama,2019,0,0.18399897625736877,0,0.23
A04891,Stonebridge Health Alliance Network,Alabama,2019,1,0.7144583403376734,1,0.23
A04899,Springfield Provider Alliance Alliance,Minnesota,2019,0,0.12467196735660517,0,0.23
A04917,Unity Health Partners Physician Alliance,Colorado,2019,0,0.2124609934360099,0,0.23
A04919,Grandview Care Alliance Network,Arizona,2019,0,0.1679076004851855,0,0.23
A04922,Horizon Care Association,Colorado,2019,0,0.07425190254128719,0,0.23
A04926,Westfield Health Alliance Alliance,Wisconsin,2019,0,0.13336797883405857,0,0.23
A04927,Oakridge Care Medical Center,North Carolina,2019,0,0.027585409697482133,0,0.23
A04935,Meadow Care Partners Health System,Pennsylvania,2019,0,0.0356168660409223,0,0.23
A04938,Community Physician Network Group,Connecticut,2019,0,0.3214656440695395,1,0.23
A04944,Golden Valley Provider Alliance Physician Alliance,Missouri,2019,1,0.1223053997649555,0,0.23
A04948,Eastgate Healthcare Alliance,Arizona,2019,0,0.06403047194001181,0,0.23
A04950,Parkview Health Alliance Medical Center,Florida,2019,0,0.14305120814669597,0,0.23
A04951,Eastgate Physicians Group,Illinois,2019,0,0.12315223133294456,0,0.23
A04952,Pinnacle Care Alliance Group,Michigan,2019,0,0.03973464073292738,0,0.23
A04959,Horizon Wellness Group,Indiana,2019,0,0.039243844190464845,0,0.23
A04965,Redwood Wellness Group,Wisconsin,2019,1,0.47567580704988777,1,0.23
A04966,Pinnacle Health Medical Center,North Carolina,2019,1,0.0924354417261517,0,0.23
A04984,Springfield Care Alliance Collaborative,Oregon,2019,0,0.07614247106275027,0,0.23
A04994,Northstar Care Network Group,Indiana,2019,0,0.15380941221236305,0,0.23
A05000,Stonebridge Physicians Health System,North Carolina,2019,0,0.1030132239803908,0,0.23
A05007,Heritage Health Care Network,Georgia,2019,0,0.2923962203446488,1,0.23
A05012,Canyon Care Network Care Network,Virginia,2019,0,0.13423187460447855,0,0.23
A05013,Stonebridge Integrated Health Health System,Alabama,2019,1,0.7765000769479786,1,0.23
A05016,Grandview Integrated Health Partners,Illinois,2019,1,0.4939162614897857,1,0.23
A05024,Mountain View Healthcare Group,Georgia,2019,0,0.057176722713849465,0,0.23
A05026,Westfield Physicians Collaborative,Colorado,2019,0,0.05811119672598233,0,0.23
A05029,Unity Health Collaborative,California,2019,0,0.0484874918991329,0,0.23
A05032,Pinnacle Health Collaborative Care Network,North Carolina,2019,0,0.09391725885861428,0,0.23
A05039,WellSpring Medical Group Care Network,Indiana,2019,0,0.0357595637363734,0,0.23
A05046,Unity Health Partners Group,Wisconsin,2019,0,0.06976601183090415,0,0.23
A05049,Redwood Physician Network Group,Colorado,2019,0,0.08148394420231554,0,0.23
A05065,Community Care Alliance Health System,Texas,2019,0,0.12490920968456547,0,0.23
A05071,Westfield Provider Alliance Care Network,Alabama,2019,0,0.06532000691931276,0,0.23
A05074,Stonebridge Care Partners Association,Colorado,2019,0,0.0865866047356409,0,0.23
A05077,Northstar Physicians Care Network,Arizona,2019,0,0.0379163346274937,0,0.23
A05087,Grandview Healthcare Health System,Arizona,2019,0,0.0357419760660874,0,0.23
A05088,Cedar Medical Physician Alliance,Wisconsin,2019,0,0.13253214067636462,0,0.23
A05092,Brookside Community Care Care Network,Ohio,2019,0,0.38698302515536587,1,0.23
A05095,Highland Health Physician Alliance,Oregon,2019,0,0.04925197768642341,0,0.23
A05101,WellSpring Medical Group Partners,Connecticut,2019,0,0.021973194928025408,0,0.23
A05104,Summit Health Group,Indiana,2019,0,0.0551589258079925,0,0.23
A05107,Pioneer Health Collaborative Medical Center,Maryland,2019,1,0.21935908572946525,0,0.23
A05108,Green Valley Wellness Partners,Georgia,2019,0,0.17863380287303215,0,0.23
A05111,Unity Health Association,Alabama,2019,0,0.21556915659661904,0,0.23
A05123,Metro Health Partners Medical Center,New Jersey,2019,0,0.08672598662671063,0,0.23
A05127,Blue Ridge Health Collaborative Physician Alliance,Minnesota,2019,0,0.13314290009596613,0,0.23
A05130,Parkview Health Alliance Care Network,Oregon,2019,0,0.07071906805816769,0,0.23
A05132,Springfield Health Alliance Collaborative,Indiana,2019,0,0.034520149013342,0,0.23
A05137,Canyon Wellness Medical Center,Florida,2019,0,0.13230335210241656,0,0.23
A05142,Riverbend Community Care Partners,Tennessee,2019,0,0.06513507004050284,0,0.23
A05147,Highland Provider Alliance Physician Alliance,Massachusetts,2019,0,0.04823628658803239,0,0.23
A05149,Highland Health Partners Group,Maryland,2019,0,0.07586320500377713,0,0.23
A05153,Heritage Integrated Health Partners,Georgia,2019,0,0.16691093790069148,0,0.23
A05155,Mountain View Healthcare Collaborative,Massachusetts,2019,0,0.1372362309934089,0,0.23
A05158,Silverstone Health Network Association,Massachusetts,2019,0,0.0240689612103711,0,0.23
A05165,Springfield Care Alliance Network,Michigan,2019,0,0.0833717483517026,0,0.23
A05168,Oakridge Health Partners Network,Missouri,2019,0,0.08582363291598918,0,0.23
A05186,Valley Health Physician Alliance,Maryland,2019,0,0.10977355179142564,0,0.23
A05192,Gateway Medical Alliance,Tennessee,2019,1,0.3887769916947419,1,0.23
A05194,Heartland Clinical Partners Partners,Illinois,2019,0,0.09255560470598452,0,0.23
A05204,Evergreen Care Partners Health System,Washington,2019,0,0.04796617118071634,0,0.23
A05212,Westfield Health Alliance Care Network,Missouri,2019,0,0.12785500725110627,0,0.23
A05213,Metro Care Partners Association,Georgia,2019,0,0.11185307434893195,0,0.23
A05214,Northstar Wellness Association,Michigan,2019,0,0.09344471414182834,0,0.23
A05221,Blue Ridge Health Network Group,Illinois,2019,0,0.21244843986204073,0,0.23
A05222,Mountain View Health Collaborative Association,Pennsylvania,2019,0,0.1771967340010867,0,0.23
A05238,Meadow Integrated Health Association,Indiana,2019,0,0.07483374063393314,0,0.23
A05245,Maplewood Healthcare Partners,Arizona,2019,0,0.11877485404464591,0,0.23
A05252,Highland Health Network Collaborative,Colorado,2019,0,0.11919298434639564,0,0.23
A05254,Clearview Wellness Physician Alliance,Florida,2019,0,0.2299173238428084,0,0.23
A05255,Lakeside Wellness Physician Alliance,North Carolina,2019,0,0.048462267510360674,0,0.23
A05256,Stonebridge Health Care Network,Virginia,2019,0,0.24966341391386704,1,0.23
A05258,Lakeside Medical Partners,Texas,2019,0,0.21537743015179978,0,0.23
A05263,Unity Healthcare Collaborative,Virginia,2019,0,0.0314694186359387,0,0.23
A05275,Meadow Physicians Health System,Indiana,2019,1,0.45522105969120147,1,0.23
A05278,Eastgate Medical Physician Alliance,Ohio,2019,0,0.2226345575965576,0,0.23
A05289,Riverbend Wellness Care Network,Texas,2019,0,0.06825362164384213,0,0.23
A05292,Silverstone Care Network Physician Alliance,Alabama,2019,0,0.13484988187053437,0,0.23
A05296,Northstar Health Alliance Alliance,Maryland,2019,1,0.4459297213907663,1,0.23
A05300,Maplewood Community Care Care Network,North Carolina,2019,0,0.06476395759302758,0,0.23
A05306,Horizon Care Alliance Physician Alliance,Maryland,2019,0,0.1568524701795716,0,0.23
A05312,Riverbend Physicians Health System,Missouri,2019,0,0.03315161818409285,0,0.23
A05314,Canyon Medical Partners Physician Alliance,New Jersey,2019,0,0.1593402931839435,0,0.23
A05322,Pinnacle Medical Group Health System,Michigan,2019,1,0.25622761842957137,1,0.23
A05327,Cedar Health Partners,Illinois,2019,0,0.2870368774089057,1,0.23
A05343,Pinnacle Medical Partners,Maryland,2019,0,0.10444064104040372,0,0.23
A05344,Crestview Healthcare Medical Center,Alabama,2019,0,0.18637948152036235,0,0.23
A05351,Parkview Health Alliance Physician Alliance,Ohio,2019,0,0.21332865703408657,0,0.23
A05356,Blue Ridge Health Collaborative Network,Georgia,2019,0,0.0659979029936605,0,0.23
A05357,Stonebridge Medical Physician Alliance,Florida,2019,0,0.15846544863785733,0,0.23
A05361,Clearview Physicians Physician Alliance,Florida,2019,0,0.06861175835642849,0,0.23
A05369,Riverbend Physician Network Physician Alliance,Tennessee,2019,0,0.15851341395173724,0,0.23
A05371,Pioneer Clinical Partners Network,Missouri,2019,0,0.050148107558089544,0,0.23
A05375,Community Care Partners Network,Florida,2019,0,0.025817539314826887,0,0.23
A05382,Pinnacle Medical Partners Group,Connecticut,2019,0,0.07055497564896682,0,0.23
A05414,Brookside Health Partners Care Network,Pennsylvania,2019,0,0.05569610220562984,0,0.23
A05415,Valley Wellness Partners,Alabama,2019,0,0.18578044269846777,0,0.23
A05421,Unity Physician Network Group,Indiana,2019,0,0.0255356470159417,0,0.23
A05427,Northstar Care Network Health System,New York,2019,0,0.03664113359618343,0,0.23
A05428,Metro Health Network Network,Missouri,2019,0,0.10161631763025827,0,0.23
A05429,Beacon Physician Network Alliance,Maryland,2019,0,0.06299180021801165,0,0.23
A05439,Golden Valley Medical Group Association,Michigan,2019,0,0.050165512044491684,0,0.23
A05440,Metro Health Partners Care Network,Pennsylvania,2019,0,0.06775629823734677,0,0.23
A05442,Golden Valley Physician Network Alliance,Alabama,2019,0,0.0212243901466989,0,0.23
A05454,Eastgate Clinical Partners Medical Center,Pennsylvania,2019,0,0.1255388127835935,0,0.23
A05459,Community Care Alliance Care Network,Wisconsin,2019,0,0.08798875464625064,0,0.23
A05465,Pinnacle Care Partners Partners,Oregon,2019,0,0.044637653165091135,0,0.23
A05472,Cedar Community Care Association,Pennsylvania,2019,1,0.5995413843865213,1,0.23
A05486,Highland Physician Network Partners,New York,2019,0,0.06327758627312279,0,0.23
A05492,Green Valley Community Care Physician Alliance,Maryland,2019,0,0.0938835624690709,0,0.23
A05496,Green Valley Health Alliance,Georgia,2019,0,0.09377467811042235,0,0.23
A05497,Community Healthcare Network,Missouri,2019,0,0.04473242345718116,0,0.23
A05498,Heartland Physician Network Health System,Connecticut,2019,0,0.08420187597869422,0,0.23
A05502,Pioneer Integrated Health Partners,Massachusetts,2019,0,0.029150982748919096,0,0.23
A05503,Highland Integrated Health Partners,Virginia,2019,0,0.11554345723313668,0,0.23
A05509,Pioneer Community Care Medical Center,Texas,2019,0,0.06343393399047334,0,0.23
A05510,Riverside Medical Group Medical Center,North Carolina,2019,0,0.02052970668183521,0,0.23
A05511,Golden Valley Physicians Association,Virginia,2019,0,0.18730236849663445,0,0.23
A05518,Pioneer Health Partners Care Network,Illinois,2019,0,0.1077004154682056,0,0.23
A05519,Gateway Health Network Collaborative,Pennsylvania,2019,0,0.046423086565932206,0,0.23
A05523,Mountain View Integrated Health Network,Oregon,2019,0,0.1344313411930748,0,0.23
A05524,Westfield Medical Group Association,New York,2019,0,0.20040921697683398,0,0.23
A05526,Beacon Care Network Care Network,Georgia,2019,0,0.06683732891770891,0,0.23
A05534,WellSpring Medical Partners Health System,Virginia,2019,0,0.15451553592258563,0,0.23
A05539,Gateway Community Care Care Network,Ohio,2019,0,0.24591515188463325,1,0.23
A05542,Silverstone Integrated Health Medical Center,Illinois,2019,0,0.09633623997337126,0,0.23
A05546,WellSpring Health Collaborative Care Network,California,2019,0,0.1308328707209837,0,0.23
A05547,Metro Health Alliance Collaborative,California,2019,0,0.04761787779150153,0,0.23
A05551,Redwood Health Network Care Network,Minnesota,2019,0,0.032394019708995685,0,0.23
A05552,Brookside Health Network Care Network,Tennessee,2019,0,0.04743145007223798,0,0.23
A05559,Unity Care Partners Group,Virginia,2019,1,0.21486590004428774,0,0.23
A05561,Community Clinical Partners Medical Center,North Carolina,2019,0,0.18557918335981122,0,0.23
A05563,Redwood Medical Group Partners,Virginia,2019,0,0.08302595314036319,0,0.23
A05565,Beacon Health Collaborative Association,Oregon,2019,0,0.332840294008715,1,0.23
A05569,Silverstone Healthcare Care Network,Indiana,2019,0,0.07235134834753375,0,0.23
A05575,Canyon Medical Partners Network,California,2019,0,0.14458160631838202,0,0.23
A05576,Grandview Physicians Association,California,2019,0,0.06176574467184336,0,0.23
A05578,Community Physicians Health System,Connecticut,2019,0,0.08853960263565148,0,0.23
A05581,Pioneer Health Collaborative Association,Illinois,2019,0,0.04680243726896236,0,0.23
A05583,Crestview Medical Group Care Network,Georgia,2019,0,0.026177589114491022,0,0.23
A05586,Pinnacle Care Health System,Tennessee,2019,0,0.027542458363487596,0,0.23
A05591,Meadow Health Network Network,Florida,2019,0,0.1515968276485194,0,0.23
A05592,Golden Valley Healthcare Health System,Illinois,2019,0,0.04823628658803239,0,0.23
A05599,Lakeside Medical Partners Group,Colorado,2019,0,0.04646551019173728,0,0.23
A05600,Crestview Healthcare Alliance,Colorado,2019,0,0.040277033116081676,0,0.23
A05606,Gateway Medical Association,California,2019,0,0.10257844209511457,0,0.23
A05607,Valley Care Network,Oregon,2019,0,0.12883193449992186,0,0.23
A05608,Valley Health Network Collaborative,Michigan,2019,1,0.7918801554871173,1,0.23
A05617,Heartland Medical Alliance,Missouri,2019,0,0.3295590471662868,1,0.23
A05619,Oakridge Physicians Alliance,Georgia,2019,0,0.02687187357661583,0,0.23
A05621,Green Valley Health Network Medical Center,Illinois,2019,0,0.13714340001115136,0,0.23
A05626,Valley Medical Partners Network,Virginia,2019,0,0.026505300700262403,0,0.23
A05632,Beacon Wellness Medical Center,New York,2019,0,0.18908940223339296,0,0.23
A05635,Beacon Integrated Health Network,Georgia,2019,0,0.07259167204594047,0,0.23
A05642,Community Health Collaborative Collaborative,California,2019,0,0.11687450210713346,0,0.23
A05645,Riverbend Clinical Partners Collaborative,Oregon,2019,0,0.47728827984032857,1,0.23
A05653,Highland Healthcare Care Network,Michigan,2019,0,0.09407452145389965,0,0.23
A05658,Community Provider Alliance Care Network,New Jersey,2019,1,0.0541228713385014,0,0.23
A05664,Pioneer Care Network Group,Ohio,2019,0,0.18455132008720557,0,0.23
A05667,Heartland Health Network Care Network,New Jersey,2019,0,0.05606708171098471,0,0.23
A05670,Riverbend Medical Partners Physician Alliance,Minnesota,2019,0,0.08375965650279157,0,0.23
A05672,Mountain View Physician Network Partners,Wisconsin,2019,0,0.05173271616158063,0,0.23
A05673,Canyon Healthcare Collaborative,California,2019,0,0.05841190138274066,0,0.23
A05679,Green Valley Health Collaborative Medical Center,Georgia,2019,0,0.0552762297878025,0,0.23
A05688,Metro Medical Group Care Network,Connecticut,2019,0,0.07387172552585791,0,0.23
A05690,WellSpring Care Partners Collaborative,Alabama,2019,0,0.13052750602493196,0,0.23
A05691,Lakeside Health Partners Network,Texas,2019,0,0.030183267329379593,0,0.23
A05692,Maplewood Care Collaborative,Virginia,2019,0,0.3090404311507257,1,0.23
A05704,Riverside Health Alliance Network,Arizona,2019,0,0.0304353363128151,0,0.23
A05723,Clearview Care Network Association,Illinois,2019,0,0.0756415451753067,0,0.23
A05727,Stonebridge Physician Network Care Network,Illinois,2019,0,0.0438454772834753,0,0.23
A05736,Pioneer Health Partners Network,Pennsylvania,2019,0,0.26093140427737965,1,0.23
A05743,Community Medical Partners Group,Colorado,2019,0,0.047620204540802936,0,0.23
A05745,Mountain View Health Collaborative Group,Tennessee,2019,0,0.22330194117788907,0,0.23
A05753,Lakeside Clinical Partners Care Network,Washington,2019,0,0.03694349166723699,0,0.23
A05758,Highland Health Alliance Care Network,Georgia,2019,0,0.015159061367133027,0,0.23
A05761,Mountain View Health Partners Collaborative,Arizona,2019,1,0.11539097460112757,0,0.23
A05767,Silverstone Care Alliance Care Network,Maryland,2019,1,0.12519618945245325,0,0.23
A05770,WellSpring Health Alliance Collaborative,Florida,2019,0,0.07723151618060914,0,0.23
A05773,Meadow Health Collaborative Care Network,Florida,2019,0,0.11495889142971079,0,0.23
A05780,Highland Provider Alliance Alliance,Minnesota,2019,0,0.05312916843633057,0,0.23
A05792,Redwood Medical Partners Network,New Jersey,2019,0,0.12358750910555556,0,0.23
A05797,Valley Care Alliance Collaborative,Connecticut,2019,0,0.17073154079777283,0,0.23
A05798,Grandview Wellness Health System,California,2019,0,0.0736256497831325,0,0.23
A05816,Westfield Health Alliance Collaborative,New Jersey,2019,0,0.04538665217808278,0,0.23
A05818,Parkview Physicians Partners,Colorado,2019,0,0.16808751291797625,0,0.23
A05824,Redwood Medical Network,Illinois,2019,0,0.07839440126205666,0,0.23
A05828,Horizon Wellness Alliance,Maryland,2019,0,0.10345969411381431,0,0.23
A05829,Unity Care Partners Network,Texas,2019,0,0.2428057484545152,1,0.23
A05838,Eastgate Care Alliance Group,Connecticut,2019,0,0.10473883695623525,0,0.23
A05841,Summit Clinical Partners Health System,Minnesota,2019,0,0.03667759859744919,0,0.23
A05853,Pioneer Care Alliance Network,Massachusetts,2019,1,0.43503075132702257,1,0.23
A05855,Springfield Care Partners Group,Virginia,2019,0,0.06376548158105425,0,0.23
A05860,Highland Healthcare Alliance,Michigan,2019,1,0.3063808035419665,1,0.23
A05861,Parkview Care Partners,Connecticut,2019,0,0.055644422911328026,0,0.23
A05871,Heartland Integrated Health Network,Colorado,2019,0,0.1299723912452765,0,0.23
A05872,Westfield Community Care Health System,Washington,2019,0,0.08339499901965289,0,0.23
A05875,Northstar Wellness Health System,Florida,2019,0,0.08966459092751287,0,0.23
A05877,Oakridge Care Alliance Collaborative,Illinois,2019,0,0.1025510654649773,0,0.23
A05878,Summit Healthcare Health System,Indiana,2019,0,0.049532068978566386,0,0.23
A05880,Cedar Health Network Group,Arizona,2019,0,0.14805729443768648,0,0.23
A05893,Parkview Wellness Physician Alliance,Florida,2019,0,0.09511033436186744,0,0.23
A05894,Silverstone Healthcare Medical Center,Massachusetts,2019,1,0.13062331493429216,0,0.23
A05895,Oakridge Care Health System,Virginia,2019,0,0.12283762588051633,0,0.23
A05901,Beacon Healthcare Care Network,Minnesota,2019,0,0.15908690965702366,0,0.23
A05902,Horizon Medical Group Care Network,Oregon,2019,0,0.10116000040778214,0,0.23
A05913,Northstar Health Network Care Network,Michigan,2019,0,0.08431212589592003,0,0.23
A05930,Springfield Clinical Partners Health System,Minnesota,2019,0,0.11923381269557609,0,0.23
A05933,Grandview Medical Care Network,New York,2019,1,0.06258150251564235,0,0.23
A05935,WellSpring Health Group,Texas,2019,0,0.06950719852510437,0,0.23
A05940,Unity Community Care Physician Alliance,Indiana,2019,0,0.12948488818721418,0,0.23
A05948,Unity Integrated Health Association,Missouri,2019,0,0.023019306401948592,0,0.23
A05954,Crestview Care Alliance Collaborative,Indiana,2019,0,0.14173574292722596,0,0.23
A05976,Cedar Healthcare Collaborative,Michigan,2019,0,0.0994191040912122,0,0.23
A05978,Springfield Health Physician Alliance,Wisconsin,2019,0,0.16613210756013505,0,0.23
A05980,Horizon Healthcare Collaborative,New York,2019,0,0.19752469124503794,0,0.23
A05981,Highland Health Network Partners,Connecticut,2019,0,0.18104350682629047,0,0.23
A05982,Pioneer Physicians Alliance,Texas,2019,1,0.23344404584457945,1,0.23
A05988,Highland Clinical Partners Alliance,Georgia,2019,0,0.05163865494899688,0,0.23
A05989,Stonebridge Health Partners Collaborative,Colorado,2019,0,0.07259806152605415,0,0.23
A05997,Lakeside Health Alliance Alliance,New Jersey,2019,1,0.13332752601766648,0,0.23
A05998,Gateway Health Partners Collaborative,New Jersey,2019,0,0.09607292890319019,0,0.23
A06006,Blue Ridge Provider Alliance Physician Alliance,Indiana,2019,0,0.1533852264957271,0,0.23
A06010,Pinnacle Provider Alliance Physician Alliance,Maryland,2019,0,0.059445494164724104,0,0.23
A06011,Unity Physicians Alliance,Florida,2019,0,0.0525083235489561,0,0.23
A06012,Northstar Health Collaborative Care Network,Maryland,2019,0,0.08060726768520515,0,0.23
A06013,Oakridge Care Partners Care Network,Wisconsin,2019,0,0.08041534348679903,0,0.23
A06018,Summit Health Alliance Alliance,California,2019,0,0.0654752990697197,0,0.23
A06023,Crestview Physicians Partners,Missouri,2019,1,0.07271299833810871,0,0.23
A06024,Pinnacle Medical Group Medical Center,Wisconsin,2019,0,0.1678882093474582,0,0.23
A06026,Heartland Medical Group Group,Michigan,2019,0,0.22100488488793438,0,0.23
A06032,Beacon Medical Physician Alliance,Massachusetts,2019,0,0.1600559520463801,0,0.23
A06036,Highland Health Collaborative Association,Arizona,2019,0,0.16881668138122666,0,0.23
A06045,Pioneer Medical Group Collaborative,Massachusetts,2019,0,0.04974244585141477,0,0.23
A06061,Metro Wellness Collaborative,Oregon,2019,0,0.04368931673604457,0,0.23
A06064,Parkview Medical Group Partners,New Jersey,2019,0,0.07764374862940221,0,0.23
A06066,Springfield Health Collaborative Alliance,Florida,2019,0,0.10609125724081564,0,0.23
A06074,Riverside Care Network Care Network,Wisconsin,2019,0,0.0945262043451716,0,0.23
A06081,Parkview Health Alliance Alliance,Alabama,2019,0,0.26338169215190727,1,0.23
A06082,Highland Care Health System,Connecticut,2019,0,0.0774103485979518,0,0.23
A06085,Maplewood Clinical Partners Physician Alliance,Missouri,2019,0,0.027925622315373846,0,0.23
A06087,Metro Health Network,Colorado,2019,0,0.08764560834956688,0,0.23
A06099,Summit Health Alliance Partners,Tennessee,2019,0,0.09563462872392367,0,0.23
A06102,Evergreen Medical Group Association,Connecticut,2019,0,0.379423490219852,1,0.23
A06110,Crestview Care Partners Health System,Florida,2019,0,0.18827847876217457,0,0.23
A06119,Clearview Provider Alliance Association,Georgia,2019,0,0.290319386652585,1,0.23
A06120,Cedar Integrated Health Network,Wisconsin,2019,0,0.27595874123217423,1,0.23
A06124,Northstar Care Alliance Association,Missouri,2019,1,0.29526826200022094,1,0.23
A06129,Parkview Care Medical Center,Illinois,2019,0,0.10257288560395336,0,0.23
A06131,Lakeside Physician Network Physician Alliance,Michigan,2019,0,0.18491741115916838,0,0.23
A06135,Metro Clinical Partners Group,Illinois,2019,0,0.12013890914337559,0,0.23
A06145,Riverbend Health Partners,Arizona,2019,0,0.09498130092224616,0,0.23
A06150,Valley Care Alliance Alliance,New Jersey,2019,1,0.20723779061929432,0,0.23
A06165,Highland Medical Partners,Virginia,2019,1,0.13254443101274177,0,0.23
A06174,Stonebridge Community Care Alliance,Michigan,2019,0,0.05644802880024354,0,0.23
A06176,Green Valley Physician Network Health System,Georgia,2019,0,0.02408978217200791,0,0.23
A06181,Maplewood Medical Group Group,New Jersey,2019,0,0.060963975295206634,0,0.23
A06193,Stonebridge Community Care Association,Minnesota,2019,0,0.1598702210371097,0,0.23
A06202,Blue Ridge Medical Group Association,Arizona,2019,0,0.17779161460943801,0,0.23
A06208,Green Valley Healthcare Group,New York,2019,0,0.036654344798512796,0,0.23
A06209,Westfield Care Group,Texas,2019,0,0.24630891689646256,1,0.23
A06224,Unity Clinical Partners Network,New Jersey,2019,0,0.31721727876280814,1,0.23
A06226,Community Medical Collaborative,Colorado,2019,0,0.13091874749746618,0,0.23
A06227,Maplewood Health Alliance Alliance,Ohio,2019,1,0.09902552216364036,0,0.23
A06231,Mountain View Health Health System,Tennessee,2019,0,0.049345339026158744,0,0.23
A06232,Lakeside Community Care Network,Georgia,2019,0,0.16414587150831939,0,0.23
A06245,Brookside Physician Network Medical Center,New Jersey,2019,0,0.1640123306478176,0,0.23
A06250,Blue Ridge Health Association,Illinois,2019,0,0.20846707625952068,0,0.23
A06255,Springfield Care Association,Texas,2019,0,0.08209686340129604,0,0.23
A06256,Crestview Physicians Group,Florida,2019,0,0.12371695995262805,0,0.23
A06259,Brookside Provider Alliance Association,North Carolina,2019,1,0.062172843395233414,0,0.23
A06262,Evergreen Physician Network Physician Alliance,Maryland,2019,0,0.09267782922685894,0,0.23
A06271,Metro Care Partners Group,Oregon,2019,0,0.03145983054993382,0,0.23
A06273,Maplewood Medical Medical Center,Ohio,2019,0,0.13892684357365473,0,0.23
A06278,Canyon Physicians Health System,New York,2019,1,0.09714858808028078,0,0.23
A06289,Valley Health Alliance Physician Alliance,Tennessee,2019,0,0.07761892744713178,0,0.23
A06294,Beacon Physicians Health System,Washington,2019,0,0.21677812344395897,0,0.23
A06299,Lakeside Care Partners Alliance,New York,2019,0,0.0885291005208879,0,0.23
A06301,Riverbend Care Network Network,New Jersey,2019,0,0.11830309719888799,0,0.23
A06307,Clearview Physician Network Medical Center,Missouri,2019,1,0.09442233348834003,0,0.23
A06310,Springfield Wellness Physician Alliance,Pennsylvania,2019,0,0.16472791077303545,0,0.23
A06313,Valley Medical Partners Medical Center,Florida,2019,0,0.029789867464332525,0,0.23
A06314,Blue Ridge Clinical Partners Collaborative,Wisconsin,2019,0,0.044411870206924095,0,0.23
A06315,Gateway Medical Group Association,California,2019,0,0.052626707343608664,0,0.23
A06316,Canyon Health Alliance Alliance,Missouri,2019,0,0.024301171405409903,0,0.23
A06327,Beacon Physicians Association,Colorado,2019,0,0.07872364375976737,0,0.23
A06330,Community Healthcare Physician Alliance,New York,2019,0,0.058711900599232134,0,0.23
A06332,Fairview Physician Network Collaborative,Illinois,2019,0,0.11528493849393165,0,0.23
A06338,Grandview Medical Group Network,Tennessee,2019,1,0.48958720334309175,1,0.23
A06348,Valley Care Network Partners,Missouri,2019,0,0.1289408396138459,0,0.23
A06358,Northstar Clinical Partners Health System,Wisconsin,2019,0,0.2536847430577848,1,0.23
A06359,Fairview Health Alliance Partners,Indiana,2019,0,0.03613284166862036,0,0.23
A06360,Northstar Physician Network Collaborative,New Jersey,2019,0,0.11603811357449302,0,0.23
A06361,Eastgate Provider Alliance Health System,Wisconsin,2019,0,0.13234402334135542,0,0.23
A06369,Meadow Care Alliance Care Network,Ohio,2019,0,0.2923962203446488,1,0.23
A06372,Grandview Health Alliance Association,Virginia,2019,1,0.04701284576864822,0,0.23
A06375,Unity Care Alliance Medical Center,Oregon,2019,0,0.08956792669952371,0,0.23
A06378,Stonebridge Health Physician Alliance,Missouri,2019,0,0.10458855580050493,0,0.23
A06386,Community Health Partners Medical Center,Massachusetts,2019,0,0.09966331741670166,0,0.23
A06389,Springfield Community Care Partners,Wisconsin,2019,0,0.18693082282098533,0,0.23
A06392,Eastgate Medical Group Association,New Jersey,2019,0,0.08391920429287915,0,0.23
A06393,WellSpring Health Network Care Network,Indiana,2019,0,0.19308867691090356,0,0.23
A06396,Oakridge Integrated Health Medical Center,Illinois,2019,0,0.03816646118277008,0,0.23
A06399,Oakridge Health Partners Health System,New York,2019,1,0.17151214981368848,0,0.23
A06406,Northstar Care Network Collaborative,North Carolina,2019,0,0.10639422909606983,0,0.23
A06407,Fairview Care Network,Georgia,2019,0,0.05874183021465189,0,0.23
A06410,Brookside Care Network Care Network,Alabama,2019,0,0.12502059027906098,0,0.23
A06416,Northstar Care Medical Center,Massachusetts,2019,1,0.3026031534935175,1,0.23
A06426,Valley Medical Care Network,Washington,2019,0,0.013484269859752096,0,0.23
A06431,Redwood Health Alliance Group,Ohio,2019,0,0.0872372026301214,0,0.23
A06432,Beacon Healthcare Physician Alliance,Massachusetts,2019,0,0.030657258070473037,0,0.23
A06434,Parkview Health Group,Pennsylvania,2019,0,0.06015700769016852,0,0.23
A06437,Heritage Health Collaborative Care Network,Tennessee,2019,0,0.020902536985231732,0,0.23
A06444,Valley Clinical Partners Association,Alabama,2019,0,0.19433420711561214,0,0.23
A06446,Green Valley Care Collaborative,Tennessee,2019,0,0.16214434494517793,0,0.23
A06452,Summit Physicians Collaborative,Washington,2019,0,0.14341666631298577,0,0.23
A06453,Oakridge Care Network Alliance,Florida,2019,0,0.050108871396978956,0,0.23
A06455,Brookside Wellness Partners,New York,2019,0,0.11579983292544206,0,0.23
A06460,Eastgate Integrated Health Alliance,Wisconsin,2019,0,0.04962327469014266,0,0.23
A06461,Blue Ridge Care Association,Oregon,2019,0,0.17444103109761622,0,0.23
A06467,Horizon Healthcare Association,Tennessee,2019,0,0.08019457077593652,0,0.23
A06479,Cedar Health Alliance Medical Center,Georgia,2019,1,0.2658294585877197,1,0.23
A06480,Unity Care Alliance Care Network,North Carolina,2019,0,0.15690799487499618,0,0.23
A06492,Golden Valley Health Collaborative Group,Missouri,2019,0,0.045611792857927345,0,0.23
A06508,Gateway Health Network Health System,Arizona,2019,1,0.11178618720766002,0,0.23
A06516,Summit Medical Partners Association,Indiana,2019,1,0.2762817117082152,1,0.23
A06523,Fairview Wellness Collaborative,Maryland,2019,0,0.034803706809680326,0,0.23
A06530,Crestview Health Physician Alliance,Georgia,2019,0,0.13271511192319307,0,0.23
A06537,Highland Health Care Network,Pennsylvania,2019,0,0.09327753355576951,0,0.23
A06538,Meadow Provider Alliance Care Network,Wisconsin,2019,0,0.13604344881786334,0,0.23
A06540,Pioneer Health Alliance,Tennessee,2019,0,0.4924169912190356,1,0.23
A06542,Eastgate Care Alliance Partners,Pennsylvania,2019,0,0.11733516841544063,0,0.23
A06544,Valley Medical Network,Virginia,2019,0,0.15893180026989323,0,0.23
A06546,Heartland Health Collaborative Network,New York,2019,0,0.06466213796115214,0,0.23
A06549,Gateway Care Alliance Physician Alliance,Tennessee,2019,0,0.1429631268859473,0,0.23
A06561,Blue Ridge Wellness Collaborative,California,2019,1,0.2828192269248248,1,0.23
A06562,Northstar Health Partners Health System,Connecticut,2019,0,0.19138801338862177,0,0.23
A06568,Maplewood Healthcare Physician Alliance,Alabama,2019,0,0.2003374412253369,0,0.23
A06569,Highland Care Network Alliance,Washington,2019,0,0.41771394578494425,1,0.23
A06572,Heritage Care Alliance Network,New Jersey,2019,0,0.10272814859781042,0,0.23
A06574,Crestview Physician Network Association,Missouri,2019,0,0.11598055253283965,0,0.23
A06576,Metro Integrated Health Physician Alliance,New Jersey,2019,0,0.046408461887760405,0,0.23
A06578,Evergreen Community Care Group,Connecticut,2019,1,0.31592640071233746,1,0.23
A06584,Fairview Care Alliance Care Network,Illinois,2019,0,0.15249245074244439,0,0.23
A06587,Grandview Clinical Partners Network,Texas,2019,0,0.030384730910978323,0,0.23
A06595,Blue Ridge Care Partners Collaborative,Tennessee,2019,0,0.22674649389279147,0,0.23
A06598,Heritage Provider Alliance Group,Missouri,2019,0,0.15613637477517547,0,0.23
A06604,Summit Health Partners Physician Alliance,California,2019,0,0.21125514401550002,0,0.23
A06608,Valley Physicians Care Network,Wisconsin,2019,0,0.17211763185892648,0,0.23
A06612,Green Valley Wellness Collaborative,Wisconsin,2019,1,0.18260410220913598,0,0.23
A06614,Parkview Wellness Association,Arizona,2019,0,0.05232795016396177,0,0.23
A06616,Riverside Health Physician Alliance,Connecticut,2019,0,0.04310252499567528,0,0.23
A06626,Riverbend Health Network Partners,Missouri,2019,0,0.1861716790330776,0,0.23
A06632,Redwood Physicians Medical Center,Washington,2019,1,0.5657462812397575,1,0.23
A06646,Horizon Provider Alliance Collaborative,Minnesota,2019,0,0.15576784485369524,0,0.23
A06651,Eastgate Health Network Collaborative,New York,2019,0,0.09702154291945476,0,0.23
A06652,Stonebridge Clinical Partners Network,Florida,2019,0,0.41734649286463266,1,0.23
A06653,Brookside Community Care Medical Center,North Carolina,2019,0,0.2629829817609485,1,0.23
A06657,Highland Care Partners Alliance,Alabama,2019,1,0.3263659845025235,1,0.23
A06666,WellSpring Care Alliance Medical Center,Oregon,2019,0,0.0642023355453073,0,0.23
A06674,Fairview Medical Medical Center,Missouri,2019,0,0.18104414597602803,0,0.23
A06677,Lakeside Medical Partners Physician Alliance,Washington,2019,0,0.14804272251911527,0,0.23
A06685,Riverside Health Network Medical Center,Oregon,2019,0,0.11144690549037588,0,0.23
A06693,Meadow Care Alliance,Colorado,2019,0,0.15624347225090715,0,0.23
A06704,Summit Physicians Health System,Minnesota,2019,0,0.06053928382022325,0,0.23
A06710,Heritage Health Alliance Collaborative,Texas,2019,0,0.11769657442702625,0,0.23
A06713,Valley Wellness Health System,Illinois,2019,0,0.12219582024437986,0,0.23
A06716,Clearview Medical Group Partners,Massachusetts,2019,0,0.0822140354725789,0,0.23
A06719,Mountain View Health Partners Association,Michigan,2019,0,0.058851672498883484,0,0.23
A06723,Unity Health Partners Care Network,Michigan,2019,1,0.5004466219386805,1,0.23
A06726,Golden Valley Care Health System,Arizona,2019,1,0.255025768305581,1,0.23
A06729,Meadow Health Partners Medical Center,Florida,2019,0,0.14924447249808062,0,0.23
A06737,Pinnacle Health Physician Alliance,North Carolina,2019,0,0.17609354962506157,0,0.23
A06740,Fairview Care Partners Network,New York,2019,0,0.07631283072955827,0,0.23
A06741,Springfield Health Group,Connecticut,2019,0,0.09694653978513154,0,0.23
A06746,Clearview Wellness Care Network,Illinois,2019,0,0.07249755740963482,0,0.23
A06749,Unity Health Collaborative Care Network,Massachusetts,2019,0,0.07550966921517008,0,0.23
A06750,Green Valley Health Collaborative Partners,Minnesota,2019,1,0.1396837068960764,0,0.23
A06752,Lakeside Care Medical Center,Virginia,2019,0,0.23293440406725419,1,0.23
A06753,Pioneer Provider Alliance Medical Center,Oregon,2019,0,0.26239496842874005,1,0.23
A06755,Fairview Health Alliance Collaborative,California,2019,0,0.08802432082364156,0,0.23
A06757,Springfield Wellness Association,North Carolina,2019,0,0.13708441312929673,0,0.23
A06758,Riverbend Wellness Physician Alliance,Colorado,2019,0,0.09672918769736155,0,0.23
A06777,Brookside Physician Network Group,Florida,2019,0,0.09176464888121051,0,0.23
A06779,Silverstone Wellness Health System,North Carolina,2019,1,0.2157320557699289,0,0.23
A06796,Cedar Community Care Care Network,Maryland,2019,0,0.22175622600307443,0,0.23
A06797,Summit Community Care Network,Michigan,2019,0,0.028977589806787562,0,0.23
A06799,Silverstone Medical Group Partners,Connecticut,2019,0,0.0847964152153527,0,0.23
A06806,Golden Valley Wellness Collaborative,Illinois,2019,0,0.08720241198543098,0,0.23
A06818,Maplewood Health Alliance Physician Alliance,New Jersey,2019,1,0.4986494587623943,1,0.23
A06827,Crestview Medical Physician Alliance,Virginia,2019,0,0.02850042716308436,0,0.23
A06830,Oakridge Medical Group Group,Georgia,2019,1,0.03018270970656997,0,0.23
A06840,Cedar Health Collaborative Medical Center,Colorado,2019,0,0.15153207708281052,0,0.23
A06842,Lakeside Care Alliance Physician Alliance,Pennsylvania,2019,1,0.1485628635943982,0,0.23
A06846,Heritage Community Care Association,Arizona,2019,0,0.07949278226775303,0,0.23
A06849,Grandview Medical Physician Alliance,Georgia,2019,0,0.1534005474152527,0,0.23
A06850,Lakeside Community Care Partners,Alabama,2019,0,0.037250136463179095,0,0.23
A06860,Unity Health Partners Partners,Connecticut,2019,0,0.2410167822221456,1,0.23
A06866,Cedar Medical Alliance,Wisconsin,2019,0,0.06054354171162748,0,0.23
A06886,Northstar Health Partners Collaborative,Texas,2019,0,0.06667591014358915,0,0.23
A06890,Canyon Health Partners Network,Virginia,2019,0,0.06352827835684748,0,0.23
A06897,Community Health Alliance,Missouri,2019,0,0.1947503200480475,0,0.23
A06904,Evergreen Care Alliance Network,Wisconsin,2019,0,0.24706876917434806,1,0.23
A06907,Highland Medical Collaborative,Missouri,2019,0,0.2407410795069147,1,0.23
A06913,Clearview Health Network Physician Alliance,Missouri,2019,0,0.051965652911027324,0,0.23
A06917,Clearview Healthcare Collaborative,Maryland,2019,0,0.04178982384165733,0,0.23
A06919,Heritage Community Care Medical Center,Colorado,2019,0,0.08720241198543098,0,0.23
A06952,Lakeside Health Alliance Medical Center,Wisconsin,2019,0,0.023049642602763303,0,0.23
A06955,Green Valley Provider Alliance Alliance,Connecticut,2019,0,0.14634255955317207,0,0.23
A06958,Crestview Care Network Health System,Georgia,2019,1,0.2977168440515354,1,0.23
A06961,Silverstone Care Partners Group,California,2019,0,0.16586003883623118,0,0.23
A06963,Golden Valley Wellness Partners,Wisconsin,2019,0,0.2750536993354892,1,0.23
A06964,Westfield Health Network Collaborative,Virginia,2019,1,0.3057386396167841,1,0.23
A06965,Clearview Medical Partners Physician Alliance,Colorado,2019,0,0.23992282977089885,1,0.23
A06966,Green Valley Healthcare Physician Alliance,Indiana,2019,0,0.08380955714291514,0,0.23
A06974,Gateway Health Partners Partners,Michigan,2019,1,0.2033288384457935,0,0.23
A06980,Horizon Medical Group Alliance,Texas,2019,1,0.04947393605739345,0,0.23
A06984,Heritage Physicians Alliance,Tennessee,2019,0,0.05084806082677384,0,0.23
A06987,Evergreen Health Collaborative,Pennsylvania,2019,0,0.03773058367807582,0,0.23
A07006,WellSpring Wellness Alliance,Virginia,2019,0,0.053382055570188915,0,0.23
A07016,Riverbend Care Medical Center,Massachusetts,2019,0,0.18351025055847883,0,0.23
A07018,Westfield Integrated Health Association,Virginia,2019,0,0.056829402324668356,0,0.23
A07029,Grandview Medical Partners Physician Alliance,Virginia,2019,0,0.1045200762759433,0,0.23
A07031,Golden Valley Care Partners Physician Alliance,Washington,2019,0,0.12024344653697419,0,0.23
A07041,Fairview Physicians Group,Georgia,2019,0,0.07390386604997082,0,0.23
A07042,Unity Physician Network Association,New York,2019,0,0.04844288706472954,0,0.23
A07050,Northstar Physicians Partners,California,2019,0,0.014468421695631315,0,0.23
A07055,Valley Provider Alliance Alliance,Michigan,2019,0,0.10291107435791312,0,0.23
A07056,Meadow Care Partners Group,Pennsylvania,2019,0,0.12326670760841857,0,0.23
A07057,Mountain View Wellness Alliance,New York,2019,0,0.16097301627720775,0,0.23
A07061,Oakridge Health Network Partners,Washington,2019,0,0.16382772792449565,0,0.23
A07065,Valley Health Alliance Network,North Carolina,2019,0,0.08730523050079379,0,0.23
A07072,Valley Physicians Partners,Michigan,2019,0,0.10259052727326776,0,0.23
A07079,Oakridge Health Alliance Network,Washington,2019,1,0.3579335193907241,1,0.23
A07083,Riverbend Physician Network Association,Virginia,2019,0,0.06694803170209573,0,0.23
A07085,Green Valley Care Care Network,Texas,2019,0,0.03700889900487417,0,0.23
A07088,Parkview Care Network Health System,Massachusetts,2019,1,0.20878787782518593,0,0.23
A07091,Horizon Health Network Partners,Alabama,2019,0,0.23546108277131483,1,0.23
A07103,Brookside Care Partners Care Network,Connecticut,2019,0,0.07747228908071423,0,0.23
A07106,Heartland Integrated Health Medical Center,Indiana,2019,0,0.10749183665638606,0,0.23
A07108,Highland Wellness Alliance,Arizona,2019,0,0.12004047948710113,0,0.23
A07110,Riverside Health Collaborative Association,Michigan,2019,0,0.11507697551390099,0,0.23
A07112,Blue Ridge Care Partners Care Network,Tennessee,2019,1,0.10994422760122151,0,0.23
A07120,Unity Health Network Medical Center,Texas,2019,0,0.21390713041513332,0,0.23
A07121,Heritage Medical Medical Center,New Jersey,2019,0,0.1276248496338855,0,0.23
A07126,Stonebridge Care Association,Minnesota,2019,0,0.08139631845804705,0,0.23
A07131,Unity Clinical Partners Group,Maryland,2019,0,0.1803002586774117,0,0.23
A07142,Mountain View Care Partners Partners,Michigan,2019,0,0.052167348190281564,0,0.23
A07146,Summit Health Collaborative Association,Virginia,2019,0,0.0337758074667004,0,0.23
A07150,Maplewood Physicians Collaborative,New York,2019,0,0.12076374120121176,0,0.23
A07171,Horizon Integrated Health Alliance,Oregon,2019,0,0.03775227867429423,0,0.23
A07172,Eastgate Health Partners,Alabama,2019,0,0.08067842098291489,0,0.23
A07179,Fairview Medical Partners Medical Center,Virginia,2019,1,0.046612827438154696,0,0.23
A07181,Riverside Medical Partners Association,Connecticut,2019,0,0.6420583071999155,1,0.23
A07182,Lakeside Physicians Collaborative,North Carolina,2019,1,0.295867567761803,1,0.23
A07194,Beacon Health Network Partners,Pennsylvania,2019,0,0.03070329293210738,0,0.23
A07207,Oakridge Medical Partners Partners,North Carolina,2019,0,0.16560735820370975,0,0.23
A07210,Gateway Care Partners Care Network,North Carolina,2019,0,0.05616916818283991,0,0.23
A07220,Highland Health Collaborative Health System,Colorado,2019,1,0.18605303493280748,0,0.23
A07233,Silverstone Health Health System,New York,2019,0,0.1253258780545759,0,0.23
A07251,Gateway Community Care Group,Tennessee,2019,0,0.19685676890898723,0,0.23
A07261,Redwood Health Care Network,Illinois,2019,1,0.30772915824433844,1,0.23
A07263,Grandview Physicians Alliance,Texas,2019,0,0.03352889091760438,0,0.23
A07266,Maplewood Care Network Medical Center,Indiana,2019,0,0.1421480683057683,0,0.23
A07269,Northstar Medical Medical Center,California,2019,0,0.17326212507935587,0,0.23
A07272,Blue Ridge Healthcare Association,Texas,2019,0,0.058055362943315966,0,0.23
A07282,Beacon Health Alliance Medical Center,Tennessee,2019,0,0.2642117450356098,1,0.23
A07300,Pinnacle Healthcare Collaborative,New Jersey,2019,0,0.22095079456326602,0,0.23
A07302,Westfield Care Network Physician Alliance,Arizona,2019,1,0.14740652089736891,0,0.23
A07304,Horizon Care Network Health System,Indiana,2019,0,0.06870508555295485,0,0.23
A07308,Metro Health Alliance Alliance,Minnesota,2019,0,0.218517693212547,0,0.23
A07312,Stonebridge Provider Alliance Health System,Michigan,2019,0,0.1328036622900608,0,0.23
A07315,Heritage Integrated Health Association,North Carolina,2019,0,0.02816520717170491,0,0.23
A07317,Maplewood Physicians Health System,Colorado,2019,0,0.09142881850627514,0,0.23
A07320,Highland Community Care Medical Center,New Jersey,2019,0,0.06947480092601495,0,0.23
A07332,Northstar Care Partners,Texas,2019,0,0.2047461932321909,0,0.23
A07334,Unity Health Health System,Tennessee,2019,0,0.24689103021925596,1,0.23
A07336,Riverside Wellness Physician Alliance,New Jersey,2019,0,0.14649133697803912,0,0.23
A07339,Heartland Health Collaborative Medical Center,Minnesota,2019,0,0.10016574798676647,0,0.23
A07340,Gateway Health Partners Care Network,New York,2019,0,0.03935204269880272,0,0.23
A07342,Valley Health Partners Collaborative,Maryland,2019,0,0.01607264017075598,0,0.23
A07345,Highland Care Network Care Network,Missouri,2019,0,0.1572714756320873,0,0.23
A07346,Northstar Provider Alliance Care Network,Alabama,2019,0,0.19824509761931872,0,0.23
A07348,Springfield Physicians Collaborative,California,2019,0,0.16076229903498682,0,0.23
A07359,Community Integrated Health Physician Alliance,Arizona,2019,0,0.12128551623475307,0,0.23
A07364,Pinnacle Community Care Medical Center,Tennessee,2019,0,0.07701541187412016,0,0.23
A07366,Mountain View Medical Group Care Network,Texas,2019,0,0.034541685780144965,0,0.23
A07368,Cedar Care Partners Health System,Alabama,2019,0,0.06364171861005308,0,0.23
A07372,Eastgate Physicians Partners,Oregon,2019,0,0.07455065375500652,0,0.23
A07374,Oakridge Care Network Health System,Michigan,2019,0,0.15345281153369125,0,0.23
A07379,Springfield Community Care Association,Pennsylvania,2019,0,0.05375535475556559,0,0.23
A07386,Summit Medical Group Medical Center,Illinois,2019,0,0.19549934028287336,0,0.23
A07394,Silverstone Care Partners Care Network,Washington,2019,0,0.14107903184045134,0,0.23
A07406,Heritage Health Partners Partners,Wisconsin,2019,0,0.08057846554300767,0,0.23
A07407,Eastgate Medical Group Collaborative,Colorado,2019,0,0.07790948810348591,0,0.23
A07413,Beacon Health Network Physician Alliance,Tennessee,2019,0,0.16958399917330216,0,0.23
A07422,Community Care Alliance Physician Alliance,Minnesota,2019,0,0.0817085318506586,0,0.23
A07425,Cedar Medical Partners Care Network,Ohio,2019,0,0.26238713374702455,1,0.23
A07426,Unity Integrated Health Care Network,Oregon,2019,0,0.13434146727584861,0,0.23
A07431,Heritage Care Alliance Group,Texas,2019,0,0.10928933017783578,0,0.23
A07440,Unity Medical Group Network,Michigan,2019,0,0.04458675459195477,0,0.23
A07448,Riverbend Health Collaborative Care Network,Massachusetts,2019,0,0.19601298245758503,0,0.23
A07453,Brookside Community Care Collaborative,Colorado,2019,0,0.13609536262404429,0,0.23
A07456,Redwood Medical Partners Partners,Arizona,2019,0,0.0652070751536992,0,0.23
A07468,Heritage Wellness Physician Alliance,Massachusetts,2019,0,0.04423028805553287,0,0.23
A07478,Riverbend Health Alliance Medical Center,Maryland,2019,1,0.3299154448619327,1,0.23
A07480,Valley Wellness Medical Center,Indiana,2019,0,0.017944944644270586,0,0.23
A07481,Riverside Health Partners Medical Center,Wisconsin,2019,0,0.06983462006130858,0,0.23
A07490,Canyon Care Alliance Health System,Minnesota,2019,0,0.16044999988699268,0,0.23
A00003,Oakridge Health Physician Alliance,Arizona,2020,1,0.3446864970253024,1,0.23
A00004,Eastgate Medical Group Health System,Michigan,2020,0,0.07643380909132062,0,0.23
A00011,Heritage Wellness Network,Maryland,2020,0,0.054440207996217245,0,0.23
A00017,Parkview Care Network,Indiana,2020,0,0.20998040797384632,0,0.23
A00018,Grandview Health Network Network,Michigan,2020,0,0.10161802785956545,0,0.23
A00025,Northstar Healthcare Alliance,Oregon,2020,0,0.0664525733198146,0,0.23
A00032,Heartland Medical Partners Partners,Alabama,2020,0,0.22967588431551025,0,0.23
A00044,Mountain View Clinical Partners Group,Massachusetts,2020,0,0.18542204122237027,0,0.23
A00049,Community Health Partners Health System,Missouri,2020,0,0.07740823540537545,0,0.23
A00055,Westfield Medical Partners Network,Illinois,2020,0,0.10072132853292674,0,0.23
A00069,Fairview Health Partners Health System,Connecticut,2020,0,0.04833527407353918,0,0.23
A00072,Crestview Health Alliance Network,Indiana,2020,0,0.07238351399401059,0,0.23
A00078,Heartland Clinical Partners Medical Center,Colorado,2020,0,0.11932686455653041,0,0.23
A00080,Maplewood Community Care Health System,Arizona,2020,1,0.44175425852792144,1,0.23
A00081,Pioneer Medical Health System,New York,2020,1,0.06237850372224176,0,0.23
A00090,Lakeside Medical Group Health System,Tennessee,2020,0,0.14048597906284666,0,0.23
A00092,Parkview Medical Partners,Pennsylvania,2020,0,0.24646163271450786,1,0.23
A00093,Gateway Provider Alliance Alliance,Ohio,2020,0,0.15788810229894512,0,0.23
A00094,Metro Care Care Network,Massachusetts,2020,0,0.10590042596171095,0,0.23
A00109,Eastgate Care Alliance Association,Texas,2020,1,0.44593380517312264,1,0.23
A00114,Westfield Community Care Medical Center,Missouri,2020,0,0.2932363863563523,1,0.23
A00115,Blue Ridge Care Alliance Collaborative,Minnesota,2020,0,0.2253615524543903,0,0.23
A00117,Evergreen Care Alliance Health System,Florida,2020,0,0.06380413672013108,0,0.23
A00129,Redwood Health Collaborative Network,Pennsylvania,2020,0,0.14834335419161193,0,0.23
A00132,WellSpring Health Network Medical Center,Minnesota,2020,0,0.15536473278397056,0,0.23
A00133,Clearview Health Partners Network,Tennessee,2020,1,0.3486049950273301,1,0.23
A00140,Community Community Care Alliance,Illinois,2020,0,0.060800457821055316,0,0.23
A00143,Springfield Clinical Partners Care Network,Maryland,2020,0,0.024795622446061514,0,0.23
A00156,Blue Ridge Health Partners,Connecticut,2020,0,0.07047866056481336,0,0.23
A00162,Mountain View Care Network Care Network,Arizona,2020,1,0.17987180372755632,0,0.23
A00164,Maplewood Provider Alliance Group,Alabama,2020,0,0.08211625715500981,0,0.23
A00165,Northstar Health Alliance Health System,Ohio,2020,0,0.20281579947558817,0,0.23
A00166,Silverstone Medical Partners Alliance,Michigan,2020,0,0.12952341765470654,0,0.23
A00168,Cedar Care Partners Partners,Oregon,2020,0,0.07655561959678911,0,0.23
A00169,Maplewood Health Partners Network,Massachusetts,2020,0,0.0513392061014649,0,0.23
A00175,Canyon Healthcare Medical Center,Wisconsin,2020,0,0.07081012999343787,0,0.23
A00183,WellSpring Physician Network Group,Arizona,2020,0,0.10649058921499907,0,0.23
A00184,Westfield Medical Group Network,Maryland,2020,0,0.14357683539641178,0,0.23
A00186,Canyon Medical Collaborative,Illinois,2020,1,0.046612827438154696,0,0.23
A00190,Pioneer Health Network Health System,Arizona,2020,0,0.05615128586140203,0,0.23
A00195,Pioneer Community Care Association,California,2020,0,0.10669963769398554,0,0.23
A00198,Northstar Integrated Health Network,Arizona,2020,0,0.21203380822324816,0,0.23
A00199,Grandview Medical Partners Collaborative,Oregon,2020,0,0.17576706720930524,0,0.23
A00205,Highland Care Network Network,Oregon,2020,0,0.1748823672729722,0,0.23
A00206,Parkview Health Partners Partners,Missouri,2020,0,0.021301001833403617,0,0.23
A00208,Parkview Integrated Health Medical Center,Alabama,2020,0,0.1375212301787614,0,0.23
A00219,Gateway Health Network Association,Connecticut,2020,0,0.18432984773417466,0,0.23
A00220,Cedar Care Care Network,Washington,2020,0,0.2511875371820058,1,0.23
A00227,Golden Valley Care Network Group,New York,2020,0,0.06791323566452726,0,0.23
A00240,Fairview Medical Association,Arizona,2020,0,0.1743404215567583,0,0.23
A00265,Gateway Health Alliance Health System,Wisconsin,2020,1,0.516063960611017,1,0.23
A00268,Grandview Health Alliance,Indiana,2020,0,0.04679757017129177,0,0.23
A00279,Heritage Physicians Medical Center,Oregon,2020,0,0.03546962278068901,0,0.23
A00293,Gateway Clinical Partners Medical Center,Minnesota,2020,1,0.33280903250943333,1,0.23
A00302,Redwood Healthcare Group,New York,2020,1,0.09262931324021997,0,0.23
A00314,Blue Ridge Medical Partners Physician Alliance,Massachusetts,2020,0,0.15815465331166556,0,0.23
A00324,Evergreen Provider Alliance Group,Alabama,2020,0,0.16921907453779694,0,0.23
A00328,WellSpring Care Medical Center,New York,2020,0,0.1041054820469832,0,0.23
A00329,Parkview Health Collaborative,Illinois,2020,0,0.028098186414111367,0,0.23
A00336,Mountain View Community Care Collaborative,Texas,2020,0,0.034825227527352044,0,0.23
A00344,WellSpring Care Alliance,Missouri,2020,0,0.11012687410962585,0,0.23
A00353,Brookside Care Network Physician Alliance,Ohio,2020,0,0.04091961693135922,0,0.23
A00354,Pinnacle Medical Health System,Washington,2020,0,0.1429110814006302,0,0.23
A00357,Fairview Community Care Association,Connecticut,2020,0,0.055806341489575376,0,0.23
A00367,Green Valley Wellness Association,Wisconsin,2020,1,0.14506672151083408,0,0.23
A00371,Clearview Clinical Partners Care Network,Georgia,2020,0,0.2758924870112443,1,0.23
A00376,Blue Ridge Care Partners Physician Alliance,Pennsylvania,2020,1,0.13052810529823097,0,0.23
A00385,Fairview Health Alliance,Colorado,2020,0,0.059448766832488856,0,0.23
A00395,Valley Provider Alliance Group,Maryland,2020,0,0.08755484677023015,0,0.23
A00417,Lakeside Community Care Collaborative,New Jersey,2020,0,0.0785995522891188,0,0.23
A00419,Metro Care Partners,New York,2020,0,0.1651568109962633,0,0.23
A00430,Mountain View Care Care Network,Tennessee,2020,0,0.04575701166881698,0,0.23
A00432,Heritage Community Care Alliance,Michigan,2020,0,0.1000793726938024,0,0.23
A00435,Riverside Community Care Partners,Connecticut,2020,0,0.07105789094062838,0,0.23
A00436,Gateway Health Alliance Care Network,Missouri,2020,0,0.07306283959863,0,0.23
A00438,WellSpring Medical Physician Alliance,Illinois,2020,0,0.1070846508823807,0,0.23
A00446,Beacon Care Partners Care Network,Ohio,2020,0,0.0372487947501955,0,0.23
A00447,Westfield Medical Group,Georgia,2020,0,0.1530448190478912,0,0.23
A00458,Lakeside Care Collaborative,California,2020,0,0.11569162241137483,0,0.23
A00460,Valley Physician Network Care Network,Texas,2020,0,0.10881273981589432,0,0.23
A00465,Riverbend Health Partners Alliance,Texas,2020,0,0.14605119329454244,0,0.23
A00469,Pinnacle Health Collaborative Group,Connecticut,2020,0,0.10965364171547698,0,0.23
A00494,Gateway Care Alliance Alliance,Texas,2020,0,0.09454597774485471,0,0.23
A00497,Green Valley Medical Care Network,Washington,2020,0,0.18155153238290367,0,0.23
A00500,Lakeside Community Care Physician Alliance,Colorado,2020,0,0.09881880183420495,0,0.23
A00502,Lakeside Health Collaborative Network,Florida,2020,0,0.08802611401790786,0,0.23
A00503,Blue Ridge Physicians Care Network,California,2020,0,0.14788092343983933,0,0.23
A00504,Brookside Health Collaborative Physician Alliance,North Carolina,2020,0,0.2328510371856061,1,0.23
A00508,Springfield Health Partners Collaborative,Colorado,2020,1,0.18032532321793185,0,0.23
A00520,Westfield Health Network Medical Center,Texas,2020,0,0.048429777994805925,0,0.23
A00528,Grandview Healthcare Association,Indiana,2020,0,0.1264518126315445,0,0.23
A00529,Highland Health Group,Wisconsin,2020,0,0.06756099714328484,0,0.23
A00530,Pioneer Care Physician Alliance,Alabama,2020,0,0.1507197254647282,0,0.23
A00532,Meadow Medical Partners Collaborative,Michigan,2020,0,0.11616825731352932,0,0.23
A00534,Eastgate Care Alliance Medical Center,Georgia,2020,0,0.11623242321353197,0,0.23
A00541,Canyon Clinical Partners Partners,New York,2020,0,0.07325248792230549,0,0.23
A00548,Summit Medical Group Association,Missouri,2020,0,0.08044609610108067,0,0.23
A00551,Fairview Physician Network Group,Virginia,2020,0,0.06379226572660918,0,0.23
A00553,Silverstone Integrated Health Health System,Pennsylvania,2020,0,0.04223722128404262,0,0.23
A00590,Brookside Integrated Health Collaborative,Michigan,2020,1,0.10390512388467098,0,0.23
A00598,Eastgate Health Alliance,Missouri,2020,0,0.03408495636201686,0,0.23
A00603,Pinnacle Health Alliance Collaborative,Texas,2020,0,0.11153209140111756,0,0.23
A00604,Brookside Community Care Health System,Michigan,2020,1,0.18182459941978768,0,0.23
A00613,Canyon Health Network Medical Center,Tennessee,2020,0,0.045379156932812775,0,0.23
A00615,Eastgate Medical Group Medical Center,Maryland,2020,0,0.060448145571743474,0,0.23
A00617,Blue Ridge Care Alliance Physician Alliance,Tennessee,2020,0,0.07937982496600546,0,0.23
A00618,Brookside Health Partners,Missouri,2020,0,0.16023986568048926,0,0.23
A00623,WellSpring Health Network Partners,Colorado,2020,1,0.16830588884286557,0,0.23
A00629,Westfield Physicians Group,Missouri,2020,0,0.09127289031061445,0,0.23
A00657,Metro Medical Partners Physician Alliance,Washington,2020,0,0.053246178758334775,0,0.23
A00658,Westfield Integrated Health Collaborative,Oregon,2020,0,0.3942503311760135,1,0.23
A00661,Golden Valley Community Care Partners,Arizona,2020,1,0.23262388382243632,1,0.23
A00662,Golden Valley Health Collaborative Care Network,Oregon,2020,0,0.10027574520986793,0,0.23
A00664,Evergreen Provider Alliance Health System,California,2020,0,0.023196711409089188,0,0.23
A00671,Evergreen Health Partners Network,Missouri,2020,0,0.06948270814721719,0,0.23
A00677,WellSpring Health Collaborative Medical Center,Florida,2020,0,0.10583387645564551,0,0.23
A00679,Oakridge Health Alliance,Colorado,2020,0,0.12231153056037382,0,0.23
A00681,Grandview Care Alliance Medical Center,Tennessee,2020,0,0.10189057681094552,0,0.23
A00687,Springfield Medical Medical Center,Tennessee,2020,0,0.12321292582964113,0,0.23
A00688,Lakeside Care Alliance Alliance,Ohio,2020,0,0.16172007073273037,0,0.23
A00689,Grandview Health Partners Association,Missouri,2020,0,0.02689738496654656,0,0.23
A00690,Heartland Healthcare Care Network,North Carolina,2020,1,0.17280171811773698,0,0.23
A00703,Heartland Healthcare Health System,Connecticut,2020,0,0.16565901885946388,0,0.23
A00708,Highland Medical Network,Connecticut,2020,1,0.10959895804981916,0,0.23
A00726,Westfield Health Medical Center,Arizona,2020,0,0.10273653030229626,0,0.23
A00732,Heartland Health Alliance Collaborative,North Carolina,2020,0,0.2184198573324925,0,0.23
A00748,Heritage Health Partners Health System,California,2020,0,0.05829342210725489,0,0.23
A00752,Mountain View Medical Group Physician Alliance,Michigan,2020,0,0.1906486630122243,0,0.23
A00754,Clearview Medical Association,Tennessee,2020,0,0.38394575920708457,1,0.23
A00765,Oakridge Medical Group Physician Alliance,Michigan,2020,0,0.22910066094112602,0,0.23
A00770,Golden Valley Medical Group Group,Florida,2020,0,0.07800830123213469,0,0.23
A00771,Community Care Partners Group,New York,2020,0,0.028787088450002704,0,0.23
A00772,Fairview Clinical Partners Group,Missouri,2020,0,0.14565997502780687,0,0.23
A00778,Redwood Care Alliance Physician Alliance,Maryland,2020,0,0.275420420446376,1,0.23
A00787,Springfield Health Partners Association,Oregon,2020,0,0.14283188087252272,0,0.23
A00816,Meadow Physicians Collaborative,New Jersey,2020,1,0.38460016871747393,1,0.23
A00817,Summit Care Partners Care Network,Arizona,2020,0,0.2408764742692469,1,0.23
A00818,Valley Care Partners Health System,Pennsylvania,2020,1,0.20867157352966106,0,0.23
A00820,Maplewood Care Partners Medical Center,New Jersey,2020,0,0.21637691423280203,0,0.23
A00823,Lakeside Community Care Care Network,Illinois,2020,0,0.1876973975781646,0,0.23
A00825,Springfield Integrated Health Association,New York,2020,0,0.09124507651505277,0,0.23
A00828,Riverside Health Partners Care Network,New York,2020,0,0.16611812804903206,0,0.23
A00832,Unity Clinical Partners Physician Alliance,Tennessee,2020,0,0.16256542947854308,0,0.23
A00835,Northstar Medical Partners Network,Tennessee,2020,0,0.04715317777039992,0,0.23
A00839,Gateway Care Care Network,Massachusetts,2020,0,0.048341327580764065,0,0.23
A00840,Golden Valley Care Partners Collaborative,California,2020,0,0.2750291573409853,1,0.23
A00842,Summit Care Partners Health System,Arizona,2020,0,0.06580362611173905,0,0.23
A00844,Brookside Clinical Partners Physician Alliance,California,2020,0,0.035740496952267976,0,0.23
A00847,Mountain View Care Network Medical Center,Colorado,2020,0,0.18104419704482616,0,0.23
A00851,Blue Ridge Health Collaborative Group,Oregon,2020,0,0.04907630257331981,0,0.23
A00853,Riverside Care Partners Alliance,Indiana,2020,0,0.07620729757140413,0,0.23
A00854,Riverside Community Care Group,Alabama,2020,0,0.1449750315679667,0,0.23
A00857,Riverside Care Network Group,Alabama,2020,1,0.5850459566519359,1,0.23
A00858,Canyon Health Network Association,Florida,2020,0,0.06557968616264397,0,0.23
A00866,Clearview Care Medical Center,Minnesota,2020,0,0.04166849650128152,0,0.23
A00876,Gateway Medical Group,Virginia,2020,0,0.20704260736998323,0,0.23
A00877,Unity Health Medical Center,Maryland,2020,0,0.3738422734592363,1,0.23
A00880,Riverbend Medical Care Network,Indiana,2020,0,0.08082730624238967,0,0.23
A00896,Blue Ridge Health Partners Network,Colorado,2020,0,0.07596971799168084,0,0.23
A00897,Crestview Provider Alliance Partners,Connecticut,2020,0,0.1514883468539539,0,0.23
A00903,Stonebridge Community Care Care Network,Oregon,2020,0,0.024040334068160116,0,0.23
A00904,Brookside Provider Alliance Care Network,New Jersey,2020,0,0.23354077351169483,1,0.23
A00910,Valley Health Collaborative,Massachusetts,2020,0,0.059036326091190146,0,0.23
A00911,Beacon Clinical Partners Network,Alabama,2020,0,0.041448792388637946,0,0.23
A00918,Horizon Care Partners Network,Minnesota,2020,0,0.09110040484656007,0,0.23
A00921,Unity Medical Partners Care Network,Virginia,2020,0,0.03953953716986717,0,0.23
A00929,Stonebridge Medical Group Collaborative,Illinois,2020,0,0.14829992755646026,0,0.23
A00931,Metro Care Collaborative,Connecticut,2020,0,0.08666640768735333,0,0.23
A00937,Maplewood Health Collaborative Medical Center,North Carolina,2020,0,0.44328746626228416,1,0.23
A00945,Clearview Health Health System,North Carolina,2020,0,0.13097230660817863,0,0.23
A00953,Riverbend Medical Association,Ohio,2020,0,0.1647950632516132,0,0.23
A00956,Fairview Physician Network Association,Pennsylvania,2020,0,0.07142605359977736,0,0.23
A00968,Unity Physician Network Physician Alliance,Georgia,2020,1,0.2831195507665997,1,0.23
A00969,Golden Valley Provider Alliance Association,Michigan,2020,0,0.0642152270303138,0,0.23
A00972,Valley Care Alliance Group,Minnesota,2020,0,0.06779008334660507,0,0.23
A00979,Maplewood Integrated Health Medical Center,Texas,2020,0,0.049770895816362,0,0.23
A00980,Fairview Integrated Health Partners,Connecticut,2020,0,0.28454146884190346,1,0.23
A00986,Riverside Physicians Physician Alliance,Indiana,2020,1,0.24314685846837086,1,0.23
A00987,Pioneer Care Partners Collaborative,New York,2020,0,0.13695166845570225,0,0.23
A00988,Eastgate Care Partners Alliance,Illinois,2020,0,0.06786126771610455,0,0.23
A00994,Evergreen Physician Network Care Network,Alabama,2020,0,0.07980668447074662,0,0.23
A01001,Pinnacle Physician Network Association,Oregon,2020,0,0.18151547443483293,0,0.23
A01002,Canyon Care Network,Arizona,2020,0,0.08210196121602982,0,0.23
A01006,Summit Community Care Physician Alliance,Georgia,2020,0,0.04063176047603905,0,0.23
A01013,Heritage Medical Partners Physician Alliance,Colorado,2020,0,0.11188946075812226,0,0.23
A01014,Clearview Care Network Alliance,Maryland,2020,0,0.015629449233091557,0,0.23
A01023,Fairview Health Alliance Network,Virginia,2020,0,0.03774631095301177,0,0.23
A01025,Cedar Health Partners Care Network,Wisconsin,2020,0,0.2807577374828376,1,0.23
A01028,Mountain View Health Partners Medical Center,Oregon,2020,1,0.21075617432508675,0,0.23
A01030,Eastgate Healthcare Care Network,North Carolina,2020,0,0.0539945268628464,0,0.23
A01041,Riverbend Care Association,Illinois,2020,0,0.06167858260178703,0,0.23
A01051,Unity Care Network Medical Center,Virginia,2020,0,0.07845510683903306,0,0.23
A01052,Green Valley Health Collaborative Health System,Washington,2020,0,0.41700463263041176,1,0.23
A01053,Riverbend Care Alliance,Oregon,2020,0,0.05656602413713133,0,0.23
A01060,Valley Community Care Partners,Alabama,2020,1,0.14606182442694263,0,0.23
A01069,Lakeside Community Care Alliance,Missouri,2020,1,0.29836925664369074,1,0.23
A01084,Heritage Health Network Health System,Wisconsin,2020,0,0.030478337872397704,0,0.23
A01091,Valley Medical Partners Health System,Indiana,2020,0,0.08553464798408238,0,0.23
A01098,Springfield Health Care Network,Missouri,2020,0,0.40383309721048205,1,0.23
A01105,Westfield Health Physician Alliance,Washington,2020,0,0.13138813830318352,0,0.23
A01110,Heritage Health Alliance Association,Tennessee,2020,0,0.12117486565855475,0,0.23
A01111,Grandview Medical Group,Indiana,2020,0,0.13106909710886933,0,0.23
A01117,Highland Care Network Health System,Connecticut,2020,0,0.2296068747152912,0,0.23
A01120,Maplewood Health Network Association,Michigan,2020,0,0.22976719692415004,0,0.23
A01121,Golden Valley Integrated Health Care Network,Florida,2020,0,0.06152202471658713,0,0.23
A01122,Meadow Medical Partners Medical Center,Arizona,2020,0,0.07779518956592865,0,0.23
A01135,Lakeside Health Network Partners,Texas,2020,0,0.07402550985528922,0,0.23
A01137,Springfield Health Partners Health System,Illinois,2020,0,0.1751572134757653,0,0.23
A01145,Horizon Health Alliance Collaborative,Washington,2020,0,0.06516790250169324,0,0.23
A01147,Heritage Physicians Network,Illinois,2020,0,0.10501849454624854,0,0.23
A01154,Pinnacle Medical Group Network,Maryland,2020,0,0.06494187112035316,0,0.23
A01156,Cedar Medical Group Group,Alabama,2020,1,0.15176133994125787,0,0.23
A01160,Horizon Healthcare Group,Michigan,2020,1,0.12299700109069667,0,0.23
A01161,Riverbend Wellness Group,Oregon,2020,0,0.20895789250984073,0,0.23
A01168,Lakeside Care Partners Group,Pennsylvania,2020,0,0.057003412359160927,0,0.23
A01172,Heartland Health Association,Massachusetts,2020,0,0.14300996257986612,0,0.23
A01173,Springfield Integrated Health Care Network,Texas,2020,1,0.2020122965394927,0,0.23
A01175,Evergreen Health Alliance Association,Texas,2020,0,0.035819450635538666,0,0.23
A01178,Horizon Care Alliance Collaborative,North Carolina,2020,0,0.2728564288042805,1,0.23
A01179,Canyon Medical Partners Medical Center,Maryland,2020,0,0.04313198370004236,0,0.23
A01181,Heritage Physicians Collaborative,Washington,2020,0,0.08456981135645922,0,0.23
A01183,Maplewood Medical Collaborative,Ohio,2020,0,0.07111420215496034,0,0.23
A01184,WellSpring Health Alliance Health System,Connecticut,2020,1,0.06658995622088074,0,0.23
A01187,Stonebridge Care Network Partners,Maryland,2020,0,0.28901972115573815,1,0.23
A01188,Riverside Care Alliance Group,North Carolina,2020,0,0.14467794391803135,0,0.23
A01192,Summit Health Partners Network,Georgia,2020,1,0.19323366527587413,0,0.23
A01194,Green Valley Medical Group,Oregon,2020,0,0.23283168834665585,1,0.23
A01203,Pioneer Care Care Network,Massachusetts,2020,0,0.11424163969546086,0,0.23
A01211,Silverstone Physician Network Medical Center,California,2020,0,0.13081590704635906,0,0.23
A01228,Oakridge Medical Health System,New York,2020,0,0.126776292982108,0,0.23
A01229,Riverbend Medical Group Care Network,California,2020,1,0.20688719979151465,0,0.23
A01235,Clearview Medical Partners Care Network,Massachusetts,2020,0,0.11544261797591221,0,0.23
A01237,Grandview Clinical Partners Partners,Massachusetts,2020,0,0.08685070662628673,0,0.23
A01240,Canyon Health Partners,North Carolina,2020,0,0.014392542909155377,0,0.23
A01242,Summit Care Partners Group,Georgia,2020,0,0.2778059303543732,1,0.23
A01244,Northstar Physician Network Partners,Indiana,2020,0,0.06700737446305384,0,0.23
A01245,Meadow Health Collaborative Physician Alliance,Ohio,2020,0,0.11681044393630462,0,0.23
A01271,Fairview Medical Partners Alliance,Tennessee,2020,0,0.19722311929663924,0,0.23
A01275,Mountain View Community Care Partners,Arizona,2020,0,0.0709604008861919,0,0.23
A01287,Oakridge Clinical Partners Association,Missouri,2020,1,0.3318083428733122,1,0.23
A01289,Mountain View Community Care Medical Center,Alabama,2020,1,0.05864992073213628,0,0.23
A01294,Oakridge Health Alliance Physician Alliance,Illinois,2020,0,0.11301334906278307,0,0.23
A01301,Green Valley Health Partners Association,Arizona,2020,0,0.07091092746945761,0,0.23
A01306,Riverside Care Partners Medical Center,New York,2020,0,0.05239337317129968,0,0.23
A01307,Cedar Physicians Network,Oregon,2020,0,0.08847880202935388,0,0.23
A01309,Blue Ridge Medical Network,Ohio,2020,1,0.31910363138377495,1,0.23
A01310,Gateway Physicians Health System,Tennessee,2020,0,0.16861516038165916,0,0.23
A01314,Highland Health Network Group,Maryland,2020,1,0.26012833319816225,1,0.23
A01318,Community Care Health System,Massachusetts,2020,0,0.05147770488248212,0,0.23
A01323,Oakridge Medical Partners Network,Michigan,2020,0,0.22664591800393855,0,0.23
A01325,Parkview Care Alliance Network,Alabama,2020,0,0.11444823415622883,0,0.23
A01326,Horizon Care Partners,Massachusetts,2020,0,0.13896819981432956,0,0.23
A01327,Eastgate Physicians Care Network,Pennsylvania,2020,1,0.19144713980219424,0,0.23
A01329,Oakridge Health Partners Group,New York,2020,0,0.05934171977162288,0,0.23
A01331,Meadow Health Collaborative Network,Maryland,2020,0,0.0661362200766493,0,0.23
A01338,Clearview Healthcare Physician Alliance,Georgia,2020,0,0.11001818633978093,0,0.23
A01345,Golden Valley Care Partners Alliance,Maryland,2020,0,0.11984874601606751,0,0.23
A01348,Blue Ridge Medical Partners Collaborative,Texas,2020,1,0.5369995518086401,1,0.23
A01355,Highland Healthcare Health System,Oregon,2020,0,0.16501998280115707,0,0.23
A01359,Cedar Care Partners Care Network,Massachusetts,2020,0,0.23797656373503692,1,0.23
A01362,Highland Healthcare Partners,Colorado,2020,0,0.12666178151202107,0,0.23
A01365,Green Valley Physician Network Care Network,Illinois,2020,1,0.05273600233266271,0,0.23
A01370,Metro Health Group,North Carolina,2020,1,0.22533271036599267,0,0.23
A01371,Heritage Care Partners,New Jersey,2020,0,0.17345794771200107,0,0.23
A01377,Redwood Healthcare Partners,Maryland,2020,0,0.08215522669771014,0,0.23
A01382,Green Valley Healthcare Health System,Missouri,2020,0,0.05123230363969955,0,0.23
A01385,Crestview Medical Group Medical Center,Missouri,2020,0,0.05916931328615869,0,0.23
A01386,Northstar Health Collaborative,Connecticut,2020,1,0.4559687418132372,1,0.23
A01394,Heritage Wellness Alliance,Michigan,2020,0,0.23154997748732975,1,0.23
A01407,Beacon Community Care Network,Connecticut,2020,0,0.133222133904821,0,0.23
A01417,Blue Ridge Medical Partners Alliance,New Jersey,2020,0,0.11212791907066609,0,0.23
A01419,Eastgate Clinical Partners Physician Alliance,Michigan,2020,0,0.054398441507274964,0,0.23
A01425,Pinnacle Physician Network Physician Alliance,Minnesota,2020,0,0.03856234720776182,0,0.23
A01430,Parkview Provider Alliance Partners,Wisconsin,2020,1,0.3533239185223762,1,0.23
A01437,Clearview Medical Group Physician Alliance,Indiana,2020,1,0.45834771045491945,1,0.23
A01440,Stonebridge Integrated Health Physician Alliance,Ohio,2020,0,0.06324009238374843,0,0.23
A01448,Cedar Healthcare Health System,Indiana,2020,0,0.19801767439095808,0,0.23
A01449,Brookside Provider Alliance Medical Center,Wisconsin,2020,0,0.1175985685810542,0,0.23
A01452,Lakeside Physician Network Partners,Florida,2020,0,0.098595114675196,0,0.23
A01454,Gateway Community Care Network,New York,2020,1,0.40269086238046725,1,0.23
A01458,Fairview Physicians Medical Center,New York,2020,1,0.36104504513338403,1,0.23
A01465,Green Valley Healthcare Care Network,Illinois,2020,0,0.045195909605997515,0,0.23
A01469,Redwood Medical Partners,Washington,2020,0,0.20180444882886112,0,0.23
A01474,Parkview Care Alliance Group,Virginia,2020,0,0.06238828967302003,0,0.23
A01478,Green Valley Community Care Medical Center,New York,2020,0,0.07311388293722683,0,0.23
A01481,Unity Health Alliance Care Network,North Carolina,2020,0,0.09521475289222754,0,0.23
A01485,Fairview Clinical Partners Association,California,2020,1,0.20263307137078182,0,0.23
A01486,Evergreen Care Partners Physician Alliance,Massachusetts,2020,0,0.042262249639023336,0,0.23
A01487,Grandview Health Collaborative,Pennsylvania,2020,0,0.12741304396680445,0,0.23
A01493,Crestview Physician Network Group,Pennsylvania,2020,0,0.0762858962726995,0,0.23
A01500,Unity Medical Association,New York,2020,1,0.43404446037772887,1,0.23
A01501,Grandview Clinical Partners Alliance,Minnesota,2020,0,0.1675820776100536,0,0.23
A01507,WellSpring Physician Network Medical Center,Minnesota,2020,1,0.17114747122084986,0,0.23
A01520,Heartland Care Network Health System,Washington,2020,0,0.07570044632692442,0,0.23
A01522,Springfield Healthcare Group,Arizona,2020,1,0.25507215269746175,1,0.23
A01523,Highland Medical Group,Illinois,2020,1,0.5206490901986984,1,0.23
A01524,Metro Integrated Health Alliance,Alabama,2020,0,0.10796134520048732,0,0.23
A01529,Valley Care Alliance Care Network,Alabama,2020,0,0.021552360577624347,0,0.23
A01546,Blue Ridge Health Collaborative Care Network,Alabama,2020,0,0.01906756292990055,0,0.23
A01549,Metro Medical Collaborative,Virginia,2020,0,0.32559639982338195,1,0.23
A01551,Evergreen Care Network Network,Pennsylvania,2020,0,0.0689435696503864,0,0.23
A01553,Valley Care Partners Physician Alliance,Arizona,2020,0,0.14238771758045896,0,0.23
A01555,Horizon Health Partners Physician Alliance,Colorado,2020,0,0.07551499805254996,0,0.23
A01562,Brookside Healthcare Care Network,Ohio,2020,0,0.14919397504065368,0,0.23
A01586,Oakridge Physicians Care Network,Maryland,2020,0,0.08176809191805683,0,0.23
A01588,Pinnacle Care Care Network,Minnesota,2020,1,0.24858064923823073,1,0.23
A01594,WellSpring Community Care Partners,Maryland,2020,0,0.09525975844650506,0,0.23
A01602,Springfield Care Partners Care Network,Ohio,2020,0,0.141687429752696,0,0.23
A01607,Heartland Medical Group Association,Michigan,2020,0,0.040584777309493295,0,0.23
A01623,Meadow Clinical Partners Association,Virginia,2020,0,0.037652953653181775,0,0.23
A01638,Oakridge Care Partners Health System,Minnesota,2020,0,0.039109802366334344,0,0.23
A01651,Metro Wellness Care Network,Washington,2020,0,0.20258387247595253,0,0.23
A01652,Golden Valley Physicians Health System,California,2020,0,0.2621663116156265,1,0.23
A01656,Crestview Medical Group Partners,Connecticut,2020,0,0.06462757103541233,0,0.23
A01658,Heartland Care Network Care Network,Washington,2020,0,0.06350107950445731,0,0.23
A01661,Green Valley Community Care Association,Ohio,2020,0,0.41734649286463266,1,0.23
A01674,Maplewood Wellness Medical Center,Oregon,2020,0,0.15407048183919309,0,0.23
A01675,Silverstone Care Alliance Association,Minnesota,2020,0,0.15015858802170917,0,0.23
A01676,Summit Provider Alliance Partners,Wisconsin,2020,0,0.15673690511360786,0,0.23
A01679,Evergreen Health Partners Association,North Carolina,2020,0,0.08145359840307848,0,0.23
A01682,Northstar Health Collaborative Medical Center,Tennessee,2020,1,0.39577933136023974,1,0.23
A01685,Riverbend Health Collaborative Partners,Wisconsin,2020,0,0.061033706797419714,0,0.23
A01688,Mountain View Healthcare Medical Center,New York,2020,0,0.07601014731016491,0,0.23
A01694,Meadow Clinical Partners Health System,Maryland,2020,0,0.0370647144808468,0,0.23
A01697,Green Valley Clinical Partners Association,Ohio,2020,0,0.04996384767449032,0,0.23
A01701,Mountain View Physician Network Physician Alliance,North Carolina,2020,0,0.09126052682759173,0,0.23
A01703,Oakridge Health Network Collaborative,Texas,2020,1,0.10982066326962438,0,0.23
A01705,Grandview Community Care Partners,Florida,2020,0,0.2053464596112969,0,0.23
A01706,Green Valley Health Partners Partners,Illinois,2020,1,0.4126047388640416,1,0.23
A01720,Evergreen Medical Physician Alliance,New York,2020,0,0.03607155520483785,0,0.23
A01725,Brookside Clinical Partners Collaborative,Massachusetts,2020,0,0.16062415842917602,0,0.23
A01726,Stonebridge Care Partners Health System,Florida,2020,0,0.10443001659701391,0,0.23
A01732,Heritage Medical Partners Alliance,Minnesota,2020,0,0.20475611645287078,0,0.23
A01741,Clearview Clinical Partners Collaborative,Massachusetts,2020,0,0.08896944842928182,0,0.23
A01743,Riverside Healthcare Group,Massachusetts,2020,0,0.03692034787741243,0,0.23
A01747,Silverstone Health Network Network,Tennessee,2020,0,0.0396025166843329,0,0.23
A01758,Silverstone Care Network,New York,2020,0,0.019389582875771368,0,0.23
A01760,Clearview Physicians Group,Virginia,2020,0,0.027464850372368007,0,0.23
A01765,Community Care Network Group,Missouri,2020,0,0.07987898168008192,0,0.23
A01766,Brookside Care Partners Partners,Florida,2020,1,0.2784632956064622,1,0.23
A01776,Riverbend Medical Group Collaborative,Indiana,2020,0,0.16565901885946388,0,0.23
A01779,Springfield Care Network Collaborative,Washington,2020,0,0.20475874469357852,0,0.23
A01782,Horizon Health Collaborative Group,Indiana,2020,0,0.17586742201337327,0,0.23
A01792,Golden Valley Health Alliance Partners,Texas,2020,0,0.12037793279644045,0,0.23
A01795,Silverstone Health Partners,Massachusetts,2020,0,0.1505658189071464,0,0.23
A01796,Fairview Provider Alliance Alliance,Maryland,2020,1,0.07725424376127467,0,0.23
A01803,Silverstone Wellness Group,Minnesota,2020,0,0.06315275877214638,0,0.23
A01809,Evergreen Care Association,Maryland,2020,0,0.03491831768786739,0,0.23
A01814,Riverside Physician Network Group,Tennessee,2020,0,0.04128855957296163,0,0.23
A01815,Westfield Physicians Physician Alliance,Wisconsin,2020,0,0.07436887347235978,0,0.23
A01816,Beacon Care Network Association,New Jersey,2020,0,0.07868050746564124,0,0.23
A01826,Heartland Health Care Network,Indiana,2020,1,0.24037474870540484,1,0.23
A01833,Silverstone Care Network Partners,New York,2020,0,0.06868110760382833,0,0.23
A01837,Canyon Health Collaborative Group,Connecticut,2020,0,0.14091067720990302,0,0.23
A01839,Redwood Care Network,Missouri,2020,0,0.08975754934740579,0,0.23
A01849,Gateway Care Alliance Network,Tennessee,2020,0,0.3304477663388695,1,0.23
A01856,Unity Healthcare Network,Ohio,2020,1,0.07143461337014279,0,0.23
A01878,Eastgate Care Medical Center,Michigan,2020,0,0.17291344139126583,0,0.23
A01880,Highland Health Collaborative Medical Center,North Carolina,2020,1,0.4394629667644566,1,0.23
A01882,Beacon Health Physician Alliance,Texas,2020,0,0.07246956087844147,0,0.23
A01886,Cedar Health Association,Ohio,2020,0,0.12176765205566221,0,0.23
A01887,Crestview Physicians Association,Connecticut,2020,0,0.07974364137288634,0,0.23
A01897,Beacon Provider Alliance Collaborative,Texas,2020,0,0.04416612565752053,0,0.23
A01898,Fairview Health Alliance Group,Alabama,2020,0,0.03966424612187393,0,0.23
A01901,Fairview Medical Partners Partners,Connecticut,2020,0,0.17080044875214614,0,0.23
A01903,Parkview Health Partners Collaborative,Indiana,2020,0,0.06516081121872791,0,0.23
A01911,Grandview Care Alliance Partners,Florida,2020,1,0.31555253978479153,1,0.23
A01912,Cedar Health Alliance Partners,Connecticut,2020,0,0.29189480104898463,1,0.23
A01914,Northstar Care Association,Alabama,2020,0,0.058547736009749045,0,0.23
A01915,Riverside Medical Partners,Minnesota,2020,0,0.09425166731624374,0,0.23
A01921,Heartland Health Network Health System,Illinois,2020,0,0.043461993131970855,0,0.23
A01923,Highland Physicians Alliance,Alabama,2020,1,0.4997225570500279,1,0.23
A01924,Redwood Clinical Partners Health System,Pennsylvania,2020,0,0.074795129919417,0,0.23
A01926,Summit Care Alliance Health System,Arizona,2020,1,0.2896570325779685,1,0.23
A01931,Horizon Wellness Care Network,Arizona,2020,0,0.1054426461371982,0,0.23
A01935,Mountain View Care Partners Health System,Colorado,2020,0,0.18083135273264245,0,0.23
A01945,Grandview Health Collaborative Physician Alliance,Washington,2020,0,0.34280123016459635,1,0.23
A01959,Heritage Medical Group,Missouri,2020,0,0.07496757604698537,0,0.23
A01962,Meadow Physician Network Care Network,Florida,2020,0,0.0801462037360251,0,0.23
A01969,Parkview Care Partners Medical Center,Oregon,2020,0,0.13334052048075365,0,0.23
A01979,Parkview Health Collaborative Alliance,Oregon,2020,0,0.029058828335277943,0,0.23
A01982,Blue Ridge Medical Physician Alliance,North Carolina,2020,1,0.3264014239888928,1,0.23
A01991,Meadow Wellness Collaborative,Washington,2020,1,0.33199838048372166,1,0.23
A01992,Gateway Wellness Collaborative,North Carolina,2020,0,0.29076418597216225,1,0.23
A01993,Redwood Medical Partners Care Network,Michigan,2020,0,0.08060837592125873,0,0.23
A01994,Meadow Care Partners Collaborative,Wisconsin,2020,0,0.19399798546348046,0,0.23
A01995,Crestview Care Partners Physician Alliance,Minnesota,2020,0,0.04438519658180626,0,0.23
A01996,Canyon Care Physician Alliance,Michigan,2020,0,0.07183075096718228,0,0.23
A01998,Meadow Community Care Network,Texas,2020,0,0.3180687876680464,1,0.23
A02004,Horizon Health Partners Alliance,Michigan,2020,0,0.17940813267645833,0,0.23
A02012,Highland Medical Group Care Network,California,2020,0,0.07245909592331742,0,0.23
A02020,Meadow Care Alliance Collaborative,Arizona,2020,0,0.17457164106072423,0,0.23
A02021,Heritage Health Alliance Medical Center,Illinois,2020,0,0.04734446538188289,0,0.23
A02022,Maplewood Care Alliance Association,Maryland,2020,0,0.15084016322414792,0,0.23
A02024,Green Valley Health Alliance Association,Michigan,2020,0,0.06247927867831347,0,0.23
A02045,Heartland Physician Network Partners,Indiana,2020,0,0.2808799504343264,1,0.23
A02048,Pinnacle Healthcare Physician Alliance,Minnesota,2020,0,0.1412623445943114,0,0.23
A02052,Blue Ridge Care Network Network,New York,2020,0,0.19278753904205057,0,0.23
A02058,Evergreen Care Partners Association,Arizona,2020,0,0.11462383960186845,0,0.23
A02063,Northstar Physicians Medical Center,Connecticut,2020,0,0.10895642872058726,0,0.23
A02066,Metro Medical Partners Medical Center,Ohio,2020,0,0.08410051862950922,0,0.23
A02070,Summit Health Health System,Missouri,2020,0,0.15338839392260076,0,0.23
A02077,Meadow Health Network Partners,Minnesota,2020,0,0.1719471383599217,0,0.23
A02080,Crestview Integrated Health Care Network,Tennessee,2020,1,0.25550749970289394,1,0.23
A02082,Beacon Integrated Health Alliance,Florida,2020,0,0.19059720192274165,0,0.23
A02096,Westfield Health Collaborative Care Network,North Carolina,2020,0,0.1558868475680884,0,0.23
A02102,Riverside Care Physician Alliance,Maryland,2020,0,0.1323640489447525,0,0.23
A02106,Metro Healthcare Health System,Oregon,2020,0,0.0854212354252286,0,0.23
A02107,Riverside Health Collaborative Medical Center,Oregon,2020,0,0.030589007728673984,0,0.23
A02110,Eastgate Health Alliance Health System,Tennessee,2020,0,0.07479920310036406,0,0.23
A02112,Westfield Medical Partners Physician Alliance,Ohio,2020,0,0.070485266543766,0,0.23
A02113,Evergreen Provider Alliance Partners,Maryland,2020,0,0.24706876917434806,1,0.23
A02118,Parkview Health Alliance Network,California,2020,1,0.8648575045519832,1,0.23
A02119,Parkview Community Care Association,Tennessee,2020,0,0.07623288907545496,0,0.23
A02126,Parkview Health Alliance Health System,Maryland,2020,1,0.3437644134956627,1,0.23
A02127,Blue Ridge Wellness Group,California,2020,0,0.07156385997552497,0,0.23
A02128,Gateway Health Collaborative Network,Texas,2020,0,0.0486465244558664,0,0.23
A02129,Golden Valley Clinical Partners Health System,New York,2020,0,0.13196818103159347,0,0.23
A02132,Brookside Medical Partners Alliance,Ohio,2020,0,0.34730196056071194,1,0.23
A02134,Fairview Integrated Health Care Network,California,2020,0,0.037695179827783656,0,0.23
A02151,Grandview Health Network Group,Oregon,2020,0,0.15479362274816919,0,0.23
A02152,Summit Healthcare Medical Center,Pennsylvania,2020,0,0.07858639120904472,0,0.23
A02155,Brookside Healthcare Association,Maryland,2020,0,0.029185355410628958,0,0.23
A02159,Blue Ridge Medical Group Care Network,Connecticut,2020,0,0.08161775241754424,0,0.23
A02168,Heartland Wellness Alliance,Illinois,2020,0,0.26309315717093296,1,0.23
A02180,Valley Integrated Health Medical Center,Washington,2020,1,0.2674671779822279,1,0.23
A02182,Community Care Partners Medical Center,Georgia,2020,0,0.12780185804075853,0,0.23
A02186,Metro Community Care Health System,Tennessee,2020,0,0.15175035335776946,0,0.23
A02189,Oakridge Community Care Care Network,California,2020,0,0.1021962118991228,0,0.23
A02190,Northstar Care Network Network,Washington,2020,0,0.1874953327861164,0,0.23
A02204,Highland Healthcare Network,Texas,2020,0,0.14513082546106085,0,0.23
A02226,Pinnacle Care Network Collaborative,New Jersey,2020,0,0.07138749173612896,0,0.23
A02228,Redwood Health Alliance Alliance,Washington,2020,0,0.17812440484942663,0,0.23
A02231,Riverbend Community Care Association,Georgia,2020,0,0.02736192503950752,0,0.23
A02234,Parkview Medical Partners Group,Indiana,2020,0,0.08796925280225742,0,0.23
A02242,Maplewood Health Medical Center,Arizona,2020,0,0.11538070149004503,0,0.23
A02244,Valley Health Network Partners,Virginia,2020,0,0.14401547065902814,0,0.23
A02247,Clearview Community Care Health System,New Jersey,2020,0,0.07896580488177608,0,0.23
A02250,Heartland Provider Alliance Association,Georgia,2020,0,0.08425868344941699,0,0.23
A02251,Gateway Medical Partners Alliance,Ohio,2020,0,0.20663999634575703,0,0.23
A02252,Westfield Community Care Collaborative,Ohio,2020,0,0.10888715074134883,0,0.23
A02253,Westfield Care Alliance Health System,Michigan,2020,0,0.10971762786878886,0,0.23
A02258,Riverbend Care Network Group,New York,2020,1,0.05864992073213628,0,0.23
A02266,Evergreen Community Care Care Network,Missouri,2020,0,0.12749722438732752,0,0.23
A02270,Redwood Care Network Care Network,Florida,2020,0,0.08589100548171782,0,0.23
A02278,Heritage Medical Partners Association,Massachusetts,2020,0,0.09894718320956486,0,0.23
A02282,Redwood Health Collaborative,Connecticut,2020,0,0.19366100823819513,0,0.23
A02292,Unity Care Physician Alliance,New York,2020,0,0.08089786516159395,0,0.23
A02295,Evergreen Health Alliance Medical Center,Florida,2020,0,0.27334121062307465,1,0.23
A02301,Redwood Care Partners Partners,Alabama,2020,1,0.15624756192734332,0,0.23
A02309,WellSpring Medical Group Network,North Carolina,2020,0,0.09635192792816218,0,0.23
A02318,Brookside Health Network Health System,Alabama,2020,0,0.07201785450764006,0,0.23
A02320,Heritage Health Partners Care Network,Ohio,2020,0,0.039536983739053594,0,0.23
A02327,Oakridge Physician Network Association,Maryland,2020,1,0.30177989618555506,1,0.23
A02331,Northstar Care Alliance Physician Alliance,New York,2020,1,0.14789242297282487,0,0.23
A02332,Brookside Integrated Health Care Network,California,2020,0,0.21152446219210244,0,0.23
A02335,Redwood Clinical Partners Partners,Alabama,2020,0,0.2778059303543732,1,0.23
A02336,Maplewood Care Care Network,Pennsylvania,2020,0,0.11617714626314844,0,0.23
A02341,Horizon Physician Network Partners,Oregon,2020,0,0.047333432077845725,0,0.23
A02345,WellSpring Clinical Partners Physician Alliance,Illinois,2020,1,0.1601470737389554,0,0.23
A02347,Gateway Care Partners Association,Indiana,2020,0,0.06315275877214638,0,0.23
A02357,Northstar Medical Group Care Network,Illinois,2020,0,0.10899213240542614,0,0.23
A02366,Oakridge Integrated Health Care Network,Pennsylvania,2020,0,0.1393026212206766,0,0.23
A02367,Green Valley Physician Network Association,Georgia,2020,0,0.05558286504383383,0,0.23
A02375,Maplewood Integrated Health Collaborative,New York,2020,1,0.12519264578030584,0,0.23
A02378,Riverbend Physician Network Health System,Colorado,2020,1,0.1454551604179916,0,0.23
A02386,Beacon Clinical Partners Association,Washington,2020,0,0.13376701506558228,0,0.23
A02389,Golden Valley Community Care Association,North Carolina,2020,0,0.21090092304786556,0,0.23
A02392,Northstar Medical Partners Care Network,Alabama,2020,0,0.14466931680642783,0,0.23
A02395,Canyon Health Alliance Care Network,Massachusetts,2020,0,0.04269551372420768,0,0.23
A02398,Grandview Care Partners Partners,Ohio,2020,0,0.1654903216815745,0,0.23
A02399,WellSpring Healthcare Network,Colorado,2020,0,0.1847838454207215,0,0.23
A02401,Canyon Care Collaborative,Wisconsin,2020,0,0.36518795374895435,1,0.23
A02402,Heartland Healthcare Medical Center,California,2020,0,0.06042534378257533,0,0.23
A02418,Metro Medical Group Medical Center,Indiana,2020,0,0.055082862086403984,0,0.23
A02423,Lakeside Physician Network Network,Arizona,2020,0,0.1448450946965503,0,0.23
A02424,Summit Physicians Partners,California,2020,0,0.15096438353076003,0,0.23
A02437,Eastgate Medical Partners Medical Center,Wisconsin,2020,0,0.1413808072670465,0,0.23
A02442,Meadow Health Partners Network,Illinois,2020,0,0.030650388594743956,0,0.23
A02443,WellSpring Community Care Collaborative,Arizona,2020,1,0.7007895854762413,1,0.23
A02444,Canyon Medical Partners Association,Massachusetts,2020,0,0.04296724946463677,0,0.23
A02446,Pinnacle Health Collaborative Association,New York,2020,0,0.22159473842540867,0,0.23
A02448,Canyon Physician Network Health System,Wisconsin,2020,0,0.3367810634649877,1,0.23
A02454,Evergreen Care Network Partners,Pennsylvania,2020,1,0.12571919557819686,0,0.23
A02456,Clearview Care Care Network,Washington,2020,0,0.05523121191284257,0,0.23
A02468,Silverstone Integrated Health Alliance,New York,2020,1,0.30156493311384486,1,0.23
A02472,Oakridge Health Collaborative Care Network,Colorado,2020,0,0.21545015586175853,0,0.23
A02477,Horizon Care Partners Medical Center,Tennessee,2020,0,0.21395455043239886,0,0.23
A02478,Heartland Physicians Physician Alliance,Tennessee,2020,1,0.1137766215324906,0,0.23
A02485,Silverstone Health Network Health System,Texas,2020,0,0.05271877567565256,0,0.23
A02495,Horizon Clinical Partners Physician Alliance,Massachusetts,2020,0,0.10358239704305712,0,0.23
A02498,Silverstone Healthcare Partners,Massachusetts,2020,0,0.07296969405330352,0,0.23
A02501,Maplewood Wellness Health System,Michigan,2020,0,0.05621224195508727,0,0.23
A02502,Parkview Medical Care Network,North Carolina,2020,0,0.046161668038764904,0,0.23
A02505,Metro Provider Alliance Group,Georgia,2020,0,0.055276039899600254,0,0.23
A02513,Oakridge Wellness Care Network,Virginia,2020,0,0.19344195960304436,0,0.23
A02514,Pinnacle Health Partners,Ohio,2020,0,0.05144548427793302,0,0.23
A02519,Metro Clinical Partners Partners,Arizona,2020,0,0.052858401398007356,0,0.23
A02522,Cedar Care Network Partners,New Jersey,2020,0,0.12220991030542665,0,0.23
A02531,Blue Ridge Health Network Association,Virginia,2020,0,0.05623714949866922,0,0.23
A02532,Brookside Health Partners Physician Alliance,California,2020,0,0.21642926435430393,0,0.23
A02534,Grandview Health Collaborative Alliance,Alabama,2020,1,0.25333877386026415,1,0.23
A02549,Pioneer Medical Group Alliance,Wisconsin,2020,0,0.12324849075561695,0,0.23
A02553,Golden Valley Care Network Network,Ohio,2020,0,0.02684569007445083,0,0.23
A02556,Brookside Provider Alliance Group,Virginia,2020,0,0.11509802230644031,0,0.23
A02557,Summit Medical Partners Health System,Tennessee,2020,1,0.06760729878210879,0,0.23
A02561,Unity Care Health System,Illinois,2020,0,0.20482662088765916,0,0.23
A02563,Beacon Provider Alliance Medical Center,Alabama,2020,0,0.0606242101500195,0,0.23
A02569,Canyon Health Collaborative Health System,Oregon,2020,0,0.06306512989593495,0,0.23
A02573,Heartland Healthcare Partners,Maryland,2020,0,0.036654344798512796,0,0.23
A02574,Springfield Physicians Care Network,Indiana,2020,0,0.0887270536627414,0,0.23
A02576,Metro Physicians Physician Alliance,Maryland,2020,1,0.05415218936374732,0,0.23
A02577,Meadow Health Network,Michigan,2020,0,0.08732703297806359,0,0.23
A02581,Beacon Care Partners Partners,North Carolina,2020,0,0.12260349681462407,0,0.23
A02584,Evergreen Integrated Health Health System,North Carolina,2020,0,0.062748959596712,0,0.23
A02596,Unity Health Network Health System,Massachusetts,2020,0,0.09819776424748682,0,0.23
A02604,Springfield Health Collaborative Care Network,California,2020,0,0.181123332954423,0,0.23
A02610,Beacon Care Medical Center,New York,2020,0,0.35700517046174196,1,0.23
A02631,Meadow Physician Network Partners,New Jersey,2020,0,0.05228307584406086,0,0.23
A02632,Evergreen Care Alliance,Pennsylvania,2020,0,0.08024481779037675,0,0.23
A02639,Gateway Care Health System,Missouri,2020,0,0.5040547566019472,1,0.23
A02643,Meadow Provider Alliance Physician Alliance,Florida,2020,0,0.05264898274157368,0,0.23
A02654,Parkview Health Care Network,Georgia,2020,0,0.11377640827609337,0,0.23
A02655,Parkview Community Care Health System,Minnesota,2020,1,0.36104504513338403,1,0.23
A02656,Mountain View Health Medical Center,California,2020,0,0.04724810776527335,0,0.23
A02668,Parkview Medical Alliance,Massachusetts,2020,0,0.06704540238812828,0,0.23
A02674,Unity Health Network Network,Arizona,2020,0,0.12496117920679221,0,0.23
A02691,Pioneer Provider Alliance Partners,California,2020,1,0.1554332341414307,0,0.23
A02692,Meadow Medical Group Medical Center,Wisconsin,2020,0,0.16410812241331485,0,0.23
A02694,Stonebridge Care Network Physician Alliance,Indiana,2020,0,0.0689435696503864,0,0.23
A02701,Gateway Health Partners Health System,New Jersey,2020,0,0.11184030676749858,0,0.23
A02711,Westfield Health Partners Partners,Massachusetts,2020,1,0.20604671971576036,0,0.23
A02717,Pinnacle Integrated Health Group,Massachusetts,2020,0,0.10228608469639401,0,0.23
A02721,Springfield Physician Network Partners,Michigan,2020,0,0.0403026036041589,0,0.23
A02737,Redwood Medical Partners Medical Center,Georgia,2020,0,0.08323513667564077,0,0.23
A02738,Canyon Health Network Health System,Oregon,2020,1,0.34950791522458735,1,0.23
A02743,Grandview Medical Group Medical Center,Connecticut,2020,0,0.043718666022570976,0,0.23
A02752,Riverbend Health Alliance Physician Alliance,Connecticut,2020,0,0.14413020731186926,0,0.23
A02756,Canyon Health Network,Illinois,2020,0,0.09475997467171704,0,0.23
A02758,Stonebridge Health Alliance Partners,Massachusetts,2020,0,0.07220833443295295,0,0.23
A02759,Beacon Integrated Health Care Network,Virginia,2020,0,0.041011685856832986,0,0.23
A02763,Unity Integrated Health Physician Alliance,Connecticut,2020,0,0.07422499790155002,0,0.23
A02772,Maplewood Integrated Health Alliance,Minnesota,2020,0,0.4144716813201933,1,0.23
A02774,Riverside Medical Medical Center,Virginia,2020,0,0.16022124437141563,0,0.23
A02786,Community Community Care Physician Alliance,North Carolina,2020,0,0.08603168593356951,0,0.23
A02788,Summit Physician Network Health System,Pennsylvania,2020,0,0.03455090296130529,0,0.23
A02789,Highland Medical Partners Care Network,Alabama,2020,0,0.24502612111109787,1,0.23
A02795,Heritage Health Collaborative Association,Washington,2020,0,0.07990356668267491,0,0.23
A02796,Valley Provider Alliance Network,Illinois,2020,0,0.02826242671628271,0,0.23
A02801,WellSpring Care Collaborative,Texas,2020,0,0.049790344425543635,0,0.23
A02802,Westfield Medical Partners Medical Center,Colorado,2020,0,0.26684338553203835,1,0.23
A02816,Blue Ridge Healthcare Group,Connecticut,2020,1,0.473308215013125,1,0.23
A02819,Riverbend Provider Alliance Physician Alliance,Michigan,2020,0,0.11117479320000945,0,0.23
A02829,Cedar Care Health System,Florida,2020,0,0.055738456620099255,0,0.23
A02830,Redwood Medical Group Health System,Illinois,2020,0,0.14299263887670585,0,0.23
A02832,Meadow Care Network Physician Alliance,Illinois,2020,0,0.07671401168492845,0,0.23
A02838,Cedar Physicians Partners,Oregon,2020,0,0.11950483381774905,0,0.23
A02839,Riverside Provider Alliance Collaborative,Ohio,2020,0,0.03370566815129976,0,0.23
A02849,Springfield Clinical Partners Medical Center,Missouri,2020,0,0.06149045643693058,0,0.23
A02855,Clearview Provider Alliance Health System,Maryland,2020,0,0.05739973038027145,0,0.23
A02860,Redwood Physicians Collaborative,Texas,2020,0,0.07808581785409091,0,0.23
A02864,Crestview Medical Partners Care Network,New Jersey,2020,0,0.11196948518390087,0,0.23
A02872,Oakridge Care Association,Michigan,2020,0,0.15431630629153903,0,0.23
A02880,Crestview Health Collaborative Health System,Colorado,2020,0,0.08973118199616159,0,0.23
A02883,Pioneer Health Collaborative Physician Alliance,Texas,2020,0,0.16299875065926986,0,0.23
A02889,Lakeside Clinical Partners Group,New Jersey,2020,1,0.626913276404537,1,0.23
A02905,Maplewood Clinical Partners Health System,North Carolina,2020,0,0.034267667355608634,0,0.23
A02907,Cedar Health Alliance Collaborative,Illinois,2020,0,0.056923192366195675,0,0.23
A02911,Clearview Care Network Collaborative,Florida,2020,1,0.2434405247934213,1,0.23
A02915,Riverbend Medical Partners Health System,Massachusetts,2020,0,0.2849790097745393,1,0.23
A02922,Oakridge Health Partners Partners,Alabama,2020,0,0.18058412345151176,0,0.23
A02927,Riverbend Healthcare Health System,Ohio,2020,0,0.05449503870727857,0,0.23
A02933,Green Valley Care Alliance Alliance,Colorado,2020,1,0.1405069772695374,0,0.23
A02939,Riverbend Wellness Alliance,Alabama,2020,0,0.18667322986095797,0,0.23
A02943,Evergreen Health Health System,Ohio,2020,1,0.30432199592583126,1,0.23
A02945,Riverbend Care Network Health System,Massachusetts,2020,0,0.14831143130637256,0,0.23
A02955,Pioneer Clinical Partners Physician Alliance,Oregon,2020,0,0.22640843486956613,0,0.23
A02959,Lakeside Health Partners,Minnesota,2020,1,0.09273889292644834,0,0.23
A02964,Redwood Clinical Partners Care Network,Missouri,2020,0,0.07714854869266183,0,0.23
A02965,Golden Valley Health Collaborative Physician Alliance,Missouri,2020,0,0.08878389149197691,0,0.23
A02968,Clearview Medical Group Group,Georgia,2020,0,0.1576759623536687,0,0.23
A02970,Pinnacle Integrated Health Network,Connecticut,2020,0,0.06621309261355175,0,0.23
A02980,Canyon Medical Partners Partners,Oregon,2020,0,0.0266701943296764,0,0.23
A02995,Crestview Medical Group Health System,Illinois,2020,0,0.17386774802941765,0,0.23
A02996,Oakridge Medical Care Network,Washington,2020,0,0.11053504387201805,0,0.23
A02998,Crestview Care Network Physician Alliance,Ohio,2020,0,0.042647739485984146,0,0.23
A03018,Beacon Provider Alliance Health System,Indiana,2020,0,0.09260588185443541,0,0.23
A03041,Blue Ridge Health Alliance Network,Georgia,2020,1,0.14563860325502914,0,0.23
A03047,Crestview Health Collaborative Group,Texas,2020,1,0.02560439152142293,0,0.23
A03051,Riverside Integrated Health Group,Virginia,2020,0,0.1034311130371572,0,0.23
A03053,Community Health Association,Illinois,2020,0,0.07743101951494459,0,0.23
A03066,Meadow Health Alliance Network,New York,2020,0,0.21772635782940775,0,0.23
A03071,Meadow Care Group,Colorado,2020,0,0.18146642666951263,0,0.23
A03093,Maplewood Physicians Association,Texas,2020,0,0.33810421307992833,1,0.23
A03095,WellSpring Medical Partners Network,Missouri,2020,0,0.12772708974412125,0,0.23
A03096,Parkview Integrated Health Collaborative,Massachusetts,2020,0,0.08388581136665108,0,0.23
A03099,Maplewood Healthcare Care Network,Minnesota,2020,0,0.12180252632704106,0,0.23
A03113,WellSpring Medical Partners Group,Colorado,2020,1,0.07711261026668613,0,0.23
A03126,Pinnacle Care Collaborative,Georgia,2020,0,0.03368186692350128,0,0.23
A03129,Crestview Clinical Partners Group,Minnesota,2020,0,0.11605120080434023,0,0.23
A03136,Maplewood Health Collaborative Collaborative,California,2020,0,0.08522554050518799,0,0.23
A03141,Evergreen Medical Partners Network,Maryland,2020,0,0.13491373855358885,0,0.23
A03142,Brookside Medical Group Group,Arizona,2020,1,0.214800306468074,0,0.23
A03147,Meadow Healthcare Association,Maryland,2020,0,0.05735232752465241,0,0.23
A03154,Oakridge Provider Alliance Medical Center,Texas,2020,0,0.1602660823278776,0,0.23
A03158,Brookside Physicians Collaborative,California,2020,0,0.018544184666459976,0,0.23
A03161,Grandview Provider Alliance Partners,New Jersey,2020,0,0.5205100206571653,1,0.23
A03175,Heritage Health Alliance Group,New Jersey,2020,1,0.13854769547677528,0,0.23
A03177,Metro Physicians Collaborative,Washington,2020,0,0.0645989696166214,0,0.23
A03180,Meadow Care Physician Alliance,Texas,2020,0,0.11478063933050904,0,0.23
A03185,Springfield Physicians Group,North Carolina,2020,0,0.058519292997179014,0,0.23
A03187,Heritage Health Partners Alliance,New Jersey,2020,0,0.11993282836611664,0,0.23
A03188,Golden Valley Medical Partners Physician Alliance,Alabama,2020,0,0.11168945628715568,0,0.23
A03192,Riverbend Health Alliance Collaborative,Oregon,2020,0,0.06106331491101357,0,0.23
A03196,Highland Community Care Network,Missouri,2020,1,0.08018413042084578,0,0.23
A03198,Redwood Health Network Medical Center,Maryland,2020,0,0.11472946506407991,0,0.23
A03205,Riverside Clinical Partners Association,Washington,2020,0,0.06761384716976387,0,0.23
A03208,Oakridge Community Care Alliance,Minnesota,2020,0,0.15570516308751875,0,0.23
A03214,Beacon Health Partners Collaborative,Arizona,2020,0,0.09070443308227423,0,0.23
A03215,Parkview Health Collaborative Association,Pennsylvania,2020,0,0.08479487759445799,0,0.23
A03232,Green Valley Community Care Network,Connecticut,2020,0,0.03938800401786787,0,0.23
A03250,Meadow Medical Partners Care Network,Oregon,2020,0,0.05066757236240345,0,0.23
A03252,Eastgate Health Partners Network,North Carolina,2020,0,0.11583255651101446,0,0.23
A03271,Cedar Health Alliance Association,Indiana,2020,0,0.08170510196660484,0,0.23
A03293,Evergreen Medical Group,Indiana,2020,0,0.10968679127451267,0,0.23
A03296,Meadow Medical Group,Massachusetts,2020,0,0.23947892782751035,1,0.23
A03297,Valley Health Collaborative Care Network,Missouri,2020,0,0.09868518899560687,0,0.23
A03298,Eastgate Care Network Partners,Massachusetts,2020,0,0.29505365252099996,1,0.23
A03299,Highland Care Alliance Alliance,Tennessee,2020,0,0.059271004820412004,0,0.23
A03332,Silverstone Health Collaborative,Oregon,2020,0,0.24852393112401208,1,0.23
A03341,Golden Valley Health Partners Alliance,North Carolina,2020,0,0.20067981333904172,0,0.23
A03344,Eastgate Health Partners Group,Ohio,2020,0,0.17219879630837076,0,0.23
A03345,Pinnacle Care Group,Colorado,2020,0,0.051154969763043096,0,0.23
A03346,Lakeside Health Partners Medical Center,Tennessee,2020,0,0.17939290464484828,0,0.23
A03348,Pioneer Care Alliance Collaborative,Massachusetts,2020,0,0.06650268608971815,0,0.23
A03349,Springfield Clinical Partners Physician Alliance,Georgia,2020,0,0.020784564376305797,0,0.23
A03350,Grandview Care Network Medical Center,Massachusetts,2020,0,0.11289743483149252,0,0.23
A03355,Stonebridge Care Alliance Collaborative,California,2020,0,0.06641404544862738,0,0.23
A03361,Unity Health Alliance,Georgia,2020,0,0.05300043485565622,0,0.23
A03362,Evergreen Wellness Physician Alliance,Missouri,2020,0,0.09505168823250949,0,0.23
A03367,Highland Health Network Medical Center,Florida,2020,1,0.5384935111953556,1,0.23
A03390,Lakeside Medical Partners Association,Wisconsin,2020,0,0.1548024923699818,0,0.23
A03396,Valley Health Network Network,California,2020,0,0.09289091646751492,0,0.23
A03405,Canyon Health Partners Care Network,Texas,2020,0,0.16705067791633899,0,0.23
A03406,Stonebridge Care Care Network,Washington,2020,0,0.09766289313703366,0,0.23
A03407,Stonebridge Care Network Health System,Florida,2020,0,0.05333067572682013,0,0.23
A03409,Community Care Network Physician Alliance,Washington,2020,1,0.20261564855913627,0,0.23
A03423,Pinnacle Care Alliance Alliance,Massachusetts,2020,0,0.15157182308567763,0,0.23
A03426,Metro Community Care Alliance,Colorado,2020,0,0.02140756349439813,0,0.23
A03436,Blue Ridge Provider Alliance Care Network,Arizona,2020,0,0.11876238691069513,0,0.23
A03438,Eastgate Care Network Medical Center,New Jersey,2020,0,0.27753042721535953,1,0.23
A03447,Beacon Health Medical Center,Connecticut,2020,0,0.26497430806621625,1,0.23
A03449,Eastgate Health Collaborative Group,New York,2020,0,0.133222133904821,0,0.23
A03452,Horizon Health Collaborative,Missouri,2020,0,0.09082198650335128,0,0.23
A03467,Oakridge Physician Network Care Network,Massachusetts,2020,0,0.1653647802290445,0,0.23
A03475,Green Valley Health Network Partners,Virginia,2020,0,0.28930855882805606,1,0.23
A03479,Riverbend Physicians Care Network,Colorado,2020,0,0.08858934797316799,0,0.23
A03481,Horizon Medical Partners Collaborative,Arizona,2020,0,0.03346913502781042,0,0.23
A03483,Heritage Health Partners Physician Alliance,Illinois,2020,0,0.12751405063642152,0,0.23
A03485,Golden Valley Health Network,Oregon,2020,0,0.015499772200087159,0,0.23
A03486,Springfield Medical Group,Alabama,2020,0,0.05564812335321368,0,0.23
A03494,Gateway Clinical Partners Partners,Florida,2020,0,0.031193918806771616,0,0.23
A03495,Mountain View Care Alliance Association,Oregon,2020,0,0.07272848293617874,0,0.23
A03501,Canyon Medical Partners Group,California,2020,0,0.0843155745746128,0,0.23
A03507,Green Valley Health Partners Physician Alliance,Minnesota,2020,1,0.24299208764642533,1,0.23
A03520,Beacon Health Alliance Alliance,Minnesota,2020,0,0.10332941168361945,0,0.23
A03524,Heritage Care Health System,Georgia,2020,0,0.06109142310962659,0,0.23
A03528,Unity Care Network Collaborative,New Jersey,2020,0,0.01787429530588943,0,0.23
A03535,Meadow Clinical Partners Physician Alliance,Florida,2020,0,0.2836226825814551,1,0.23
A03538,Golden Valley Care Alliance,Arizona,2020,0,0.034347575803553125,0,0.23
A03542,Riverside Healthcare Collaborative,Minnesota,2020,0,0.21980283426124125,0,0.23
A03547,Metro Clinical Partners Collaborative,Illinois,2020,0,0.09476385057128679,0,0.23
A03552,Riverbend Community Care Network,Oregon,2020,1,0.08199585628577352,0,0.23
A03553,Heartland Healthcare Network,Alabama,2020,0,0.03982044559793995,0,0.23
A03556,Grandview Care Network Care Network,New York,2020,0,0.07747293990919446,0,0.23
A03565,Fairview Health Partners Network,Illinois,2020,0,0.013822720985625751,0,0.23
A03568,Community Clinical Partners Network,Florida,2020,1,0.10749243838222115,0,0.23
A03572,Community Health Collaborative Medical Center,Michigan,2020,1,0.5551308060778051,1,0.23
A03573,Green Valley Health Network Collaborative,Massachusetts,2020,0,0.1521544329316162,0,0.23
A03574,Westfield Healthcare Association,Alabama,2020,0,0.05191125802088423,0,0.23
A03580,Meadow Healthcare Physician Alliance,Maryland,2020,1,0.23528080911799262,1,0.23
A03582,Metro Medical Network,Michigan,2020,0,0.07856098515192898,0,0.23
A03583,Springfield Wellness Alliance,New Jersey,2020,0,0.11529424148577704,0,0.23
A03587,Valley Care Association,Minnesota,2020,0,0.07484789915739172,0,0.23
A03595,Parkview Health Network Network,Indiana,2020,0,0.15319401294470514,0,0.23
A03606,Westfield Physician Network Network,Oregon,2020,1,0.07639405336297625,0,0.23
A03612,Redwood Care Network Network,Connecticut,2020,0,0.08473116169507026,0,0.23
A03615,WellSpring Care Alliance Alliance,Arizona,2020,0,0.12461023921432188,0,0.23
A03624,Unity Care Network Network,Minnesota,2020,0,0.083441199371582,0,0.23
A03633,WellSpring Health Alliance Medical Center,Massachusetts,2020,1,0.1754785061555425,0,0.23
A03639,Pinnacle Health Collaborative Medical Center,Indiana,2020,0,0.11207994945584067,0,0.23
A03640,Crestview Wellness Alliance,Ohio,2020,1,0.13690875856406662,0,0.23
A03646,Pioneer Medical Partners,Connecticut,2020,0,0.21912150047790319,0,0.23
A03654,Heartland Health Collaborative Collaborative,Massachusetts,2020,0,0.27691262765893593,1,0.23
A03656,WellSpring Medical Group,Tennessee,2020,0,0.058103861141555836,0,0.23
A03675,Canyon Wellness Partners,Indiana,2020,0,0.21909631243718175,0,0.23
A03680,Beacon Health Alliance Network,Wisconsin,2020,0,0.2504939508856802,1,0.23
A03685,Pinnacle Health Network Health System,Massachusetts,2020,0,0.10931278454208031,0,0.23
A03690,Clearview Care Network Health System,Maryland,2020,1,0.20900770734826069,0,0.23
A03691,Pinnacle Health Partners Partners,Tennessee,2020,0,0.07354648691895299,0,0.23
A03695,Fairview Health Alliance Alliance,Ohio,2020,0,0.0212523519025803,0,0.23
A03704,Highland Wellness Care Network,Massachusetts,2020,0,0.12157836662767182,0,0.23
A03711,Oakridge Wellness Collaborative,Oregon,2020,0,0.09000099669270042,0,0.23
A03713,Silverstone Health Medical Center,Missouri,2020,0,0.02575828211920916,0,0.23
A03724,Lakeside Care Partners Network,Illinois,2020,0,0.06391841661260975,0,0.23
A03725,Community Health Collaborative Care Network,Missouri,2020,0,0.12852444444180142,0,0.23
A03729,Golden Valley Health Collaborative Network,Colorado,2020,0,0.2089560356061683,0,0.23
A03736,Blue Ridge Clinical Partners Partners,Texas,2020,0,0.25774985190767985,1,0.23
A03739,Gateway Health Alliance Group,Florida,2020,0,0.075524452481043,0,0.23
A03746,Highland Health Partners Collaborative,Massachusetts,2020,0,0.17139053178158511,0,0.23
A03748,Canyon Wellness Association,Oregon,2020,0,0.25957661389237946,1,0.23
A03754,Evergreen Physicians Medical Center,Ohio,2020,0,0.08650391836432245,0,0.23
A03757,Riverbend Physicians Association,Florida,2020,0,0.0709604008861919,0,0.23
A03761,Heritage Care Network Physician Alliance,Oregon,2020,0,0.08353556357955688,0,0.23
A03762,Oakridge Community Care Medical Center,Washington,2020,0,0.08189788873817071,0,0.23
A03763,Horizon Wellness Network,Tennessee,2020,0,0.11830309719888799,0,0.23
A03768,Riverside Integrated Health Care Network,Wisconsin,2020,0,0.0763189072913548,0,0.23
A03770,WellSpring Healthcare Partners,Florida,2020,1,0.4512398479575684,1,0.23
A03771,Crestview Healthcare Group,Massachusetts,2020,0,0.17160666679049313,0,0.23
A03778,Springfield Medical Partners Physician Alliance,Georgia,2020,1,0.47547162559155576,1,0.23
A03783,Silverstone Physicians Group,Michigan,2020,0,0.034657647286514826,0,0.23
A03797,Pioneer Health Partners Physician Alliance,Texas,2020,0,0.07234893800197244,0,0.23
A03806,Gateway Medical Partners Network,Colorado,2020,1,0.19405947110463656,0,0.23
A03808,Meadow Health Network Physician Alliance,Georgia,2020,0,0.07995971777306181,0,0.23
A03810,Pinnacle Health Network Care Network,Maryland,2020,0,0.03506156472059725,0,0.23
A03819,Unity Healthcare Health System,Georgia,2020,0,0.11869384434385656,0,0.23
A03824,Crestview Healthcare Association,Arizona,2020,0,0.042729713254303886,0,0.23
A03826,Crestview Integrated Health Partners,Wisconsin,2020,0,0.05528791479740863,0,0.23
A03839,Community Clinical Partners Health System,Texas,2020,0,0.13761083219315665,0,0.23
A03840,Blue Ridge Community Care Association,North Carolina,2020,1,0.20342533021687867,0,0.23
A03844,Canyon Physicians Physician Alliance,Colorado,2020,0,0.08420841851540027,0,0.23
A03858,Highland Community Care Collaborative,New York,2020,0,0.08967681603199557,0,0.23
A03861,Clearview Care Alliance,New York,2020,0,0.09702936182379032,0,0.23
A03864,Riverside Care Alliance Alliance,Tennessee,2020,0,0.06882542107455855,0,0.23
A03876,Valley Care Network Network,Ohio,2020,0,0.22567900122636175,0,0.23
A03883,Pioneer Healthcare Network,Minnesota,2020,1,0.39498026290988547,1,0.23
A03884,Northstar Health Network,Arizona,2020,0,0.11121149259750095,0,0.23
A03891,Maplewood Medical Partners Partners,Minnesota,2020,0,0.08635182175901777,0,0.23
A03892,Riverbend Health Partners Association,Alabama,2020,0,0.0972854646386404,0,0.23
A03896,Lakeside Care Partners Medical Center,Florida,2020,1,0.3714017348348271,1,0.23
A03900,Silverstone Care Network Group,Texas,2020,0,0.08984846482353684,0,0.23
A03907,Pinnacle Healthcare Alliance,Connecticut,2020,0,0.1596662150954774,0,0.23
A03910,Maplewood Medical Association,New York,2020,1,0.1393897473104173,0,0.23
A03915,Parkview Care Alliance Medical Center,Alabama,2020,0,0.19882131674674053,0,0.23
A03920,Heritage Community Care Physician Alliance,Florida,2020,0,0.21777964881345607,0,0.23
A03931,Riverside Community Care Care Network,Oregon,2020,1,0.1290606684708497,0,0.23
A03934,Lakeside Care Partners Association,Alabama,2020,0,0.40967711213142854,1,0.23
A03941,Maplewood Care Association,Tennessee,2020,0,0.043749083741024354,0,0.23
A03944,Springfield Care Collaborative,Florida,2020,0,0.09159614547962876,0,0.23
A03945,Community Care Partners Physician Alliance,Florida,2020,0,0.054180001663647594,0,0.23
A03949,Unity Care Alliance Network,North Carolina,2020,1,0.1459107619749811,0,0.23
A03951,Highland Health Network Physician Alliance,Wisconsin,2020,0,0.5317662986585104,1,0.23
A03955,Gateway Care Network Medical Center,Connecticut,2020,0,0.052590080870419637,0,0.23
A03957,Valley Medical Partners Association,California,2020,0,0.08699543190065677,0,0.23
A03958,Northstar Integrated Health Association,California,2020,0,0.2893504930837701,1,0.23
A03968,Westfield Care Partners Health System,Maryland,2020,0,0.08606136654269388,0,0.23
A03977,Grandview Health Alliance Alliance,Indiana,2020,0,0.06423483128270484,0,0.23
A03984,Green Valley Care Partners Partners,California,2020,1,0.20397197798724181,0,0.23
A03989,Crestview Medical Partners Group,Georgia,2020,0,0.12760773549502294,0,0.23
A03993,Golden Valley Healthcare Care Network,Missouri,2020,0,0.039847516007336915,0,0.23
A04000,Unity Wellness Partners,Oregon,2020,0,0.11381275701425904,0,0.23
A04003,Mountain View Physician Network Alliance,Wisconsin,2020,0,0.11445411233670835,0,0.23
A04009,Evergreen Health Group,Connecticut,2020,1,0.15174929030274817,0,0.23
A04019,Redwood Integrated Health Group,Colorado,2020,0,0.2788049304688267,1,0.23
A04020,Clearview Integrated Health Network,Wisconsin,2020,0,0.11394549901738206,0,0.23
A04024,Parkview Health Collaborative Collaborative,Maryland,2020,0,0.05347723363479192,0,0.23
A04028,Springfield Physicians Network,Minnesota,2020,0,0.11644925069889615,0,0.23
A04036,Lakeside Medical Group Group,Missouri,2020,0,0.2485849615408107,1,0.23
A04042,Summit Care Partners,North Carolina,2020,0,0.08460235794477079,0,0.23
A04060,Heritage Provider Alliance Physician Alliance,New York,2020,0,0.030796556176726667,0,0.23
A04068,Grandview Medical Partners Medical Center,Ohio,2020,1,0.09717044892201601,0,0.23
A04074,Golden Valley Health Network Association,Tennessee,2020,0,0.023541601575210982,0,0.23
A04078,Springfield Medical Group Health System,Arizona,2020,0,0.03724980488288877,0,0.23
A04081,Brookside Wellness Alliance,Illinois,2020,0,0.1835006473478317,0,0.23
A04098,Springfield Health Network,Texas,2020,0,0.12442125822480062,0,0.23
A04103,WellSpring Integrated Health Physician Alliance,Alabama,2020,0,0.09188265231090476,0,0.23
A04108,WellSpring Healthcare Group,North Carolina,2020,0,0.034340069496599804,0,0.23
A04114,Lakeside Care Network Network,Indiana,2020,0,0.22775316831606354,0,0.23
A04129,Community Health Alliance Physician Alliance,New York,2020,1,0.3187984560546556,1,0.23
A04139,Pioneer Care Network Collaborative,Virginia,2020,0,0.14248433339048178,0,0.23
A04140,Evergreen Medical Group Network,Colorado,2020,0,0.0810948861412701,0,0.23
A04146,Evergreen Wellness Alliance,New York,2020,0,0.1286067467059666,0,0.23
A04154,Highland Health Medical Center,Oregon,2020,0,0.10285015244706486,0,0.23
A04164,Parkview Health Partners Care Network,Florida,2020,0,0.15984268030551246,0,0.23
A04167,Oakridge Care Collaborative,Ohio,2020,0,0.05059990898889346,0,0.23
A04175,Pioneer Health Care Network,Ohio,2020,0,0.11576157125237393,0,0.23
A04176,Cedar Care Network Medical Center,Oregon,2020,0,0.0850302385585011,0,0.23
A04178,Metro Health Alliance,Connecticut,2020,0,0.41693377037277257,1,0.23
A04184,Eastgate Health Partners Medical Center,New Jersey,2020,1,0.3061372671187588,1,0.23
A04189,Green Valley Wellness Group,Indiana,2020,0,0.15537117136902415,0,0.23
A04193,Riverbend Care Network Partners,Georgia,2020,0,0.05228307584406086,0,0.23
A04200,Brookside Wellness Network,Michigan,2020,0,0.19363237092930563,0,0.23
A04204,Eastgate Medical Group Care Network,Georgia,2020,0,0.03498898656746932,0,0.23
A04206,Community Medical Partners Health System,North Carolina,2020,0,0.15417347858722988,0,0.23
A04207,Meadow Health Physician Alliance,Connecticut,2020,0,0.19632096382913042,0,0.23
A04214,Crestview Care Alliance Network,Tennessee,2020,1,0.32868794006565805,1,0.23
A04223,Riverside Health Alliance Physician Alliance,Washington,2020,0,0.10693798130678978,0,0.23
A04237,Stonebridge Health Partners,Massachusetts,2020,0,0.0315481167085148,0,0.23
A04260,Pioneer Health Collaborative Care Network,Illinois,2020,0,0.08829076857747697,0,0.23
A04263,Gateway Healthcare Physician Alliance,Alabama,2020,0,0.06829604148643245,0,0.23
A04265,Grandview Medical Group Collaborative,Tennessee,2020,1,0.43391713814453126,1,0.23
A04270,Redwood Clinical Partners Association,Minnesota,2020,1,0.27076320848423585,1,0.23
A04271,Highland Care Network Medical Center,Arizona,2020,0,0.12694988050658879,0,0.23
A04274,Evergreen Health Network Physician Alliance,Maryland,2020,0,0.16417858490362466,0,0.23
A04277,Evergreen Health Collaborative Association,North Carolina,2020,0,0.11248157890757707,0,0.23
A04285,WellSpring Wellness Physician Alliance,Florida,2020,0,0.1611140545991113,0,0.23
A04287,Green Valley Care Partners Group,Arizona,2020,0,0.1564651217516051,0,0.23
A04289,Stonebridge Health Collaborative Network,Maryland,2020,1,0.21154547715621777,0,0.23
A04294,Unity Care Partners Alliance,Virginia,2020,0,0.25863006390619575,1,0.23
A04296,Lakeside Health Partners Collaborative,Alabama,2020,0,0.15380941221236305,0,0.23
A04308,Pioneer Health Network Collaborative,Maryland,2020,0,0.10490347753806308,0,0.23
A04315,Meadow Health Collaborative Collaborative,Arizona,2020,0,0.09705389750876271,0,0.23
A04317,WellSpring Integrated Health Partners,Massachusetts,2020,1,0.5499644959868719,1,0.23
A04319,Metro Medical Group Group,New Jersey,2020,0,0.06961977983662265,0,0.23
A04340,Lakeside Health Network Association,Washington,2020,0,0.32957180087874727,1,0.23
A04342,Gateway Care Association,Oregon,2020,0,0.06037831758798241,0,0.23
A04343,Community Community Care Partners,California,2020,0,0.07762400373862427,0,0.23
A04347,Oakridge Medical Group Association,Washington,2020,1,0.34712854920949326,1,0.23
A04349,Cedar Care Alliance,Maryland,2020,0,0.25946890778597587,1,0.23
A04351,Cedar Medical Group,Washington,2020,0,0.0854589971661648,0,0.23
A04353,Eastgate Health Network Partners,Arizona,2020,0,0.13395582732147987,0,0.23
A04357,Northstar Physician Network Group,Oregon,2020,0,0.12330829415529708,0,0.23
A04363,Mountain View Clinical Partners Network,Illinois,2020,0,0.1896717121511335,0,0.23
A04367,Clearview Care Alliance Health System,Massachusetts,2020,0,0.10126432182602127,0,0.23
A04372,Stonebridge Provider Alliance Care Network,Massachusetts,2020,0,0.1825459440860108,0,0.23
A04377,Highland Provider Alliance Network,North Carolina,2020,0,0.24390808007583847,1,0.23
A04378,Unity Physicians Medical Center,Indiana,2020,0,0.18843179108015895,0,0.23
A04379,Fairview Care Alliance Association,Pennsylvania,2020,1,0.2730181856281618,1,0.23
A04383,Lakeside Care Network,Ohio,2020,0,0.07783912993942994,0,0.23
A04384,Riverbend Medical Partners Group,Alabama,2020,0,0.19305446790994132,0,0.23
A04391,Horizon Provider Alliance Physician Alliance,Virginia,2020,0,0.18439076942144833,0,0.23
A04395,Oakridge Physician Network Health System,Missouri,2020,0,0.07566607123738871,0,0.23
A04396,Stonebridge Health Collaborative Alliance,Texas,2020,0,0.13932130545498603,0,0.23
A04398,Community Integrated Health Network,New York,2020,0,0.053729408247223845,0,0.23
A04402,Pinnacle Health Group,Oregon,2020,0,0.16877435611848618,0,0.23
A04408,Summit Clinical Partners Group,Arizona,2020,0,0.18794827484449633,0,0.23
A04409,Evergreen Community Care Physician Alliance,Michigan,2020,0,0.12336987913420192,0,0.23
A04418,Summit Care Network Alliance,Wisconsin,2020,0,0.042262249639023336,0,0.23
A04422,Canyon Health Network Alliance,Virginia,2020,0,0.12351075667481372,0,0.23
A04435,Redwood Community Care Network,Connecticut,2020,1,0.5489417263128298,1,0.23
A04437,Metro Healthcare Care Network,Michigan,2020,0,0.1470453477948282,0,0.23
A04445,Eastgate Community Care Care Network,Ohio,2020,0,0.07094481082820059,0,0.23
A04448,Springfield Care Alliance Care Network,Wisconsin,2020,0,0.12636821937043982,0,0.23
A04463,Riverbend Clinical Partners Care Network,Colorado,2020,0,0.11343301316112223,0,0.23
A04468,Westfield Health Network,Oregon,2020,0,0.09747756561107462,0,0.23
A04472,Beacon Health Partners Group,Colorado,2020,0,0.13318848636550362,0,0.23
A04477,Grandview Integrated Health Association,Connecticut,2020,0,0.07904487440885673,0,0.23
A04479,Heritage Physicians Physician Alliance,Colorado,2020,0,0.05689796832073848,0,0.23
A04486,Brookside Provider Alliance Partners,New Jersey,2020,0,0.230205418046371,1,0.23
A04496,Crestview Provider Alliance Network,Tennessee,2020,0,0.1867912415370574,0,0.23
A04503,Springfield Care Partners,Illinois,2020,0,0.051291773171046835,0,0.23
A04509,Crestview Health Medical Center,Arizona,2020,1,0.045213725932512855,0,0.23
A04516,Golden Valley Medical Partners Association,Minnesota,2020,0,0.040406751143686935,0,0.23
A04523,Maplewood Community Care Partners,Indiana,2020,0,0.07136452366419939,0,0.23
A04524,Oakridge Medical Association,New Jersey,2020,0,0.18633236932305672,0,0.23
A04525,Canyon Integrated Health Group,Virginia,2020,0,0.22138655935967214,0,0.23
A04528,Metro Medical Partners Group,Ohio,2020,1,0.2409089898763439,1,0.23
A04531,Beacon Health Partners Care Network,Washington,2020,0,0.020911575206050276,0,0.23
A04536,Blue Ridge Care Partners,North Carolina,2020,0,0.17285539881140013,0,0.23
A04545,Riverbend Health Alliance,Tennessee,2020,0,0.15820366367916067,0,0.23
A04548,Summit Physicians Group,Virginia,2020,0,0.03103393520808837,0,0.23
A04550,Redwood Health Partners Group,Missouri,2020,0,0.15732962858189736,0,0.23
A04551,Westfield Community Care Group,Illinois,2020,0,0.08347104775268957,0,0.23
A04553,Evergreen Health Network Medical Center,North Carolina,2020,0,0.07737887123973415,0,0.23
A04555,Riverbend Integrated Health Care Network,Indiana,2020,1,0.3970457562052266,1,0.23
A04557,Grandview Care Partners Group,Tennessee,2020,0,0.06950797539389314,0,0.23
A04559,Redwood Health Partners Association,Alabama,2020,0,0.052337127861452455,0,0.23
A04567,Stonebridge Wellness Medical Center,Florida,2020,0,0.07769001956239102,0,0.23
A04570,Parkview Healthcare Association,Maryland,2020,0,0.07596720929608453,0,0.23
A04572,Oakridge Care Network Network,Virginia,2020,0,0.1990055366004557,0,0.23
A04574,Canyon Medical Partners Care Network,Pennsylvania,2020,0,0.400075169610558,1,0.23
A04583,Blue Ridge Clinical Partners Alliance,Colorado,2020,1,0.301829166785657,1,0.23
A04584,Mountain View Care Partners Physician Alliance,Colorado,2020,0,0.07871798276255407,0,0.23
A04586,Beacon Health Alliance,Michigan,2020,1,0.20432607733676153,0,0.23
A04594,Grandview Wellness Association,Arizona,2020,0,0.04173591888747216,0,0.23
A04597,Valley Medical Partners Group,California,2020,0,0.10780245435026205,0,0.23
A04607,Canyon Medical Group Care Network,Maryland,2020,0,0.09921271426159524,0,0.23
A04623,Canyon Care Medical Center,Florida,2020,1,0.41769072982557853,1,0.23
A04624,WellSpring Medical Group Health System,Missouri,2020,0,0.15013061955030987,0,0.23
A04630,Blue Ridge Health Collaborative Medical Center,Ohio,2020,0,0.26281017451302996,1,0.23
A04631,Canyon Clinical Partners Health System,Arizona,2020,0,0.11919808594395752,0,0.23
A04636,Mountain View Health Alliance Collaborative,Virginia,2020,0,0.17055051923847686,0,0.23
A04651,Fairview Wellness Partners,Massachusetts,2020,1,0.07345545865153728,0,0.23
A04653,Mountain View Medical Association,Oregon,2020,0,0.035488989613338046,0,0.23
A04658,Eastgate Care Network,Illinois,2020,0,0.19301944993763043,0,0.23
A04674,WellSpring Physician Network Network,New Jersey,2020,0,0.0908370480550201,0,0.23
A04678,Evergreen Health Network Association,Washington,2020,0,0.14070897105202917,0,0.23
A04679,Mountain View Care Partners Alliance,Maryland,2020,0,0.08021334581361145,0,0.23
A04689,Clearview Health Partners Care Network,Wisconsin,2020,0,0.04165605357277495,0,0.23
A04696,Redwood Physician Network Partners,Texas,2020,0,0.04344240663754552,0,0.23
A04711,Parkview Provider Alliance Network,Virginia,2020,0,0.12057196878561947,0,0.23
A04714,Summit Health Medical Center,Ohio,2020,0,0.1435199519729265,0,0.23
A04716,Springfield Physicians Health System,Indiana,2020,0,0.14334245833880593,0,0.23
A04718,Eastgate Health Physician Alliance,Oregon,2020,0,0.13002481554450138,0,0.23
A04728,Summit Medical Group Care Network,California,2020,0,0.18612167679378827,0,0.23
A04738,WellSpring Medical Partners Partners,Washington,2020,0,0.05608574510492456,0,0.23
A04739,Community Care Collaborative,Connecticut,2020,0,0.21133252903468555,0,0.23
A04740,Green Valley Health Alliance Care Network,Pennsylvania,2020,1,0.608930952347383,1,0.23
A04742,Golden Valley Care Network,Michigan,2020,1,0.19276783648139312,0,0.23
A04749,Lakeside Medical Physician Alliance,Colorado,2020,0,0.14981848343451729,0,0.23
A04756,Stonebridge Care Network Network,Connecticut,2020,0,0.11509802230644031,0,0.23
A04765,Horizon Community Care Health System,Michigan,2020,1,0.44136366812211575,1,0.23
A04768,Crestview Clinical Partners Collaborative,Alabama,2020,0,0.11117133727267216,0,0.23
A04770,Oakridge Community Care Health System,North Carolina,2020,0,0.10148546698000983,0,0.23
A04771,Springfield Health Health System,Wisconsin,2020,0,0.08926938671731671,0,0.23
A04774,Silverstone Provider Alliance Physician Alliance,Illinois,2020,0,0.074905175811454,0,0.23
A04775,Redwood Health Collaborative Group,California,2020,0,0.08713404802522871,0,0.23
A04786,Green Valley Wellness Physician Alliance,Arizona,2020,0,0.12462898421641878,0,0.23
A04788,Eastgate Community Care Partners,Indiana,2020,0,0.1338371368612333,0,0.23
A04794,Westfield Healthcare Network,Massachusetts,2020,1,0.4902396653333751,1,0.23
A04803,Redwood Integrated Health Collaborative,Minnesota,2020,0,0.14833696871678653,0,0.23
A04806,Maplewood Care Partners Collaborative,Texas,2020,0,0.192099311060026,0,0.23
A04811,Silverstone Clinical Partners Alliance,Ohio,2020,1,0.12346515026695533,0,0.23
A04813,Meadow Provider Alliance Medical Center,Michigan,2020,0,0.13929488092696138,0,0.23
A04815,Parkview Care Network Care Network,Illinois,2020,0,0.08327541456636409,0,0.23
A04820,Brookside Care Partners Association,Michigan,2020,0,0.26556135695223976,1,0.23
A04826,Redwood Health Alliance Care Network,Indiana,2020,0,0.1592158780339179,0,0.23
A04829,Highland Care Alliance Medical Center,Pennsylvania,2020,0,0.023464791964979956,0,0.23
A04838,Summit Health Alliance Care Network,Ohio,2020,0,0.16705026402452305,0,0.23
A04839,Fairview Health Network Association,Wisconsin,2020,1,0.26277346692595344,1,0.23
A04847,Lakeside Care Network Partners,Washington,2020,1,0.3544770770257393,1,0.23
A04848,Valley Community Care Care Network,Massachusetts,2020,0,0.05786798696536878,0,0.23
A04855,Crestview Medical Partners Association,Texas,2020,1,0.557429355437111,1,0.23
A04858,Metro Care Health System,Washington,2020,0,0.032705342527523,0,0.23
A04873,Clearview Health Collaborative Group,Indiana,2020,0,0.268732664909731,1,0.23
A04874,Cedar Care Partners Physician Alliance,Florida,2020,0,0.021959855049193067,0,0.23
A04876,Brookside Care Network Group,California,2020,0,0.4901304269770351,1,0.23
A04878,Grandview Health Partners Collaborative,Maryland,2020,0,0.0631004306311254,0,0.23
A04885,Heartland Health Alliance Alliance,Alabama,2020,0,0.13211341509712599,0,0.23
A04887,Golden Valley Health Alliance,Georgia,2020,1,0.18414651151321165,0,0.23
A04895,Blue Ridge Health Network Health System,New York,2020,1,0.39440703087748796,1,0.23
A04898,WellSpring Clinical Partners Medical Center,New Jersey,2020,0,0.14877312446170782,0,0.23
A04900,Oakridge Provider Alliance Health System,Florida,2020,0,0.0625113441634737,0,0.23
A04908,Stonebridge Physician Network Network,Wisconsin,2020,0,0.08058576111269017,0,0.23
A04924,Summit Health Partners Group,North Carolina,2020,0,0.08672916116731487,0,0.23
A04939,Green Valley Medical Group Alliance,New York,2020,0,0.016806911862264184,0,0.23
A04952,Pinnacle Care Alliance Group,Michigan,2020,0,0.042617492805933924,0,0.23
A04954,Cedar Physicians Group,Michigan,2020,0,0.07826075230691115,0,0.23
A04960,Horizon Physicians Health System,Illinois,2020,0,0.1102954183273155,0,0.23
A04963,Blue Ridge Care Partners Health System,Massachusetts,2020,0,0.22318908348298375,0,0.23
A04981,Springfield Physician Network Medical Center,Illinois,2020,0,0.029253955039626914,0,0.23
A04986,Oakridge Provider Alliance Collaborative,Alabama,2020,0,0.08566001526366804,0,0.23
A04987,Oakridge Medical Partners Group,Connecticut,2020,0,0.27704011319138844,1,0.23
A04989,Parkview Physician Network Group,Michigan,2020,0,0.05450501697468637,0,0.23
A04992,Canyon Health Group,Connecticut,2020,0,0.194911545882072,0,0.23
A04994,Northstar Care Network Group,Indiana,2020,0,0.05515053986111248,0,0.23
A04996,Evergreen Care Alliance Group,Indiana,2020,0,0.19489982165179756,0,0.23
A05009,WellSpring Care Partners Medical Center,California,2020,0,0.14962960700600664,0,0.23
A05011,Westfield Health Alliance Medical Center,North Carolina,2020,0,0.13426624684777608,0,0.23
A05012,Canyon Care Network Care Network,Virginia,2020,0,0.0369783164181778,0,0.23
A05016,Grandview Integrated Health Partners,Illinois,2020,0,0.20807178051198372,0,0.23
A05018,Horizon Community Care Group,Wisconsin,2020,0,0.03149813357145404,0,0.23
A05025,Lakeside Health Association,Ohio,2020,0,0.1760780016592954,0,0.23
A05032,Pinnacle Health Collaborative Care Network,North Carolina,2020,0,0.11514116318128159,0,0.23
A05033,Parkview Clinical Partners Group,Massachusetts,2020,0,0.0874810153495549,0,0.23
A05037,Summit Health Collaborative,Pennsylvania,2020,0,0.25076295669148485,1,0.23
A05050,Springfield Physician Network Collaborative,Texas,2020,0,0.06649488725917084,0,0.23
A05055,Unity Provider Alliance Network,Wisconsin,2020,1,0.23037861821566602,1,0.23
A05057,Oakridge Community Care Physician Alliance,Florida,2020,0,0.04689206438697546,0,0.23
A05066,Gateway Medical Partners Physician Alliance,Alabama,2020,0,0.284453165162653,1,0.23
A05068,Golden Valley Physician Network Group,Michigan,2020,0,0.10539320985444275,0,0.23
A05077,Northstar Physicians Care Network,Arizona,2020,0,0.043923714549066316,0,0.23
A05085,Parkview Health Partners Alliance,Virginia,2020,0,0.07877243189463584,0,0.23
A05087,Grandview Healthcare Health System,Arizona,2020,0,0.08978286966493992,0,0.23
A05088,Cedar Medical Physician Alliance,Wisconsin,2020,0,0.4901304269770351,1,0.23
A05090,Pinnacle Medical Group,Missouri,2020,0,0.08220578922472621,0,0.23
A05091,Green Valley Care Alliance Network,Virginia,2020,0,0.10143560696589887,0,0.23
A05107,Pioneer Health Collaborative Medical Center,Maryland,2020,0,0.09736987192484461,0,0.23
A05111,Unity Health Association,Alabama,2020,0,0.18815421003899502,0,0.23
A05119,Parkview Health Partners Physician Alliance,Washington,2020,0,0.06755762615425462,0,0.23
A05123,Metro Health Partners Medical Center,New Jersey,2020,0,0.17094893063564395,0,0.23
A05136,Summit Clinical Partners Collaborative,Missouri,2020,1,0.29122632115100133,1,0.23
A05145,Eastgate Medical Collaborative,Florida,2020,0,0.16111428543551398,0,0.23
A05154,Blue Ridge Physicians Physician Alliance,Tennessee,2020,0,0.09087538009571854,0,0.23
A05160,WellSpring Health Alliance Partners,Illinois,2020,0,0.07668073963322632,0,0.23
A05161,Unity Care Alliance Health System,Alabama,2020,0,0.2702988872313368,1,0.23
A05170,Springfield Care Alliance Association,Oregon,2020,0,0.19265224547943202,0,0.23
A05171,Canyon Health Collaborative Physician Alliance,North Carolina,2020,0,0.11156518722857033,0,0.23
A05172,Riverbend Provider Alliance Association,Colorado,2020,0,0.2015086337718689,0,0.23
A05174,Gateway Wellness Physician Alliance,Oregon,2020,0,0.07553770574865858,0,0.23
A05175,Gateway Medical Group Health System,Alabama,2020,0,0.10343467019923434,0,0.23
A05179,Heritage Care Network Care Network,Missouri,2020,0,0.06981709154581554,0,0.23
A05183,Green Valley Health Partners Medical Center,Colorado,2020,0,0.06386813801670009,0,0.23
A05186,Valley Health Physician Alliance,Maryland,2020,0,0.20623873694154235,0,0.23
A05194,Heartland Clinical Partners Partners,Illinois,2020,0,0.053635021797084265,0,0.23
A05198,Crestview Health Partners Health System,Minnesota,2020,0,0.06401466141447418,0,0.23
A05203,Heritage Care Alliance Medical Center,New Jersey,2020,0,0.20680239020596602,0,0.23
A05211,Canyon Community Care Association,Pennsylvania,2020,0,0.1754628233185294,0,0.23
A05219,Beacon Clinical Partners Alliance,California,2020,0,0.3131535614433385,1,0.23
A05224,Springfield Healthcare Care Network,North Carolina,2020,0,0.06631240686116424,0,0.23
A05225,Highland Provider Alliance Partners,Washington,2020,0,0.07710357467836407,0,0.23
A05233,Heartland Care Group,Colorado,2020,0,0.09039608482724751,0,0.23
A05235,Mountain View Medical Partners Collaborative,Missouri,2020,1,0.6227375171615573,1,0.23
A05236,Riverbend Integrated Health Partners,Tennessee,2020,0,0.4519560707702696,1,0.23
A05238,Meadow Integrated Health Association,Indiana,2020,0,0.20070151488272844,0,0.23
A05240,Pioneer Health Alliance Medical Center,Illinois,2020,0,0.08587411372405196,0,0.23
A05250,Parkview Care Alliance Partners,Pennsylvania,2020,0,0.045676373911609607,0,0.23
A05252,Highland Health Network Collaborative,Colorado,2020,0,0.08289089038437676,0,0.23
A05273,Summit Provider Alliance Collaborative,Florida,2020,0,0.3972106276432419,1,0.23
A05281,Horizon Medical Group Health System,Maryland,2020,0,0.06371792768368746,0,0.23
A05283,Mountain View Health Alliance Network,New York,2020,0,0.06618001180984055,0,0.23
A05295,Clearview Health Alliance Health System,Georgia,2020,0,0.07104620904324929,0,0.23
A05299,Mountain View Healthcare Health System,Texas,2020,0,0.027968594824160854,0,0.23
A05303,Canyon Health Collaborative Association,Maryland,2020,0,0.37148884020121736,1,0.23
A05304,Westfield Care Network Group,Ohio,2020,0,0.036284395164009206,0,0.23
A05307,WellSpring Community Care Group,Minnesota,2020,1,0.2671791421587771,1,0.23
A05316,Gateway Provider Alliance Association,Indiana,2020,0,0.197333824400909,0,0.23
A05317,Canyon Health Partners Alliance,Tennessee,2020,0,0.16839259181385952,0,0.23
A05318,Metro Care Partners Partners,Oregon,2020,0,0.06052922608597437,0,0.23
A05324,Northstar Medical Group Health System,Washington,2020,0,0.1573523634139766,0,0.23
A05325,Green Valley Wellness Network,Florida,2020,0,0.1736091258961,0,0.23
A05326,Springfield Health Alliance Care Network,Michigan,2020,0,0.1197521924219423,0,0.23
A05327,Cedar Health Partners,Illinois,2020,0,0.04900920280865564,0,0.23
A05334,Community Care Care Network,North Carolina,2020,0,0.07955087680529138,0,0.23
A05336,Heartland Physicians Collaborative,Florida,2020,0,0.12363399411319526,0,0.23
A05343,Pinnacle Medical Partners,Maryland,2020,0,0.058636315139473566,0,0.23
A05345,Parkview Care Health System,Wisconsin,2020,1,0.504004647755025,1,0.23
A05347,Blue Ridge Care Network Partners,Minnesota,2020,0,0.060987817992226134,0,0.23
A05348,Heritage Physician Network Collaborative,Alabama,2020,1,0.20689922989350112,0,0.23
A05352,Beacon Health Collaborative Alliance,Wisconsin,2020,0,0.03995316671661205,0,0.23
A05361,Clearview Physicians Physician Alliance,Florida,2020,0,0.14692315507406195,0,0.23
A05367,Heartland Care Partners Association,Michigan,2020,0,0.19223727422921236,0,0.23
A05374,Valley Health Partners Care Network,Indiana,2020,1,0.4751309214370318,1,0.23
A05378,Northstar Community Care Alliance,Ohio,2020,0,0.07306397718768758,0,0.23
A05384,Mountain View Community Care Physician Alliance,Illinois,2020,0,0.2124005864422243,0,0.23
A05386,Green Valley Integrated Health Collaborative,Florida,2020,1,0.6362168951609518,1,0.23
A05396,Highland Care Physician Alliance,Indiana,2020,0,0.07073767683386709,0,0.23
A05397,Summit Integrated Health Group,Massachusetts,2020,0,0.15266814778081295,0,0.23
A05404,Canyon Health Partners Health System,Washington,2020,0,0.16920485205600805,0,0.23
A05411,Evergreen Health Network Network,Michigan,2020,1,0.2281284254196071,0,0.23
A05417,Heritage Health Alliance Partners,Maryland,2020,0,0.10323193699746318,0,0.23
A05418,Crestview Wellness Association,Oregon,2020,0,0.23458393142341788,1,0.23
A05420,Silverstone Community Care Health System,Virginia,2020,0,0.089761039056306,0,0.23
A05439,Golden Valley Medical Group Association,Michigan,2020,0,0.07502648846280652,0,0.23
A05444,Valley Healthcare Group,Tennessee,2020,0,0.08210196121602982,0,0.23
A05449,Valley Care Alliance Health System,Wisconsin,2020,0,0.14170410709413378,0,0.23
A05451,Parkview Care Network Partners,Texas,2020,0,0.10782165691561302,0,0.23
A05458,Pioneer Wellness Group,Ohio,2020,0,0.12056834608713475,0,0.23
A05459,Community Care Alliance Care Network,Wisconsin,2020,1,0.19088615616478571,0,0.23
A05463,Horizon Health Health System,Arizona,2020,0,0.4352766318082971,1,0.23
A05464,Heritage Care Physician Alliance,Pennsylvania,2020,0,0.12076374120121176,0,0.23
A05472,Cedar Community Care Association,Pennsylvania,2020,0,0.0588563038894536,0,0.23
A05477,Redwood Community Care Alliance,Texas,2020,0,0.28212643002602245,1,0.23
A05480,Green Valley Provider Alliance Partners,Massachusetts,2020,0,0.050175229441389704,0,0.23
A05490,Metro Health Network Partners,Oregon,2020,0,0.254956954498282,1,0.23
A05491,Westfield Medical Partners Alliance,Florida,2020,0,0.2661988273029669,1,0.23
A05506,Horizon Health Collaborative Physician Alliance,Pennsylvania,2020,0,0.06658637054952177,0,0.23
A05510,Riverside Medical Group Medical Center,North Carolina,2020,0,0.15535378316886947,0,0.23
A05527,Canyon Health Alliance Physician Alliance,North Carolina,2020,0,0.10101223956823761,0,0.23
A05531,Stonebridge Healthcare Alliance,Texas,2020,0,0.054725845578130476,0,0.23
A05536,Pinnacle Health Partners Association,Virginia,2020,0,0.1906616555980046,0,0.23
A05539,Gateway Community Care Care Network,Ohio,2020,0,0.16804650116023648,0,0.23
A05542,Silverstone Integrated Health Medical Center,Illinois,2020,0,0.1494797809517881,0,0.23
A05543,Community Provider Alliance Partners,Alabama,2020,0,0.06154759158889446,0,0.23
A05550,Meadow Integrated Health Network,Missouri,2020,0,0.1284355592994618,0,0.23
A05555,Clearview Clinical Partners Network,Massachusetts,2020,0,0.025549439280147534,0,0.23
A05557,Evergreen Health Network Alliance,Massachusetts,2020,0,0.10256403941488136,0,0.23
A05561,Community Clinical Partners Medical Center,North Carolina,2020,1,0.19502301004229394,0,0.23
A05565,Beacon Health Collaborative Association,Oregon,2020,0,0.03542726242609154,0,0.23
A05571,Silverstone Health Partners Association,Minnesota,2020,0,0.06265115244391417,0,0.23
A05572,Clearview Health Collaborative Care Network,Maryland,2020,1,0.40721700511539033,1,0.23
A05575,Canyon Medical Partners Network,California,2020,0,0.05458813132038646,0,0.23
A05590,Gateway Medical Group Network,Wisconsin,2020,0,0.16049830446188196,0,0.23
A05595,Pinnacle Medical Partners Physician Alliance,Colorado,2020,0,0.07958007591723934,0,0.23
A05596,Riverside Health Network Alliance,New York,2020,1,0.06449208280538717,0,0.23
A05606,Gateway Medical Association,California,2020,1,0.4061932003211002,1,0.23
A05607,Valley Care Network,Oregon,2020,1,0.25111421132005735,1,0.23
A05615,Eastgate Community Care Physician Alliance,Missouri,2020,0,0.09522621135282129,0,0.23
A05617,Heartland Medical Alliance,Missouri,2020,0,0.04998617235405756,0,0.23
A05622,Green Valley Care Network Network,Tennessee,2020,0,0.16413391769375596,0,0.23
A05627,Beacon Medical Group Partners,Massachusetts,2020,0,0.17044815400408592,0,0.23
A05631,Westfield Clinical Partners Partners,Alabama,2020,0,0.050598663864444074,0,0.23
A05633,Fairview Health Network Health System,Virginia,2020,0,0.030589031910928332,0,0.23
A05648,Pioneer Medical Physician Alliance,Indiana,2020,0,0.24393265525920185,1,0.23
A05652,Evergreen Physicians Alliance,Indiana,2020,0,0.05433692885627362,0,0.23
A05658,Community Provider Alliance Care Network,New Jersey,2020,0,0.07193802879549457,0,0.23
A05659,WellSpring Health Partners Medical Center,Indiana,2020,0,0.08923939448963489,0,0.23
A05661,Lakeside Health Medical Center,Minnesota,2020,0,0.2949824135757608,1,0.23
A05662,Brookside Physician Network Physician Alliance,Missouri,2020,0,0.10061180789009577,0,0.23
A05665,Highland Clinical Partners Association,New Jersey,2020,0,0.08179241756288314,0,0.23
A05670,Riverbend Medical Partners Physician Alliance,Minnesota,2020,0,0.08906904526277418,0,0.23
A05683,Evergreen Integrated Health Care Network,Alabama,2020,1,0.3696702391302672,1,0.23
A05689,WellSpring Healthcare Collaborative,Ohio,2020,0,0.089403518169249,0,0.23
A05691,Lakeside Health Partners Network,Texas,2020,0,0.04719879701802203,0,0.23
A05694,Lakeside Clinical Partners Medical Center,Arizona,2020,0,0.07775203565549553,0,0.23
A05698,WellSpring Integrated Health Group,Ohio,2020,0,0.21818155723775667,0,0.23
A05699,Green Valley Care Partners Health System,Missouri,2020,0,0.029692198257622295,0,0.23
A05702,Pioneer Health Collaborative Collaborative,Tennessee,2020,0,0.2721019275176394,1,0.23
A05703,Northstar Care Alliance Health System,Illinois,2020,0,0.08692527815232336,0,0.23
A05704,Riverside Health Alliance Network,Arizona,2020,0,0.13271165170069066,0,0.23
A05708,Pinnacle Care Network Physician Alliance,Washington,2020,0,0.17600956485668237,0,0.23
A05713,Brookside Care Care Network,Virginia,2020,0,0.017414571458054643,0,0.23
A05718,Heritage Health Association,Massachusetts,2020,0,0.38209713469721257,1,0.23
A05719,Heartland Care Network Partners,Minnesota,2020,1,0.11349706907556456,0,0.23
A05725,Gateway Physicians Alliance,Connecticut,2020,0,0.11277071507384909,0,0.23
A05726,Pioneer Physician Network Physician Alliance,Ohio,2020,1,0.1339716958821539,0,0.23
A05729,Pinnacle Healthcare Association,Pennsylvania,2020,0,0.1589051774530468,0,0.23
A05730,Community Health Partners Alliance,Maryland,2020,1,0.28110852409837406,1,0.23
A05740,Parkview Health Alliance,Georgia,2020,0,0.14453280663841062,0,0.23
A05745,Mountain View Health Collaborative Group,Tennessee,2020,0,0.11484613686864192,0,0.23
A05749,Golden Valley Medical Partners Partners,New York,2020,0,0.07678219379170009,0,0.23
A05752,Heartland Integrated Health Partners,Colorado,2020,0,0.1501714833879552,0,0.23
A05753,Lakeside Clinical Partners Care Network,Washington,2020,0,0.06803258874429324,0,0.23
A05762,Riverside Healthcare Association,California,2020,0,0.25290957271508296,1,0.23
A05769,Green Valley Medical Group Physician Alliance,Georgia,2020,0,0.03802058327706969,0,0.23
A05774,Beacon Medical Medical Center,Florida,2020,0,0.031365785082034525,0,0.23
A05776,Oakridge Wellness Group,Illinois,2020,0,0.39591180657577346,1,0.23
A05780,Highland Provider Alliance Alliance,Minnesota,2020,0,0.2539153302134759,1,0.23
A05784,Beacon Health Alliance Care Network,New York,2020,0,0.12880529567779267,0,0.23
A05785,Summit Physician Network Care Network,Michigan,2020,1,0.42449512257541727,1,0.23
A05788,Redwood Healthcare Association,California,2020,0,0.1809665323723194,0,0.23
A05790,Horizon Health Network Physician Alliance,Michigan,2020,0,0.14614091117230596,0,0.23
A05793,Mountain View Care Physician Alliance,Tennessee,2020,0,0.21380491000406518,0,0.23
A05795,Golden Valley Health Collaborative Partners,Massachusetts,2020,0,0.3610793481139099,1,0.23
A05798,Grandview Wellness Health System,California,2020,0,0.19725721297607296,0,0.23
A05808,Summit Health Association,Illinois,2020,1,0.1317054848116533,0,0.23
A05815,Highland Care Partners Collaborative,Florida,2020,0,0.12177200405155247,0,0.23
A05826,Community Care Partners Alliance,Georgia,2020,1,0.14047139421990182,0,0.23
A05829,Unity Care Partners Network,Texas,2020,0,0.35940184396501534,1,0.23
A05838,Eastgate Care Alliance Group,Connecticut,2020,0,0.08385199603856383,0,0.23
A05842,Eastgate Medical Health System,Oregon,2020,0,0.1760026238286447,0,0.23
A05845,Grandview Healthcare Partners,Tennessee,2020,0,0.03942021856912676,0,0.23
A05847,Maplewood Care Network Partners,Florida,2020,0,0.07808477480160265,0,0.23
A05851,Summit Provider Alliance Health System,New Jersey,2020,0,0.15080334852655836,0,0.23
A05859,Blue Ridge Care Network Group,North Carolina,2020,0,0.07759306167705178,0,0.23
A05866,Valley Health Alliance Partners,Florida,2020,0,0.18619474817914583,0,0.23
A05880,Cedar Health Network Group,Arizona,2020,0,0.06747332424946598,0,0.23
A05881,Evergreen Physician Network Health System,Missouri,2020,0,0.09857230120892435,0,0.23
A05886,Golden Valley Wellness Group,Illinois,2020,0,0.06096958221843688,0,0.23
A05887,Oakridge Healthcare Alliance,Georgia,2020,0,0.03855656206282118,0,0.23
A05889,Green Valley Care Alliance Health System,Illinois,2020,0,0.13543549301197316,0,0.23
A05898,Parkview Care Partners Alliance,Ohio,2020,0,0.033342843565124604,0,0.23
A05899,Heritage Care Network Partners,Wisconsin,2020,1,0.0736753986464032,0,0.23
A05914,Crestview Health Association,Pennsylvania,2020,1,0.15881076499662952,0,0.23
A05915,Unity Community Care Partners,New Jersey,2020,0,0.25525167500255763,1,0.23
A05926,Fairview Integrated Health Medical Center,Indiana,2020,1,0.19323366527587413,0,0.23
A05928,Green Valley Physicians Partners,Oregon,2020,0,0.11334768346858912,0,0.23
A05930,Springfield Clinical Partners Health System,Minnesota,2020,0,0.40389602172400585,1,0.23
A05931,Pinnacle Integrated Health Care Network,Washington,2020,0,0.049039392766860326,0,0.23
A05942,Clearview Health Group,North Carolina,2020,0,0.05229055942906322,0,0.23
A05943,Green Valley Care Partners Network,Pennsylvania,2020,0,0.05750458087407249,0,0.23
A05951,Beacon Physicians Physician Alliance,Illinois,2020,0,0.11524933384770994,0,0.23
A05957,Springfield Care Network Association,Missouri,2020,1,0.2772123300202704,1,0.23
A05967,Northstar Wellness Partners,Massachusetts,2020,1,0.23959094675676218,1,0.23
A05972,Fairview Provider Alliance Group,Maryland,2020,0,0.3184196992559877,1,0.23
A05973,Grandview Care Network Association,California,2020,0,0.07259167204594047,0,0.23
A05986,Oakridge Health Network Association,Virginia,2020,0,0.13669085034225378,0,0.23
A05997,Lakeside Health Alliance Alliance,New Jersey,2020,0,0.1482082401713739,0,0.23
A06000,Fairview Healthcare Health System,Pennsylvania,2020,0,0.20946526146417255,0,0.23
A06001,Highland Medical Association,New Jersey,2020,0,0.16830454023799127,0,0.23
A06005,Crestview Healthcare Partners,New York,2020,1,0.14203741539488074,0,0.23
A06013,Oakridge Care Partners Care Network,Wisconsin,2020,0,0.1153097644220215,0,0.23
A06018,Summit Health Alliance Alliance,California,2020,0,0.051699086764774,0,0.23
A06041,Heartland Care Alliance Association,Georgia,2020,0,0.2868119801343763,1,0.23
A06053,Summit Care Network Collaborative,Wisconsin,2020,0,0.058919618801636785,0,0.23
A06054,Springfield Medical Alliance,Ohio,2020,1,0.1823547629728939,0,0.23
A06059,Crestview Care Alliance Partners,Pennsylvania,2020,0,0.03198068670970111,0,0.23
A06063,Fairview Physician Network Medical Center,Oregon,2020,0,0.13030433631010058,0,0.23
A06068,Silverstone Health Network Care Network,Missouri,2020,1,0.5226563302605988,1,0.23
A06075,Riverbend Medical Group Physician Alliance,Texas,2020,0,0.048675894574068714,0,0.23
A06076,Gateway Care Partners Collaborative,California,2020,1,0.39915099656730907,1,0.23
A06079,WellSpring Integrated Health Collaborative,Oregon,2020,0,0.13886822185947229,0,0.23
A06081,Parkview Health Alliance Alliance,Alabama,2020,0,0.15415600248630498,0,0.23
A06083,Oakridge Clinical Partners Health System,Massachusetts,2020,0,0.12243999067597844,0,0.23
A06090,Riverbend Health Collaborative Group,California,2020,0,0.033541187449645335,0,0.23
A06092,Pioneer Medical Partners Physician Alliance,Missouri,2020,0,0.02757856946583803,0,0.23
A06095,Westfield Health Network Partners,Wisconsin,2020,0,0.06203461631306768,0,0.23
A06108,Community Wellness Medical Center,New York,2020,0,0.28901301707936233,1,0.23
A06121,Evergreen Medical Network,Minnesota,2020,0,0.18191750549504745,0,0.23
A06122,Northstar Care Partners Medical Center,Arizona,2020,0,0.08121087957861423,0,0.23
A06128,Pinnacle Physician Network Care Network,Tennessee,2020,0,0.04594422344802319,0,0.23
A06129,Parkview Care Medical Center,Illinois,2020,0,0.08478324090402373,0,0.23
A06130,Springfield Community Care Physician Alliance,Florida,2020,0,0.2277021983670382,0,0.23
A06135,Metro Clinical Partners Group,Illinois,2020,0,0.043406034769636816,0,0.23
A06137,Clearview Physician Network Collaborative,Connecticut,2020,0,0.11650566713600115,0,0.23
A06139,WellSpring Care Care Network,Colorado,2020,0,0.04505862634674628,0,0.23
A06147,Fairview Physician Network Network,Pennsylvania,2020,0,0.09412324970183744,0,0.23
A06155,Crestview Community Care Medical Center,Colorado,2020,1,0.1803166514883751,0,0.23
A06156,Canyon Health Collaborative,Alabama,2020,0,0.046161668038764904,0,0.23
A06164,Parkview Physicians Care Network,Wisconsin,2020,0,0.08822926004827555,0,0.23
A06167,Unity Health Group,Arizona,2020,0,0.08008660955761997,0,0.23
A06173,Parkview Medical Group Medical Center,North Carolina,2020,0,0.09551067646419138,0,0.23
A06175,Highland Health Collaborative Collaborative,Pennsylvania,2020,0,0.0707905293229467,0,0.23
A06177,Golden Valley Health Alliance Physician Alliance,Washington,2020,0,0.22128827137475046,0,0.23
A06183,Parkview Care Alliance,Oregon,2020,0,0.21311958084281002,0,0.23
A06187,Heartland Health Collaborative Alliance,North Carolina,2020,0,0.20840074159681393,0,0.23
A06190,Parkview Medical Collaborative,Florida,2020,0,0.08959327351962924,0,0.23
A06201,Springfield Health Association,Massachusetts,2020,0,0.07381809141832968,0,0.23
A06202,Blue Ridge Medical Group Association,Arizona,2020,0,0.3229721433610458,1,0.23
A06206,Northstar Medical Partners Health System,Tennessee,2020,0,0.027251794773855732,0,0.23
A06207,Gateway Care Alliance Association,Virginia,2020,0,0.016915126244851243,0,0.23
A06208,Green Valley Healthcare Group,New York,2020,0,0.057680262636947914,0,0.23
A06209,Westfield Care Group,Texas,2020,0,0.031123980902260793,0,0.23
A06213,Highland Care Alliance,Oregon,2020,0,0.1736232641010983,0,0.23
A06225,Cedar Medical Partners,Michigan,2020,0,0.2182516917829367,0,0.23
A06230,Eastgate Community Care Alliance,Virginia,2020,0,0.07736870922992532,0,0.23
A06234,Golden Valley Clinical Partners Network,Florida,2020,0,0.05920407122402874,0,0.23
A06238,Grandview Health Collaborative Care Network,Tennessee,2020,0,0.03685662435329339,0,0.23
A06255,Springfield Care Association,Texas,2020,0,0.06867983488332284,0,0.23
A06256,Crestview Physicians Group,Florida,2020,0,0.020801366791413707,0,0.23
A06259,Brookside Provider Alliance Association,North Carolina,2020,0,0.07380029810027454,0,0.23
A06260,Mountain View Health Network,Indiana,2020,0,0.15556879925246178,0,0.23
A06263,Heartland Clinical Partners Care Network,Michigan,2020,0,0.10739456945198782,0,0.23
A06273,Maplewood Medical Medical Center,Ohio,2020,0,0.09573162015106922,0,0.23
A06276,Silverstone Community Care Care Network,Texas,2020,1,0.12735421931450813,0,0.23
A06281,Riverbend Physician Network Network,Massachusetts,2020,0,0.1674170762090554,0,0.23
A06286,Fairview Medical Collaborative,Washington,2020,0,0.2861372379413059,1,0.23
A06291,Pinnacle Physicians Network,Illinois,2020,0,0.01435312503235468,0,0.23
A06299,Lakeside Care Partners Alliance,New York,2020,0,0.39109904036205756,1,0.23
A06300,Grandview Community Care Collaborative,New Jersey,2020,0,0.1179559115685628,0,0.23
A06302,Golden Valley Wellness Association,Wisconsin,2020,0,0.09241232396228752,0,0.23
A06304,Heartland Medical Physician Alliance,Ohio,2020,0,0.01810730086119713,0,0.23
A06308,Golden Valley Community Care Health System,Missouri,2020,1,0.5896792309151105,1,0.23
A06310,Springfield Wellness Physician Alliance,Pennsylvania,2020,0,0.08842197702774689,0,0.23
A06339,Green Valley Integrated Health Alliance,Minnesota,2020,0,0.03188168949613219,0,0.23
A06344,Brookside Care Network Partners,Massachusetts,2020,0,0.04461112664736336,0,0.23
A06347,Valley Provider Alliance Care Network,Michigan,2020,0,0.264110954499913,1,0.23
A06349,Green Valley Physicians Alliance,Massachusetts,2020,0,0.1680643107977607,0,0.23
A06352,Heritage Health Medical Center,Pennsylvania,2020,0,0.15577658545270112,0,0.23
A06354,Springfield Clinical Partners Association,California,2020,0,0.17539997210169833,0,0.23
A06373,Riverbend Health Network Collaborative,North Carolina,2020,0,0.3673977429798375,1,0.23
A06375,Unity Care Alliance Medical Center,Oregon,2020,0,0.058254082386605704,0,0.23
A06384,Brookside Physicians Alliance,Tennessee,2020,0,0.04135639075486756,0,0.23
A06385,Meadow Care Health System,Wisconsin,2020,0,0.03692531917347143,0,0.23
A06388,Grandview Healthcare Network,Virginia,2020,0,0.13680526633631615,0,0.23
A06390,Springfield Health Alliance Partners,New York,2020,0,0.040402424470319,0,0.23
A06397,Northstar Care Partners Alliance,Alabama,2020,0,0.07598852006294692,0,0.23
A06413,Pinnacle Medical Partners Network,Minnesota,2020,1,0.1758050860630145,0,0.23
A06423,Redwood Health Network Collaborative,Oregon,2020,0,0.1322803428766871,0,0.23
A06432,Beacon Healthcare Physician Alliance,Massachusetts,2020,0,0.15759228851614357,0,0.23
A06434,Parkview Health Group,Pennsylvania,2020,1,0.11026528304727337,0,0.23
A06440,Eastgate Clinical Partners Alliance,Massachusetts,2020,0,0.10870649582625122,0,0.23
A06450,Northstar Physician Network Network,Colorado,2020,0,0.3004274305881595,1,0.23
A06451,Gateway Healthcare Medical Center,Florida,2020,0,0.17999691395798853,0,0.23
A06452,Summit Physicians Collaborative,Washington,2020,0,0.029223628067064897,0,0.23
A06456,Canyon Healthcare Alliance,California,2020,0,0.25698854409784966,1,0.23
A06458,Lakeside Care Alliance Health System,California,2020,0,0.18777405611920855,0,0.23
A06459,Riverbend Provider Alliance Medical Center,Georgia,2020,0,0.15785406659585927,0,0.23
A06470,Summit Physician Network Alliance,Washington,2020,0,0.08166862047633616,0,0.23
A06473,Mountain View Community Care Care Network,Ohio,2020,0,0.1322905844119603,0,0.23
A06490,Cedar Provider Alliance Health System,New York,2020,0,0.2693363583546679,1,0.23
A06492,Golden Valley Health Collaborative Group,Missouri,2020,0,0.04063887884999637,0,0.23
A06498,Green Valley Care Alliance Association,California,2020,0,0.20704260736998323,0,0.23
A06500,Community Care Network Association,Missouri,2020,1,0.07982713127102867,0,0.23
A06504,Beacon Health Network Health System,Minnesota,2020,0,0.19807144197201346,0,0.23
A06508,Gateway Health Network Health System,Arizona,2020,0,0.05255140518198131,0,0.23
A06511,Stonebridge Health Collaborative Physician Alliance,Connecticut,2020,0,0.16048288563054858,0,0.23
A06515,Metro Medical Medical Center,Georgia,2020,0,0.1077004154682056,0,0.23
A06519,Summit Care Partners Association,North Carolina,2020,0,0.11935625145542356,0,0.23
A06521,Heartland Physician Network Alliance,Massachusetts,2020,0,0.04112170986448425,0,0.23
A06525,Fairview Health Group,Colorado,2020,0,0.12063412065675266,0,0.23
A06527,Redwood Physicians Care Network,Minnesota,2020,0,0.21674070474817766,0,0.23
A06528,Oakridge Medical Partners Collaborative,California,2020,0,0.029119706969026132,0,0.23
A06536,Community Health Collaborative Association,Florida,2020,0,0.30059739625804377,1,0.23
A06538,Meadow Provider Alliance Care Network,Wisconsin,2020,0,0.13646888740109264,0,0.23
A06549,Gateway Care Alliance Physician Alliance,Tennessee,2020,0,0.11860759801114153,0,0.23
A06552,Canyon Health Alliance Association,Connecticut,2020,0,0.15527831292105213,0,0.23
A06557,Stonebridge Care Alliance Association,Pennsylvania,2020,0,0.2676607780158491,1,0.23
A06568,Maplewood Healthcare Physician Alliance,Alabama,2020,0,0.04739295935994441,0,0.23
A06576,Metro Integrated Health Physician Alliance,New Jersey,2020,0,0.03832446688752854,0,0.23
A06577,Heritage Health Partners,Michigan,2020,0,0.14232757688408887,0,0.23
A06589,Beacon Health Collaborative Partners,Indiana,2020,0,0.13970057519958262,0,0.23
A06594,Crestview Medical Association,New York,2020,1,0.0856611379918203,0,0.23
A06604,Summit Health Partners Physician Alliance,California,2020,0,0.02172862251344384,0,0.23
A06605,Evergreen Community Care Network,Florida,2020,0,0.06784933035515889,0,0.23
A06618,Brookside Health Alliance Collaborative,New Jersey,2020,1,0.4722581210436702,1,0.23
A06620,Grandview Integrated Health Medical Center,Virginia,2020,0,0.07863771053619045,0,0.23
A06628,Blue Ridge Community Care Partners,Pennsylvania,2020,0,0.0533566994106426,0,0.23
A06631,Redwood Medical Health System,Connecticut,2020,0,0.15963530285286323,0,0.23
A06632,Redwood Physicians Medical Center,Washington,2020,0,0.2493306340203794,1,0.23
A06637,Pinnacle Care Network Care Network,Maryland,2020,0,0.07750506551490427,0,0.23
A06640,Grandview Clinical Partners Health System,California,2020,0,0.3227829841347994,1,0.23
A06641,Lakeside Clinical Partners Association,Maryland,2020,0,0.07346156487786186,0,0.23
A06652,Stonebridge Clinical Partners Network,Florida,2020,0,0.207256295806997,0,0.23
A06655,Grandview Physician Network Collaborative,Michigan,2020,0,0.10476238434835128,0,0.23
A06656,Oakridge Health Collaborative Physician Alliance,Florida,2020,0,0.09348838473265188,0,0.23
A06658,Canyon Care Association,Tennessee,2020,1,0.233431997365162,1,0.23
A06666,WellSpring Care Alliance Medical Center,Oregon,2020,0,0.13084493533149302,0,0.23
A06668,Green Valley Integrated Health Medical Center,Illinois,2020,0,0.13271165170069066,0,0.23
A06669,Heritage Health Network Collaborative,North Carolina,2020,0,0.0536779086284274,0,0.23
A06673,Mountain View Health Partners Partners,Alabama,2020,0,0.09365800756153465,0,0.23
A06679,Westfield Medical Association,Colorado,2020,0,0.14464721119978757,0,0.23
A06682,Metro Physicians Association,Virginia,2020,0,0.14513883032921993,0,0.23
A06687,Evergreen Healthcare Collaborative,Connecticut,2020,1,0.08318596211604058,0,0.23
A06692,Grandview Care Network Network,Missouri,2020,0,0.2468616848978342,1,0.23
A06693,Meadow Care Alliance,Colorado,2020,0,0.06166591834442228,0,0.23
A06694,Valley Health Partners Partners,Arizona,2020,0,0.23249128631245305,1,0.23
A06695,Blue Ridge Care Network Alliance,Virginia,2020,0,0.0900855765973078,0,0.23
A06704,Summit Physicians Health System,Minnesota,2020,0,0.13005188279840468,0,0.23
A06727,Green Valley Integrated Health Partners,Pennsylvania,2020,0,0.08910683728243628,0,0.23
A06728,Springfield Care Partners Health System,Alabama,2020,0,0.25637224582642415,1,0.23
A06730,Community Healthcare Alliance,Virginia,2020,0,0.2066595837113369,0,0.23
A06748,Evergreen Health Collaborative Medical Center,Michigan,2020,0,0.06367494418996525,0,0.23
A06767,Blue Ridge Medical Care Network,Alabama,2020,0,0.060664200474717545,0,0.23
A06770,Green Valley Clinical Partners Health System,Florida,2020,0,0.15006587046268277,0,0.23
A06777,Brookside Physician Network Group,Florida,2020,0,0.06327819637569108,0,0.23
A06779,Silverstone Wellness Health System,North Carolina,2020,0,0.1292384896048828,0,0.23
A06786,Evergreen Medical Group Health System,Wisconsin,2020,0,0.030807491850730326,0,0.23
A06793,Fairview Wellness Medical Center,New York,2020,1,0.36461085520156966,1,0.23
A06796,Cedar Community Care Care Network,Maryland,2020,0,0.1078775764685315,0,0.23
A06797,Summit Community Care Network,Michigan,2020,0,0.06326106126765496,0,0.23
A06798,Crestview Health Collaborative Network,Indiana,2020,0,0.054908221443379014,0,0.23
A06806,Golden Valley Wellness Collaborative,Illinois,2020,0,0.08481375687733977,0,0.23
A06808,Metro Health Network Alliance,California,2020,0,0.09490743946250786,0,0.23
A06814,Stonebridge Healthcare Group,Minnesota,2020,0,0.10864824458316327,0,0.23
A06816,Golden Valley Health Network Care Network,Pennsylvania,2020,0,0.17279313253093276,0,0.23
A06828,Silverstone Care Network Collaborative,Connecticut,2020,0,0.08401136656857675,0,0.23
A06841,Heartland Clinical Partners Health System,Virginia,2020,0,0.16188134822657904,0,0.23
A06844,Blue Ridge Clinical Partners Group,Illinois,2020,0,0.06966696136096133,0,0.23
A06846,Heritage Community Care Association,Arizona,2020,0,0.2106845000633475,0,0.23
A06847,Riverside Health Partners Physician Alliance,Washington,2020,0,0.11000805354233928,0,0.23
A06857,Crestview Community Care Physician Alliance,Alabama,2020,0,0.1302552173004877,0,0.23
A06866,Cedar Medical Alliance,Wisconsin,2020,0,0.31073633174503096,1,0.23
A06869,Gateway Medical Group Care Network,Oregon,2020,0,0.05620902830083101,0,0.23
A06870,Community Medical Physician Alliance,Virginia,2020,1,0.27414069438850164,1,0.23
A06879,Crestview Healthcare Physician Alliance,Washington,2020,0,0.19473154946957025,0,0.23
A06885,Summit Health Alliance Physician Alliance,Indiana,2020,1,0.36490946990801854,1,0.23
A06887,Parkview Clinical Partners Health System,Maryland,2020,0,0.13333218782603645,0,0.23
A06892,Unity Healthcare Group,Georgia,2020,0,0.06869646335342129,0,0.23
A06897,Community Health Alliance,Missouri,2020,1,0.26875347048156784,1,0.23
A06898,Maplewood Physicians Alliance,Colorado,2020,0,0.04038264277115287,0,0.23
A06900,Westfield Care Partners Association,Alabama,2020,1,0.07361253011842883,0,0.23
A06909,Pioneer Medical Collaborative,New York,2020,0,0.03422445580245346,0,0.23
A06915,WellSpring Physicians Health System,Arizona,2020,1,0.16157496313026168,0,0.23
A06922,Riverside Care Alliance Collaborative,Tennessee,2020,0,0.2948824955025781,1,0.23
A06923,Valley Health Partners Network,Georgia,2020,1,0.6502088734432349,1,0.23
A06930,Community Medical Group Medical Center,Illinois,2020,0,0.28968913987750955,1,0.23
A06934,Brookside Care Network Health System,California,2020,0,0.043097888123467765,0,0.23
A06941,Parkview Medical Partners Association,Illinois,2020,0,0.04697977413301961,0,0.23
A06952,Lakeside Health Alliance Medical Center,Wisconsin,2020,0,0.10621563536704652,0,0.23
A06965,Clearview Medical Partners Physician Alliance,Colorado,2020,0,0.12315223133294456,0,0.23
A06968,Westfield Health Alliance Partners,Washington,2020,0,0.048617828447271305,0,0.23
A06987,Evergreen Health Collaborative,Pennsylvania,2020,0,0.13829240348302393,0,0.23
A07002,Riverside Integrated Health Alliance,Virginia,2020,0,0.17359580748053788,0,0.23
A07004,Community Integrated Health Collaborative,Massachusetts,2020,0,0.1624703082571763,0,0.23
A07005,Cedar Integrated Health Medical Center,Maryland,2020,0,0.054828888007813034,0,0.23
A07009,Stonebridge Physicians Medical Center,Massachusetts,2020,0,0.20068759102966002,0,0.23
A07011,Heritage Health Network Physician Alliance,Oregon,2020,0,0.15421289915839498,0,0.23
A07018,Westfield Integrated Health Association,Virginia,2020,0,0.1308492824945516,0,0.23
A07020,Mountain View Health Collaborative Medical Center,Michigan,2020,0,0.09405927293392587,0,0.23
A07029,Grandview Medical Partners Physician Alliance,Virginia,2020,0,0.16183679741794735,0,0.23
A07040,Lakeside Healthcare Collaborative,Illinois,2020,0,0.056757709827282135,0,0.23
A07042,Unity Physician Network Association,New York,2020,1,0.17354394574815743,0,0.23
A07046,Oakridge Clinical Partners Medical Center,Missouri,2020,0,0.13114073343489946,0,0.23
A07051,Valley Clinical Partners Physician Alliance,Ohio,2020,1,0.21608425587157623,0,0.23
A07054,Stonebridge Medical Collaborative,Wisconsin,2020,0,0.2970919493526466,1,0.23
A07059,Golden Valley Care Alliance Network,Washington,2020,0,0.14183422467698686,0,0.23
A07060,Eastgate Care Partners Health System,Minnesota,2020,0,0.0803703370579642,0,0.23
A07061,Oakridge Health Network Partners,Washington,2020,1,0.1758858954060468,0,0.23
A07062,WellSpring Care Partners Physician Alliance,Minnesota,2020,0,0.06981709154581554,0,0.23
A07064,Stonebridge Health Collaborative Care Network,New York,2020,0,0.07612341436440555,0,0.23
A07070,Westfield Physician Network Care Network,Illinois,2020,0,0.19185968862891606,0,0.23
A07071,Horizon Physician Network Network,New Jersey,2020,0,0.15988071201432444,0,0.23
A07073,Lakeside Medical Partners Medical Center,Missouri,2020,0,0.25509602517190577,1,0.23
A07075,Silverstone Medical Group Group,Massachusetts,2020,0,0.048228752809972956,0,0.23
A07078,Horizon Medical Partners Network,Wisconsin,2020,0,0.09965013563092541,0,0.23
A07092,Valley Health Network,Indiana,2020,0,0.2405361258612243,1,0.23
A07105,Canyon Health Partners Collaborative,Arizona,2020,0,0.1117505865386625,0,0.23
A07106,Heartland Integrated Health Medical Center,Indiana,2020,0,0.08709811975747737,0,0.23
A07109,Heartland Medical Group Partners,Connecticut,2020,0,0.07389300639908837,0,0.23
A07111,Horizon Care Medical Center,Alabama,2020,1,0.07399401799184319,0,0.23
A07116,Heritage Wellness Association,California,2020,0,0.06470985166340597,0,0.23
A07136,Riverside Physician Network Medical Center,Illinois,2020,0,0.1232651106380926,0,0.23
A07148,Gateway Health Group,Illinois,2020,0,0.29807615258811887,1,0.23
A07150,Maplewood Physicians Collaborative,New York,2020,0,0.06043799269410446,0,0.23
A07153,Maplewood Health Collaborative Care Network,North Carolina,2020,0,0.12877917964167845,0,0.23
A07156,Horizon Integrated Health Collaborative,Minnesota,2020,0,0.11186403027977879,0,0.23
A07164,Summit Medical Partners Alliance,Alabama,2020,0,0.06554901856493993,0,0.23
A07169,Unity Integrated Health Network,Florida,2020,1,0.19248761338191883,0,0.23
A07172,Eastgate Health Partners,Alabama,2020,0,0.19028687333469774,0,0.23
A07173,Pioneer Medical Group Partners,Minnesota,2020,0,0.057612577621725114,0,0.23
A07174,Riverside Community Care Alliance,Georgia,2020,0,0.28037072486836345,1,0.23
A07177,Pinnacle Community Care Health System,Alabama,2020,1,0.5643954386935522,1,0.23
A07192,Beacon Healthcare Group,Arizona,2020,0,0.10781760221627701,0,0.23
A07193,Fairview Clinical Partners Network,Wisconsin,2020,1,0.17920839307207673,0,0.23
A07195,Silverstone Care Partners Partners,Minnesota,2020,1,0.53784472734454,1,0.23
A07199,Summit Physicians Medical Center,Washington,2020,1,0.17079118853473005,0,0.23
A07209,Silverstone Health Partners Care Network,New Jersey,2020,1,0.2079405075391122,0,0.23
A07212,Clearview Care Network Physician Alliance,Washington,2020,0,0.24349902999053982,1,0.23
A07221,Maplewood Physician Network Collaborative,Minnesota,2020,1,0.08737852772269061,0,0.23
A07227,Eastgate Wellness Alliance,Alabama,2020,0,0.11441989580620955,0,0.23
A07231,Community Health Network Care Network,New Jersey,2020,0,0.08014787148984055,0,0.23
A07236,Community Health Alliance Health System,Ohio,2020,0,0.052973887454307686,0,0.23
A07244,Springfield Clinical Partners Network,Illinois,2020,0,0.12387287163144639,0,0.23
A07264,Riverside Community Care Health System,Massachusetts,2020,0,0.04844288706472954,0,0.23
A07267,Riverbend Wellness Medical Center,Florida,2020,0,0.10595158447182626,0,0.23
A07268,Parkview Care Partners Physician Alliance,Connecticut,2020,0,0.22081223659670243,0,0.23
A07281,Riverside Care Association,Georgia,2020,0,0.10128229453263404,0,0.23
A07284,Lakeside Care Alliance Association,Illinois,2020,0,0.061837342556713575,0,0.23
A07286,Oakridge Care Alliance Alliance,Minnesota,2020,1,0.2430621120895134,1,0.23
A07294,Redwood Medical Collaborative,Minnesota,2020,0,0.07037159855809509,0,0.23
A07297,Summit Healthcare Care Network,Maryland,2020,0,0.047771236560429815,0,0.23
A07298,Lakeside Physician Network Collaborative,Pennsylvania,2020,0,0.08831278098788499,0,0.23
A07299,Gateway Health Alliance Association,Texas,2020,0,0.12275579701885014,0,0.23
A07301,Gateway Community Care Physician Alliance,Washington,2020,0,0.17385950098237568,0,0.23
A07302,Westfield Care Network Physician Alliance,Arizona,2020,0,0.18467095601899502,0,0.23
A07306,Maplewood Health Collaborative Group,Wisconsin,2020,0,0.1379892445854674,0,0.23
A07308,Metro Health Alliance Alliance,Minnesota,2020,0,0.1292399532411987,0,0.23
A07313,Maplewood Community Care Collaborative,Colorado,2020,0,0.12578993057376248,0,0.23
A07316,WellSpring Health Alliance Physician Alliance,Colorado,2020,0,0.12157137131984036,0,0.23
A07324,Springfield Healthcare Physician Alliance,Washington,2020,0,0.16618801842578113,0,0.23
A07325,Crestview Health Network Care Network,Tennessee,2020,0,0.06219690508952411,0,0.23
A07330,Metro Health Partners Network,Connecticut,2020,0,0.28976707242152977,1,0.23
A07332,Northstar Care Partners,Texas,2020,0,0.043412380124312186,0,0.23
A07333,Clearview Health Network Network,Massachusetts,2020,0,0.1878261863345797,0,0.23
A07338,Gateway Health Collaborative Group,Texas,2020,0,0.018663759084256284,0,0.23
A07340,Gateway Health Partners Care Network,New York,2020,0,0.16076229903498682,0,0.23
A07343,Oakridge Clinical Partners Care Network,Florida,2020,0,0.033342843565124604,0,0.23
A07344,Riverbend Community Care Collaborative,Texas,2020,0,0.04784326590992485,0,0.23
A07347,Summit Health Alliance Group,Missouri,2020,0,0.12729563334014052,0,0.23
A07349,Community Physicians Group,New York,2020,0,0.3886929857755812,1,0.23
A07357,Oakridge Medical Partners Association,Missouri,2020,1,0.10637666070792241,0,0.23
A07359,Community Integrated Health Physician Alliance,Arizona,2020,0,0.15438189094536817,0,0.23
A07361,Metro Integrated Health Care Network,Arizona,2020,0,0.1114423813853927,0,0.23
A07363,Evergreen Clinical Partners Medical Center,Texas,2020,0,0.08369413290948048,0,0.23
A07372,Eastgate Physicians Partners,Oregon,2020,0,0.030234668988992536,0,0.23
A07373,Pioneer Care Partners Health System,Texas,2020,0,0.058278013439443326,0,0.23
A07374,Oakridge Care Network Health System,Michigan,2020,0,0.078573511038102,0,0.23
A07377,Grandview Physician Network Care Network,Pennsylvania,2020,1,0.12730979391466174,0,0.23
A07387,Golden Valley Physician Network Network,Pennsylvania,2020,0,0.02122372864021274,0,0.23
A07388,Crestview Wellness Network,Minnesota,2020,1,0.3300050417688116,1,0.23
A07399,Clearview Healthcare Medical Center,Wisconsin,2020,0,0.0943335410366682,0,0.23
A07407,Eastgate Medical Group Collaborative,Colorado,2020,0,0.18380104799794403,0,0.23
A07408,Clearview Medical Group Health System,Missouri,2020,0,0.15458356005615467,0,0.23
A07411,Oakridge Care Network Collaborative,Illinois,2020,0,0.029397927548829104,0,0.23
A07426,Unity Integrated Health Care Network,Oregon,2020,0,0.30149205329708745,1,0.23
A07433,Stonebridge Medical Network,Georgia,2020,0,0.25744426346802546,1,0.23
A07434,Heritage Provider Alliance Collaborative,Minnesota,2020,0,0.0976268801763191,0,0.23
A07439,Clearview Care Alliance Alliance,Pennsylvania,2020,1,0.1810089471470867,0,0.23
A07441,Beacon Care Alliance Partners,New York,2020,0,0.15453218610165695,0,0.23
A07444,Beacon Care Alliance,Pennsylvania,2020,0,0.11415158223562914,0,0.23
A07459,Unity Health Collaborative Partners,Connecticut,2020,0,0.10025750495399921,0,0.23
A07460,Lakeside Care Physician Alliance,Oregon,2020,0,0.050501792595750696,0,0.23
A07478,Riverbend Health Alliance Medical Center,Maryland,2020,0,0.0960279852843239,0,0.23
A07482,Eastgate Medical Partners,Texas,2020,0,0.0438422492404631,0,0.23
A07487,Horizon Clinical Partners Care Network,New Jersey,2020,1,0.12436539582484088,0,0.23
A07498,Parkview Wellness Network,Florida,2020,0,0.06298991183357207,0,0.23
A00005,Mountain View Care Alliance Collaborative,Ohio,2021,0,0.10153130443836438,0,0.23
A00007,Metro Health Alliance Medical Center,Missouri,2021,0,0.1473825945872503,0,0.23
A00013,Beacon Health Collaborative Health System,Michigan,2021,0,0.1757598909295461,0,0.23
A00016,Meadow Physician Network Group,Wisconsin,2021,0,0.06480055923694497,0,0.23
A00019,Cedar Care Group,Pennsylvania,2021,0,0.10653162835084125,0,0.23
A00023,Maplewood Integrated Health Physician Alliance,Arizona,2021,0,0.24984038427691993,1,0.23
A00027,Highland Care Network Physician Alliance,Oregon,2021,0,0.041963539201835535,0,0.23
A00028,Unity Medical Partners Health System,Alabama,2021,0,0.2496006602642627,1,0.23
A00031,Brookside Care Alliance Health System,Missouri,2021,0,0.10542585013856154,0,0.23
A00037,WellSpring Care Network Network,Maryland,2021,1,0.11144211404851687,0,0.23
A00043,Crestview Medical Network,Missouri,2021,1,0.5215610032504178,1,0.23
A00059,Metro Care Partners Health System,Ohio,2021,0,0.016489308616507665,0,0.23
A00067,Metro Provider Alliance Health System,Colorado,2021,1,0.09743111505782112,0,0.23
A00073,Maplewood Health Alliance Care Network,Florida,2021,0,0.11529424148577704,0,0.23
A00077,Lakeside Medical Group Physician Alliance,Georgia,2021,0,0.1301231653814289,0,0.23
A00093,Gateway Provider Alliance Alliance,Ohio,2021,0,0.28849603660624096,1,0.23
A00098,Stonebridge Care Collaborative,Arizona,2021,0,0.23293440406725419,1,0.23
A00105,Riverbend Physicians Alliance,New Jersey,2021,0,0.08795307873181157,0,0.23
A00112,Pinnacle Wellness Network,North Carolina,2021,0,0.06814916739709545,0,0.23
A00113,Unity Healthcare Physician Alliance,Washington,2021,0,0.07343257313735221,0,0.23
A00132,WellSpring Health Network Medical Center,Minnesota,2021,1,0.44461845399805705,1,0.23
A00135,Highland Medical Physician Alliance,Illinois,2021,0,0.026505300700262403,0,0.23
A00136,Heartland Integrated Health Collaborative,New York,2021,0,0.03881709646896393,0,0.23
A00138,Fairview Care Network Physician Alliance,Wisconsin,2021,0,0.08077407425487167,0,0.23
A00140,Community Community Care Alliance,Illinois,2021,0,0.10051806918036059,0,0.23
A00142,Heritage Integrated Health Network,Missouri,2021,0,0.3964448612571703,1,0.23
A00153,Springfield Care Medical Center,Michigan,2021,0,0.04408726467040079,0,0.23
A00156,Blue Ridge Health Partners,Connecticut,2021,0,0.059662899850880066,0,0.23
A00157,Clearview Care Alliance Medical Center,Maryland,2021,0,0.20659778838194273,0,0.23
A00160,Eastgate Medical Partners Partners,Washington,2021,1,0.315634103466879,1,0.23
A00168,Cedar Care Partners Partners,Oregon,2021,0,0.0925511406263611,0,0.23
A00178,Metro Wellness Medical Center,Texas,2021,0,0.1506256879228585,0,0.23
A00182,Evergreen Physician Network Medical Center,Maryland,2021,1,0.3747533344538103,1,0.23
A00186,Canyon Medical Collaborative,Illinois,2021,0,0.08692527815232336,0,0.23
A00197,Springfield Physicians Alliance,Indiana,2021,0,0.04646720308209355,0,0.23
A00207,Gateway Health Partners Network,Washington,2021,1,0.331618350018798,1,0.23
A00212,Springfield Physician Network Alliance,Missouri,2021,0,0.12265202602273594,0,0.23
A00216,Lakeside Health Collaborative Health System,Alabama,2021,0,0.0537929123530197,0,0.23
A00219,Gateway Health Network Association,Connecticut,2021,0,0.18784496810416892,0,0.23
A00224,Westfield Care Care Network,Maryland,2021,0,0.1734102591903497,0,0.23
A00227,Golden Valley Care Network Group,New York,2021,0,0.4144716813201933,1,0.23
A00229,Heartland Health Alliance,Alabama,2021,1,0.10823649804775631,0,0.23
A00236,Pinnacle Medical Association,Connecticut,2021,0,0.0868359376002298,0,0.23
A00239,Beacon Healthcare Collaborative,Florida,2021,0,0.027733901266002708,0,0.23
A00240,Fairview Medical Association,Arizona,2021,0,0.22500742221355238,0,0.23
A00241,Fairview Medical Group Collaborative,Ohio,2021,0,0.019883584361163564,0,0.23
A00242,Eastgate Physicians Physician Alliance,Missouri,2021,0,0.13935627303943393,0,0.23
A00244,Community Care Alliance,Pennsylvania,2021,0,0.10002454707794485,0,0.23
A00256,Valley Integrated Health Care Network,New York,2021,0,0.128784862059373,0,0.23
A00257,Northstar Integrated Health Group,Alabama,2021,0,0.061470104948512135,0,0.23
A00261,Community Physicians Collaborative,New Jersey,2021,0,0.1596662150954774,0,0.23
A00264,Pinnacle Health Alliance Association,Minnesota,2021,0,0.12812275527139816,0,0.23
A00265,Gateway Health Alliance Health System,Wisconsin,2021,0,0.2135005751720328,0,0.23
A00266,Silverstone Health Collaborative Health System,Connecticut,2021,0,0.19263941634586237,0,0.23
A00281,Oakridge Care Network Association,Florida,2021,0,0.11085107609978591,0,0.23
A00283,Golden Valley Care Partners,Oregon,2021,1,0.5762865627229012,1,0.23
A00285,Springfield Physicians Medical Center,Michigan,2021,0,0.036247995798406346,0,0.23
A00294,Metro Medical Group Partners,Colorado,2021,0,0.04196655927183021,0,0.23
A00295,Highland Care Alliance Care Network,Michigan,2021,0,0.052781393265380366,0,0.23
A00305,Riverside Health Alliance Collaborative,New York,2021,0,0.0649823313889277,0,0.23
A00307,Beacon Care Group,California,2021,0,0.09218989474722399,0,0.23
A00308,Eastgate Care Partners Care Network,Illinois,2021,0,0.1668280132927475,0,0.23
A00318,Crestview Care Network Alliance,Illinois,2021,0,0.04423986784523109,0,0.23
A00319,Riverside Health Partners Partners,Missouri,2021,0,0.0675229747580486,0,0.23
A00320,Community Medical Group Care Network,California,2021,0,0.12527470081972908,0,0.23
A00321,Springfield Care Alliance Physician Alliance,Maryland,2021,1,0.3044370786739146,1,0.23
A00323,Riverbend Care Network,Georgia,2021,0,0.05939628142192041,0,0.23
A00340,Unity Health Collaborative Association,Florida,2021,0,0.06332600625592524,0,0.23
A00343,Stonebridge Physicians Group,Wisconsin,2021,0,0.18663710606027986,0,0.23
A00344,WellSpring Care Alliance,Missouri,2021,0,0.04468940523346086,0,0.23
A00347,Clearview Care Partners Network,North Carolina,2021,0,0.11839118713264274,0,0.23
A00357,Fairview Community Care Association,Connecticut,2021,0,0.049014098697236275,0,0.23
A00369,Green Valley Health Association,Connecticut,2021,0,0.07253834712164411,0,0.23
A00370,Redwood Care Network Physician Alliance,Ohio,2021,0,0.14030250425740198,0,0.23
A00379,Grandview Provider Alliance Physician Alliance,Washington,2021,0,0.06700187283969149,0,0.23
A00381,Riverside Health Partners Group,California,2021,0,0.18254835583885978,0,0.23
A00382,Heartland Medical Group,California,2021,1,0.5387264370675052,1,0.23
A00385,Fairview Health Alliance,Colorado,2021,0,0.18530322837072194,0,0.23
A00386,Brookside Health Collaborative Medical Center,Oregon,2021,0,0.0880922953759224,0,0.23
A00390,Green Valley Care Partners,Florida,2021,0,0.04895316165693167,0,0.23
A00391,Brookside Medical Partners Medical Center,Alabama,2021,0,0.13952501800608416,0,0.23
A00393,Pioneer Provider Alliance Physician Alliance,California,2021,0,0.0809660359951418,0,0.23
A00400,Highland Community Care Health System,New York,2021,1,0.19011061793036038,0,0.23
A00403,Metro Care Alliance Care Network,Virginia,2021,0,0.28199231953432496,1,0.23
A00405,Springfield Medical Partners Alliance,New Jersey,2021,1,0.395697055175758,1,0.23
A00406,Brookside Medical Partners Group,Alabama,2021,0,0.042246549439300445,0,0.23
A00414,Parkview Care Alliance Alliance,North Carolina,2021,0,0.15996523765264467,0,0.23
A00420,Fairview Medical Partners Association,Wisconsin,2021,0,0.09968159726519522,0,0.23
A00425,Crestview Medical Medical Center,Illinois,2021,0,0.11406162964158789,0,0.23
A00430,Mountain View Care Care Network,Tennessee,2021,0,0.2480707309421903,1,0.23
A00435,Riverside Community Care Partners,Connecticut,2021,0,0.01691237673385258,0,0.23
A00436,Gateway Health Alliance Care Network,Missouri,2021,0,0.10353067061912499,0,0.23
A00443,Metro Care Medical Center,Oregon,2021,0,0.04079067101585929,0,0.23
A00444,Brookside Medical Physician Alliance,Massachusetts,2021,0,0.19940850496117282,0,0.23
A00462,WellSpring Healthcare Medical Center,Oregon,2021,0,0.05091360953012464,0,0.23
A00464,Redwood Integrated Health Partners,Tennessee,2021,0,0.0625367870241701,0,0.23
A00470,Unity Care Partners,New Jersey,2021,0,0.12496117920679221,0,0.23
A00478,Beacon Care Partners Physician Alliance,Arizona,2021,0,0.13706350184008712,0,0.23
A00481,Brookside Medical Partners Health System,Washington,2021,0,0.11417671403547276,0,0.23
A00504,Brookside Health Collaborative Physician Alliance,North Carolina,2021,0,0.013441576650239992,0,0.23
A00511,Lakeside Physicians Care Network,Tennessee,2021,0,0.11217429370568485,0,0.23
A00514,Canyon Medical Group Medical Center,Florida,2021,0,0.15817509191861978,0,0.23
A00525,Heritage Care Partners Group,Missouri,2021,0,0.08866109958865229,0,0.23
A00536,Pinnacle Physicians Association,California,2021,0,0.18481416999761394,0,0.23
A00540,Valley Integrated Health Alliance,Indiana,2021,1,0.6513652503891909,1,0.23
A00545,Cedar Physicians Alliance,Illinois,2021,1,0.3057386396167841,1,0.23
A00551,Fairview Physician Network Group,Virginia,2021,0,0.13985479346273083,0,0.23
A00560,Mountain View Physicians Health System,Massachusetts,2021,0,0.022722019364108975,0,0.23
A00561,Highland Health Partners Association,Massachusetts,2021,0,0.1954913596816388,0,0.23
A00562,Riverside Medical Partners Alliance,Arizona,2021,0,0.08399150070331932,0,0.23
A00565,Beacon Care Network Alliance,Maryland,2021,0,0.09909848826188926,0,0.23
A00568,Golden Valley Integrated Health Health System,Michigan,2021,0,0.13286128897072463,0,0.23
A00583,Crestview Medical Group Collaborative,Texas,2021,0,0.05612844959187488,0,0.23
A00592,Metro Health Partners Alliance,Oregon,2021,1,0.2578521490198572,1,0.23
A00595,Stonebridge Care Alliance Group,Massachusetts,2021,0,0.1601964569749786,0,0.23
A00598,Eastgate Health Alliance,Missouri,2021,0,0.054049265293961986,0,0.23
A00602,Community Community Care Network,Pennsylvania,2021,0,0.08116424016821186,0,0.23
A00609,Valley Care Care Network,New York,2021,1,0.14583048803522877,0,0.23
A00610,Brookside Health Alliance Alliance,Missouri,2021,0,0.08164094608122742,0,0.23
A00611,Gateway Care Network Group,Missouri,2021,1,0.24677643499006824,1,0.23
A00614,Riverbend Care Group,Colorado,2021,0,0.027464850372368007,0,0.23
A00615,Eastgate Medical Group Medical Center,Maryland,2021,0,0.35139226173722776,1,0.23
A00619,Valley Health Alliance Health System,Washington,2021,1,0.32967306187055756,1,0.23
A00623,WellSpring Health Network Partners,Colorado,2021,0,0.12393942611568223,0,0.23
A00626,Clearview Care Partners Medical Center,Washington,2021,0,0.13983407082850066,0,0.23
A00632,Maplewood Health Partners Medical Center,Texas,2021,0,0.435016184391411,1,0.23
A00634,Beacon Care Alliance Collaborative,Washington,2021,0,0.22956053242806734,0,0.23
A00635,Crestview Health Collaborative Care Network,Florida,2021,1,0.4203373784609851,1,0.23
A00636,Beacon Medical Network,Pennsylvania,2021,0,0.08921650534727062,0,0.23
A00640,Maplewood Health Partners Alliance,Illinois,2021,0,0.19598286634191633,0,0.23
A00662,Golden Valley Health Collaborative Care Network,Oregon,2021,0,0.12172492450119307,0,0.23
A00666,Pioneer Integrated Health Collaborative,Florida,2021,0,0.06702938177301665,0,0.23
A00670,Cedar Health Collaborative Collaborative,Colorado,2021,0,0.010708789186886362,0,0.23
A00673,Clearview Health Collaborative,Texas,2021,0,0.04218834599768309,0,0.23
A00674,Lakeside Care Partners Partners,Illinois,2021,0,0.15188740815945287,0,0.23
A00676,Stonebridge Health Network Alliance,Tennessee,2021,0,0.05213428100852255,0,0.23
A00680,Northstar Provider Alliance Medical Center,Indiana,2021,0,0.03618943464256796,0,0.23
A00681,Grandview Care Alliance Medical Center,Tennessee,2021,1,0.1881977286122879,0,0.23
A00684,Highland Physician Network Medical Center,Maryland,2021,0,0.07285152132864932,0,0.23
A00685,Springfield Health Network Care Network,Michigan,2021,1,0.23688995742834845,1,0.23
A00689,Grandview Health Partners Association,Missouri,2021,1,0.0961452564467838,0,0.23
A00693,Cedar Health Collaborative Partners,New York,2021,0,0.09674917580546964,0,0.23
A00701,Community Integrated Health Partners,North Carolina,2021,1,0.25657622273436514,1,0.23
A00712,Riverbend Medical Group Group,Georgia,2021,0,0.03684207347870297,0,0.23
A00714,Stonebridge Health Network Health System,Illinois,2021,1,0.26486558140565486,1,0.23
A00728,Meadow Medical Partners Health System,Virginia,2021,0,0.11716105759151516,0,0.23
A00732,Heartland Health Alliance Collaborative,North Carolina,2021,1,0.22327347592267427,0,0.23
A00734,Brookside Care Network,Washington,2021,0,0.0484321032636537,0,0.23
A00739,Horizon Healthcare Care Network,Georgia,2021,0,0.06284902673174948,0,0.23
A00740,Redwood Care Health System,Connecticut,2021,0,0.1645881099505636,0,0.23
A00745,Heartland Health Collaborative,Arizona,2021,0,0.3188471630472447,1,0.23
A00749,Heritage Provider Alliance Network,Wisconsin,2021,0,0.31174553435746316,1,0.23
A00754,Clearview Medical Association,Tennessee,2021,0,0.22836239307877865,0,0.23
A00764,Clearview Health Collaborative Association,Alabama,2021,0,0.13415768956928698,0,0.23
A00768,Grandview Health Alliance Physician Alliance,Tennessee,2021,0,0.07523532786899606,0,0.23
A00770,Golden Valley Medical Group Group,Florida,2021,0,0.11135588614003307,0,0.23
A00780,Pinnacle Healthcare Medical Center,Indiana,2021,0,0.06852818791413415,0,0.23
A00783,Grandview Health Partners Medical Center,North Carolina,2021,0,0.03953241201502786,0,0.23
A00789,Westfield Healthcare Alliance,Alabama,2021,0,0.08157377465849174,0,0.23
A00791,Riverbend Healthcare Care Network,Washington,2021,0,0.10547887676135569,0,0.23
A00799,Cedar Care Network Network,Pennsylvania,2021,1,0.28340784355151377,1,0.23
A00801,Beacon Medical Group Health System,Oregon,2021,1,0.38599346123845285,1,0.23
A00808,Heartland Healthcare Group,Massachusetts,2021,0,0.22592654605956475,0,0.23
A00809,Oakridge Medical Partners Health System,Connecticut,2021,0,0.024493445043347765,0,0.23
A00811,Gateway Care Partners Physician Alliance,Pennsylvania,2021,1,0.2578521490198572,1,0.23
A00814,Pioneer Health Network Group,Alabama,2021,1,0.18260410220913598,0,0.23
A00815,Evergreen Medical Partners Alliance,Alabama,2021,1,0.2358770724038499,1,0.23
A00819,Valley Medical Collaborative,Massachusetts,2021,0,0.14518147993903013,0,0.23
A00822,Heartland Medical Partners Physician Alliance,Alabama,2021,0,0.1990178367237384,0,0.23
A00823,Lakeside Community Care Care Network,Illinois,2021,0,0.13208921012364866,0,0.23
A00832,Unity Clinical Partners Physician Alliance,Tennessee,2021,0,0.30180002180908283,1,0.23
A00839,Gateway Care Care Network,Massachusetts,2021,0,0.09677764633394277,0,0.23
A00843,Mountain View Medical Alliance,Missouri,2021,0,0.0311763696095535,0,0.23
A00847,Mountain View Care Network Medical Center,Colorado,2021,0,0.03453192840576029,0,0.23
A00851,Blue Ridge Health Collaborative Group,Oregon,2021,0,0.08291411597363074,0,0.23
A00852,WellSpring Health Care Network,Alabama,2021,0,0.13936881261881895,0,0.23
A00854,Riverside Community Care Group,Alabama,2021,1,0.11373278667924501,0,0.23
A00859,Highland Care Network Association,Virginia,2021,0,0.11090828713984821,0,0.23
A00860,Lakeside Clinical Partners Partners,New Jersey,2021,0,0.06551522975596559,0,0.23
A00883,Westfield Provider Alliance Collaborative,Tennessee,2021,0,0.15204204348407788,0,0.23
A00894,Stonebridge Health Network Group,Virginia,2021,0,0.21821568298188196,0,0.23
A00896,Blue Ridge Health Partners Network,Colorado,2021,0,0.050989658601416785,0,0.23
A00899,Gateway Integrated Health Group,New Jersey,2021,0,0.20235316550470742,0,0.23
A00906,Maplewood Wellness Network,Tennessee,2021,0,0.09298861427533328,0,0.23
A00908,Lakeside Integrated Health Collaborative,Tennessee,2021,0,0.21249827496258294,0,0.23
A00913,Brookside Medical Group Care Network,New Jersey,2021,0,0.2139058026907872,0,0.23
A00915,WellSpring Health Network Physician Alliance,Michigan,2021,0,0.15783203205829388,0,0.23
A00916,Mountain View Provider Alliance Alliance,Colorado,2021,1,0.7306603842608723,1,0.23
A00921,Unity Medical Partners Care Network,Virginia,2021,1,0.5906206231987163,1,0.23
A00924,Pinnacle Care Network Alliance,Colorado,2021,0,0.038356257324704865,0,0.23
A00928,Fairview Healthcare Care Network,Missouri,2021,0,0.1200775010319904,0,0.23
A00932,Valley Integrated Health Association,Connecticut,2021,0,0.08662119548506216,0,0.23
A00934,Heartland Health Medical Center,New York,2021,0,0.21186642742637138,0,0.23
A00938,Crestview Care Care Network,Florida,2021,0,0.0655686694227034,0,0.23
A00941,Redwood Physician Network Health System,Tennessee,2021,0,0.060880670819068644,0,0.23
A00946,Pinnacle Clinical Partners Medical Center,Ohio,2021,0,0.10634566665546774,0,0.23
A00950,Northstar Care Physician Alliance,North Carolina,2021,0,0.08471529236435407,0,0.23
A00953,Riverbend Medical Association,Ohio,2021,0,0.1422994303094999,0,0.23
A00958,Beacon Care Alliance Association,Maryland,2021,0,0.13927113446966005,0,0.23
A00959,Cedar Health Network Alliance,Michigan,2021,0,0.011161619358075702,0,0.23
A00966,Metro Health Collaborative Association,Washington,2021,0,0.06223932151468125,0,0.23
A00969,Golden Valley Provider Alliance Association,Michigan,2021,1,0.08251524737956538,0,0.23
A00971,Canyon Health Alliance,Illinois,2021,0,0.270792130461102,1,0.23
A00973,Westfield Care Network Care Network,Oregon,2021,0,0.20030774632406192,0,0.23
A00977,Parkview Care Network Group,Florida,2021,0,0.02520207627210915,0,0.23
A00981,Riverside Medical Health System,Illinois,2021,0,0.02244937225059203,0,0.23
A00983,Silverstone Integrated Health Network,Tennessee,2021,0,0.2184242463671903,0,0.23
A00984,Green Valley Community Care Collaborative,North Carolina,2021,1,0.41770943571800506,1,0.23
A00987,Pioneer Care Partners Collaborative,New York,2021,0,0.03577836169145918,0,0.23
A00993,Summit Health Network Network,Texas,2021,0,0.0621542753720348,0,0.23
A00995,Canyon Healthcare Health System,Massachusetts,2021,0,0.07050887939093821,0,0.23
A00998,Grandview Care Network,Connecticut,2021,1,0.19519207067911615,0,0.23
A00999,Green Valley Healthcare Association,Wisconsin,2021,0,0.09166586959090678,0,0.23
A01015,Crestview Health Alliance Medical Center,Tennessee,2021,0,0.1266929828192578,0,0.23
A01020,Pioneer Healthcare Physician Alliance,Colorado,2021,0,0.07120442970040007,0,0.23
A01021,Metro Community Care Collaborative,Florida,2021,1,0.038114657748157324,0,0.23
A01022,Summit Health Collaborative Alliance,California,2021,0,0.049315171847057054,0,0.23
A01025,Cedar Health Partners Care Network,Wisconsin,2021,0,0.13692966975398543,0,0.23
A01028,Mountain View Health Partners Medical Center,Oregon,2021,0,0.07300916922722464,0,0.23
A01034,Valley Health Network Alliance,Oregon,2021,0,0.21818155723775667,0,0.23
A01046,Fairview Provider Alliance Care Network,New York,2021,0,0.31984009165249844,1,0.23
A01053,Riverbend Care Alliance,Oregon,2021,0,0.054180001663647594,0,0.23
A01054,Pioneer Health Alliance Collaborative,California,2021,0,0.11211517803181603,0,0.23
A01060,Valley Community Care Partners,Alabama,2021,0,0.13905585039413043,0,0.23
A01061,Pioneer Provider Alliance Group,New York,2021,0,0.07380767307407395,0,0.23
A01068,Evergreen Medical Partners Care Network,Alabama,2021,0,0.11843971330697317,0,0.23
A01083,WellSpring Care Partners Alliance,Texas,2021,0,0.12944491305898842,0,0.23
A01097,Canyon Integrated Health Health System,Alabama,2021,0,0.03273778662183122,0,0.23
A01098,Springfield Health Care Network,Missouri,2021,0,0.4381242604508391,1,0.23
A01099,Blue Ridge Health Health System,Texas,2021,0,0.10031414569850976,0,0.23
A01106,Unity Health Partners Alliance,Texas,2021,0,0.05701405269897096,0,0.23
A01109,Meadow Medical Partners Group,Virginia,2021,0,0.24754710972231117,1,0.23
A01113,Gateway Physician Network Alliance,Indiana,2021,0,0.22006187280342482,0,0.23
A01117,Highland Care Network Health System,Connecticut,2021,1,0.3809070486388275,1,0.23
A01121,Golden Valley Integrated Health Care Network,Florida,2021,0,0.03611382887196867,0,0.23
A01128,Gateway Clinical Partners Care Network,New Jersey,2021,0,0.05072272527839654,0,0.23
A01137,Springfield Health Partners Health System,Illinois,2021,0,0.14985853980804933,0,0.23
A01142,Heartland Wellness Care Network,Virginia,2021,0,0.13536755370686748,0,0.23
A01147,Heritage Physicians Network,Illinois,2021,0,0.07109483085071458,0,0.23
A01173,Springfield Integrated Health Care Network,Texas,2021,0,0.02592718272555891,0,0.23
A01175,Evergreen Health Alliance Association,Texas,2021,0,0.08180345089295228,0,0.23
A01181,Heritage Physicians Collaborative,Washington,2021,0,0.07873524905417963,0,0.23
A01197,Silverstone Clinical Partners Association,Ohio,2021,0,0.2273810357871564,0,0.23
A01198,Cedar Health Partners Collaborative,Arizona,2021,0,0.04602092830571137,0,0.23
A01199,Eastgate Medical Partners Physician Alliance,Pennsylvania,2021,1,0.16147457058401538,0,0.23
A01222,Oakridge Medical Alliance,Oregon,2021,1,0.15779242131439092,0,0.23
A01223,Springfield Care Partners Association,New York,2021,0,0.02457378881545796,0,0.23
A01226,WellSpring Health Association,Pennsylvania,2021,0,0.03703367402589437,0,0.23
A01243,Oakridge Provider Alliance Care Network,Connecticut,2021,0,0.13963438243221726,0,0.23
A01249,Oakridge Medical Group Medical Center,Texas,2021,0,0.06401945118769137,0,0.23
A01255,Canyon Clinical Partners Collaborative,New Jersey,2021,1,0.07337454630629188,0,0.23
A01262,Pioneer Healthcare Association,Ohio,2021,0,0.06049905883177768,0,0.23
A01263,Fairview Health Collaborative Partners,Wisconsin,2021,0,0.08563239477311818,0,0.23
A01265,Highland Care Alliance Group,Arizona,2021,0,0.16547095277099044,0,0.23
A01273,Unity Physician Network Partners,Arizona,2021,0,0.0664791687446009,0,0.23
A01289,Mountain View Community Care Medical Center,Alabama,2021,0,0.03800099830480494,0,0.23
A01293,Silverstone Community Care Alliance,Missouri,2021,1,0.14098116964426397,0,0.23
A01295,Valley Healthcare Partners,Wisconsin,2021,0,0.14378330852067797,0,0.23
A01306,Riverside Care Partners Medical Center,New York,2021,0,0.10391254606962373,0,0.23
A01311,Unity Medical Partners Physician Alliance,Texas,2021,0,0.32524926021917994,1,0.23
A01326,Horizon Care Partners,Massachusetts,2021,0,0.0764182389733258,0,0.23
A01330,Metro Wellness Health System,Indiana,2021,0,0.09298247013893761,0,0.23
A01332,Heartland Physicians Group,Virginia,2021,0,0.014373736173301666,0,0.23
A01343,Eastgate Medical Partners Network,Connecticut,2021,1,0.21825517910038658,0,0.23
A01346,Eastgate Care Partners Medical Center,Maryland,2021,0,0.44254674325567783,1,0.23
A01349,Clearview Medical Partners Collaborative,Pennsylvania,2021,0,0.020184448283493642,0,0.23
A01360,Blue Ridge Physician Network Care Network,Connecticut,2021,0,0.04456745703484142,0,0.23
A01364,Lakeside Health Partners Group,Pennsylvania,2021,1,0.16668863595723835,0,0.23
A01365,Green Valley Physician Network Care Network,Illinois,2021,1,0.29526826200022094,1,0.23
A01371,Heritage Care Partners,New Jersey,2021,0,0.09282751585957211,0,0.23
A01372,Fairview Health Collaborative Group,Michigan,2021,0,0.026377607167270264,0,0.23
A01373,Highland Physicians Medical Center,Florida,2021,1,0.13362191951318506,0,0.23
A01375,Brookside Health Alliance Care Network,New York,2021,0,0.15286509597270706,0,0.23
A01377,Redwood Healthcare Partners,Maryland,2021,0,0.06727640951952721,0,0.23
A01386,Northstar Health Collaborative,Connecticut,2021,1,0.16393168739506067,0,0.23
A01390,Meadow Medical Care Network,Connecticut,2021,0,0.11528493849393165,0,0.23
A01392,Heritage Physicians Partners,Pennsylvania,2021,0,0.0555537553128659,0,0.23
A01393,Meadow Physician Network Alliance,Indiana,2021,0,0.19516678589126235,0,0.23
A01394,Heritage Wellness Alliance,Michigan,2021,0,0.08006735885425009,0,0.23
A01399,Meadow Health Alliance Physician Alliance,Minnesota,2021,0,0.04768686946591166,0,0.23
A01407,Beacon Community Care Network,Connecticut,2021,0,0.02332653613261212,0,0.23
A01413,Westfield Care Alliance Care Network,Indiana,2021,0,0.046824229128011326,0,0.23
A01417,Blue Ridge Medical Partners Alliance,New Jersey,2021,0,0.05567858883961626,0,0.23
A01420,Highland Wellness Health System,Colorado,2021,0,0.0947299567087298,0,0.23
A01422,Springfield Health Alliance Network,New Jersey,2021,1,0.5310327356017677,1,0.23
A01423,Riverbend Community Care Care Network,Florida,2021,0,0.06268827306927499,0,0.23
A01426,Clearview Health Network Partners,Connecticut,2021,0,0.03103393520808837,0,0.23
A01427,Maplewood Care Partners Health System,Maryland,2021,0,0.10244546021728333,0,0.23
A01428,Heritage Provider Alliance Care Network,Missouri,2021,0,0.05292834612493172,0,0.23
A01438,Summit Medical Care Network,Missouri,2021,0,0.03276098089504332,0,0.23
A01441,Canyon Health Health System,New Jersey,2021,0,0.20613314739997254,0,0.23
A01442,Golden Valley Physicians Medical Center,Illinois,2021,0,0.06319759781426472,0,0.23
A01447,Green Valley Provider Alliance Collaborative,Oregon,2021,1,0.16580026090149688,0,0.23
A01449,Brookside Provider Alliance Medical Center,Wisconsin,2021,0,0.06993297635426068,0,0.23
A01452,Lakeside Physician Network Partners,Florida,2021,0,0.08340564404949678,0,0.23
A01459,Redwood Medical Physician Alliance,Wisconsin,2021,0,0.14134430029920522,0,0.23
A01460,Community Medical Network,Illinois,2021,0,0.03519537342507756,0,0.23
A01464,Heartland Physicians Medical Center,New York,2021,0,0.06084607358530413,0,0.23
A01471,Northstar Integrated Health Alliance,Ohio,2021,0,0.18432189820931572,0,0.23
A01475,Beacon Health Partners Medical Center,Michigan,2021,0,0.25400479876921006,1,0.23
A01479,Beacon Medical Partners Association,New Jersey,2021,0,0.08601202061342343,0,0.23
A01480,WellSpring Health Network Group,Virginia,2021,0,0.12979942655328636,0,0.23
A01483,Evergreen Care Network,New York,2021,0,0.06240179625189492,0,0.23
A01486,Evergreen Care Partners Physician Alliance,Massachusetts,2021,0,0.12069920945484372,0,0.23
A01499,Northstar Care Alliance Alliance,Missouri,2021,0,0.11228838763098987,0,0.23
A01500,Unity Medical Association,New York,2021,0,0.08084652954164033,0,0.23
A01501,Grandview Clinical Partners Alliance,Minnesota,2021,0,0.05804517970007162,0,0.23
A01503,Stonebridge Wellness Physician Alliance,Georgia,2021,0,0.047714140291499216,0,0.23
A01521,Eastgate Health Alliance Medical Center,Colorado,2021,0,0.3882004134376117,1,0.23
A01539,Canyon Care Network Association,Virginia,2021,0,0.07535461017191392,0,0.23
A01544,Stonebridge Care Network Care Network,New York,2021,0,0.04292089979471725,0,0.23
A01557,Oakridge Care Partners Network,Illinois,2021,0,0.05963563777810914,0,0.23
A01560,Springfield Health Collaborative Physician Alliance,Illinois,2021,0,0.14809694214315305,0,0.23
A01568,Northstar Community Care Collaborative,Tennessee,2021,0,0.054152353634827906,0,0.23
A01581,Grandview Community Care Physician Alliance,Connecticut,2021,0,0.07019857627310866,0,0.23
A01584,Westfield Provider Alliance Group,Georgia,2021,1,0.4861699222820185,1,0.23
A01588,Pinnacle Care Care Network,Minnesota,2021,0,0.18683876276189992,0,0.23
A01601,Heritage Care Network Collaborative,Minnesota,2021,0,0.1340803034951977,0,0.23
A01611,Meadow Health Partners Group,Massachusetts,2021,0,0.07303596300060329,0,0.23
A01620,Heritage Health Network Partners,Alabama,2021,0,0.13635963335515586,0,0.23
A01627,WellSpring Health Partners Care Network,Florida,2021,0,0.10038813409124912,0,0.23
A01634,Meadow Community Care Medical Center,Minnesota,2021,1,0.058984867212248444,0,0.23
A01638,Oakridge Care Partners Health System,Minnesota,2021,0,0.047473556055215846,0,0.23
A01647,Highland Healthcare Collaborative,Wisconsin,2021,0,0.10629592683923851,0,0.23
A01655,Brookside Health Partners Medical Center,Wisconsin,2021,0,0.13060631270085404,0,0.23
A01656,Crestview Medical Group Partners,Connecticut,2021,0,0.04302419412624959,0,0.23
A01659,Maplewood Care Physician Alliance,Alabama,2021,0,0.07131839201981155,0,0.23
A01664,Oakridge Physicians Group,Indiana,2021,0,0.2745459725438485,1,0.23
A01669,WellSpring Community Care Care Network,Wisconsin,2021,0,0.04577653564642528,0,0.23
A01673,Summit Medical Partners,Alabama,2021,0,0.13581333235378273,0,0.23
A01680,Lakeside Provider Alliance Network,Massachusetts,2021,1,0.21935908572946525,0,0.23
A01685,Riverbend Health Collaborative Partners,Wisconsin,2021,0,0.07806333367531114,0,0.23
A01696,Westfield Health Collaborative,Ohio,2021,0,0.04630237417181368,0,0.23
A01697,Green Valley Clinical Partners Association,Ohio,2021,0,0.10224073685666303,0,0.23
A01709,Summit Physicians Physician Alliance,Washington,2021,0,0.06523374918485866,0,0.23
A01715,Riverbend Health Partners Physician Alliance,Massachusetts,2021,0,0.08301358928866488,0,0.23
A01726,Stonebridge Care Partners Health System,Florida,2021,0,0.11883388499505543,0,0.23
A01730,Pioneer Community Care Network,Florida,2021,1,0.10680787639743054,0,0.23
A01735,Metro Wellness Physician Alliance,Oregon,2021,0,0.06506902793608361,0,0.23
A01739,Riverside Care Partners Network,Indiana,2021,1,0.22639005815973945,0,0.23
A01741,Clearview Clinical Partners Collaborative,Massachusetts,2021,0,0.04868256371063239,0,0.23
A01746,Pinnacle Integrated Health Physician Alliance,North Carolina,2021,0,0.09945216245018575,0,0.23
A01749,Crestview Physicians Health System,North Carolina,2021,0,0.07552742555991176,0,0.23
A01753,Meadow Care Alliance Health System,Arizona,2021,0,0.14181022581681174,0,0.23
A01756,Blue Ridge Health Network Alliance,Oregon,2021,1,0.2689427015218222,1,0.23
A01766,Brookside Care Partners Partners,Florida,2021,0,0.037749361990658106,0,0.23
A01774,Riverside Wellness Health System,California,2021,1,0.25062161450201653,1,0.23
A01781,Oakridge Care Partners Association,Michigan,2021,0,0.059692894316000514,0,0.23
A01784,Meadow Provider Alliance Health System,Missouri,2021,0,0.05893290655566044,0,0.23
A01789,Beacon Physician Network Group,Pennsylvania,2021,0,0.339218653719795,1,0.23
A01790,Cedar Care Association,Indiana,2021,0,0.1402773206700383,0,0.23
A01795,Silverstone Health Partners,Massachusetts,2021,0,0.026947446853087982,0,0.23
A01796,Fairview Provider Alliance Alliance,Maryland,2021,0,0.0995776690943588,0,0.23
A01798,Golden Valley Health Partners Medical Center,Colorado,2021,0,0.04228667424131882,0,0.23
A01799,Northstar Care Partners Partners,New York,2021,0,0.047100535076518055,0,0.23
A01800,Golden Valley Medical Alliance,Oregon,2021,1,0.051798976858184374,0,0.23
A01807,Mountain View Wellness Network,Missouri,2021,0,0.06702285682182739,0,0.23
A01808,Blue Ridge Clinical Partners Health System,Colorado,2021,1,0.11825988622141909,0,0.23
A01815,Westfield Physicians Physician Alliance,Wisconsin,2021,0,0.05501320393267857,0,0.23
A01816,Beacon Care Network Association,New Jersey,2021,0,0.07117473493366354,0,0.23
A01817,Metro Care Alliance Medical Center,Florida,2021,0,0.09296014819868448,0,0.23
A01819,Unity Wellness Medical Center,Texas,2021,1,0.1769152985449261,0,0.23
A01822,Springfield Health Partners Care Network,Oregon,2021,0,0.21368012694137078,0,0.23
A01824,Cedar Healthcare Medical Center,Wisconsin,2021,0,0.054303633685406034,0,0.23
A01833,Silverstone Care Network Partners,New York,2021,0,0.08565140671261831,0,0.23
A01842,Highland Care Partners Network,North Carolina,2021,0,0.0972740327818108,0,0.23
A01846,Northstar Care Partners Health System,Georgia,2021,0,0.026076100741119202,0,0.23
A01849,Gateway Care Alliance Network,Tennessee,2021,0,0.13288600833352043,0,0.23
A01853,Maplewood Medical Physician Alliance,Wisconsin,2021,1,0.2621864117466661,1,0.23
A01866,Brookside Integrated Health Alliance,Minnesota,2021,0,0.17421029206935892,0,0.23
A01870,Horizon Care Alliance Medical Center,Pennsylvania,2021,0,0.05915884763298043,0,0.23
A01874,Heritage Healthcare Health System,Wisconsin,2021,0,0.02421182084529487,0,0.23
A01875,Canyon Physicians Network,Texas,2021,0,0.2684308724992569,1,0.23
A01877,Riverside Provider Alliance Health System,Maryland,2021,0,0.034347575803553125,0,0.23
A01878,Eastgate Care Medical Center,Michigan,2021,0,0.06856901236788172,0,0.23
A01885,Heartland Health Partners Network,Maryland,2021,0,0.18356826643911991,0,0.23
A01887,Crestview Physicians Association,Connecticut,2021,1,0.2737752580269691,1,0.23
A01888,Horizon Healthcare Partners,Wisconsin,2021,0,0.1021825008226254,0,0.23
A01891,Riverside Health Medical Center,North Carolina,2021,0,0.046345792619437054,0,0.23
A01899,Brookside Care Alliance Physician Alliance,Pennsylvania,2021,0,0.0702441770279218,0,0.23
A01901,Fairview Medical Partners Partners,Connecticut,2021,0,0.18233719165358905,0,0.23
A01914,Northstar Care Association,Alabama,2021,0,0.0436327067075798,0,0.23
A01918,Mountain View Care Network Collaborative,Arizona,2021,0,0.14222114595226062,0,0.23
A01922,Community Medical Group Partners,Arizona,2021,1,0.17209575411857547,0,0.23
A01923,Highland Physicians Alliance,Alabama,2021,0,0.09389574303765925,0,0.23
A01932,Brookside Clinical Partners Health System,Virginia,2021,0,0.2645607324110033,1,0.23
A01934,Unity Community Care Network,Minnesota,2021,0,0.014373736173301666,0,0.23
A01940,Horizon Health Network Network,Michigan,2021,0,0.08241034555719094,0,0.23
A01943,Gateway Care Partners Health System,Indiana,2021,0,0.07682440711617522,0,0.23
A01954,Fairview Community Care Group,Georgia,2021,0,0.09937709154660045,0,0.23
A01956,Highland Care Partners Care Network,Ohio,2021,0,0.027694594983422166,0,0.23
A01957,Beacon Health Partners Association,Missouri,2021,1,0.07352343864538903,0,0.23
A01958,Redwood Health Alliance Physician Alliance,Alabama,2021,0,0.07316850326551826,0,0.23
A01963,Beacon Health Association,Oregon,2021,0,0.04565528557558309,0,0.23
A01967,Evergreen Health Medical Center,Alabama,2021,0,0.13625980478567482,0,0.23
A01973,Parkview Health Alliance Collaborative,New Jersey,2021,0,0.04273027816394255,0,0.23
A01976,Cedar Clinical Partners Group,Florida,2021,0,0.1348095853906028,0,0.23
A01980,Unity Clinical Partners Health System,Indiana,2021,0,0.1595648589964777,0,0.23
A01982,Blue Ridge Medical Physician Alliance,North Carolina,2021,0,0.07803424046884738,0,0.23
A01995,Crestview Care Partners Physician Alliance,Minnesota,2021,0,0.06583631084200853,0,0.23
A02002,Summit Health Collaborative Physician Alliance,Virginia,2021,0,0.1697114722913579,0,0.23
A02003,Westfield Medical Care Network,Virginia,2021,0,0.1330476168584898,0,0.23
A02006,Northstar Community Care Health System,New York,2021,0,0.03815310631306927,0,0.23
A02007,Eastgate Care Partners Group,Indiana,2021,1,0.2578521490198572,1,0.23
A02016,Evergreen Health Partners Alliance,New Jersey,2021,0,0.027527244247075696,0,0.23
A02018,Valley Health Collaborative Partners,Tennessee,2021,0,0.12817026689046684,0,0.23
A02019,Lakeside Health Group,Michigan,2021,0,0.1733161450070199,0,0.23
A02035,Canyon Care Partners Care Network,Alabama,2021,0,0.039380425751743865,0,0.23
A02040,Springfield Medical Group Alliance,New York,2021,0,0.10698214042370098,0,0.23
A02042,Stonebridge Medical Partners Association,Colorado,2021,0,0.08782674679079562,0,0.23
A02051,Green Valley Provider Alliance Medical Center,Pennsylvania,2021,0,0.1384081746089419,0,0.23
A02061,Horizon Community Care Association,Illinois,2021,0,0.07899198000131333,0,0.23
A02062,Valley Care Network Collaborative,Ohio,2021,1,0.28059196045911977,1,0.23
A02065,Redwood Care Care Network,Arizona,2021,0,0.032451905883957986,0,0.23
A02077,Meadow Health Network Partners,Minnesota,2021,0,0.14478021538319052,0,0.23
A02081,Riverside Care Network,New York,2021,0,0.07450922385553817,0,0.23
A02091,Pioneer Medical Partners Alliance,Texas,2021,1,0.29215725687650773,1,0.23
A02094,Eastgate Medical Medical Center,Virginia,2021,0,0.3074219334671502,1,0.23
A02096,Westfield Health Collaborative Care Network,North Carolina,2021,0,0.08498783853285667,0,0.23
A02098,Metro Health Medical Center,Indiana,2021,0,0.09761930590877667,0,0.23
A02106,Metro Healthcare Health System,Oregon,2021,0,0.02877205482841354,0,0.23
A02107,Riverside Health Collaborative Medical Center,Oregon,2021,0,0.15342775221199084,0,0.23
A02111,Valley Care Medical Center,Alabama,2021,0,0.05742314173728726,0,0.23
A02113,Evergreen Provider Alliance Partners,Maryland,2021,0,0.10551789825043249,0,0.23
A02125,Summit Health Alliance Health System,Missouri,2021,0,0.0671194015209387,0,0.23
A02126,Parkview Health Alliance Health System,Maryland,2021,0,0.06275696670463857,0,0.23
A02127,Blue Ridge Wellness Group,California,2021,0,0.12502059027906098,0,0.23
A02133,Riverbend Provider Alliance Partners,Wisconsin,2021,0,0.06737432066480573,0,0.23
A02134,Fairview Integrated Health Care Network,California,2021,0,0.039108497970511004,0,0.23
A02145,Clearview Clinical Partners Association,New York,2021,0,0.045605609934040094,0,0.23
A02153,Springfield Community Care Medical Center,Connecticut,2021,0,0.05055633829177867,0,0.23
A02160,Beacon Care Network Partners,Indiana,2021,0,0.18617736969026016,0,0.23
A02162,Eastgate Medical Partners Health System,California,2021,0,0.07407557511264228,0,0.23
A02164,Oakridge Medical Group,Missouri,2021,0,0.15160866263781186,0,0.23
A02165,Clearview Clinical Partners Group,California,2021,0,0.05460619015265531,0,0.23
A02170,Valley Health Network Group,Tennessee,2021,0,0.07567066223552464,0,0.23
A02173,Eastgate Health Alliance Association,Georgia,2021,0,0.20303376219916036,0,0.23
A02194,Valley Medical Partners Care Network,Massachusetts,2021,0,0.08404711940166554,0,0.23
A02210,Unity Integrated Health Health System,Pennsylvania,2021,0,0.05796754373749079,0,0.23
A02211,Beacon Integrated Health Physician Alliance,Colorado,2021,0,0.03485405531402707,0,0.23
A02217,Golden Valley Health Partners,New Jersey,2021,0,0.14192231828934723,0,0.23
A02219,Pinnacle Care Partners Care Network,New York,2021,0,0.13662968483863705,0,0.23
A02221,WellSpring Care Alliance Care Network,Minnesota,2021,0,0.1547240258457559,0,0.23
A02225,Canyon Clinical Partners Medical Center,Georgia,2021,0,0.13905907686154584,0,0.23
A02230,Pinnacle Health Alliance Group,California,2021,0,0.11525260763284978,0,0.23
A02231,Riverbend Community Care Association,Georgia,2021,0,0.06576043588733835,0,0.23
A02238,Meadow Integrated Health Health System,Connecticut,2021,0,0.21119317215454936,0,0.23
A02246,Heartland Health Collaborative Physician Alliance,Alabama,2021,0,0.09642014864722924,0,0.23
A02253,Westfield Care Alliance Health System,Michigan,2021,0,0.07443103130430209,0,0.23
A02270,Redwood Care Network Care Network,Florida,2021,0,0.04961298630468909,0,0.23
A02294,Silverstone Medical Group Medical Center,Minnesota,2021,0,0.13470873136513556,0,0.23
A02299,Eastgate Healthcare Network,Ohio,2021,0,0.06935214089941838,0,0.23
A02302,Oakridge Physicians Network,New York,2021,0,0.030821156348629072,0,0.23
A02307,Community Medical Partners,Indiana,2021,0,0.13246651989795513,0,0.23
A02331,Northstar Care Alliance Physician Alliance,New York,2021,0,0.06461938000402141,0,0.23
A02332,Brookside Integrated Health Care Network,California,2021,0,0.16654135417792987,0,0.23
A02333,Lakeside Medical Group Alliance,Florida,2021,0,0.1159194838309109,0,0.23
A02334,Oakridge Health Network,Washington,2021,0,0.1109313168555794,0,0.23
A02338,Golden Valley Health Network Physician Alliance,Washington,2021,0,0.02253689030408185,0,0.23
A02343,Brookside Integrated Health Group,Michigan,2021,0,0.06673965665519674,0,0.23
A02352,Clearview Care Partners Care Network,Missouri,2021,0,0.07185448611703966,0,0.23
A02353,Redwood Health Alliance Network,Ohio,2021,0,0.062590259063674,0,0.23
A02362,Fairview Health Alliance Association,Texas,2021,0,0.08967132564570174,0,0.23
A02372,Heartland Wellness Medical Center,California,2021,0,0.100913101271507,0,0.23
A02375,Maplewood Integrated Health Collaborative,New York,2021,1,0.6708372686420725,1,0.23
A02378,Riverbend Physician Network Health System,Colorado,2021,0,0.018105870585693143,0,0.23
A02380,Westfield Health Group,North Carolina,2021,0,0.06237573157037017,0,0.23
A02389,Golden Valley Community Care Association,North Carolina,2021,1,0.10217128319757812,0,0.23
A02391,Stonebridge Care Physician Alliance,Missouri,2021,0,0.12557528319187836,0,0.23
A02395,Canyon Health Alliance Care Network,Massachusetts,2021,0,0.096060876802102,0,0.23
A02399,WellSpring Healthcare Network,Colorado,2021,0,0.1553660511212207,0,0.23
A02402,Heartland Healthcare Medical Center,California,2021,0,0.19870231107141734,0,0.23
A02403,Summit Health Alliance Collaborative,New York,2021,0,0.15231018570560795,0,0.23
A02406,Meadow Medical Alliance,Arizona,2021,1,0.40177613237668175,1,0.23
A02412,Silverstone Wellness Care Network,New Jersey,2021,1,0.2646991498504853,1,0.23
A02421,Gateway Care Alliance Health System,Colorado,2021,0,0.1143093502337665,0,0.23
A02427,Maplewood Health Alliance,Missouri,2021,0,0.17668654128026684,0,0.23
A02430,Stonebridge Provider Alliance Collaborative,California,2021,0,0.09363631003853903,0,0.23
A02432,Heartland Health Network Group,Texas,2021,1,0.11922291353278265,0,0.23
A02437,Eastgate Medical Partners Medical Center,Wisconsin,2021,0,0.17523496886169745,0,0.23
A02447,Northstar Care Alliance Network,Wisconsin,2021,1,0.41225351351536077,1,0.23
A02449,Northstar Community Care Medical Center,Michigan,2021,0,0.2299658386285096,0,0.23
A02460,Maplewood Physician Network Medical Center,Massachusetts,2021,1,0.28570797490113675,1,0.23
A02463,Stonebridge Provider Alliance Alliance,Massachusetts,2021,0,0.04929552466336983,0,0.23
A02475,Crestview Care Group,Georgia,2021,0,0.04865441867556854,0,0.23
A02476,Fairview Provider Alliance Collaborative,Washington,2021,0,0.12849802999409982,0,0.23
A02478,Heartland Physicians Physician Alliance,Tennessee,2021,0,0.15909797013607016,0,0.23
A02480,Metro Physician Network Collaborative,Washington,2021,0,0.10847318372599882,0,0.23
A02481,Summit Wellness Group,Washington,2021,0,0.04615979177708043,0,0.23
A02490,Northstar Wellness Physician Alliance,Virginia,2021,0,0.1443035188273388,0,0.23
A02492,Community Medical Partners Partners,California,2021,0,0.09365657172646953,0,0.23
A02503,Springfield Care Partners Physician Alliance,Pennsylvania,2021,0,0.10025308558831482,0,0.23
A02507,Crestview Health Collaborative Partners,Indiana,2021,0,0.08735319095854888,0,0.23
A02510,Maplewood Community Care Group,Oregon,2021,0,0.15878921198924675,0,0.23
A02513,Oakridge Wellness Care Network,Virginia,2021,0,0.037938264856136855,0,0.23
A02517,Westfield Health Alliance Network,North Carolina,2021,0,0.14959932435105808,0,0.23
A02521,Horizon Wellness Medical Center,Texas,2021,0,0.06380603634607555,0,0.23
A02525,Summit Medical Group Collaborative,Missouri,2021,0,0.08542950801312726,0,0.23
A02526,Grandview Care Care Network,Missouri,2021,0,0.0748449942977676,0,0.23
A02529,Green Valley Medical Partners Medical Center,New York,2021,0,0.12803574729264125,0,0.23
A02532,Brookside Health Partners Physician Alliance,California,2021,0,0.1227471846776108,0,0.23
A02534,Grandview Health Collaborative Alliance,Alabama,2021,0,0.054994888119849594,0,0.23
A02559,Highland Wellness Group,California,2021,0,0.06318113026684967,0,0.23
A02563,Beacon Provider Alliance Medical Center,Alabama,2021,1,0.24121909631906654,1,0.23
A02587,Maplewood Health Network Collaborative,Texas,2021,0,0.22256499246686695,0,0.23
A02593,Stonebridge Health Collaborative,Pennsylvania,2021,0,0.2504808724005851,1,0.23
A02602,Evergreen Medical Collaborative,Maryland,2021,0,0.027473575881550322,0,0.23
A02603,Heartland Community Care Network,Colorado,2021,0,0.07354071305318785,0,0.23
A02605,Grandview Integrated Health Collaborative,Indiana,2021,0,0.061998372532474234,0,0.23
A02606,Horizon Medical Physician Alliance,Indiana,2021,1,0.11513909232238943,0,0.23
A02612,Canyon Care Network Partners,Indiana,2021,0,0.19005987731330262,0,0.23
A02614,Evergreen Health Network Group,Florida,2021,0,0.2126729830719586,0,0.23
A02616,Riverside Health Care Network,California,2021,0,0.043971418629658324,0,0.23
A02619,Summit Healthcare Group,Illinois,2021,0,0.2711285629688523,1,0.23
A02621,Mountain View Medical Group Network,Tennessee,2021,0,0.027842719183414858,0,0.23
A02642,Horizon Wellness Association,Alabama,2021,0,0.09207384936296104,0,0.23
A02651,Heritage Healthcare Partners,Washington,2021,0,0.13291097472338242,0,0.23
A02652,Maplewood Integrated Health Association,Ohio,2021,0,0.05989656027233356,0,0.23
A02667,Oakridge Care Alliance Care Network,Minnesota,2021,0,0.08914259116474492,0,0.23
A02668,Parkview Medical Alliance,Massachusetts,2021,0,0.359005421121371,1,0.23
A02670,Heartland Provider Alliance Medical Center,Indiana,2021,0,0.015622029752538331,0,0.23
A02671,Summit Wellness Network,Ohio,2021,1,0.15852907643999703,0,0.23
A02672,Mountain View Clinical Partners Alliance,Minnesota,2021,0,0.3582414074026549,1,0.23
A02675,Cedar Health Alliance Alliance,New York,2021,0,0.009732619265733568,0,0.23
A02677,Cedar Medical Group Partners,Alabama,2021,0,0.14776706455243813,0,0.23
A02679,Clearview Provider Alliance Network,Arizona,2021,0,0.07303596300060329,0,0.23
A02688,Parkview Physicians Association,Florida,2021,0,0.23584925084421257,1,0.23
A02691,Pioneer Provider Alliance Partners,California,2021,0,0.17637168390879243,0,0.23
A02692,Meadow Medical Group Medical Center,Wisconsin,2021,1,0.20237672916709182,0,0.23
A02698,Stonebridge Provider Alliance Group,Arizona,2021,0,0.039857209251700415,0,0.23
A02699,Beacon Care Network,Washington,2021,1,0.14985656884713033,0,0.23
A02704,Pioneer Health Collaborative,New Jersey,2021,0,0.1532286600467275,0,0.23
A02705,Eastgate Integrated Health Association,Washington,2021,0,0.13033867313150516,0,0.23
A02707,Horizon Health Network Medical Center,Texas,2021,0,0.1361646518508181,0,0.23
A02710,Blue Ridge Health Alliance Health System,Alabama,2021,0,0.04674018838580499,0,0.23
A02715,Canyon Health Network Network,Colorado,2021,0,0.07494775076196274,0,0.23
A02716,Lakeside Medical Collaborative,Massachusetts,2021,1,0.5808065791820731,1,0.23
A02719,Heritage Healthcare Association,California,2021,0,0.10175092755598568,0,0.23
A02722,Parkview Integrated Health Alliance,Missouri,2021,0,0.10880886019592234,0,0.23
A02723,Eastgate Medical Partners Collaborative,Massachusetts,2021,1,0.15966759796490354,0,0.23
A02742,Blue Ridge Care Alliance Network,Alabama,2021,1,0.25660683862464495,1,0.23
A02744,Westfield Medical Collaborative,Tennessee,2021,1,0.35951887745472105,1,0.23
A02753,Highland Community Care Care Network,Florida,2021,0,0.1108438525500601,0,0.23
A02761,Northstar Clinical Partners Association,Arizona,2021,0,0.09484157904228706,0,0.23
A02762,Eastgate Care Alliance Alliance,Colorado,2021,0,0.14975708129939147,0,0.23
A02765,Canyon Physician Network Network,Wisconsin,2021,1,0.1899161458326123,0,0.23
A02768,Grandview Medical Partners Partners,New York,2021,0,0.03433796943761644,0,0.23
A02770,Horizon Provider Alliance Medical Center,Connecticut,2021,0,0.07463478291459161,0,0.23
A02773,Gateway Health Alliance Network,New Jersey,2021,0,0.012376082717564822,0,0.23
A02777,Summit Health Alliance Association,California,2021,0,0.02879939027400849,0,0.23
A02780,Unity Provider Alliance Care Network,Florida,2021,0,0.08768805254449967,0,0.23
A02781,Horizon Care Partners Collaborative,Illinois,2021,0,0.06556233148068483,0,0.23
A02782,Brookside Physician Network Alliance,Virginia,2021,0,0.14037782456742184,0,0.23
A02787,Maplewood Care Network Physician Alliance,Minnesota,2021,0,0.06690344589625011,0,0.23
A02791,Maplewood Care Alliance Health System,Georgia,2021,0,0.058711900599232134,0,0.23
A02797,Meadow Provider Alliance Collaborative,Washington,2021,1,0.058984867212248444,0,0.23
A02808,Westfield Care Partners Group,Alabama,2021,0,0.25208997426604784,1,0.23
A02812,Silverstone Integrated Health Group,Connecticut,2021,0,0.21724835251906238,0,0.23
A02813,Metro Care Network Network,Indiana,2021,0,0.14583135799534186,0,0.23
A02814,Riverside Care Alliance,Missouri,2021,0,0.13814100426501882,0,0.23
A02816,Blue Ridge Healthcare Group,Connecticut,2021,0,0.09326602770965992,0,0.23
A02818,Heritage Health Network Association,Indiana,2021,1,0.1401921260823582,0,0.23
A02819,Riverbend Provider Alliance Physician Alliance,Michigan,2021,0,0.09722242425099464,0,0.23
A02825,Maplewood Medical Partners,Virginia,2021,0,0.274634553463754,1,0.23
A02826,Heartland Care Network Alliance,Georgia,2021,0,0.1504793423982896,0,0.23
A02831,Crestview Health Network,Illinois,2021,0,0.020184448283493642,0,0.23
A02834,Heartland Health Partners Medical Center,Arizona,2021,0,0.06939522972351427,0,0.23
A02837,Riverbend Medical Partners Medical Center,Ohio,2021,0,0.05762651838513511,0,0.23
A02857,Clearview Physician Network Health System,Oregon,2021,0,0.16055185706038233,0,0.23
A02863,Meadow Medical Medical Center,Arizona,2021,0,0.06273014559195261,0,0.23
A02873,Redwood Health Physician Alliance,New York,2021,0,0.12779306523972578,0,0.23
A02886,Pioneer Care Network Network,Ohio,2021,0,0.16080987214594966,0,0.23
A02894,Blue Ridge Provider Alliance Alliance,Minnesota,2021,1,0.07152879609112456,0,0.23
A02896,Springfield Physicians Partners,Oregon,2021,0,0.043186781072632796,0,0.23
A02906,Eastgate Care Partners Physician Alliance,California,2021,1,0.4281282475302522,1,0.23
A02926,Unity Provider Alliance Collaborative,North Carolina,2021,0,0.0586632912562639,0,0.23
A02930,Clearview Healthcare Association,Ohio,2021,0,0.09166102834363432,0,0.23
A02933,Green Valley Care Alliance Alliance,Colorado,2021,0,0.020616776221232164,0,0.23
A02941,Springfield Medical Association,Washington,2021,1,0.19291467894619926,0,0.23
A02949,Pinnacle Care Partners,Connecticut,2021,0,0.31894561593730675,1,0.23
A02950,Summit Health Partners Collaborative,Indiana,2021,0,0.20752217962744943,0,0.23
A02952,Fairview Health Collaborative Medical Center,Texas,2021,0,0.09861130231894599,0,0.23
A02955,Pioneer Clinical Partners Physician Alliance,Oregon,2021,1,0.0936513016341471,0,0.23
A02957,Meadow Care Partners Association,Florida,2021,0,0.06834654108920132,0,0.23
A02958,Pinnacle Care Physician Alliance,Michigan,2021,0,0.06856901236788172,0,0.23
A02975,Eastgate Care Alliance Network,North Carolina,2021,0,0.08101550649274213,0,0.23
A02977,Northstar Medical Health System,Alabama,2021,0,0.0797982282867958,0,0.23
A02986,Cedar Health Network Network,Virginia,2021,0,0.06727090521800895,0,0.23
A03009,Redwood Medical Group Network,North Carolina,2021,0,0.042754083641161414,0,0.23
A03016,Eastgate Care Network Network,Florida,2021,0,0.06075488479117996,0,0.23
A03020,Fairview Care Group,Wisconsin,2021,0,0.174989008748892,0,0.23
A03023,Golden Valley Medical Group Care Network,Maryland,2021,0,0.12801464886170272,0,0.23
A03028,Northstar Health Alliance Group,Michigan,2021,0,0.08368857745902457,0,0.23
A03034,WellSpring Care Health System,Arizona,2021,0,0.03992005783725414,0,0.23
A03035,Heritage Care Alliance Collaborative,Florida,2021,0,0.08380543501276082,0,0.23
A03037,Green Valley Health Alliance Alliance,Massachusetts,2021,0,0.031154257439104605,0,0.23
A03042,Maplewood Physicians Medical Center,North Carolina,2021,0,0.11772563648010825,0,0.23
A03059,Maplewood Physician Network Physician Alliance,California,2021,0,0.10666116729419915,0,0.23
A03060,Westfield Healthcare Group,Indiana,2021,0,0.09127289031061445,0,0.23
A03065,Beacon Care Alliance Group,New Jersey,2021,0,0.06128177693019918,0,0.23
A03067,Gateway Physician Network Group,Tennessee,2021,0,0.08442190666668753,0,0.23
A03073,Highland Physicians Collaborative,Ohio,2021,0,0.042972386770248595,0,0.23
A03077,Maplewood Health Partners Care Network,Minnesota,2021,0,0.1596624027137428,0,0.23
A03078,Horizon Care Partners Association,Arizona,2021,0,0.07312087707913188,0,0.23
A03081,Heritage Care Network Network,Florida,2021,0,0.08825882132248114,0,0.23
A03082,Meadow Care Partners Partners,Michigan,2021,0,0.07917492578316637,0,0.23
A03088,Golden Valley Community Care Network,Oregon,2021,0,0.1212518134115666,0,0.23
A03091,Beacon Care Alliance Care Network,Oregon,2021,0,0.21150505702085712,0,0.23
A03096,Parkview Integrated Health Collaborative,Massachusetts,2021,0,0.1004956096964185,0,0.23
A03100,Eastgate Health Partners Partners,Oregon,2021,0,0.020199462026800702,0,0.23
A03108,Riverside Care Network Medical Center,Arizona,2021,0,0.10317554072901974,0,0.23
A03112,Riverbend Medical Group Association,New Jersey,2021,0,0.19384760280239619,0,0.23
A03115,Fairview Community Care Health System,New York,2021,0,0.07321273273537487,0,0.23
A03116,Community Health Alliance Partners,Oregon,2021,0,0.05627483397460517,0,0.23
A03117,Green Valley Medical Group Collaborative,Virginia,2021,0,0.15535073730441692,0,0.23
A03123,Blue Ridge Medical Health System,Massachusetts,2021,0,0.18714807477231826,0,0.23
A03125,Clearview Care Alliance Association,Minnesota,2021,0,0.06744220070668498,0,0.23
A03140,Unity Care Partners Collaborative,Illinois,2021,0,0.04944720666886226,0,0.23
A03143,Silverstone Clinical Partners Partners,New York,2021,1,0.163098024335081,0,0.23
A03144,Gateway Integrated Health Collaborative,Wisconsin,2021,0,0.14276756767857923,0,0.23
A03147,Meadow Healthcare Association,Maryland,2021,0,0.12261779319299917,0,0.23
A03148,Gateway Physicians Collaborative,Connecticut,2021,1,0.30157000892309516,1,0.23
A03162,Gateway Clinical Partners Group,Wisconsin,2021,1,0.20713433569279313,0,0.23
A03168,Metro Wellness Association,Ohio,2021,0,0.09600504127537379,0,0.23
A03180,Meadow Care Physician Alliance,Texas,2021,0,0.09151993506143549,0,0.23
A03181,Lakeside Physicians Physician Alliance,Florida,2021,0,0.02759786831367352,0,0.23
A03186,Clearview Community Care Network,Ohio,2021,1,0.2314467674176029,1,0.23
A03196,Highland Community Care Network,Missouri,2021,0,0.03737684708590844,0,0.23
A03209,Stonebridge Provider Alliance Association,Washington,2021,0,0.14288947369296195,0,0.23
A03211,Brookside Care Physician Alliance,Pennsylvania,2021,0,0.16032583458438385,0,0.23
A03221,Meadow Health Network Health System,Maryland,2021,0,0.46904560263747297,1,0.23
A03227,Highland Medical Care Network,Washington,2021,0,0.10282186014955248,0,0.23
A03234,Stonebridge Health Alliance Group,Tennessee,2021,0,0.28645916803422344,1,0.23
A03242,Evergreen Medical Partners Group,Connecticut,2021,1,0.3078560079929953,1,0.23
A03247,Riverside Medical Group Health System,Maryland,2021,0,0.1335071712927991,0,0.23
A03250,Meadow Medical Partners Care Network,Oregon,2021,0,0.2931864327027631,1,0.23
A03255,Horizon Wellness Physician Alliance,Minnesota,2021,0,0.13517144397631287,0,0.23
A03256,Maplewood Community Care Network,Indiana,2021,0,0.17180836359707488,0,0.23
A03263,Springfield Healthcare Collaborative,Massachusetts,2021,0,0.2136964095804293,0,0.23
A03269,Parkview Physician Network Care Network,Massachusetts,2021,0,0.07321750952966455,0,0.23
A03270,Metro Health Association,Alabama,2021,0,0.1748087123317988,0,0.23
A03279,Brookside Medical Group Association,Connecticut,2021,0,0.031959082166438016,0,0.23
A03284,Fairview Health Network Network,Wisconsin,2021,0,0.12647138600627908,0,0.23
A03285,Silverstone Health Partners Collaborative,Michigan,2021,0,0.06671368893826625,0,0.23
A03295,Community Health Health System,Wisconsin,2021,0,0.16905052125172682,0,0.23
A03297,Valley Health Collaborative Care Network,Missouri,2021,1,0.24927800057590477,1,0.23
A03312,Green Valley Clinical Partners Care Network,Minnesota,2021,1,0.16364545933850969,0,0.23
A03316,Pinnacle Health Alliance Alliance,Tennessee,2021,0,0.3021648727439096,1,0.23
A03319,Evergreen Physicians Care Network,Georgia,2021,0,0.0195178438205852,0,0.23
A03321,Beacon Physician Network Partners,Arizona,2021,0,0.047473556055215846,0,0.23
A03322,Lakeside Healthcare Alliance,Tennessee,2021,0,0.05559462209360841,0,0.23
A03323,Redwood Medical Medical Center,Maryland,2021,0,0.07458144880920453,0,0.23
A03330,Green Valley Care Network Partners,Alabama,2021,0,0.060484657540149554,0,0.23
A03333,Horizon Health Collaborative Health System,Indiana,2021,0,0.08527378237067301,0,0.23
A03338,Summit Provider Alliance Physician Alliance,Arizona,2021,0,0.1845854527029292,0,0.23
A03342,Riverside Wellness Alliance,Tennessee,2021,0,0.06450036648851902,0,0.23
A03348,Pioneer Care Alliance Collaborative,Massachusetts,2021,0,0.06182617293503845,0,0.23
A03365,Eastgate Integrated Health Collaborative,California,2021,0,0.13823770467093022,0,0.23
A03371,Pinnacle Health Partners Collaborative,Arizona,2021,0,0.10267691786464166,0,0.23
A03375,Blue Ridge Care Care Network,North Carolina,2021,0,0.07875280845922486,0,0.23
A03377,Heartland Health Partners Care Network,Massachusetts,2021,0,0.07821062647761017,0,0.23
A03381,Unity Health Collaborative Collaborative,North Carolina,2021,0,0.09395126184948115,0,0.23
A03385,Canyon Community Care Care Network,California,2021,0,0.05391173919604698,0,0.23
A03391,Evergreen Care Network Group,Minnesota,2021,0,0.13625980478567482,0,0.23
A03397,Eastgate Health Network Association,Colorado,2021,0,0.1819823479540189,0,0.23
A03398,Parkview Care Collaborative,Arizona,2021,0,0.05683872961150729,0,0.23
A03405,Canyon Health Partners Care Network,Texas,2021,1,0.13489759740638946,0,0.23
A03407,Stonebridge Care Network Health System,Florida,2021,0,0.11446977311258072,0,0.23
A03415,Heritage Health Collaborative Physician Alliance,Massachusetts,2021,0,0.02695367663745141,0,0.23
A03417,Northstar Medical Partners Medical Center,Connecticut,2021,0,0.1909881024183205,0,0.23
A03419,Gateway Physician Network Collaborative,Washington,2021,0,0.05575436954869581,0,0.23
A03425,Westfield Medical Network,Maryland,2021,0,0.20573150708630647,0,0.23
A03426,Metro Community Care Alliance,Colorado,2021,0,0.06350665873643715,0,0.23
A03428,Riverbend Integrated Health Collaborative,Ohio,2021,1,0.18518814720026047,0,0.23
A03433,WellSpring Physician Network Collaborative,North Carolina,2021,0,0.05976602082125395,0,0.23
A03447,Beacon Health Medical Center,Connecticut,2021,0,0.10281298850725548,0,0.23
A03449,Eastgate Health Collaborative Group,New York,2021,0,0.11925224013475635,0,0.23
A03454,Community Wellness Group,Missouri,2021,0,0.04266471145335804,0,0.23
A03455,Redwood Physicians Alliance,New Jersey,2021,0,0.05828909607097033,0,0.23
A03458,Oakridge Health Partners Physician Alliance,Arizona,2021,0,0.07895447571603495,0,0.23
A03471,Riverbend Medical Group Medical Center,Arizona,2021,0,0.061955684789671166,0,0.23
A03482,Mountain View Physician Network Medical Center,Oregon,2021,0,0.0817085318506586,0,0.23
A03488,Pinnacle Healthcare Group,Arizona,2021,0,0.3422369658289392,1,0.23
A03497,Metro Care Partners Care Network,Virginia,2021,0,0.12817860667830588,0,0.23
A03503,Unity Physicians Care Network,Texas,2021,0,0.0866125953135332,0,0.23
A03514,Valley Health Network Association,Missouri,2021,0,0.07274466475803212,0,0.23
A03521,Redwood Physicians Partners,Wisconsin,2021,0,0.05811119672598233,0,0.23
A03525,Brookside Health Network Partners,Ohio,2021,1,0.19460996184825136,0,0.23
A03526,Golden Valley Care Alliance Care Network,Massachusetts,2021,0,0.06601011937226192,0,0.23
A03529,Crestview Health Health System,Florida,2021,0,0.13517144397631287,0,0.23
A03535,Meadow Clinical Partners Physician Alliance,Florida,2021,0,0.2063983745359961,0,0.23
A03542,Riverside Healthcare Collaborative,Minnesota,2021,0,0.05955293075079073,0,0.23
A03550,Summit Integrated Health Partners,Texas,2021,0,0.02288021179428258,0,0.23
A03556,Grandview Care Network Care Network,New York,2021,0,0.08415791017008466,0,0.23
A03558,Golden Valley Health Alliance Care Network,Tennessee,2021,0,0.10140026707056395,0,0.23
A03585,Gateway Community Care Alliance,Wisconsin,2021,0,0.23418097485812214,1,0.23
A03596,Fairview Care Network Collaborative,Arizona,2021,0,0.19122694244374455,0,0.23
A03601,Evergreen Care Network Care Network,Pennsylvania,2021,0,0.06128690271822374,0,0.23
A03609,Westfield Provider Alliance Health System,Pennsylvania,2021,0,0.09537728408309314,0,0.23
A03618,Community Health Medical Center,Maryland,2021,0,0.18455132008720557,0,0.23
A03624,Unity Care Network Network,Minnesota,2021,0,0.07325510964630784,0,0.23
A03626,Heritage Clinical Partners Medical Center,Minnesota,2021,0,0.389406072597917,1,0.23
A03632,WellSpring Health Partners Partners,Oregon,2021,0,0.029171574960975364,0,0.23
A03634,Springfield Health Collaborative Health System,Minnesota,2021,0,0.14910454929668052,0,0.23
A03636,Heritage Medical Partners Collaborative,Colorado,2021,0,0.09201878762026623,0,0.23
A03638,Blue Ridge Medical Collaborative,Oregon,2021,0,0.06315679225151481,0,0.23
A03646,Pioneer Medical Partners,Connecticut,2021,0,0.045444148053984605,0,0.23
A03649,Heartland Care Collaborative,Massachusetts,2021,0,0.04964940207131381,0,0.23
A03651,Westfield Health Alliance,Missouri,2021,0,0.0674822200230833,0,0.23
A03662,Eastgate Health Collaborative Physician Alliance,Colorado,2021,0,0.14005853082954187,0,0.23
A03680,Beacon Health Alliance Network,Wisconsin,2021,0,0.1636037697162576,0,0.23
A03682,Redwood Care Partners Collaborative,Oregon,2021,1,0.2989498706546921,1,0.23
A03690,Clearview Care Network Health System,Maryland,2021,0,0.3070785759323835,1,0.23
A03692,Silverstone Health Partners Health System,Missouri,2021,0,0.07843917667300035,0,0.23
A03694,Westfield Integrated Health Network,North Carolina,2021,0,0.13610961900750282,0,0.23
A03705,Heartland Care Partners Medical Center,New Jersey,2021,0,0.04753759674624638,0,0.23
A03710,Riverbend Provider Alliance Network,New Jersey,2021,0,0.042886273446574766,0,0.23
A03735,Green Valley Medical Partners Group,New York,2021,0,0.10420699016713733,0,0.23
A03737,Northstar Medical Care Network,New Jersey,2021,0,0.10999737704251734,0,0.23
A03742,Horizon Care Physician Alliance,Wisconsin,2021,1,0.07337454630629188,0,0.23
A03750,Golden Valley Clinical Partners Partners,Massachusetts,2021,1,0.1245277732258255,0,0.23
A03754,Evergreen Physicians Medical Center,Ohio,2021,1,0.18711341787725672,0,0.23
A03759,Summit Medical Group Partners,North Carolina,2021,0,0.13703750986677415,0,0.23
A03774,Fairview Wellness Association,New Jersey,2021,0,0.2132305792871646,0,0.23
A03776,Pinnacle Health Health System,New Jersey,2021,0,0.0754113282289007,0,0.23
A03781,Silverstone Healthcare Network,Illinois,2021,1,0.05203294935849719,0,0.23
A03782,Oakridge Care Physician Alliance,New Jersey,2021,0,0.11440639801133524,0,0.23
A03785,Mountain View Provider Alliance Health System,Texas,2021,0,0.16273727974969815,0,0.23
A03787,Summit Provider Alliance Alliance,Wisconsin,2021,0,0.16538557780000235,0,0.23
A03794,Mountain View Care Health System,Ohio,2021,0,0.07442735279684155,0,0.23
A03812,Pinnacle Medical Group Alliance,North Carolina,2021,1,0.0595901545004059,0,0.23
A03814,Beacon Care Alliance Alliance,Wisconsin,2021,1,0.14982788046540813,0,0.23
A03816,Pinnacle Health Collaborative,Minnesota,2021,0,0.2755896710271088,1,0.23
A03819,Unity Healthcare Health System,Georgia,2021,0,0.06698708901905194,0,0.23
A03820,Community Health Collaborative Partners,Georgia,2021,0,0.08146724908915315,0,0.23
A03832,Silverstone Wellness Physician Alliance,Illinois,2021,1,0.7007895854762413,1,0.23
A03837,Grandview Community Care Group,Missouri,2021,0,0.10273653030229626,0,0.23
A03840,Blue Ridge Community Care Association,North Carolina,2021,1,0.14285884349285868,0,0.23
A03845,Lakeside Provider Alliance Care Network,Alabama,2021,0,0.09521025740116834,0,0.23
A03848,Pinnacle Health Collaborative Collaborative,Pennsylvania,2021,0,0.026859360165544344,0,0.23
A03852,Springfield Care Health System,Virginia,2021,0,0.11651043658270478,0,0.23
A03856,Unity Care Alliance Physician Alliance,North Carolina,2021,0,0.07731338478077927,0,0.23
A03858,Highland Community Care Collaborative,New York,2021,0,0.08179241756288314,0,0.23
A03871,Heritage Medical Group Health System,Tennessee,2021,0,0.039665256414321344,0,0.23
A03878,Lakeside Clinical Partners Physician Alliance,New Jersey,2021,0,0.24032275664034405,1,0.23
A03880,Grandview Health Network Care Network,North Carolina,2021,0,0.12335456215549241,0,0.23
A03882,Community Medical Group,Washington,2021,0,0.09839760692093058,0,0.23
A03887,Evergreen Health Alliance Physician Alliance,Washington,2021,0,0.23922681866297796,1,0.23
A03895,Heartland Care Partners Partners,Tennessee,2021,0,0.3201160396927961,1,0.23
A03896,Lakeside Care Partners Medical Center,Florida,2021,0,0.07926909495329036,0,0.23
A03904,Westfield Physicians Care Network,Alabama,2021,0,0.04070388358409981,0,0.23
A03908,Heritage Community Care Health System,Florida,2021,1,0.2866790274106115,1,0.23
A03909,Valley Health Partners Health System,New Jersey,2021,0,0.14693571378389045,0,0.23
A03911,Springfield Medical Partners Collaborative,Ohio,2021,0,0.06683570934126819,0,0.23
A03917,Silverstone Clinical Partners Collaborative,Arizona,2021,0,0.12127899496759112,0,0.23
A03919,WellSpring Integrated Health Alliance,New York,2021,0,0.1159380581988436,0,0.23
A03920,Heritage Community Care Physician Alliance,Florida,2021,0,0.08083071736661601,0,0.23
A03928,Heartland Clinical Partners Network,Washington,2021,0,0.1615425367906782,0,0.23
A03930,Riverside Medical Group Association,Georgia,2021,0,0.14399670254467065,0,0.23
A03931,Riverside Community Care Care Network,Oregon,2021,0,0.21580126533135466,0,0.23
A03932,Westfield Wellness Group,Indiana,2021,0,0.035859964300026505,0,0.23
A03935,Heartland Medical Group Physician Alliance,Massachusetts,2021,0,0.0262488732426102,0,0.23
A03937,Community Community Care Group,Indiana,2021,0,0.1815844959311999,0,0.23
A03939,Cedar Healthcare Partners,Connecticut,2021,0,0.12394031861084405,0,0.23
A03943,Golden Valley Care Partners Network,Massachusetts,2021,0,0.05245490874859472,0,0.23
A03952,Riverbend Health Collaborative Alliance,Maryland,2021,0,0.17230657840992936,0,0.23
A03962,Fairview Care Network Association,Indiana,2021,0,0.12462855246392879,0,0.23
A03969,Horizon Health Alliance Care Network,Maryland,2021,0,0.11981477782014113,0,0.23
A03971,Westfield Care Alliance Physician Alliance,Maryland,2021,0,0.09157430286998816,0,0.23
A03972,Clearview Integrated Health Partners,New York,2021,0,0.19873637799503865,0,0.23
A03974,Maplewood Care Partners Group,Illinois,2021,0,0.10460368792523267,0,0.23
A03976,Pinnacle Medical Group Association,North Carolina,2021,0,0.09082943380605175,0,0.23
A03985,Crestview Health Partners Alliance,Missouri,2021,0,0.12574256605499934,0,0.23
A03988,Parkview Medical Medical Center,Wisconsin,2021,0,0.20840074159681393,0,0.23
A03990,Beacon Medical Partners Group,Minnesota,2021,0,0.0841203283253134,0,0.23
A03992,Lakeside Wellness Association,Tennessee,2021,0,0.08916878148110262,0,0.23
A03993,Golden Valley Healthcare Care Network,Missouri,2021,0,0.117525742187035,0,0.23
A03997,Evergreen Wellness Care Network,Arizona,2021,0,0.11150060015787965,0,0.23
A04000,Unity Wellness Partners,Oregon,2021,0,0.21076286025053206,0,0.23
A04001,Golden Valley Medical Collaborative,North Carolina,2021,0,0.0918775065742696,0,0.23
A04002,Parkview Care Alliance Collaborative,Illinois,2021,1,0.147472884111877,0,0.23
A04015,Maplewood Care Partners Physician Alliance,Indiana,2021,0,0.13933964557361547,0,0.23
A04016,Blue Ridge Medical Partners Partners,Minnesota,2021,0,0.07962830376158453,0,0.23
A04038,Horizon Medical Partners Association,Wisconsin,2021,0,0.15244876439408808,0,0.23
A04040,Cedar Clinical Partners Network,Pennsylvania,2021,0,0.06629572078159926,0,0.23
A04041,Heartland Community Care Group,Connecticut,2021,0,0.1736812508107491,0,0.23
A04043,Clearview Health Network Collaborative,Washington,2021,0,0.17755767080569881,0,0.23
A04048,Heartland Wellness Health System,Missouri,2021,0,0.09885707832729755,0,0.23
A04052,Meadow Medical Partners Partners,Missouri,2021,1,0.04464490959496427,0,0.23
A04055,Heartland Provider Alliance Partners,New York,2021,0,0.15052474545122463,0,0.23
A04059,Gateway Provider Alliance Partners,Minnesota,2021,0,0.1267237691303467,0,0.23
A04067,Valley Health Collaborative Physician Alliance,Colorado,2021,0,0.14752893905955797,0,0.23
A04069,Highland Medical Group Health System,Tennessee,2021,1,0.06862880843971231,0,0.23
A04070,Crestview Health Partners Care Network,Connecticut,2021,0,0.11765236797869116,0,0.23
A04073,Metro Medical Partners Collaborative,Connecticut,2021,0,0.2317221500797022,1,0.23
A04084,Crestview Community Care Collaborative,Maryland,2021,0,0.0396880531782757,0,0.23
A04100,Mountain View Care Group,Texas,2021,0,0.18270374101137443,0,0.23
A04101,Crestview Medical Partners,New Jersey,2021,0,0.037374800039277865,0,0.23
A04103,WellSpring Integrated Health Physician Alliance,Alabama,2021,0,0.08672118326686089,0,0.23
A04109,Heritage Physicians Health System,North Carolina,2021,0,0.11834596953688037,0,0.23
A04120,Canyon Medical Group Partners,Washington,2021,1,0.2319154870753689,1,0.23
A04123,Lakeside Medical Partners Health System,Texas,2021,0,0.06596182106219839,0,0.23
A04124,Brookside Physician Network Network,Massachusetts,2021,0,0.096116118586199,0,0.23
A04130,Heartland Provider Alliance Network,Massachusetts,2021,0,0.0983899310505649,0,0.23
A04133,Horizon Integrated Health Network,New York,2021,0,0.030559380793568333,0,0.23
A04137,Springfield Physician Network Physician Alliance,Tennessee,2021,0,0.08742732524571073,0,0.23
A04145,Canyon Care Partners Collaborative,Colorado,2021,0,0.08764560834956688,0,0.23
A04153,Oakridge Physicians Collaborative,Michigan,2021,0,0.09933333567485426,0,0.23
A04163,Community Health Collaborative Physician Alliance,Pennsylvania,2021,0,0.13578829519104532,0,0.23
A04171,Mountain View Provider Alliance Group,Ohio,2021,0,0.2575353945853084,1,0.23
A04172,Maplewood Clinical Partners Care Network,Maryland,2021,0,0.07538417652040666,0,0.23
A04177,Valley Care Physician Alliance,Wisconsin,2021,0,0.051434491752455014,0,0.23
A04182,Oakridge Health Partners,Virginia,2021,1,0.14924224724382848,0,0.23
A04195,Fairview Medical Partners Care Network,Wisconsin,2021,0,0.1746043990026277,0,0.23
A04210,Evergreen Clinical Partners Partners,North Carolina,2021,0,0.2984325219395538,1,0.23
A04215,Crestview Medical Alliance,Washington,2021,1,0.3919519688379126,1,0.23
A04216,Eastgate Health Partners Alliance,Michigan,2021,0,0.2101830986793259,0,0.23
A04222,Redwood Physician Network Physician Alliance,Pennsylvania,2021,0,0.0806556177318784,0,0.23
A04224,Pioneer Health Network Partners,Minnesota,2021,0,0.3950467296041255,1,0.23
A04239,Grandview Physicians Collaborative,Minnesota,2021,0,0.0816088011575313,0,0.23
A04252,Riverside Care Network Alliance,Minnesota,2021,0,0.3083878245680168,1,0.23
A04254,Blue Ridge Provider Alliance Group,Arizona,2021,0,0.07013853799973822,0,0.23
A04255,Canyon Care Alliance Network,Colorado,2021,0,0.08327541456636409,0,0.23
A04258,Valley Care Network Care Network,New York,2021,0,0.22510451906101853,0,0.23
A04260,Pioneer Health Collaborative Care Network,Illinois,2021,0,0.09944942529595698,0,0.23
A04268,Metro Care Physician Alliance,California,2021,0,0.0645414071127452,0,0.23
A04269,Brookside Provider Alliance Collaborative,Georgia,2021,0,0.12452092393971086,0,0.23
A04270,Redwood Clinical Partners Association,Minnesota,2021,0,0.11132974063139021,0,0.23
A04275,Meadow Health Alliance Medical Center,Texas,2021,0,0.13334054996417025,0,0.23
A04278,Westfield Health Network Network,North Carolina,2021,0,0.1593149173902016,0,0.23
A04283,Eastgate Health Partners Collaborative,Michigan,2021,0,0.09528321370554681,0,0.23
A04292,Canyon Provider Alliance Health System,Maryland,2021,0,0.03740341555577242,0,0.23
A04304,Mountain View Health Partners Physician Alliance,North Carolina,2021,0,0.09006768125454315,0,0.23
A04307,Metro Health Partners,New Jersey,2021,0,0.06446529474645907,0,0.23
A04309,Green Valley Healthcare Medical Center,California,2021,0,0.10008502662641297,0,0.23
A04317,WellSpring Integrated Health Partners,Massachusetts,2021,0,0.14252325894528067,0,0.23
A04320,Cedar Physician Network Network,Alabama,2021,0,0.03564356438560434,0,0.23
A04329,Mountain View Health Group,Ohio,2021,0,0.06709803622449408,0,0.23
A04333,Horizon Care Network Network,Arizona,2021,0,0.19949970319327742,0,0.23
A04337,Heartland Physicians Health System,Michigan,2021,0,0.1558578209285528,0,0.23
A04338,Pioneer Clinical Partners Partners,Illinois,2021,0,0.04530773302710931,0,0.23
A04353,Eastgate Health Network Partners,Arizona,2021,0,0.17640029743576158,0,0.23
A04361,Green Valley Healthcare Network,Oregon,2021,0,0.08000927921577439,0,0.23
A04365,Westfield Health Collaborative Health System,New York,2021,0,0.06962674115132007,0,0.23
A04368,Oakridge Integrated Health Association,Illinois,2021,0,0.06826996718498707,0,0.23
A04374,Cedar Care Network Collaborative,Arizona,2021,0,0.1941363084303697,0,0.23
A04375,Westfield Care Alliance,North Carolina,2021,0,0.02406041205570838,0,0.23
A04380,Mountain View Provider Alliance Association,New Jersey,2021,0,0.126347796964063,0,0.23
A04383,Lakeside Care Network,Ohio,2021,0,0.041636343639970645,0,0.23
A04393,Clearview Clinical Partners Physician Alliance,Texas,2021,1,0.046458222091239565,0,0.23
A04399,Silverstone Care Partners Physician Alliance,Connecticut,2021,0,0.1977066033697987,0,0.23
A04401,Silverstone Health Alliance Alliance,Texas,2021,1,0.21228356078751304,0,0.23
A04403,Grandview Health Network Health System,Massachusetts,2021,0,0.04193074644964416,0,0.23
A04404,Blue Ridge Community Care Network,Arizona,2021,0,0.058433557784620074,0,0.23
A04414,Unity Medical Care Network,Alabama,2021,0,0.07496673940768232,0,0.23
A04420,Parkview Healthcare Health System,Florida,2021,0,0.1350689284467331,0,0.23
A04425,Clearview Integrated Health Association,California,2021,0,0.06113476531384769,0,0.23
A04428,Cedar Clinical Partners Partners,Wisconsin,2021,0,0.01823223189044959,0,0.23
A04430,Riverbend Physicians Medical Center,Colorado,2021,0,0.13472546862658935,0,0.23
A04432,Metro Medical Group,Washington,2021,0,0.14288947369296195,0,0.23
A04434,Lakeside Physician Network Medical Center,Ohio,2021,0,0.045301420835707394,0,0.23
A04435,Redwood Community Care Network,Connecticut,2021,0,0.10063443606730565,0,0.23
A04438,Maplewood Medical Partners Medical Center,New Jersey,2021,0,0.29372575101555937,1,0.23
A04443,Oakridge Health Partners Association,Indiana,2021,1,0.16155052744106338,0,0.23
A04446,Blue Ridge Physician Network Health System,Ohio,2021,1,0.5710950788423769,1,0.23
A04458,Evergreen Medical Health System,Pennsylvania,2021,0,0.0824248115443462,0,0.23
A04472,Beacon Health Partners Group,Colorado,2021,0,0.17870096488298062,0,0.23
A04473,Stonebridge Health Association,North Carolina,2021,1,0.16240931989664031,0,0.23
A04480,Highland Medical Group Physician Alliance,Washington,2021,0,0.11048548686637925,0,0.23
A04492,Pioneer Integrated Health Network,Maryland,2021,0,0.11495919971568899,0,0.23
A04496,Crestview Provider Alliance Network,Tennessee,2021,0,0.09931513694692061,0,0.23
A04508,Heartland Clinical Partners Alliance,Ohio,2021,0,0.14788092343983933,0,0.23
A04509,Crestview Health Medical Center,Arizona,2021,0,0.08906635801979888,0,0.23
A04563,Heartland Provider Alliance Health System,Missouri,2021,0,0.15026292045004885,0,0.23
A04568,Parkview Medical Physician Alliance,Illinois,2021,0,0.13734353230587487,0,0.23
A04574,Canyon Medical Partners Care Network,Pennsylvania,2021,0,0.08538311041662724,0,0.23
A04581,Crestview Wellness Medical Center,Illinois,2021,0,0.21123205399784772,0,0.23
A04589,Highland Medical Partners Network,Minnesota,2021,0,0.11703903048280977,0,0.23
A04599,Gateway Health Partners,Florida,2021,0,0.21586759965187377,0,0.23
A04601,Highland Health Association,Wisconsin,2021,0,0.06872688373686936,0,0.23
A04602,Gateway Healthcare Care Network,Arizona,2021,0,0.11175715837555938,0,0.23
A04604,Mountain View Community Care Association,Connecticut,2021,0,0.06142807563842265,0,0.23
A04605,Silverstone Physician Network Care Network,New Jersey,2021,0,0.14830041650483008,0,0.23
A04610,Northstar Health Care Network,Missouri,2021,0,0.10711898898363918,0,0.23
A04612,Canyon Care Network Health System,Oregon,2021,0,0.041283792825771354,0,0.23
A04613,Lakeside Medical Partners Care Network,Ohio,2021,0,0.03142793517413044,0,0.23
A04617,Silverstone Health Network,Washington,2021,0,0.0457055054954105,0,0.23
A04634,Valley Health Network Physician Alliance,Wisconsin,2021,0,0.044205492288292486,0,0.23
A04658,Eastgate Care Network,Illinois,2021,0,0.09908939902198226,0,0.23
A04666,Riverbend Medical Medical Center,Florida,2021,1,0.21351809499475213,0,0.23
A04671,Lakeside Health Partners Association,Pennsylvania,2021,0,0.026065037622384577,0,0.23
A04679,Mountain View Care Partners Alliance,Maryland,2021,0,0.03722813591405395,0,0.23
A04681,Maplewood Health Association,Missouri,2021,0,0.18572692283577935,0,0.23
A04685,Unity Medical Partners Association,Illinois,2021,0,0.07112288082846387,0,0.23
A04687,Oakridge Provider Alliance Partners,Tennessee,2021,1,0.22857883261076203,0,0.23
A04704,Oakridge Health Alliance Collaborative,Washington,2021,0,0.1191458103165479,0,0.23
A04707,Beacon Provider Alliance Partners,Maryland,2021,1,0.3471805979573255,1,0.23
A04716,Springfield Physicians Health System,Indiana,2021,0,0.3023503980042863,1,0.23
A04719,Parkview Physician Network Collaborative,Oregon,2021,0,0.11958196888982218,0,0.23
A04728,Summit Medical Group Care Network,California,2021,0,0.12987040488568438,0,0.23
A04730,Heartland Care Care Network,Pennsylvania,2021,0,0.22449195000914937,0,0.23
A04733,Springfield Health Network Collaborative,Connecticut,2021,0,0.07360851218886337,0,0.23
A04748,Northstar Care Network Physician Alliance,Washington,2021,0,0.059495437471574875,0,0.23
A04753,Riverside Integrated Health Association,Connecticut,2021,0,0.10891321522955634,0,0.23
A04754,Stonebridge Health Network Network,Missouri,2021,0,0.4079432300205511,1,0.23
A04769,Green Valley Physicians Association,Arizona,2021,1,0.19095425714304576,0,0.23
A04773,Maplewood Health Alliance Collaborative,Wisconsin,2021,0,0.09927801833489795,0,0.23
A04776,Metro Medical Care Network,California,2021,0,0.1668280132927475,0,0.23
A04790,Mountain View Integrated Health Medical Center,New York,2021,0,0.15411661811482374,0,0.23
A04798,Lakeside Healthcare Medical Center,Connecticut,2021,0,0.20908763431487717,0,0.23
A04799,Cedar Health Alliance,New Jersey,2021,0,0.11063936036419031,0,0.23
A04802,Lakeside Community Care Health System,New Jersey,2021,0,0.3742076837122935,1,0.23
A04803,Redwood Integrated Health Collaborative,Minnesota,2021,0,0.1483318211855737,0,0.23
A04804,Canyon Community Care Physician Alliance,Minnesota,2021,0,0.17593069993655522,0,0.23
A04806,Maplewood Care Partners Collaborative,Texas,2021,0,0.14985740364669778,0,0.23
A04810,Lakeside Health Network Care Network,New Jersey,2021,0,0.11436326992286007,0,0.23
A04817,Evergreen Health Association,Michigan,2021,1,0.2007847189839269,0,0.23
A04832,Lakeside Medical Alliance,Wisconsin,2021,0,0.09040438998870039,0,0.23
A04834,Cedar Integrated Health Alliance,Alabama,2021,0,0.12305041983047596,0,0.23
A04835,Canyon Physicians Collaborative,New York,2021,0,0.11369840958593108,0,0.23
A04843,WellSpring Healthcare Association,New Jersey,2021,0,0.04201825993557487,0,0.23
A04849,Redwood Community Care Health System,Maryland,2021,0,0.01724088741025714,0,0.23
A04853,Eastgate Health Collaborative Medical Center,Minnesota,2021,0,0.19010787544321606,0,0.23
A04863,Stonebridge Care Partners Collaborative,New York,2021,0,0.025330174798062877,0,0.23
A04866,Unity Physicians Collaborative,California,2021,0,0.09810154615281381,0,0.23
A04869,Silverstone Care Group,Illinois,2021,0,0.06815628574914995,0,0.23
A04870,Valley Physician Network Network,Florida,2021,0,0.046000691174001386,0,0.23
A04871,Clearview Medical Partners Association,Minnesota,2021,0,0.09699257815425666,0,0.23
A04875,Brookside Care Network Medical Center,Virginia,2021,0,0.02459640968098701,0,0.23
A04877,Beacon Care Partners Association,Virginia,2021,0,0.1044165670073332,0,0.23
A04878,Grandview Health Partners Collaborative,Maryland,2021,0,0.04463691672448867,0,0.23
A04886,Beacon Care Alliance Health System,Illinois,2021,0,0.24914320251593186,1,0.23
A04889,Meadow Care Partners Alliance,Connecticut,2021,0,0.04266978578806158,0,0.23
A04890,Community Health Collaborative Health System,North Carolina,2021,0,0.12558962219228564,0,0.23
A04894,Brookside Healthcare Physician Alliance,New Jersey,2021,0,0.04365870452185655,0,0.23
A04897,Heritage Health Network,Wisconsin,2021,0,0.05027599836720558,0,0.23
A04899,Springfield Provider Alliance Alliance,Minnesota,2021,0,0.18469878803059245,0,0.23
A04902,Mountain View Health Alliance Alliance,New Jersey,2021,0,0.11239852887037685,0,0.23
A04903,Blue Ridge Care Partners Alliance,New York,2021,0,0.03602347000929517,0,0.23
A04906,Gateway Provider Alliance Physician Alliance,Missouri,2021,0,0.016187495305172835,0,0.23
A04909,Redwood Health Network Health System,Arizona,2021,0,0.12772708974412125,0,0.23
A04924,Summit Health Partners Group,North Carolina,2021,0,0.3010142167417685,1,0.23
A04925,Oakridge Health Collaborative Group,Indiana,2021,1,0.2928199423399715,1,0.23
A04929,Meadow Wellness Care Network,Ohio,2021,0,0.18129480104057422,0,0.23
A04932,Springfield Provider Alliance Physician Alliance,Indiana,2021,0,0.0808771264665747,0,0.23
A04936,Grandview Community Care Association,Ohio,2021,0,0.09344906698020977,0,0.23
A04949,Clearview Wellness Network,Ohio,2021,1,0.1650329045035393,0,0.23
A04951,Eastgate Physicians Group,Illinois,2021,0,0.08670974963287391,0,0.23
A04953,Highland Health Alliance Collaborative,California,2021,0,0.04984304971485268,0,0.23
A04958,Heritage Medical Group Group,Minnesota,2021,0,0.049604669961749365,0,0.23
A04964,Mountain View Care Alliance Care Network,California,2021,0,0.06171545451583798,0,0.23
A04970,Oakridge Care Network Partners,Connecticut,2021,0,0.19436012850024523,0,0.23
A04973,Clearview Community Care Association,Minnesota,2021,1,0.20261564855913627,0,0.23
A04978,Heritage Physician Network Medical Center,Michigan,2021,0,0.1513001834139145,0,0.23
A04996,Evergreen Care Alliance Group,Indiana,2021,0,0.05440181903131411,0,0.23
A04999,Westfield Medical Medical Center,New York,2021,0,0.09216419338099593,0,0.23
A05012,Canyon Care Network Care Network,Virginia,2021,0,0.3163330356178065,1,0.23
A05016,Grandview Integrated Health Partners,Illinois,2021,0,0.28624593210572463,1,0.23
A05017,Community Integrated Health Alliance,Michigan,2021,0,0.0513267863454823,0,0.23
A05022,Horizon Health Partners,Pennsylvania,2021,1,0.6985099799514848,1,0.23
A05027,Pinnacle Clinical Partners Partners,Arizona,2021,0,0.0954839041813825,0,0.23
A05032,Pinnacle Health Collaborative Care Network,North Carolina,2021,1,0.5756475177409333,1,0.23
A05035,Springfield Integrated Health Medical Center,North Carolina,2021,1,0.3533239185223762,1,0.23
A05037,Summit Health Collaborative,Pennsylvania,2021,0,0.16693227763247762,0,0.23
A05041,Community Health Partners,Pennsylvania,2021,0,0.04743145007223798,0,0.23
A05044,Meadow Physician Network Network,Alabama,2021,0,0.1295406491881146,0,0.23
A05052,Green Valley Medical Partners Physician Alliance,Arizona,2021,0,0.13116272711344068,0,0.23
A05059,Clearview Care Partners Group,Alabama,2021,0,0.09260588185443541,0,0.23
A05068,Golden Valley Physician Network Group,Michigan,2021,1,0.21500967988369193,0,0.23
A05080,Eastgate Care Network Collaborative,Minnesota,2021,0,0.0841203283253134,0,0.23
A05085,Parkview Health Partners Alliance,Virginia,2021,1,0.08466941740940659,0,0.23
A05095,Highland Health Physician Alliance,Oregon,2021,0,0.17868481157838395,0,0.23
A05099,Summit Wellness Physician Alliance,Missouri,2021,0,0.03953894302770081,0,0.23
A05109,Heritage Care Partners Association,Missouri,2021,0,0.12330478421288608,0,0.23
A05111,Unity Health Association,Alabama,2021,0,0.08794542021445535,0,0.23
A05112,Summit Healthcare Collaborative,Wisconsin,2021,0,0.052261389784148,0,0.23
A05113,Blue Ridge Provider Alliance Health System,Massachusetts,2021,0,0.07321693107519174,0,0.23
A05114,Mountain View Health Partners Network,Texas,2021,0,0.14997377112285742,0,0.23
A05119,Parkview Health Partners Physician Alliance,Washington,2021,0,0.07547209868092765,0,0.23
A05122,Mountain View Health Partners Care Network,Tennessee,2021,0,0.09968804859749626,0,0.23
A05123,Metro Health Partners Medical Center,New Jersey,2021,0,0.1521045585988672,0,0.23
A05131,Evergreen Care Alliance Association,California,2021,0,0.07477732573964349,0,0.23
A05137,Canyon Wellness Medical Center,Florida,2021,0,0.07175023256765177,0,0.23
A05138,Stonebridge Clinical Partners Association,Connecticut,2021,0,0.06405809217725567,0,0.23
A05147,Highland Provider Alliance Physician Alliance,Massachusetts,2021,0,0.17760556239337702,0,0.23
A05152,Pioneer Medical Group Physician Alliance,Indiana,2021,0,0.08915820083334534,0,0.23
A05155,Mountain View Healthcare Collaborative,Massachusetts,2021,0,0.029949206014802474,0,0.23
A05162,Pioneer Medical Medical Center,Florida,2021,0,0.04972985732180972,0,0.23
A05163,Meadow Community Care Physician Alliance,Arizona,2021,0,0.015870793058868942,0,0.23
A05164,Westfield Community Care Partners,Missouri,2021,0,0.024879083878036626,0,0.23
A05168,Oakridge Health Partners Network,Missouri,2021,0,0.06272679324175917,0,0.23
A05169,Stonebridge Medical Alliance,Missouri,2021,0,0.20905043309859522,0,0.23
A05172,Riverbend Provider Alliance Association,Colorado,2021,1,0.2544215287128741,1,0.23
A05173,Clearview Health Alliance Alliance,Ohio,2021,0,0.5884797580319184,1,0.23
A05175,Gateway Medical Group Health System,Alabama,2021,0,0.023447130672032756,0,0.23
A05179,Heritage Care Network Care Network,Missouri,2021,0,0.04497596955820569,0,0.23
A05190,Canyon Care Health System,Michigan,2021,0,0.15620561975670783,0,0.23
A05195,Metro Care Alliance Health System,Ohio,2021,0,0.031352658738308586,0,0.23
A05196,Highland Care Partners Group,Connecticut,2021,0,0.15127487835978662,0,0.23
A05205,Pioneer Care Alliance Group,Washington,2021,0,0.04091975102936727,0,0.23
A05214,Northstar Wellness Association,Michigan,2021,0,0.15511885849965704,0,0.23
A05233,Heartland Care Group,Colorado,2021,0,0.054908221443379014,0,0.23
A05245,Maplewood Healthcare Partners,Arizona,2021,0,0.030431960078283127,0,0.23
A05248,Cedar Care Medical Center,Washington,2021,0,0.05726049624010128,0,0.23
A05251,Parkview Clinical Partners Partners,Connecticut,2021,0,0.029156168171511135,0,0.23
A05253,Grandview Medical Health System,Alabama,2021,0,0.08006735885425009,0,0.23
A05255,Lakeside Wellness Physician Alliance,North Carolina,2021,0,0.12213622959610322,0,0.23
A05258,Lakeside Medical Partners,Texas,2021,0,0.08263409397325186,0,0.23
A05261,Redwood Healthcare Physician Alliance,Texas,2021,0,0.05096744503345216,0,0.23
A05264,Meadow Health Alliance Care Network,Georgia,2021,1,0.41007081113555427,1,0.23
A05277,Meadow Integrated Health Alliance,New Jersey,2021,0,0.06455698559211394,0,0.23
A05282,Westfield Care Partners Physician Alliance,Pennsylvania,2021,0,0.13794418053063712,0,0.23
A05283,Mountain View Health Alliance Network,New York,2021,0,0.059787769978173755,0,0.23
A05297,Evergreen Health Collaborative Health System,Connecticut,2021,0,0.055531667145729866,0,0.23
A05304,Westfield Care Network Group,Ohio,2021,0,0.07514895326956514,0,0.23
A05309,Community Physicians Medical Center,Michigan,2021,1,0.6008238456254655,1,0.23
A05316,Gateway Provider Alliance Association,Indiana,2021,0,0.046120678111218144,0,0.23
A05319,Eastgate Provider Alliance Physician Alliance,Oregon,2021,0,0.059703566988965465,0,0.23
A05323,Grandview Care Alliance Care Network,Indiana,2021,0,0.06053750635019428,0,0.23
A05327,Cedar Health Partners,Illinois,2021,1,0.14260140704659602,0,0.23
A05329,Summit Health Collaborative Medical Center,Georgia,2021,0,0.019483333163728838,0,0.23
A05344,Crestview Healthcare Medical Center,Alabama,2021,1,0.23988132655675823,1,0.23
A05345,Parkview Care Health System,Wisconsin,2021,0,0.4237169048218302,1,0.23
A05346,Oakridge Wellness Alliance,Tennessee,2021,0,0.025173011949717657,0,0.23
A05356,Blue Ridge Health Collaborative Network,Georgia,2021,0,0.05039677238661954,0,0.23
A05366,Crestview Care Alliance Care Network,Washington,2021,0,0.13896869732557784,0,0.23
A05367,Heartland Care Partners Association,Michigan,2021,0,0.04501147255796447,0,0.23
A05369,Riverbend Physician Network Physician Alliance,Tennessee,2021,0,0.09979095643596538,0,0.23
A05375,Community Care Partners Network,Florida,2021,0,0.18410148536575907,0,0.23
A05391,Community Community Care Medical Center,Arizona,2021,1,0.3533102150772025,1,0.23
A05394,Metro Health Collaborative Partners,Alabama,2021,0,0.04240534118775591,0,0.23
A05405,Meadow Care Network Collaborative,Arizona,2021,0,0.035224091150735326,0,0.23
A05409,Riverside Care Network Health System,Texas,2021,0,0.10232072432515585,0,0.23
A05411,Evergreen Health Network Network,Michigan,2021,0,0.07596720929608453,0,0.23
A05430,Brookside Health Collaborative Group,Washington,2021,0,0.07620729757140413,0,0.23
A05434,Clearview Health Partners Medical Center,Indiana,2021,0,0.113320332053066,0,0.23
A05436,Maplewood Physician Network Care Network,New Jersey,2021,0,0.131271223777029,0,0.23
A05440,Metro Health Partners Care Network,Pennsylvania,2021,0,0.042383173812217546,0,0.23
A05455,Clearview Integrated Health Alliance,Colorado,2021,1,0.1804079831897198,0,0.23
A05463,Horizon Health Health System,Arizona,2021,0,0.14060874190946845,0,0.23
A05466,Pioneer Physician Network Care Network,Alabama,2021,0,0.1000390186733394,0,0.23
A05469,Gateway Care Alliance Medical Center,Alabama,2021,0,0.054180001663647594,0,0.23
A05478,Stonebridge Care Alliance Care Network,Illinois,2021,0,0.07725434806104352,0,0.23
A05482,Pioneer Care Partners Group,Ohio,2021,0,0.1321431233354808,0,0.23
A05484,Riverside Physicians Network,Florida,2021,1,0.22550561410494016,0,0.23
A05489,Community Care Network Care Network,Connecticut,2021,0,0.23431240046488963,1,0.23
A05492,Green Valley Community Care Physician Alliance,Maryland,2021,0,0.06008197694546129,0,0.23
A05493,Mountain View Care Network Health System,Tennessee,2021,0,0.021493851783206622,0,0.23
A05497,Community Healthcare Network,Missouri,2021,0,0.027063663876565065,0,0.23
A05512,Pinnacle Wellness Partners,Indiana,2021,0,0.017188511226257978,0,0.23
A05535,Grandview Wellness Medical Center,North Carolina,2021,0,0.30954857687631043,1,0.23
A05538,Meadow Health Network Care Network,Maryland,2021,0,0.03368186692350128,0,0.23
A05539,Gateway Community Care Care Network,Ohio,2021,0,0.14723724500390226,0,0.23
A05543,Community Provider Alliance Partners,Alabama,2021,0,0.11848722262458537,0,0.23
A05545,Horizon Medical Medical Center,Tennessee,2021,0,0.1549256261608789,0,0.23
A05561,Community Clinical Partners Medical Center,North Carolina,2021,0,0.08223881821816047,0,0.23
A05563,Redwood Medical Group Partners,Virginia,2021,0,0.05645247326334748,0,0.23
A05573,Gateway Health Alliance Alliance,Indiana,2021,0,0.12801526156796342,0,0.23
A05579,Canyon Health Alliance Medical Center,Connecticut,2021,0,0.0688888837934738,0,0.23
A05594,Grandview Health Network Collaborative,Arizona,2021,0,0.23495737259884805,1,0.23
A05597,Gateway Care Network Association,Connecticut,2021,0,0.09244409303508443,0,0.23
A05602,Northstar Physicians Collaborative,New York,2021,0,0.23156398216249355,1,0.23
A05612,Riverside Medical Partners Physician Alliance,Georgia,2021,0,0.07793909554930221,0,0.23
A05623,Silverstone Provider Alliance Alliance,Florida,2021,0,0.0651428079132408,0,0.23
A05625,Cedar Medical Partners Medical Center,Washington,2021,0,0.23834514514477537,1,0.23
A05630,Northstar Health Collaborative Partners,Alabama,2021,0,0.23661082877799075,1,0.23
A05632,Beacon Wellness Medical Center,New York,2021,0,0.08507312848298179,0,0.23
A05634,Evergreen Care Physician Alliance,Arizona,2021,0,0.10051806918036059,0,0.23
A05643,Redwood Community Care Care Network,Minnesota,2021,0,0.060699879094704645,0,0.23
A05647,Mountain View Health Network Association,Illinois,2021,0,0.049607053079786606,0,0.23
A05648,Pioneer Medical Physician Alliance,Indiana,2021,0,0.04703067450481093,0,0.23
A05651,Redwood Provider Alliance Group,Colorado,2021,0,0.04195993322799067,0,0.23
A05652,Evergreen Physicians Alliance,Indiana,2021,0,0.05701060261193909,0,0.23
A05654,Riverbend Healthcare Collaborative,Missouri,2021,0,0.12494266813822737,0,0.23
A05658,Community Provider Alliance Care Network,New Jersey,2021,0,0.09092986301827961,0,0.23
A05665,Highland Clinical Partners Association,New Jersey,2021,0,0.03745767826964904,0,0.23
A05682,Grandview Integrated Health Health System,New Jersey,2021,0,0.07207334414645204,0,0.23
A05685,Brookside Health Collaborative Partners,Pennsylvania,2021,1,0.14406442340533052,0,0.23
A05686,Lakeside Integrated Health Care Network,New Jersey,2021,0,0.290209011317892,1,0.23
A05693,Gateway Provider Alliance Group,California,2021,0,0.18072161467013287,0,0.23
A05705,Redwood Health Collaborative Partners,Massachusetts,2021,1,0.18552713580382732,0,0.23
A05708,Pinnacle Care Network Physician Alliance,Washington,2021,0,0.10036801199695024,0,0.23
A05711,Northstar Care Care Network,North Carolina,2021,1,0.24633690364739383,1,0.23
A05715,Heritage Healthcare Physician Alliance,Tennessee,2021,0,0.08928123246470843,0,0.23
A05721,Heartland Medical Partners,Alabama,2021,0,0.018983640291730806,0,0.23
A05723,Clearview Care Network Association,Illinois,2021,0,0.06874655942200905,0,0.23
A05728,Northstar Community Care Network,Oregon,2021,1,0.2975542377253366,1,0.23
A05731,Springfield Medical Partners Care Network,Virginia,2021,0,0.09615077667521592,0,0.23
A05735,Fairview Medical Health System,Connecticut,2021,0,0.018144448790851354,0,0.23
A05736,Pioneer Health Partners Network,Pennsylvania,2021,0,0.06187901077098543,0,0.23
A05750,Riverbend Medical Group Network,Massachusetts,2021,0,0.13916236490209832,0,0.23
A05752,Heartland Integrated Health Partners,Colorado,2021,0,0.05960735487477477,0,0.23
A05755,Mountain View Care Network,New Jersey,2021,0,0.052858401398007356,0,0.23
A05759,Oakridge Health Network Alliance,Tennessee,2021,0,0.05229880791176116,0,0.23
A05760,Redwood Health Partners,Washington,2021,0,0.12948304296275212,0,0.23
A05770,WellSpring Health Alliance Collaborative,Florida,2021,0,0.033836419249395996,0,0.23
A05771,Gateway Integrated Health Health System,North Carolina,2021,0,0.12275579701885014,0,0.23
A05772,Horizon Physician Network Physician Alliance,Massachusetts,2021,0,0.07321509355996712,0,0.23
A05780,Highland Provider Alliance Alliance,Minnesota,2021,1,0.19291467894619926,0,0.23
A05781,Evergreen Health Partners Partners,Arizona,2021,0,0.13165883855880234,0,0.23
A05782,WellSpring Wellness Partners,Wisconsin,2021,0,0.2932363863563523,1,0.23
A05783,Metro Physician Network Medical Center,Alabama,2021,0,0.05987307637727812,0,0.23
A05787,Heritage Community Care Collaborative,Minnesota,2021,0,0.10499444213106822,0,0.23
A05796,Stonebridge Health Network,Ohio,2021,0,0.11840866995984145,0,0.23
A05802,Gateway Health Association,Indiana,2021,0,0.12463919969967485,0,0.23
A05807,Heartland Care Alliance Alliance,Indiana,2021,0,0.2806697096694256,1,0.23
A05808,Summit Health Association,Illinois,2021,0,0.10510991225376473,0,0.23
A05809,Grandview Physician Network Network,Tennessee,2021,0,0.06299554964087918,0,0.23
A05811,Heritage Care Medical Center,Illinois,2021,0,0.1030270722128524,0,0.23
A05817,Heartland Care Partners Physician Alliance,Texas,2021,0,0.08245756408593091,0,0.23
A05842,Eastgate Medical Health System,Oregon,2021,0,0.10529024219107894,0,0.23
A05854,Oakridge Care Alliance Association,North Carolina,2021,0,0.05442839160560947,0,0.23
A05856,Green Valley Health Partners Group,Wisconsin,2021,0,0.11924744801781273,0,0.23
A05858,Gateway Physicians Care Network,Virginia,2021,0,0.08299013114734548,0,0.23
A05869,Heartland Health Partners,New Jersey,2021,0,0.08699964545910907,0,0.23
A05870,Beacon Healthcare Partners,Texas,2021,0,0.14686865238385075,0,0.23
A05875,Northstar Wellness Health System,Florida,2021,0,0.06651950219353277,0,0.23
A05876,Fairview Care Alliance Physician Alliance,Illinois,2021,1,0.20469395060768047,0,0.23
A05877,Oakridge Care Alliance Collaborative,Illinois,2021,0,0.02559546789588294,0,0.23
A05880,Cedar Health Network Group,Arizona,2021,0,0.0843155745746128,0,0.23
A05890,Springfield Care Partners Partners,Connecticut,2021,0,0.06862538574371661,0,0.23
A05902,Horizon Medical Group Care Network,Oregon,2021,0,0.20566762672017602,0,0.23
A05907,Redwood Community Care Physician Alliance,Tennessee,2021,0,0.2558662698647623,1,0.23
A05909,Grandview Physician Network Group,North Carolina,2021,0,0.22273807682330068,0,0.23
A05911,Beacon Clinical Partners Care Network,Maryland,2021,0,0.03867257650474805,0,0.23
A05913,Northstar Health Network Care Network,Michigan,2021,0,0.22058877909612423,0,0.23
A05920,Crestview Health Collaborative Association,Indiana,2021,0,0.052267899530340195,0,0.23
A05922,Evergreen Care Partners,New York,2021,0,0.17457033046713413,0,0.23
A05929,Parkview Physician Network Alliance,Arizona,2021,0,0.13289871311170612,0,0.23
A05933,Grandview Medical Care Network,New York,2021,0,0.1751529475254053,0,0.23
A05935,WellSpring Health Group,Texas,2021,1,0.35254307643883764,1,0.23
A05938,Westfield Health Alliance Group,Massachusetts,2021,0,0.25540994102416437,1,0.23
A05944,Golden Valley Clinical Partners Care Network,Pennsylvania,2021,0,0.0496475584667411,0,0.23
A05948,Unity Integrated Health Association,Missouri,2021,0,0.029105479403288354,0,0.23
A05957,Springfield Care Network Association,Missouri,2021,0,0.11121805959919671,0,0.23
A05958,Silverstone Health Alliance Physician Alliance,Connecticut,2021,0,0.02440634134077839,0,0.23
A05961,Meadow Health Collaborative Alliance,New York,2021,0,0.042804222391372174,0,0.23
A05962,Golden Valley Medical Partners Alliance,Massachusetts,2021,0,0.17279313253093276,0,0.23
A05966,Horizon Wellness Health System,Maryland,2021,0,0.0729929395645108,0,0.23
A05967,Northstar Wellness Partners,Massachusetts,2021,0,0.11586781365978405,0,0.23
A05972,Fairview Provider Alliance Group,Maryland,2021,0,0.10413585527730429,0,0.23
A05974,Canyon Physician Network Group,Maryland,2021,0,0.11877485404464591,0,0.23
A05987,Maplewood Health Network Alliance,Michigan,2021,0,0.1110450624129899,0,0.23
A05988,Highland Clinical Partners Alliance,Georgia,2021,0,0.15701363553433792,0,0.23
A05991,Mountain View Medical Partners Care Network,Connecticut,2021,0,0.1025510654649773,0,0.23
A05992,Blue Ridge Integrated Health Health System,Missouri,2021,0,0.0759975272215185,0,0.23
A05999,Riverbend Physician Network Alliance,Massachusetts,2021,0,0.1411453645545591,0,0.23
A06004,Horizon Physician Network Collaborative,Texas,2021,0,0.11504653598774149,0,0.23
A06006,Blue Ridge Provider Alliance Physician Alliance,Indiana,2021,1,0.3798233552579074,1,0.23
A06010,Pinnacle Provider Alliance Physician Alliance,Maryland,2021,1,0.4945659305502712,1,0.23
A06025,Community Health Network Network,Indiana,2021,0,0.26096181892087533,1,0.23
A06028,Highland Health Alliance Physician Alliance,Virginia,2021,0,0.10840296986170488,0,0.23
A06031,Maplewood Care Alliance Care Network,Virginia,2021,0,0.05683872961150729,0,0.23
A06032,Beacon Medical Physician Alliance,Massachusetts,2021,0,0.10744912100931109,0,0.23
A06035,Metro Health Collaborative Medical Center,Texas,2021,0,0.1360867519426122,0,0.23
A06037,Northstar Health Partners Association,Maryland,2021,0,0.09282751585957211,0,0.23
A06038,Grandview Provider Alliance Alliance,New Jersey,2021,0,0.068278900483876,0,0.23
A06043,Eastgate Wellness Physician Alliance,New York,2021,1,0.08134879354573987,0,0.23
A06046,Unity Wellness Network,Arizona,2021,0,0.11401157656624246,0,0.23
A06051,Cedar Wellness Network,Arizona,2021,0,0.07813493259662702,0,0.23
A06053,Summit Care Network Collaborative,Wisconsin,2021,0,0.12062732122055361,0,0.23
A06055,Westfield Health Network Health System,Florida,2021,1,0.09625857145445067,0,0.23
A06062,Pinnacle Care Partners Physician Alliance,Minnesota,2021,0,0.024202092025096218,0,0.23
A06065,Maplewood Physicians Partners,Virginia,2021,0,0.23654368657456876,1,0.23
A06066,Springfield Health Collaborative Alliance,Florida,2021,1,0.19711479216340802,0,0.23
A06074,Riverside Care Network Care Network,Wisconsin,2021,0,0.10546565489872287,0,0.23
A06084,Community Clinical Partners Association,Tennessee,2021,0,0.07990196613010694,0,0.23
A06096,Metro Physician Network Care Network,Arizona,2021,0,0.16380559644000414,0,0.23
A06098,Crestview Clinical Partners Physician Alliance,Virginia,2021,1,0.5531919800802756,1,0.23
A06118,Grandview Medical Association,Minnesota,2021,0,0.09230373407183247,0,0.23
A06128,Pinnacle Physician Network Care Network,Tennessee,2021,0,0.07050105314106951,0,0.23
A06131,Lakeside Physician Network Physician Alliance,Michigan,2021,0,0.05256306394762584,0,0.23
A06135,Metro Clinical Partners Group,Illinois,2021,0,0.20113897859964816,0,0.23
A06138,Blue Ridge Health Partners Group,New York,2021,0,0.16527375006500583,0,0.23
A06143,Fairview Health Collaborative Collaborative,California,2021,0,0.2394521550678535,1,0.23
A06148,Meadow Clinical Partners Alliance,New Jersey,2021,0,0.12260349681462407,0,0.23
A06151,Evergreen Clinical Partners Association,Washington,2021,0,0.1347765761312429,0,0.23
A06153,Riverbend Physician Network Collaborative,New Jersey,2021,0,0.0734841150819527,0,0.23
A06156,Canyon Health Collaborative,Alabama,2021,0,0.061005061296009314,0,0.23
A06159,WellSpring Physicians Physician Alliance,Tennessee,2021,0,0.08553464798408238,0,0.23
A06170,Parkview Integrated Health Partners,North Carolina,2021,0,0.14927016601064888,0,0.23
A06172,Westfield Health Collaborative Physician Alliance,New Jersey,2021,0,0.3436109209056301,1,0.23
A06179,Blue Ridge Care Partners Partners,Minnesota,2021,1,0.050385952504901146,0,0.23
A06181,Maplewood Medical Group Group,New Jersey,2021,0,0.14572902378221758,0,0.23
A06182,Beacon Care Alliance Medical Center,New York,2021,0,0.05513578152587785,0,0.23
A06183,Parkview Care Alliance,Oregon,2021,0,0.37148884020121736,1,0.23
A06186,Clearview Provider Alliance Partners,Tennessee,2021,0,0.06314570612049594,0,0.23
A06199,Unity Physicians Association,Arizona,2021,0,0.06640100304098956,0,0.23
A06202,Blue Ridge Medical Group Association,Arizona,2021,0,0.05499684209375151,0,0.23
A06222,Brookside Care Alliance Partners,Michigan,2021,0,0.11038523549677969,0,0.23
A06223,Lakeside Medical Partners Partners,Illinois,2021,0,0.12479179635618638,0,0.23
A06226,Community Medical Collaborative,Colorado,2021,0,0.033010005433274724,0,0.23
A06229,Unity Community Care Medical Center,Illinois,2021,0,0.095590882675332,0,0.23
A06232,Lakeside Community Care Network,Georgia,2021,0,0.13300307670783268,0,0.23
A06237,Horizon Health Partners Network,California,2021,0,0.15987609812257875,0,0.23
A06239,Evergreen Physicians Network,Michigan,2021,0,0.09005513780353842,0,0.23
A06241,Crestview Health Network Collaborative,New Jersey,2021,0,0.13028250456180035,0,0.23
A06246,Parkview Medical Group Care Network,New Jersey,2021,0,0.37996444084780806,1,0.23
A06249,Riverbend Physicians Network,California,2021,0,0.12175667837321187,0,0.23
A06250,Blue Ridge Health Association,Illinois,2021,0,0.07831745358714942,0,0.23
A06255,Springfield Care Association,Texas,2021,0,0.18222187187157948,0,0.23
A06258,Beacon Health Alliance Association,Ohio,2021,0,0.19179761497745457,0,0.23
A06263,Heartland Clinical Partners Care Network,Michigan,2021,0,0.04146126057611407,0,0.23
A06270,Canyon Clinical Partners Physician Alliance,Massachusetts,2021,1,0.09051520302292168,0,0.23
A06271,Metro Care Partners Group,Oregon,2021,1,0.1788409835635468,0,0.23
A06276,Silverstone Community Care Care Network,Texas,2021,0,0.16785547503660134,0,0.23
A06282,WellSpring Medical Partners Care Network,Tennessee,2021,0,0.05750129096918077,0,0.23
A06284,Brookside Health Network Association,Missouri,2021,1,0.2956834273252915,1,0.23
A06285,Clearview Health Care Network,Florida,2021,0,0.04608162207634569,0,0.23
A06286,Fairview Medical Collaborative,Washington,2021,0,0.06635695457332663,0,0.23
A06291,Pinnacle Physicians Network,Illinois,2021,0,0.0986591577572606,0,0.23
A06292,Silverstone Health Partners Physician Alliance,Connecticut,2021,0,0.1322905844119603,0,0.23
A06312,Northstar Medical Partners Collaborative,Ohio,2021,0,0.22010852810910403,0,0.23
A06316,Canyon Health Alliance Alliance,Missouri,2021,0,0.038976327840925286,0,0.23
A06320,Gateway Medical Partners Group,New York,2021,0,0.17693962906517655,0,0.23
A06322,Westfield Health Partners Medical Center,Colorado,2021,0,0.1727820381536774,0,0.23
A06325,Lakeside Wellness Network,Indiana,2021,0,0.07076503724674708,0,0.23
A06327,Beacon Physicians Association,Colorado,2021,0,0.07221022945834145,0,0.23
A06338,Grandview Medical Group Network,Tennessee,2021,0,0.4143039562048292,1,0.23
A06345,Riverside Physicians Alliance,Michigan,2021,0,0.02516643707247314,0,0.23
A06346,Mountain View Physicians Physician Alliance,New Jersey,2021,0,0.20661692715622643,0,0.23
A06347,Valley Provider Alliance Care Network,Michigan,2021,0,0.1804978242179063,0,0.23
A06349,Green Valley Physicians Alliance,Massachusetts,2021,1,0.17424125138348948,0,0.23
A06365,Grandview Physicians Group,Michigan,2021,0,0.1635447742715974,0,0.23
A06368,Golden Valley Provider Alliance Partners,Pennsylvania,2021,0,0.08304188646706914,0,0.23
A06369,Meadow Care Alliance Care Network,Ohio,2021,1,0.24269962652382668,1,0.23
A06372,Grandview Health Alliance Association,Virginia,2021,0,0.2564408290644418,1,0.23
A06376,Metro Health Partners Association,Connecticut,2021,1,0.3669735339398175,1,0.23
A06380,Cedar Health Partners Network,California,2021,0,0.05906532153380171,0,0.23
A06394,Meadow Care Network,Ohio,2021,1,0.44136366812211575,1,0.23
A06409,Community Health Partners Collaborative,Wisconsin,2021,0,0.16146082479718654,0,0.23
A06416,Northstar Care Medical Center,Massachusetts,2021,0,0.1461238495151425,0,0.23
A06419,Riverside Integrated Health Partners,Minnesota,2021,0,0.13889852702093353,0,0.23
A06420,Maplewood Wellness Collaborative,Ohio,2021,0,0.04070370954145853,0,0.23
A06423,Redwood Health Network Collaborative,Oregon,2021,0,0.06176847107374603,0,0.23
A06424,Oakridge Health Partners Alliance,Connecticut,2021,0,0.1326804566192362,0,0.23
A06425,Brookside Care Alliance Group,Indiana,2021,0,0.10779422319454264,0,0.23
A06427,Pinnacle Health Partners Alliance,Ohio,2021,0,0.3085570500839413,1,0.23
A06428,Redwood Provider Alliance Care Network,Ohio,2021,0,0.08740589825165092,0,0.23
A06429,Maplewood Health Partners Health System,Missouri,2021,0,0.06296116050972515,0,0.23
A06432,Beacon Healthcare Physician Alliance,Massachusetts,2021,0,0.09797495867254499,0,0.23
A06436,Horizon Community Care Medical Center,Massachusetts,2021,0,0.18116786393141143,0,0.23
A06444,Valley Clinical Partners Association,Alabama,2021,0,0.15899466544915364,0,0.23
A06446,Green Valley Care Collaborative,Tennessee,2021,0,0.03561280484474896,0,0.23
A06451,Gateway Healthcare Medical Center,Florida,2021,1,0.21696683171643405,0,0.23
A06453,Oakridge Care Network Alliance,Florida,2021,0,0.06834591097371949,0,0.23
A06459,Riverbend Provider Alliance Medical Center,Georgia,2021,0,0.11241046875032845,0,0.23
A06467,Horizon Healthcare Association,Tennessee,2021,0,0.05233725258665236,0,0.23
A06470,Summit Physician Network Alliance,Washington,2021,0,0.1970349517825392,0,0.23
A06473,Mountain View Community Care Care Network,Ohio,2021,0,0.012443316610696227,0,0.23
A06478,Heartland Health Alliance Medical Center,Connecticut,2021,0,0.04607637863911502,0,0.23
A06480,Unity Care Alliance Care Network,North Carolina,2021,0,0.19165108661352911,0,0.23
A06496,Parkview Physicians Collaborative,Michigan,2021,0,0.10647988245328072,0,0.23
A06498,Green Valley Care Alliance Association,California,2021,0,0.07052498264934828,0,0.23
A06501,Redwood Wellness Medical Center,Ohio,2021,0,0.06403564074310386,0,0.23
A06503,Maplewood Healthcare Group,Florida,2021,0,0.2797933955189448,1,0.23
A06512,Silverstone Care Network Care Network,Minnesota,2021,0,0.036471718921271656,0,0.23
A06516,Summit Medical Partners Association,Indiana,2021,0,0.08577539466346935,0,0.23
A06523,Fairview Wellness Collaborative,Maryland,2021,0,0.12940474918073952,0,0.23
A06527,Redwood Physicians Care Network,Minnesota,2021,0,0.18467095601899502,0,0.23
A06530,Crestview Health Physician Alliance,Georgia,2021,0,0.10021739943699917,0,0.23
A06540,Pioneer Health Alliance,Tennessee,2021,0,0.1041977199646098,0,0.23
A06541,Meadow Wellness Network,Colorado,2021,0,0.15284182986894745,0,0.23
A06545,Beacon Health Alliance Partners,North Carolina,2021,0,0.3420809672217078,1,0.23
A06548,Maplewood Wellness Physician Alliance,North Carolina,2021,0,0.07843917667300035,0,0.23
A06551,WellSpring Care Network Association,California,2021,1,0.22764495526289966,0,0.23
A06554,Horizon Medical Group Medical Center,California,2021,0,0.04017045112693463,0,0.23
A06558,Canyon Integrated Health Collaborative,New York,2021,0,0.061839284514465964,0,0.23
A06560,Silverstone Healthcare Health System,Connecticut,2021,0,0.03362976684644195,0,0.23
A06581,Heritage Care Alliance Association,Missouri,2021,0,0.11723151713785612,0,0.23
A06583,Beacon Medical Partners Health System,Minnesota,2021,0,0.13740261827413208,0,0.23
A06584,Fairview Care Alliance Care Network,Illinois,2021,0,0.15880384992590388,0,0.23
A06587,Grandview Clinical Partners Network,Texas,2021,0,0.21319965211190386,0,0.23
A06588,Meadow Community Care Partners,Colorado,2021,1,0.17927214201879377,0,0.23
A06589,Beacon Health Collaborative Partners,Indiana,2021,0,0.05913517297103463,0,0.23
A06592,Cedar Health Network Care Network,Colorado,2021,0,0.056812378245684705,0,0.23
A06597,Summit Medical Network,Florida,2021,0,0.054998008088563276,0,0.23
A06598,Heritage Provider Alliance Group,Missouri,2021,0,0.13155367532283244,0,0.23
A06599,Cedar Physicians Health System,Pennsylvania,2021,1,0.17174644596909341,0,0.23
A06600,Brookside Medical Medical Center,Florida,2021,0,0.11161623182528492,0,0.23
A06601,Pinnacle Provider Alliance Health System,Michigan,2021,0,0.11684342336978533,0,0.23
A06603,Clearview Health Alliance Care Network,Pennsylvania,2021,0,0.16199062086017052,0,0.23
A06610,Westfield Clinical Partners Care Network,Alabama,2021,0,0.08939678018877534,0,0.23
A06620,Grandview Integrated Health Medical Center,Virginia,2021,0,0.029851747424214974,0,0.23
A06624,Evergreen Health Network Partners,Wisconsin,2021,0,0.12949653651391832,0,0.23
A06625,Unity Integrated Health Partners,Arizona,2021,0,0.06075407324126802,0,0.23
A06632,Redwood Physicians Medical Center,Washington,2021,0,0.1755324372493191,0,0.23
A06634,Evergreen Healthcare Physician Alliance,Florida,2021,1,0.8435662558716466,1,0.23
A06636,Meadow Health Network Collaborative,New Jersey,2021,0,0.043401411823097064,0,0.23
A06646,Horizon Provider Alliance Collaborative,Minnesota,2021,0,0.0822640194433186,0,0.23
A06651,Eastgate Health Network Collaborative,New York,2021,0,0.13560832613265453,0,0.23
A06670,Golden Valley Integrated Health Physician Alliance,Pennsylvania,2021,0,0.16807308045239075,0,0.23
A06671,Eastgate Wellness Care Network,Illinois,2021,0,0.06518072990079593,0,0.23
A06672,Brookside Care Partners Medical Center,Illinois,2021,0,0.2273810357871564,0,0.23
A06674,Fairview Medical Medical Center,Missouri,2021,0,0.05829657142189069,0,0.23
A06675,Mountain View Medical Group Health System,Tennessee,2021,0,0.13613476930959534,0,0.23
A06684,Evergreen Care Network Alliance,Texas,2021,0,0.17755386271311166,0,0.23
A06685,Riverside Health Network Medical Center,Oregon,2021,0,0.18550462977264076,0,0.23
A06690,Metro Physician Network Association,Missouri,2021,0,0.042560691995414235,0,0.23
A06699,Summit Care Network Physician Alliance,Indiana,2021,0,0.07707595761550551,0,0.23
A06700,WellSpring Medical Partners Alliance,Pennsylvania,2021,0,0.08909798545441376,0,0.23
A06701,Evergreen Medical Alliance,Indiana,2021,0,0.030859098968172727,0,0.23
A06704,Summit Physicians Health System,Minnesota,2021,0,0.08166761075690848,0,0.23
A06707,Horizon Care Network Care Network,Michigan,2021,0,0.1232619367802899,0,0.23
A06708,Horizon Health Collaborative Association,Colorado,2021,0,0.10416715608439969,0,0.23
A06711,Redwood Care Network Partners,Oregon,2021,0,0.2864793929702438,1,0.23
A06717,Meadow Health Network Association,Colorado,2021,1,0.20634124655401614,0,0.23
A06727,Green Valley Integrated Health Partners,Pennsylvania,2021,1,0.09026739028540492,0,0.23
A06738,Cedar Health Partners Medical Center,Illinois,2021,0,0.23431240046488963,1,0.23
A06740,Fairview Care Partners Network,New York,2021,0,0.025387235700105624,0,0.23
A06741,Springfield Health Group,Connecticut,2021,0,0.027520952305834814,0,0.23
A06743,Green Valley Physician Network Physician Alliance,Arizona,2021,0,0.08345957790540867,0,0.23
A06746,Clearview Wellness Care Network,Illinois,2021,0,0.17094893063564395,0,0.23
A06754,Crestview Health Collaborative Collaborative,Ohio,2021,0,0.11542239994325275,0,0.23
A06755,Fairview Health Alliance Collaborative,California,2021,1,0.09316456147533762,0,0.23
A06771,Brookside Wellness Physician Alliance,Ohio,2021,0,0.06611756028891487,0,0.23
A06780,Silverstone Medical Association,Texas,2021,0,0.10080454775100092,0,0.23
A06786,Evergreen Medical Group Health System,Wisconsin,2021,0,0.12746335075944676,0,0.23
A06790,Heritage Health Collaborative Collaborative,Massachusetts,2021,0,0.11212691770239391,0,0.23
A06793,Fairview Wellness Medical Center,New York,2021,0,0.17082793321429968,0,0.23
A06795,Silverstone Health Collaborative Group,Missouri,2021,0,0.06236543435932149,0,0.23
A06801,Unity Medical Partners,Minnesota,2021,0,0.33567258566651115,1,0.23
A06802,Horizon Medical Care Network,Georgia,2021,0,0.14974635423153734,0,0.23
A06807,Brookside Health Physician Alliance,Alabama,2021,0,0.12457002631409425,0,0.23
A06814,Stonebridge Healthcare Group,Minnesota,2021,0,0.17819744608154817,0,0.23
A06816,Golden Valley Health Network Care Network,Pennsylvania,2021,0,0.2111644207878938,0,0.23
A06820,Maplewood Care Network Association,North Carolina,2021,0,0.08789872936517043,0,0.23
A06821,Grandview Health Partners,California,2021,0,0.17009934414597366,0,0.23
A06826,Evergreen Health Network Collaborative,Connecticut,2021,0,0.10559848895188553,0,0.23
A06827,Crestview Medical Physician Alliance,Virginia,2021,0,0.19598650556908143,0,0.23
A06834,Cedar Health Care Network,Illinois,2021,0,0.1366441343304266,0,0.23
A06836,Cedar Medical Partners Group,Missouri,2021,0,0.09780486680608441,0,0.23
A06842,Lakeside Care Alliance Physician Alliance,Pennsylvania,2021,0,0.1541511238866913,0,0.23
A06854,Cedar Physician Network Physician Alliance,Alabama,2021,0,0.10133060450764132,0,0.23
A06856,Westfield Medical Group Alliance,Tennessee,2021,0,0.045215894323132805,0,0.23
A06857,Crestview Community Care Physician Alliance,Alabama,2021,0,0.14649133697803912,0,0.23
A06868,Metro Healthcare Network,Missouri,2021,0,0.29187119210875667,1,0.23
A06879,Crestview Healthcare Physician Alliance,Washington,2021,0,0.05702116278339232,0,0.23
A06897,Community Health Alliance,Missouri,2021,0,0.07888036718159029,0,0.23
A06919,Heritage Community Care Medical Center,Colorado,2021,0,0.15470810372300045,0,0.23
A06927,Crestview Provider Alliance Health System,North Carolina,2021,0,0.12084510863410278,0,0.23
A06929,Pioneer Integrated Health Care Network,Georgia,2021,0,0.08648016180695674,0,0.23
A06934,Brookside Care Network Health System,California,2021,1,0.2294381550616389,0,0.23
A06939,Maplewood Healthcare Medical Center,Alabama,2021,0,0.10746943430958968,0,0.23
A06941,Parkview Medical Partners Association,Illinois,2021,0,0.06542963910748048,0,0.23
A06949,Mountain View Physicians Association,North Carolina,2021,0,0.13716550847005266,0,0.23
A06952,Lakeside Health Alliance Medical Center,Wisconsin,2021,0,0.09242059932478415,0,0.23
A06955,Green Valley Provider Alliance Alliance,Connecticut,2021,1,0.3714017348348271,1,0.23
A06966,Green Valley Healthcare Physician Alliance,Indiana,2021,1,0.17654517328763514,0,0.23
A06981,Beacon Care Partners,Michigan,2021,1,0.17634818645863365,0,0.23
A07000,Pioneer Medical Group Network,Tennessee,2021,0,0.18414161832306863,0,0.23
A07005,Cedar Integrated Health Medical Center,Maryland,2021,0,0.04203585367639163,0,0.23
A07009,Stonebridge Physicians Medical Center,Massachusetts,2021,0,0.17628558724748672,0,0.23
A07021,Highland Physician Network Collaborative,Maryland,2021,0,0.052142348861459326,0,0.23
A07026,Clearview Wellness Alliance,Indiana,2021,0,0.04588116801027411,0,0.23
A07041,Fairview Physicians Group,Georgia,2021,0,0.05140883417291587,0,0.23
A07053,Summit Care Alliance Group,Michigan,2021,0,0.14602593119804566,0,0.23
A07055,Valley Provider Alliance Alliance,Michigan,2021,0,0.20274878292053244,0,0.23
A07061,Oakridge Health Network Partners,Washington,2021,0,0.05931190414636481,0,0.23
A07064,Stonebridge Health Collaborative Care Network,New York,2021,0,0.11574490521959664,0,0.23
A07066,Silverstone Care Alliance Network,Connecticut,2021,0,0.20121013877953067,0,0.23
A07075,Silverstone Medical Group Group,Massachusetts,2021,0,0.08524423561786501,0,0.23
A07077,Northstar Clinical Partners Medical Center,California,2021,0,0.06864950541435962,0,0.23
A07078,Horizon Medical Partners Network,Wisconsin,2021,0,0.05746285112201213,0,0.23
A07079,Oakridge Health Alliance Network,Washington,2021,0,0.12855395167349828,0,0.23
A07080,Gateway Health Collaborative Medical Center,Ohio,2021,0,0.09193683810380346,0,0.23
A07086,Unity Health Alliance Medical Center,Connecticut,2021,0,0.12172492450119307,0,0.23
A07090,Clearview Care Alliance Group,Wisconsin,2021,0,0.11709741248633464,0,0.23
A07091,Horizon Health Network Partners,Alabama,2021,0,0.06716855386918798,0,0.23
A07094,Stonebridge Medical Medical Center,Ohio,2021,1,0.19811768725112183,0,0.23
A07095,Riverbend Healthcare Group,Arizona,2021,1,0.23875189767650465,1,0.23
A07101,Silverstone Physician Network Collaborative,Michigan,2021,0,0.17320034370193807,0,0.23
A07104,Beacon Medical Group Care Network,Michigan,2021,0,0.08022073659495423,0,0.23
A07106,Heartland Integrated Health Medical Center,Indiana,2021,0,0.4946781937344329,1,0.23
A07107,Cedar Clinical Partners Collaborative,California,2021,0,0.1964786712835881,0,0.23
A07109,Heartland Medical Group Partners,Connecticut,2021,1,0.19516345052306178,0,0.23
A07116,Heritage Wellness Association,California,2021,0,0.1682971996919926,0,0.23
A07133,Blue Ridge Physicians Medical Center,New Jersey,2021,0,0.04039662215647647,0,0.23
A07134,Oakridge Clinical Partners Collaborative,Minnesota,2021,0,0.026366989209011277,0,0.23
A07138,Silverstone Healthcare Alliance,Florida,2021,0,0.14007390921487925,0,0.23
A07139,Redwood Care Medical Center,Maryland,2021,0,0.13886822185947229,0,0.23
A07149,Beacon Health Partners Health System,Virginia,2021,0,0.08080018160169879,0,0.23
A07150,Maplewood Physicians Collaborative,New York,2021,0,0.11134041140338463,0,0.23
A07152,Brookside Health Alliance Network,Alabama,2021,0,0.1696461680656194,0,0.23
A07160,Beacon Health Health System,Washington,2021,0,0.0737384316696499,0,0.23
A07161,Pioneer Clinical Partners Care Network,Massachusetts,2021,0,0.06207130790475754,0,0.23
A07166,Riverbend Health Collaborative Collaborative,Michigan,2021,0,0.10706780314954224,0,0.23
A07169,Unity Integrated Health Network,Florida,2021,0,0.1093672790805373,0,0.23
A07178,Mountain View Care Network Network,Michigan,2021,0,0.10680346105592355,0,0.23
A07179,Fairview Medical Partners Medical Center,Virginia,2021,0,0.1234974394314425,0,0.23
A07181,Riverside Medical Partners Association,Connecticut,2021,0,0.12051675747785053,0,0.23
A07182,Lakeside Physicians Collaborative,North Carolina,2021,1,0.4880546182975187,1,0.23
A07184,Lakeside Health Collaborative Alliance,Texas,2021,0,0.10598216901321553,0,0.23
A07187,Unity Healthcare Medical Center,New Jersey,2021,0,0.04688179801598578,0,0.23
A07195,Silverstone Care Partners Partners,Minnesota,2021,0,0.12801327245845298,0,0.23
A07214,Metro Physician Network Health System,Wisconsin,2021,0,0.21006401027042243,0,0.23
A07227,Eastgate Wellness Alliance,Alabama,2021,1,0.2470204683283946,1,0.23
A07229,Blue Ridge Integrated Health Care Network,Massachusetts,2021,0,0.2747574393242843,1,0.23
A07230,WellSpring Care Network Care Network,Florida,2021,0,0.03143716392677535,0,0.23
A07241,Brookside Wellness Health System,Pennsylvania,2021,0,0.1054426461371982,0,0.23
A07244,Springfield Clinical Partners Network,Illinois,2021,1,0.27501557230021134,1,0.23
A07249,Cedar Care Alliance Collaborative,Tennessee,2021,0,0.11282903271091631,0,0.23
A07250,Heartland Wellness Association,Texas,2021,0,0.09506730740358836,0,0.23
A07254,Beacon Medical Group,Washington,2021,0,0.035819542551096185,0,0.23
A07255,Meadow Care Alliance Partners,North Carolina,2021,0,0.02172862251344384,0,0.23
A07256,Evergreen Healthcare Health System,Virginia,2021,0,0.02930000379302741,0,0.23
A07266,Maplewood Care Network Medical Center,Indiana,2021,0,0.11571191002175248,0,0.23
A07269,Northstar Medical Medical Center,California,2021,1,0.25675972109486467,1,0.23
A07275,Mountain View Care Network Association,Texas,2021,0,0.14335449981480708,0,0.23
A07277,Highland Community Care Group,Virginia,2021,1,0.1754785061555425,0,0.23
A07290,Golden Valley Provider Alliance Medical Center,Washington,2021,0,0.0557174512835554,0,0.23
A07293,Green Valley Care Association,Florida,2021,1,0.1738917252340775,0,0.23
A07305,Riverside Clinical Partners Network,California,2021,0,0.2052801816995973,0,0.23
A07306,Maplewood Health Collaborative Group,Wisconsin,2021,0,0.05722306963635064,0,0.23
A07313,Maplewood Community Care Collaborative,Colorado,2021,0,0.17049015294774603,0,0.23
A07314,Blue Ridge Physician Network Medical Center,Missouri,2021,0,0.10441531565882389,0,0.23
A07315,Heritage Integrated Health Association,North Carolina,2021,0,0.09406076060630893,0,0.23
A07317,Maplewood Physicians Health System,Colorado,2021,0,0.06950620008994844,0,0.23
A07322,Riverbend Care Partners Health System,North Carolina,2021,0,0.14548420850813737,0,0.23
A07326,Pinnacle Health Alliance Medical Center,Washington,2021,1,0.18991118695598355,0,0.23
A07328,Valley Healthcare Physician Alliance,Massachusetts,2021,0,0.08301657524121672,0,0.23
A07330,Metro Health Partners Network,Connecticut,2021,1,0.16427319356693806,0,0.23
A07331,Evergreen Health Alliance Health System,Alabama,2021,0,0.18752554294242288,0,0.23
A07332,Northstar Care Partners,Texas,2021,0,0.03154610601046735,0,0.23
A07335,Beacon Provider Alliance Physician Alliance,Virginia,2021,0,0.27839441014336525,1,0.23
A07342,Valley Health Partners Collaborative,Maryland,2021,0,0.15430988540752832,0,0.23
A07351,Northstar Medical Group Medical Center,Missouri,2021,0,0.11124820935557075,0,0.23
A07352,Metro Health Collaborative,California,2021,0,0.04387847772912698,0,0.23
A07353,Mountain View Physician Network Care Network,Pennsylvania,2021,0,0.13676085182456973,0,0.23
A07369,Evergreen Health Collaborative Collaborative,Washington,2021,0,0.03564610598703732,0,0.23
A07371,Heartland Medical Partners Health System,Indiana,2021,0,0.008369816825476733,0,0.23
A07381,Fairview Clinical Partners Medical Center,Michigan,2021,0,0.2015449578067727,0,0.23
A07386,Summit Medical Group Medical Center,Illinois,2021,0,0.10615030092007029,0,0.23
A07389,Redwood Medical Partners Collaborative,Ohio,2021,0,0.06210889421067397,0,0.23
A07392,Blue Ridge Health Collaborative Alliance,Illinois,2021,0,0.0396880531782757,0,0.23
A07395,Crestview Medical Care Network,Texas,2021,1,0.6416368265454193,1,0.23
A07405,Metro Provider Alliance Collaborative,Michigan,2021,0,0.1013290855712201,0,0.23
A07417,Metro Physician Network Group,Florida,2021,0,0.06379226572660918,0,0.23
A07422,Community Care Alliance Physician Alliance,Minnesota,2021,1,0.6866904379166234,1,0.23
A07429,Golden Valley Physicians Collaborative,Minnesota,2021,1,0.305618120570891,1,0.23
A07430,Silverstone Physician Network Health System,Washington,2021,0,0.08934510144991459,0,0.23
A07431,Heritage Care Alliance Group,Texas,2021,1,0.25573107459952127,1,0.23
A07432,Evergreen Clinical Partners Health System,Illinois,2021,0,0.04386236725660773,0,0.23
A07437,Redwood Medical Group Physician Alliance,Oregon,2021,0,0.14319774833065094,0,0.23
A07441,Beacon Care Alliance Partners,New York,2021,0,0.10602239794481455,0,0.23
A07445,Clearview Medical Group Medical Center,Missouri,2021,0,0.17285506275132687,0,0.23
A07456,Redwood Medical Partners Partners,Arizona,2021,1,0.428972730651898,1,0.23
A07464,Silverstone Physicians Alliance,New York,2021,1,0.6012720284443795,1,0.23
A07467,Blue Ridge Physicians Collaborative,Texas,2021,0,0.1299516966159505,0,0.23
A07469,Grandview Care Collaborative,Texas,2021,0,0.08194580923940807,0,0.23
A07475,Stonebridge Care Partners Physician Alliance,New York,2021,0,0.0804281711232208,0,0.23
A07479,Cedar Clinical Partners Association,Ohio,2021,0,0.04330178944089143,0,0.23
A07488,Golden Valley Care Partners Health System,Pennsylvania,2021,0,0.2561683376235846,1,0.23
A07495,Fairview Health Network Collaborative,Missouri,2021,0,0.08835880707084023,0,0.23
A07497,Redwood Care Alliance,Texas,2021,0,0.10656444826262206,0,0.23
A00002,Brookside Care Network Network,Massachusetts,2022,0,0.18041963499182243,0,0.23
A00015,Parkview Health Network Physician Alliance,Indiana,2022,1,0.3026031534935175,1,0.23
A00028,Unity Medical Partners Health System,Alabama,2022,0,0.11637346736587541,0,0.23
A00041,Westfield Health Network Care Network,Tennessee,2022,0,0.09396979295195412,0,0.23
A00043,Crestview Medical Network,Missouri,2022,0,0.07518984714124367,0,0.23
A00051,Parkview Care Group,Colorado,2022,0,0.09329205937219585,0,0.23
A00071,Fairview Health Alliance Care Network,Tennessee,2022,1,0.2199359398369541,0,0.23
A00077,Lakeside Medical Group Physician Alliance,Georgia,2022,0,0.19918658232941283,0,0.23
A00078,Heartland Clinical Partners Medical Center,Colorado,2022,0,0.08335770475089223,0,0.23
A00082,Heartland Care Alliance Care Network,Wisconsin,2022,1,0.28674933512881856,1,0.23
A00084,Meadow Medical Physician Alliance,Tennessee,2022,0,0.05010716368838627,0,0.23
A00094,Metro Care Care Network,Massachusetts,2022,0,0.013892434759134159,0,0.23
A00097,Brookside Medical Association,Michigan,2022,0,0.14447614526278393,0,0.23
A00098,Stonebridge Care Collaborative,Arizona,2022,0,0.18632607460755776,0,0.23
A00099,Canyon Integrated Health Physician Alliance,Minnesota,2022,0,0.133306396521106,0,0.23
A00125,Clearview Physician Network Care Network,Indiana,2022,0,0.24350875819173617,1,0.23
A00130,Cedar Community Care Group,Missouri,2022,0,0.12183471720155703,0,0.23
A00132,WellSpring Health Network Medical Center,Minnesota,2022,0,0.14071550399038407,0,0.23
A00135,Highland Medical Physician Alliance,Illinois,2022,1,0.07054648380082944,0,0.23
A00146,Pinnacle Care Alliance Medical Center,Minnesota,2022,0,0.08277180490326785,0,0.23
A00162,Mountain View Care Network Care Network,Arizona,2022,0,0.09522621135282129,0,0.23
A00164,Maplewood Provider Alliance Group,Alabama,2022,0,0.14118642955171,0,0.23
A00169,Maplewood Health Partners Network,Massachusetts,2022,0,0.21455455998761896,0,0.23
A00175,Canyon Healthcare Medical Center,Wisconsin,2022,0,0.049790344425543635,0,0.23
A00178,Metro Wellness Medical Center,Texas,2022,0,0.1663096973415329,0,0.23
A00199,Grandview Medical Partners Collaborative,Oregon,2022,0,0.035819450635538666,0,0.23
A00203,Oakridge Wellness Partners,Alabama,2022,0,0.046399844329565516,0,0.23
A00223,Golden Valley Clinical Partners Association,Wisconsin,2022,1,0.15693136211383896,0,0.23
A00225,Summit Community Care Group,Massachusetts,2022,0,0.012297820473333512,0,0.23
A00228,Highland Care Alliance Physician Alliance,Indiana,2022,0,0.029042925555907782,0,0.23
A00229,Heartland Health Alliance,Alabama,2022,0,0.134548483424702,0,0.23
A00230,Blue Ridge Care Partners Association,Massachusetts,2022,0,0.3618481746127856,1,0.23
A00231,Parkview Provider Alliance Medical Center,Minnesota,2022,0,0.1232149246146578,0,0.23
A00232,Silverstone Care Partners Health System,California,2022,0,0.0853894797927434,0,0.23
A00236,Pinnacle Medical Association,Connecticut,2022,1,0.02986482963802582,0,0.23
A00240,Fairview Medical Association,Arizona,2022,0,0.2903113776075539,1,0.23
A00245,Riverside Physician Network Association,North Carolina,2022,0,0.1970734990485452,0,0.23
A00247,Riverbend Health Alliance Group,Arizona,2022,0,0.09348838473265188,0,0.23
A00251,Heartland Community Care Physician Alliance,Wisconsin,2022,0,0.2144819007454689,0,0.23
A00255,Pioneer Physician Network Collaborative,Washington,2022,0,0.02645994757637246,0,0.23
A00257,Northstar Integrated Health Group,Alabama,2022,0,0.08226015752594097,0,0.23
A00264,Pinnacle Health Alliance Association,Minnesota,2022,0,0.041343348636486026,0,0.23
A00267,Grandview Care Alliance Health System,Illinois,2022,0,0.14747069932646462,0,0.23
A00277,Silverstone Health Alliance Health System,Michigan,2022,0,0.06553878401574352,0,0.23
A00278,Horizon Health Medical Center,Michigan,2022,1,0.1268249484770498,0,0.23
A00280,Gateway Health Collaborative Health System,California,2022,0,0.03928724262462404,0,0.23
A00281,Oakridge Care Network Association,Florida,2022,0,0.10686828056465586,0,0.23
A00298,Heartland Medical Group Alliance,California,2022,1,0.08533513021306036,0,0.23
A00305,Riverside Health Alliance Collaborative,New York,2022,0,0.040790726996757086,0,0.23
A00310,Redwood Health Collaborative Association,Oregon,2022,0,0.03808269968806496,0,0.23
A00313,Valley Physician Network Physician Alliance,New Jersey,2022,0,0.033010005433274724,0,0.23
A00325,Fairview Wellness Alliance,Pennsylvania,2022,1,0.10217128319757812,0,0.23
A00328,WellSpring Care Medical Center,New York,2022,0,0.03541387740428127,0,0.23
A00330,Fairview Wellness Physician Alliance,Indiana,2022,0,0.09223826247680528,0,0.23
A00333,Highland Care Medical Center,Georgia,2022,0,0.08558855314491927,0,0.23
A00348,Canyon Physician Network Partners,Texas,2022,0,0.1499905951310985,0,0.23
A00349,Unity Care Medical Center,Texas,2022,0,0.048097913040525284,0,0.23
A00350,Clearview Health Network,Alabama,2022,0,0.11327246426133375,0,0.23
A00353,Brookside Care Network Physician Alliance,Ohio,2022,0,0.16191051179049396,0,0.23
A00367,Green Valley Wellness Association,Wisconsin,2022,0,0.14225339106759927,0,0.23
A00373,Pioneer Integrated Health Medical Center,Alabama,2022,0,0.326707482285155,1,0.23
A00378,Clearview Health Collaborative Collaborative,Ohio,2022,0,0.07927714541738423,0,0.23
A00379,Grandview Provider Alliance Physician Alliance,Washington,2022,0,0.0845537627716565,0,0.23
A00384,Riverbend Care Physician Alliance,Connecticut,2022,0,0.10891321522955634,0,0.23
A00390,Green Valley Care Partners,Florida,2022,0,0.09058721036862877,0,0.23
A00392,Green Valley Medical Network,Massachusetts,2022,0,0.15371302315574598,0,0.23
A00393,Pioneer Provider Alliance Physician Alliance,California,2022,0,0.5160142589290121,1,0.23
A00398,Meadow Provider Alliance Group,Texas,2022,0,0.10634819203974408,0,0.23
A00402,Golden Valley Care Network Care Network,Ohio,2022,1,0.31962506153943976,1,0.23
A00404,Summit Medical Group Network,Virginia,2022,1,0.1887145322854511,0,0.23
A00413,Redwood Health Collaborative Health System,Illinois,2022,1,0.11883528254052463,0,0.23
A00418,Redwood Healthcare Network,Illinois,2022,0,0.17538900638763988,0,0.23
A00422,WellSpring Integrated Health Network,Alabama,2022,0,0.09790372240450017,0,0.23
A00432,Heritage Community Care Alliance,Michigan,2022,0,0.2550869904019603,1,0.23
A00447,Westfield Medical Group,Georgia,2022,0,0.025497552188149707,0,0.23
A00453,Highland Integrated Health Health System,Connecticut,2022,0,0.08413027929052143,0,0.23
A00454,Cedar Medical Collaborative,Colorado,2022,0,0.042004301292391674,0,0.23
A00456,Evergreen Health Partners Physician Alliance,Indiana,2022,0,0.06528813286272267,0,0.23
A00459,Heartland Medical Group Medical Center,Virginia,2022,0,0.03987561841131333,0,0.23
A00463,Parkview Community Care Physician Alliance,Minnesota,2022,0,0.2256734726287794,0,0.23
A00477,Grandview Physician Network Alliance,Alabama,2022,0,0.0758863029504881,0,0.23
A00489,Pioneer Provider Alliance Network,California,2022,1,0.16062086794629407,0,0.23
A00490,Westfield Medical Health System,Colorado,2022,0,0.20811791652041278,0,0.23
A00491,Heartland Medical Group Network,Maryland,2022,0,0.20265483937578282,0,0.23
A00496,Parkview Clinical Partners Network,Colorado,2022,0,0.14973883656467138,0,0.23
A00521,Pioneer Care Partners Medical Center,Georgia,2022,0,0.05943914241733314,0,0.23
A00523,Stonebridge Clinical Partners Group,Massachusetts,2022,1,0.10864670538761462,0,0.23
A00525,Heritage Care Partners Group,Missouri,2022,0,0.10993932080972335,0,0.23
A00528,Grandview Healthcare Association,Indiana,2022,0,0.04944720666886226,0,0.23
A00538,Eastgate Physician Network Association,Ohio,2022,0,0.02457378881545796,0,0.23
A00542,Fairview Care Partners Group,Tennessee,2022,0,0.11285548103875753,0,0.23
A00543,Redwood Medical Alliance,Washington,2022,0,0.04944720666886226,0,0.23
A00548,Summit Medical Group Association,Missouri,2022,0,0.06953856014753684,0,0.23
A00555,Beacon Medical Partners Collaborative,Tennessee,2022,0,0.11080282682199381,0,0.23
A00567,Riverside Care Network Collaborative,Alabama,2022,0,0.1827020039169458,0,0.23
A00571,Stonebridge Clinical Partners Health System,Alabama,2022,0,0.19003619171100983,0,0.23
A00574,Heritage Clinical Partners Group,Florida,2022,0,0.0692442553853475,0,0.23
A00575,Gateway Clinical Partners Network,Massachusetts,2022,0,0.11593357241309064,0,0.23
A00584,Evergreen Healthcare Partners,Indiana,2022,0,0.08097999205159072,0,0.23
A00590,Brookside Integrated Health Collaborative,Michigan,2022,1,0.540117508788327,1,0.23
A00600,Cedar Physician Network Care Network,Massachusetts,2022,1,0.5480536177330947,1,0.23
A00602,Community Community Care Network,Pennsylvania,2022,0,0.17423091060614815,0,0.23
A00603,Pinnacle Health Alliance Collaborative,Texas,2022,0,0.11203098721269819,0,0.23
A00625,Eastgate Care Partners Network,Minnesota,2022,0,0.03675112501486633,0,0.23
A00628,Golden Valley Health Alliance Collaborative,Massachusetts,2022,0,0.2216085900226329,0,0.23
A00634,Beacon Care Alliance Collaborative,Washington,2022,0,0.06347880308282523,0,0.23
A00647,Pinnacle Physicians Partners,Massachusetts,2022,0,0.03814817483640567,0,0.23
A00649,Evergreen Health Alliance Care Network,Illinois,2022,0,0.05251492032554021,0,0.23
A00651,Eastgate Care Network Care Network,Illinois,2022,0,0.15155932069480652,0,0.23
A00660,Canyon Health Partners Partners,Pennsylvania,2022,1,0.4728068940683316,1,0.23
A00662,Golden Valley Health Collaborative Care Network,Oregon,2022,0,0.08528680334779888,0,0.23
A00665,Eastgate Health Partners Physician Alliance,Alabama,2022,0,0.10619063365275601,0,0.23
A00666,Pioneer Integrated Health Collaborative,Florida,2022,1,0.08211779156485592,0,0.23
A00670,Cedar Health Collaborative Collaborative,Colorado,2022,0,0.5856789112358791,1,0.23
A00679,Oakridge Health Alliance,Colorado,2022,0,0.15089527461879737,0,0.23
A00681,Grandview Care Alliance Medical Center,Tennessee,2022,0,0.015505485856682379,0,0.23
A00684,Highland Physician Network Medical Center,Maryland,2022,0,0.033860208459355154,0,0.23
A00686,Mountain View Health Network Network,Pennsylvania,2022,0,0.05543315728002709,0,0.23
A00700,Crestview Care Network Care Network,New York,2022,0,0.07487363691751599,0,0.23
A00711,Pioneer Provider Alliance Alliance,Georgia,2022,1,0.44117837179748043,1,0.23
A00720,Crestview Health Network Alliance,Pennsylvania,2022,0,0.17791718596242123,0,0.23
A00721,Highland Health Alliance Health System,Florida,2022,0,0.15414485140182188,0,0.23
A00722,Brookside Health Alliance Group,Georgia,2022,1,0.34812363442603483,1,0.23
A00724,Highland Healthcare Medical Center,Ohio,2022,0,0.04504298238760515,0,0.23
A00734,Brookside Care Network,Washington,2022,0,0.15741901217444906,0,0.23
A00739,Horizon Healthcare Care Network,Georgia,2022,0,0.20245516267902502,0,0.23
A00740,Redwood Care Health System,Connecticut,2022,0,0.019644610017181884,0,0.23
A00743,Oakridge Healthcare Care Network,Florida,2022,0,0.07461673787335854,0,0.23
A00750,Riverbend Clinical Partners Medical Center,Florida,2022,0,0.2993417149805248,1,0.23
A00751,Fairview Clinical Partners Alliance,Alabama,2022,0,0.20298347844759593,0,0.23
A00755,Heartland Health Partners Association,Tennessee,2022,0,0.03609470565222564,0,0.23
A00759,Crestview Medical Group,Texas,2022,0,0.0843301497261858,0,0.23
A00769,Cedar Integrated Health Association,Minnesota,2022,0,0.07565618609979363,0,0.23
A00778,Redwood Care Alliance Physician Alliance,Maryland,2022,0,0.25961682557921706,1,0.23
A00788,Cedar Provider Alliance Partners,Tennessee,2022,1,0.2504947711987593,1,0.23
A00794,WellSpring Clinical Partners Group,Minnesota,2022,0,0.08776881112266195,0,0.23
A00796,Cedar Wellness Medical Center,Tennessee,2022,0,0.12877763217042573,0,0.23
A00801,Beacon Medical Group Health System,Oregon,2022,0,0.11827654649301113,0,0.23
A00802,Brookside Care Alliance Alliance,Missouri,2022,0,0.2493306340203794,1,0.23
A00814,Pioneer Health Network Group,Alabama,2022,0,0.05451453232094699,0,0.23
A00816,Meadow Physicians Collaborative,New Jersey,2022,0,0.12817026689046684,0,0.23
A00829,Metro Health Collaborative Health System,Florida,2022,0,0.19305446790994132,0,0.23
A00834,WellSpring Health Partners,Connecticut,2022,0,0.10426265940297498,0,0.23
A00843,Mountain View Medical Alliance,Missouri,2022,0,0.06288043258875925,0,0.23
A00851,Blue Ridge Health Collaborative Group,Oregon,2022,0,0.1690595412375453,0,0.23
A00856,Cedar Healthcare Physician Alliance,New Jersey,2022,0,0.16839259181385952,0,0.23
A00858,Canyon Health Network Association,Florida,2022,0,0.0748249096178425,0,0.23
A00865,Northstar Health Health System,Indiana,2022,1,0.1925204273394914,0,0.23
A00871,Stonebridge Physician Network Partners,Tennessee,2022,0,0.03775244392380954,0,0.23
A00876,Gateway Medical Group,Virginia,2022,0,0.16886930609333117,0,0.23
A00877,Unity Health Medical Center,Maryland,2022,0,0.15521902679078306,0,0.23
A00878,Metro Care Network Group,Florida,2022,0,0.12667469319316718,0,0.23
A00885,Brookside Medical Partners,Massachusetts,2022,0,0.21432753617334327,0,0.23
A00888,Grandview Health Physician Alliance,Alabama,2022,0,0.1809665323723194,0,0.23
A00889,Clearview Medical Partners Network,Pennsylvania,2022,0,0.15293017945920082,0,0.23
A00893,Cedar Physician Network Association,Connecticut,2022,0,0.14111790685739775,0,0.23
A00894,Stonebridge Health Network Group,Virginia,2022,0,0.07848353126932092,0,0.23
A00898,Fairview Health Network Alliance,North Carolina,2022,0,0.1711035224981256,0,0.23
A00899,Gateway Integrated Health Group,New Jersey,2022,0,0.039570389820786915,0,0.23
A00909,Oakridge Health Collaborative Medical Center,Oregon,2022,0,0.07232893517939518,0,0.23
A00910,Valley Health Collaborative,Massachusetts,2022,0,0.1581189234839372,0,0.23
A00913,Brookside Medical Group Care Network,New Jersey,2022,0,0.042654167685336294,0,0.23
A00918,Horizon Care Partners Network,Minnesota,2022,0,0.03903611216872587,0,0.23
A00929,Stonebridge Medical Group Collaborative,Illinois,2022,0,0.15059536463729623,0,0.23
A00935,Green Valley Care Alliance Physician Alliance,Illinois,2022,0,0.04916401760013528,0,0.23
A00937,Maplewood Health Collaborative Medical Center,North Carolina,2022,0,0.06553985681591185,0,0.23
A00939,Eastgate Community Care Association,Alabama,2022,0,0.03055578994414668,0,0.23
A00952,Pinnacle Medical Group Physician Alliance,Alabama,2022,0,0.04809687739914534,0,0.23
A00955,Metro Community Care Partners,California,2022,0,0.08410880609456786,0,0.23
A00963,Valley Health Collaborative Association,New York,2022,1,0.06026222143086358,0,0.23
A00964,Northstar Health Medical Center,California,2022,0,0.13384290817254485,0,0.23
A00967,Redwood Care Partners Group,Pennsylvania,2022,0,0.1904249475334003,0,0.23
A00974,Westfield Care Alliance Alliance,North Carolina,2022,0,0.16288107430729754,0,0.23
A00975,Highland Health Partners,Indiana,2022,0,0.0856499112625328,0,0.23
A00976,Oakridge Health Network Medical Center,Virginia,2022,0,0.0670279320244079,0,0.23
A00983,Silverstone Integrated Health Network,Tennessee,2022,0,0.08041753071491377,0,0.23
A00995,Canyon Healthcare Health System,Massachusetts,2022,0,0.21995781759050853,0,0.23
A01000,Parkview Care Network Collaborative,Connecticut,2022,0,0.1643620358519848,0,0.23
A01007,Pinnacle Community Care Association,Ohio,2022,0,0.05620020460316435,0,0.23
A01023,Fairview Health Alliance Network,Virginia,2022,0,0.12880529567779267,0,0.23
A01025,Cedar Health Partners Care Network,Wisconsin,2022,0,0.31008057996640587,1,0.23
A01027,Heartland Health Alliance Care Network,Alabama,2022,1,0.1554453182284043,0,0.23
A01031,Canyon Physician Network Care Network,Illinois,2022,0,0.11266184636819754,0,0.23
A01032,Oakridge Care Alliance Network,North Carolina,2022,0,0.11571191002175248,0,0.23
A01034,Valley Health Network Alliance,Oregon,2022,0,0.062483436267079764,0,0.23
A01037,Crestview Health Partners Partners,Minnesota,2022,0,0.1151822344114575,0,0.23
A01041,Riverbend Care Association,Illinois,2022,0,0.08397770338864001,0,0.23
A01042,Oakridge Care Alliance Partners,Texas,2022,1,0.23827123062321562,1,0.23
A01045,Beacon Integrated Health Medical Center,Massachusetts,2022,1,0.3073336692226622,1,0.23
A01048,Beacon Clinical Partners Partners,Tennessee,2022,0,0.31495019729424506,1,0.23
A01050,Metro Provider Alliance Network,New York,2022,1,0.18835147630675383,0,0.23
A01054,Pioneer Health Alliance Collaborative,California,2022,0,0.13748963590446409,0,0.23
A01055,Riverside Medical Partners Network,Florida,2022,0,0.02376042382750563,0,0.23
A01058,Clearview Medical Group Association,Georgia,2022,0,0.0628433782255935,0,0.23
A01061,Pioneer Provider Alliance Group,New York,2022,0,0.09143295941889512,0,0.23
A01064,Green Valley Community Care Partners,Massachusetts,2022,0,0.13097649704995679,0,0.23
A01066,Riverside Community Care Medical Center,Colorado,2022,0,0.04475210963883594,0,0.23
A01068,Evergreen Medical Partners Care Network,Alabama,2022,0,0.051187873538099664,0,0.23
A01069,Lakeside Community Care Alliance,Missouri,2022,0,0.11288752297983871,0,0.23
A01083,WellSpring Care Partners Alliance,Texas,2022,0,0.22905196583843307,0,0.23
A01088,Canyon Care Network Network,Tennessee,2022,0,0.10723279176794398,0,0.23
A01091,Valley Medical Partners Health System,Indiana,2022,0,0.06899634561188633,0,0.23
A01093,Mountain View Medical Partners Network,Washington,2022,0,0.09244409303508443,0,0.23
A01094,Golden Valley Health Health System,North Carolina,2022,0,0.21097483474575307,0,0.23
A01096,Community Community Care Health System,Maryland,2022,0,0.14508681569091947,0,0.23
A01097,Canyon Integrated Health Health System,Alabama,2022,0,0.0356974146824533,0,0.23
A01099,Blue Ridge Health Health System,Texas,2022,0,0.284453165162653,1,0.23
A01101,Crestview Physician Network Physician Alliance,North Carolina,2022,1,0.49594353968519056,1,0.23
A01103,Fairview Care Partners Association,Florida,2022,0,0.11565421348952101,0,0.23
A01108,Unity Care Care Network,Missouri,2022,0,0.06602021290177916,0,0.23
A01117,Highland Care Network Health System,Connecticut,2022,0,0.15005466412196922,0,0.23
A01118,Brookside Community Care Partners,Illinois,2022,0,0.1153819890591929,0,0.23
A01129,Stonebridge Health Alliance Care Network,Tennessee,2022,0,0.19828524198939135,0,0.23
A01134,Golden Valley Care Network Health System,New Jersey,2022,0,0.1367675963093074,0,0.23
A01135,Lakeside Health Network Partners,Texas,2022,0,0.16183200865459876,0,0.23
A01138,Lakeside Health Collaborative Care Network,Georgia,2022,0,0.0802923068231804,0,0.23
A01141,Brookside Wellness Collaborative,New York,2022,0,0.04245288073542122,0,0.23
A01148,Parkview Health Partners Network,New York,2022,0,0.12718682819824836,0,0.23
A01166,Highland Health Collaborative,Colorado,2022,0,0.03811325926186507,0,0.23
A01175,Evergreen Health Alliance Association,Texas,2022,1,0.07270457980239495,0,0.23
A01180,Evergreen Provider Alliance Association,Texas,2022,0,0.04919911555908931,0,0.23
A01187,Stonebridge Care Network Partners,Maryland,2022,0,0.14181664111172154,0,0.23
A01200,Heartland Clinical Partners Physician Alliance,Georgia,2022,0,0.09535405251260914,0,0.23
A01202,Crestview Health Group,Arizona,2022,0,0.1897876481349923,0,0.23
A01205,Mountain View Provider Alliance Partners,Michigan,2022,0,0.09410749800308206,0,0.23
A01206,Clearview Care Partners Association,Oregon,2022,1,0.15881076499662952,0,0.23
A01209,Riverbend Healthcare Physician Alliance,Minnesota,2022,0,0.10967142996608423,0,0.23
A01211,Silverstone Physician Network Medical Center,California,2022,1,0.18599860160199705,0,0.23
A01217,Silverstone Healthcare Collaborative,Pennsylvania,2022,0,0.11795834915061101,0,0.23
A01226,WellSpring Health Association,Pennsylvania,2022,1,0.3541344867751136,1,0.23
A01229,Riverbend Medical Group Care Network,California,2022,1,0.3220584554746284,1,0.23
A01230,Metro Health Collaborative Alliance,Maryland,2022,0,0.07196398403615109,0,0.23
A01237,Grandview Clinical Partners Partners,Massachusetts,2022,0,0.07559361601485541,0,0.23
A01240,Canyon Health Partners,North Carolina,2022,0,0.18560450656560568,0,0.23
A01249,Oakridge Medical Group Medical Center,Texas,2022,0,0.022518536182193537,0,0.23
A01257,Westfield Medical Group Medical Center,Arizona,2022,0,0.08627700420060483,0,0.23
A01261,Valley Healthcare Network,Washington,2022,0,0.10808635520425913,0,0.23
A01269,Heartland Health Alliance Group,New York,2022,0,0.07941393250457446,0,0.23
A01280,Horizon Care Network Collaborative,Ohio,2022,0,0.2043997828138892,0,0.23
A01283,Stonebridge Integrated Health Care Network,Massachusetts,2022,0,0.10901946588043909,0,0.23
A01285,Golden Valley Health Network Collaborative,Indiana,2022,0,0.1786068568533154,0,0.23
A01287,Oakridge Clinical Partners Association,Missouri,2022,0,0.046483470222063,0,0.23
A01288,Canyon Provider Alliance Collaborative,California,2022,0,0.11882748244414097,0,0.23
A01299,Cedar Clinical Partners Alliance,Illinois,2022,0,0.050949877268841544,0,0.23
A01308,Community Medical Medical Center,Maryland,2022,1,0.14579404536290075,0,0.23
A01312,Unity Wellness Health System,Texas,2022,1,0.4587355902790003,1,0.23
A01317,Silverstone Medical Collaborative,Minnesota,2022,0,0.0868359376002298,0,0.23
A01318,Community Care Health System,Massachusetts,2022,0,0.06513673079260612,0,0.23
A01321,Beacon Community Care Collaborative,New Jersey,2022,1,0.10412917138817925,0,0.23
A01324,Evergreen Care Network Physician Alliance,New Jersey,2022,0,0.37408125309591705,1,0.23
A01326,Horizon Care Partners,Massachusetts,2022,0,0.1782926954103182,0,0.23
A01327,Eastgate Physicians Care Network,Pennsylvania,2022,0,0.08077407425487167,0,0.23
A01328,Lakeside Health Health System,Washington,2022,1,0.6501037899661877,1,0.23
A01335,Brookside Care Alliance Care Network,Colorado,2022,0,0.11898202706546535,0,0.23
A01347,Maplewood Medical Partners Care Network,California,2022,0,0.02784408942745799,0,0.23
A01352,Eastgate Wellness Health System,North Carolina,2022,0,0.16921847355495787,0,0.23
A01360,Blue Ridge Physician Network Care Network,Connecticut,2022,0,0.07357331029653641,0,0.23
A01362,Highland Healthcare Partners,Colorado,2022,0,0.059199163057795164,0,0.23
A01371,Heritage Care Partners,New Jersey,2022,1,0.14990710408714555,0,0.23
A01377,Redwood Healthcare Partners,Maryland,2022,0,0.12662724503098338,0,0.23
A01383,Pinnacle Medical Group Group,Maryland,2022,0,0.09600478533697115,0,0.23
A01388,Blue Ridge Care Partners Group,Minnesota,2022,0,0.1424754032918688,0,0.23
A01391,Unity Integrated Health Group,Oregon,2022,0,0.203550339679094,0,0.23
A01392,Heritage Physicians Partners,Pennsylvania,2022,0,0.15055779946803577,0,0.23
A01393,Meadow Physician Network Alliance,Indiana,2022,0,0.14397361565869135,0,0.23
A01410,Oakridge Clinical Partners Network,California,2022,0,0.08433340092756553,0,0.23
A01413,Westfield Care Alliance Care Network,Indiana,2022,0,0.10864824458316327,0,0.23
A01419,Eastgate Clinical Partners Physician Alliance,Michigan,2022,0,0.1860934944404389,0,0.23
A01420,Highland Wellness Health System,Colorado,2022,0,0.2735726892675038,1,0.23
A01425,Pinnacle Physician Network Physician Alliance,Minnesota,2022,0,0.18343763680313646,0,0.23
A01437,Clearview Medical Group Physician Alliance,Indiana,2022,0,0.10248949867186675,0,0.23
A01446,Summit Medical Medical Center,North Carolina,2022,0,0.06472356259225583,0,0.23
A01452,Lakeside Physician Network Partners,Florida,2022,0,0.043545351726466716,0,0.23
A01455,Brookside Care Partners Health System,Illinois,2022,0,0.08249543901902939,0,0.23
A01456,Pioneer Care Network Health System,Michigan,2022,0,0.10146325695103062,0,0.23
A01460,Community Medical Network,Illinois,2022,1,0.6780824103402867,1,0.23
A01463,Metro Health Network Physician Alliance,Alabama,2022,0,0.13673396037618163,0,0.23
A01469,Redwood Medical Partners,Washington,2022,0,0.15277081269269813,0,0.23
A01470,Summit Care Alliance,Minnesota,2022,0,0.2875076937216909,1,0.23
A01495,Springfield Clinical Partners Group,Arizona,2022,0,0.13563602882583767,0,0.23
A01497,Valley Care Partners Care Network,California,2022,0,0.09444629912974378,0,0.23
A01501,Grandview Clinical Partners Alliance,Minnesota,2022,1,0.24857344588841376,1,0.23
A01502,Eastgate Physicians Health System,Maryland,2022,0,0.06827953151770019,0,0.23
A01503,Stonebridge Wellness Physician Alliance,Georgia,2022,0,0.07511408743502854,0,0.23
A01508,Grandview Care Alliance Association,Illinois,2022,0,0.03578167776321691,0,0.23
A01512,Riverside Medical Partners Medical Center,Texas,2022,0,0.047567860233893866,0,0.23
A01516,Mountain View Medical Physician Alliance,Florida,2022,0,0.22468201949524022,0,0.23
A01528,Redwood Wellness Partners,Georgia,2022,0,0.08460235794477079,0,0.23
A01532,Riverbend Medical Group Health System,North Carolina,2022,0,0.32426677458598313,1,0.23
A01537,Northstar Health Alliance Care Network,Indiana,2022,0,0.28104525392229385,1,0.23
A01543,Redwood Medical Group,New Jersey,2022,0,0.13498769982234232,0,0.23
A01550,Maplewood Wellness Partners,Michigan,2022,0,0.02645994757637246,0,0.23
A01559,Grandview Care Partners,Ohio,2022,0,0.1396278784029182,0,0.23
A01560,Springfield Health Collaborative Physician Alliance,Illinois,2022,1,0.10106473684413837,0,0.23
A01580,Meadow Healthcare Care Network,Massachusetts,2022,0,0.017670422952970378,0,0.23
A01583,Cedar Care Partners Network,Virginia,2022,0,0.2001045056164417,0,0.23
A01587,Clearview Healthcare Care Network,Florida,2022,0,0.07621624250599746,0,0.23
A01595,Fairview Health Collaborative,Texas,2022,0,0.1733539544904064,0,0.23
A01598,Pinnacle Care Partners Group,Ohio,2022,0,0.07861515289059176,0,0.23
A01599,Evergreen Physician Network Group,Virginia,2022,0,0.15735864438916042,0,0.23
A01604,Pioneer Physicians Partners,New Jersey,2022,1,0.2915545244425058,1,0.23
A01607,Heartland Medical Group Association,Michigan,2022,0,0.05718626379795346,0,0.23
A01608,Pioneer Health Network,Ohio,2022,0,0.15841826222086722,0,0.23
A01616,Mountain View Medical Partners,Tennessee,2022,0,0.22330134667465903,0,0.23
A01626,Springfield Health Alliance Health System,Colorado,2022,0,0.02988620063981359,0,0.23
A01630,Canyon Care Alliance,Pennsylvania,2022,0,0.35784074864659643,1,0.23
A01636,Highland Physician Network Alliance,Maryland,2022,0,0.06312851194040499,0,0.23
A01639,Springfield Health Medical Center,Illinois,2022,0,0.06168546275089703,0,0.23
A01647,Highland Healthcare Collaborative,Wisconsin,2022,0,0.08164286261365032,0,0.23
A01662,Golden Valley Provider Alliance Collaborative,Virginia,2022,0,0.0680665938620306,0,0.23
A01664,Oakridge Physicians Group,Indiana,2022,0,0.3049144095379614,1,0.23
A01671,Clearview Medical Health System,Minnesota,2022,0,0.28570533761782363,1,0.23
A01687,Brookside Care Network Collaborative,Pennsylvania,2022,1,0.20947131361407295,0,0.23
A01690,Beacon Health Collaborative Medical Center,Illinois,2022,1,0.08726676218084364,0,0.23
A01700,Heartland Wellness Network,Minnesota,2022,1,0.0906648049974688,0,0.23
A01701,Mountain View Physician Network Physician Alliance,North Carolina,2022,0,0.07430219520723187,0,0.23
A01703,Oakridge Health Network Collaborative,Texas,2022,0,0.1803743793403591,0,0.23
A01705,Grandview Community Care Partners,Florida,2022,0,0.2473846221514766,1,0.23
A01711,Oakridge Physician Network Physician Alliance,Georgia,2022,0,0.07740803999741619,0,0.23
A01713,Beacon Care Health System,Illinois,2022,0,0.15796418366530088,0,0.23
A01714,Crestview Health Alliance Collaborative,Oregon,2022,0,0.12992274925027286,0,0.23
A01716,Eastgate Health Collaborative Health System,Virginia,2022,0,0.04408061510922472,0,0.23
A01724,Pinnacle Physician Network Partners,Washington,2022,0,0.10708751341838725,0,0.23
A01728,Mountain View Medical Network,New Jersey,2022,0,0.03263298862044844,0,0.23
A01729,Pinnacle Community Care Alliance,Tennessee,2022,0,0.29579386226616,1,0.23
A01741,Clearview Clinical Partners Collaborative,Massachusetts,2022,0,0.14204570746796086,0,0.23
A01744,Community Health Partners Partners,Georgia,2022,0,0.08516076817588672,0,0.23
A01754,Heartland Health Collaborative Health System,California,2022,0,0.10996725711894538,0,0.23
A01755,Pinnacle Medical Group Care Network,Texas,2022,0,0.11154292517401913,0,0.23
A01761,Mountain View Health Network Alliance,Arizona,2022,1,0.15951777807605494,0,0.23
A01763,Beacon Wellness Alliance,North Carolina,2022,0,0.0431496023272329,0,0.23
A01777,Oakridge Physicians Medical Center,Ohio,2022,0,0.0635375794324173,0,0.23
A01782,Horizon Health Collaborative Group,Indiana,2022,0,0.07599442150362637,0,0.23
A01786,Evergreen Medical Partners Association,Wisconsin,2022,1,0.14358593555763915,0,0.23
A01789,Beacon Physician Network Group,Pennsylvania,2022,0,0.021859579069588637,0,0.23
A01790,Cedar Care Association,Indiana,2022,0,0.17232808175255276,0,0.23
A01794,Crestview Care Alliance Association,Washington,2022,0,0.10096993227210255,0,0.23
A01796,Fairview Provider Alliance Alliance,Maryland,2022,0,0.09001938622812944,0,0.23
A01805,Stonebridge Healthcare Network,Arizona,2022,0,0.07081969363212012,0,0.23
A01814,Riverside Physician Network Group,Tennessee,2022,0,0.062347896019769804,0,0.23
A01817,Metro Care Alliance Medical Center,Florida,2022,0,0.1580952253061928,0,0.23
A01820,Cedar Healthcare Care Network,Missouri,2022,0,0.2501020497115207,1,0.23
A01821,Parkview Wellness Medical Center,New York,2022,0,0.04189351674706485,0,0.23
A01823,Heritage Healthcare Medical Center,Missouri,2022,1,0.2646910739747626,1,0.23
A01828,Pinnacle Medical Network,Michigan,2022,0,0.11665093601059243,0,0.23
A01829,Mountain View Medical Group Group,Maryland,2022,0,0.05495491464698079,0,0.23
A01834,Horizon Health Group,Tennessee,2022,0,0.04613763486891477,0,0.23
A01839,Redwood Care Network,Missouri,2022,0,0.19644748568729503,0,0.23
A01847,Beacon Health Alliance Group,Tennessee,2022,0,0.3003786279425307,1,0.23
A01849,Gateway Care Alliance Network,Tennessee,2022,1,0.39888532160740825,1,0.23
A01852,Stonebridge Physician Network Collaborative,Oregon,2022,0,0.05370959006205034,0,0.23
A01853,Maplewood Medical Physician Alliance,Wisconsin,2022,0,0.19987860129841825,0,0.23
A01856,Unity Healthcare Network,Ohio,2022,0,0.06994639224183262,0,0.23
A01858,Heritage Healthcare Group,Indiana,2022,0,0.029334093496219252,0,0.23
A01864,Clearview Health Alliance Physician Alliance,Connecticut,2022,0,0.03560523302475707,0,0.23
A01870,Horizon Care Alliance Medical Center,Pennsylvania,2022,0,0.09442434133764296,0,0.23
A01877,Riverside Provider Alliance Health System,Maryland,2022,0,0.14196259342650083,0,0.23
A01880,Highland Health Collaborative Medical Center,North Carolina,2022,0,0.09678149362518886,0,0.23
A01882,Beacon Health Physician Alliance,Texas,2022,0,0.16365219893217633,0,0.23
A01887,Crestview Physicians Association,Connecticut,2022,0,0.09835281690655039,0,0.23
A01891,Riverside Health Medical Center,North Carolina,2022,0,0.10839237595658738,0,0.23
A01893,Blue Ridge Integrated Health Partners,Connecticut,2022,0,0.30483328905757406,1,0.23
A01899,Brookside Care Alliance Physician Alliance,Pennsylvania,2022,0,0.33891641804345335,1,0.23
A01910,Cedar Health Collaborative,Wisconsin,2022,0,0.0717415689260568,0,0.23
A01912,Cedar Health Alliance Partners,Connecticut,2022,0,0.13905585039413043,0,0.23
A01917,Gateway Physicians Network,North Carolina,2022,1,0.4492624138191724,1,0.23
A01919,Crestview Community Care Association,Connecticut,2022,0,0.026567402375152246,0,0.23
A01924,Redwood Clinical Partners Health System,Pennsylvania,2022,0,0.377679365804437,1,0.23
A01925,Valley Medical Group Network,Maryland,2022,0,0.08628431945010505,0,0.23
A01926,Summit Care Alliance Health System,Arizona,2022,0,0.06139047042177771,0,0.23
A01929,Valley Health Collaborative Health System,California,2022,0,0.07354089116931065,0,0.23
A01935,Mountain View Care Partners Health System,Colorado,2022,0,0.04063434232876489,0,0.23
A01965,Mountain View Healthcare Alliance,Arizona,2022,1,0.20898969053708577,0,0.23
A01971,Green Valley Health Physician Alliance,Missouri,2022,0,0.06905082136769544,0,0.23
A01975,Evergreen Care Partners Partners,New Jersey,2022,1,0.5749907358840889,1,0.23
A01980,Unity Clinical Partners Health System,Indiana,2022,0,0.08596448400209124,0,0.23
A01982,Blue Ridge Medical Physician Alliance,North Carolina,2022,0,0.06811097043399487,0,0.23
A01996,Canyon Care Physician Alliance,Michigan,2022,0,0.12439834185373601,0,0.23
A02004,Horizon Health Partners Alliance,Michigan,2022,1,0.15409714039039785,0,0.23
A02009,Gateway Care Partners,Missouri,2022,0,0.10067012765588702,0,0.23
A02013,Stonebridge Integrated Health Group,Virginia,2022,0,0.1280664802931939,0,0.23
A02018,Valley Health Collaborative Partners,Tennessee,2022,0,0.1110860167189485,0,0.23
A02021,Heritage Health Alliance Medical Center,Illinois,2022,0,0.13173342926224416,0,0.23
A02022,Maplewood Care Alliance Association,Maryland,2022,0,0.04546541933127893,0,0.23
A02027,Springfield Medical Group Collaborative,California,2022,1,0.3433705256898776,1,0.23
A02029,Clearview Health Collaborative Alliance,Pennsylvania,2022,0,0.08127409338755644,0,0.23
A02040,Springfield Medical Group Alliance,New York,2022,0,0.03014997442029126,0,0.23
A02043,Valley Medical Association,Minnesota,2022,0,0.3807042358122053,1,0.23
A02064,Crestview Medical Health System,Alabama,2022,0,0.28309469579635793,1,0.23
A02066,Metro Medical Partners Medical Center,Ohio,2022,0,0.11131602328764557,0,0.23
A02068,Evergreen Health Partners Collaborative,Arizona,2022,0,0.07346156487786186,0,0.23
A02075,Eastgate Healthcare Physician Alliance,Texas,2022,0,0.07601589350194737,0,0.23
A02083,Riverside Health Partners Association,Washington,2022,0,0.03784318141480267,0,0.23
A02084,Clearview Health Association,Colorado,2022,0,0.15710172790270716,0,0.23
A02086,Community Physician Network Medical Center,Missouri,2022,0,0.1454450668930461,0,0.23
A02089,WellSpring Physicians Network,Missouri,2022,0,0.13415257008872106,0,0.23
A02097,Eastgate Provider Alliance Collaborative,Indiana,2022,0,0.07998142942787637,0,0.23
A02100,Grandview Care Network Partners,Oregon,2022,0,0.07586320500377713,0,0.23
A02115,Golden Valley Health Collaborative Medical Center,Minnesota,2022,0,0.04998307514528135,0,0.23
A02120,Meadow Integrated Health Care Network,Wisconsin,2022,0,0.017195864256171686,0,0.23
A02133,Riverbend Provider Alliance Partners,Wisconsin,2022,0,0.12866869326980307,0,0.23
A02134,Fairview Integrated Health Care Network,California,2022,0,0.0636793053762648,0,0.23
A02140,Pinnacle Health Collaborative Health System,Colorado,2022,0,0.13440802705759688,0,0.23
A02147,Pioneer Medical Partners Medical Center,Florida,2022,0,0.03900746066746166,0,0.23
A02150,Beacon Provider Alliance Alliance,Illinois,2022,0,0.04423249328694357,0,0.23
A02151,Grandview Health Network Group,Oregon,2022,0,0.06316319978573545,0,0.23
A02154,Canyon Physicians Association,North Carolina,2022,1,0.12177156587844597,0,0.23
A02160,Beacon Care Network Partners,Indiana,2022,0,0.16835670718087467,0,0.23
A02173,Eastgate Health Alliance Association,Georgia,2022,0,0.07879704317046102,0,0.23
A02177,Green Valley Health Collaborative Network,Washington,2022,0,0.1205982674533994,0,0.23
A02179,Summit Health Alliance Network,Tennessee,2022,0,0.06170015744481908,0,0.23
A02180,Valley Integrated Health Medical Center,Washington,2022,0,0.060538105846223836,0,0.23
A02182,Community Care Partners Medical Center,Georgia,2022,0,0.12286489699869048,0,0.23
A02188,Golden Valley Physician Network Association,Illinois,2022,0,0.05012327987004225,0,0.23
A02189,Oakridge Community Care Care Network,California,2022,0,0.1393051176426909,0,0.23
A02203,Heartland Physician Network Care Network,Maryland,2022,0,0.14449627868854145,0,0.23
A02213,Beacon Health Partners Network,Washington,2022,0,0.0832203134928397,0,0.23
A02220,Unity Health Collaborative Network,Colorado,2022,0,0.17942789168179676,0,0.23
A02239,Parkview Care Partners Care Network,Tennessee,2022,0,0.16776361998369885,0,0.23
A02242,Maplewood Health Medical Center,Arizona,2022,0,0.019644610017181884,0,0.23
A02250,Heartland Provider Alliance Association,Georgia,2022,0,0.06793648175295008,0,0.23
A02252,Westfield Community Care Collaborative,Ohio,2022,0,0.4769925324892833,1,0.23
A02257,Pinnacle Care Association,Indiana,2022,0,0.1173297839742019,0,0.23
A02266,Evergreen Community Care Care Network,Missouri,2022,1,0.049783191273229166,0,0.23
A02268,Unity Health Collaborative Alliance,Alabama,2022,1,0.13807640744272104,0,0.23
A02272,Stonebridge Health Partners Alliance,North Carolina,2022,0,0.04599814685270712,0,0.23
A02274,Parkview Health Network Medical Center,Missouri,2022,0,0.08741746022032175,0,0.23
A02277,Eastgate Health Alliance Collaborative,New Jersey,2022,0,0.0908398002073195,0,0.23
A02289,Cedar Physician Network Health System,New York,2022,0,0.21254997429306105,0,0.23
A02291,Parkview Wellness Care Network,California,2022,0,0.03881076549845927,0,0.23
A02292,Unity Care Physician Alliance,New York,2022,0,0.12452935276408565,0,0.23
A02300,Golden Valley Healthcare Collaborative,Massachusetts,2022,0,0.13613476930959534,0,0.23
A02303,Stonebridge Physician Network Group,Colorado,2022,1,0.28356168805432574,1,0.23
A02304,Clearview Healthcare Partners,Michigan,2022,0,0.056665453177592466,0,0.23
A02309,WellSpring Medical Group Network,North Carolina,2022,0,0.11321641644704114,0,0.23
A02310,Beacon Physician Network Network,Washington,2022,0,0.1292370564319038,0,0.23
A02313,Crestview Health Partners Medical Center,Virginia,2022,0,0.02585041463437314,0,0.23
A02314,Northstar Care Partners Group,Washington,2022,0,0.07177839278632261,0,0.23
A02315,Community Medical Partners Care Network,New Jersey,2022,0,0.0689510294435796,0,0.23
A02330,Gateway Care Partners Alliance,Texas,2022,0,0.1832062290172554,0,0.23
A02332,Brookside Integrated Health Care Network,California,2022,0,0.031107187852149876,0,0.23
A02338,Golden Valley Health Network Physician Alliance,Washington,2022,0,0.10466319620896318,0,0.23
A02340,Blue Ridge Community Care Care Network,New Jersey,2022,1,0.524410759491358,1,0.23
A02348,Heritage Care Network Health System,Colorado,2022,0,0.2658304853163308,1,0.23
A02353,Redwood Health Alliance Network,Ohio,2022,0,0.06969277455856882,0,0.23
A02356,Cedar Healthcare Network,Missouri,2022,0,0.06699043150567302,0,0.23
A02358,Stonebridge Care Partners Care Network,Missouri,2022,0,0.030760906540259505,0,0.23
A02372,Heartland Wellness Medical Center,California,2022,0,0.25961682557921706,1,0.23
A02374,Mountain View Care Collaborative,Virginia,2022,0,0.07942207309127543,0,0.23
A02376,Parkview Physicians Alliance,Texas,2022,0,0.04651618420602306,0,0.23
A02408,WellSpring Physicians Group,Massachusetts,2022,0,0.07238196840160098,0,0.23
A02409,Pioneer Medical Partners Group,Indiana,2022,0,0.14022353607865218,0,0.23
A02412,Silverstone Wellness Care Network,New Jersey,2022,0,0.10299109848682374,0,0.23
A02415,Summit Integrated Health Care Network,Illinois,2022,0,0.0760866330207789,0,0.23
A02424,Summit Physicians Partners,California,2022,0,0.43981010159749945,1,0.23
A02428,Evergreen Medical Group Medical Center,Indiana,2022,0,0.11614732772009441,0,0.23
A02430,Stonebridge Provider Alliance Collaborative,California,2022,0,0.11687450210713346,0,0.23
A02434,Green Valley Care Partners Care Network,Tennessee,2022,0,0.17113583127302978,0,0.23
A02439,Silverstone Health Collaborative Partners,Texas,2022,0,0.08769945539457769,0,0.23
A02445,Cedar Provider Alliance Collaborative,Washington,2022,0,0.18008375862422737,0,0.23
A02448,Canyon Physician Network Health System,Wisconsin,2022,0,0.16402062721285346,0,0.23
A02449,Northstar Community Care Medical Center,Michigan,2022,0,0.020594543834693727,0,0.23
A02456,Clearview Care Care Network,Washington,2022,0,0.14659294306236229,0,0.23
A02457,Clearview Healthcare Group,Virginia,2022,0,0.07276732126426282,0,0.23
A02459,Mountain View Physicians Care Network,Maryland,2022,0,0.0190176769939429,0,0.23
A02462,Unity Integrated Health Collaborative,Maryland,2022,0,0.09433622171506503,0,0.23
A02463,Stonebridge Provider Alliance Alliance,Massachusetts,2022,0,0.03103155540908455,0,0.23
A02470,Cedar Integrated Health Partners,Maryland,2022,0,0.22819558208720853,0,0.23
A02476,Fairview Provider Alliance Collaborative,Washington,2022,0,0.07112710202469909,0,0.23
A02477,Horizon Care Partners Medical Center,Tennessee,2022,0,0.060223482984502155,0,0.23
A02487,Redwood Care Partners Network,Alabama,2022,0,0.07272848293617874,0,0.23
A02492,Community Medical Partners Partners,California,2022,0,0.10688166295840963,0,0.23
A02510,Maplewood Community Care Group,Oregon,2022,0,0.19698205701163674,0,0.23
A02512,Heritage Health Network Medical Center,Alabama,2022,1,0.5124876970348996,1,0.23
A02515,Heritage Clinical Partners Partners,Arizona,2022,0,0.20059438821281936,0,0.23
A02518,Northstar Integrated Health Physician Alliance,Tennessee,2022,0,0.06381902189689152,0,0.23
A02525,Summit Medical Group Collaborative,Missouri,2022,0,0.1662206354070609,0,0.23
A02529,Green Valley Medical Partners Medical Center,New York,2022,0,0.12243999067597844,0,0.23
A02537,Crestview Health Collaborative Medical Center,Virginia,2022,0,0.09216419338099593,0,0.23
A02538,Golden Valley Clinical Partners Medical Center,Oregon,2022,0,0.10474582821476319,0,0.23
A02542,Crestview Healthcare Network,Oregon,2022,0,0.3048281866765319,1,0.23
A02548,Riverbend Integrated Health Health System,North Carolina,2022,0,0.07252025712910329,0,0.23
A02550,Oakridge Health Association,California,2022,0,0.06083364313448762,0,0.23
A02552,Summit Integrated Health Alliance,Ohio,2022,0,0.20319310382631475,0,0.23
A02553,Golden Valley Care Network Network,Ohio,2022,0,0.1754628233185294,0,0.23
A02564,Evergreen Medical Group Group,California,2022,0,0.08568422054111412,0,0.23
A02575,Community Medical Care Network,Illinois,2022,0,0.0996930842784608,0,0.23
A02581,Beacon Care Partners Partners,North Carolina,2022,0,0.15707791914730113,0,0.23
A02582,Green Valley Health Collaborative Alliance,Arizona,2022,0,0.08832146595857536,0,0.23
A02592,Silverstone Care Network Medical Center,Michigan,2022,1,0.2082304277731625,0,0.23
A02606,Horizon Medical Physician Alliance,Indiana,2022,0,0.16321421314216716,0,0.23
A02607,Eastgate Community Care Medical Center,Oregon,2022,0,0.1413827196403016,0,0.23
A02608,Springfield Care Partners Collaborative,Minnesota,2022,1,0.33967567423746187,1,0.23
A02614,Evergreen Health Network Group,Florida,2022,0,0.06930269742157998,0,0.23
A02617,Parkview Medical Partners Medical Center,New Jersey,2022,0,0.08037250987856574,0,0.23
A02637,Canyon Health Alliance Health System,California,2022,0,0.031246351704672132,0,0.23
A02653,Lakeside Care Care Network,New York,2022,0,0.10896594193110357,0,0.23
A02656,Mountain View Health Medical Center,California,2022,0,0.16010951186129005,0,0.23
A02666,Heritage Integrated Health Care Network,Arizona,2022,0,0.09010452810525824,0,0.23
A02670,Heartland Provider Alliance Medical Center,Indiana,2022,0,0.1499905951310985,0,0.23
A02673,Community Care Alliance Association,Colorado,2022,0,0.2460132500188371,1,0.23
A02676,Beacon Community Care Physician Alliance,Connecticut,2022,0,0.23610787948929954,1,0.23
A02686,Pinnacle Care Network,Georgia,2022,1,0.31120521339565693,1,0.23
A02693,Pinnacle Provider Alliance Medical Center,Virginia,2022,1,0.11909277008643676,0,0.23
A02698,Stonebridge Provider Alliance Group,Arizona,2022,0,0.0757712163038203,0,0.23
A02699,Beacon Care Network,Washington,2022,0,0.06873126381435848,0,0.23
A02701,Gateway Health Partners Health System,New Jersey,2022,0,0.08481375687733977,0,0.23
A02721,Springfield Physician Network Partners,Michigan,2022,0,0.16587642775238035,0,0.23
A02726,Horizon Health Collaborative Care Network,Connecticut,2022,0,0.18548568732175297,0,0.23
A02727,Canyon Physician Network Alliance,Wisconsin,2022,0,0.13680337489875835,0,0.23
A02736,Horizon Physician Network Health System,Illinois,2022,0,0.27556400590797486,1,0.23
A02742,Blue Ridge Care Alliance Network,Alabama,2022,0,0.15343467236987504,0,0.23
A02754,Westfield Medical Partners Association,Massachusetts,2022,0,0.1723442817058082,0,0.23
A02755,Springfield Provider Alliance Group,New York,2022,0,0.21273747584640115,0,0.23
A02760,Northstar Medical Partners Physician Alliance,Arizona,2022,0,0.03275826075790531,0,0.23
A02762,Eastgate Care Alliance Alliance,Colorado,2022,0,0.09226489724801507,0,0.23
A02763,Unity Integrated Health Physician Alliance,Connecticut,2022,0,0.048024593628871515,0,0.23
A02765,Canyon Physician Network Network,Wisconsin,2022,0,0.0454332197715663,0,0.23
A02766,Heritage Wellness Group,Georgia,2022,0,0.06974973231024516,0,0.23
A02771,Pioneer Care Group,Michigan,2022,0,0.14092992826872325,0,0.23
A02773,Gateway Health Alliance Network,New Jersey,2022,0,0.2292376800069719,0,0.23
A02783,Parkview Health Alliance Group,Michigan,2022,1,0.2896396271398594,1,0.23
A02786,Community Community Care Physician Alliance,North Carolina,2022,0,0.08203251644879536,0,0.23
A02789,Highland Medical Partners Care Network,Alabama,2022,0,0.1093995069286119,0,0.23
A02794,Riverbend Integrated Health Alliance,Florida,2022,0,0.04643935888531215,0,0.23
A02803,Grandview Medical Partners Care Network,Alabama,2022,0,0.13934072954935228,0,0.23
A02807,WellSpring Care Network Partners,Colorado,2022,0,0.1616704655729845,0,0.23
A02808,Westfield Care Partners Group,Alabama,2022,0,0.20318918910314324,0,0.23
A02811,Fairview Care Care Network,Maryland,2022,0,0.12888950476645478,0,0.23
A02816,Blue Ridge Healthcare Group,Connecticut,2022,0,0.19671565258698787,0,0.23
A02817,Summit Health Partners Association,Maryland,2022,0,0.02884994214708312,0,0.23
A02818,Heritage Health Network Association,Indiana,2022,0,0.1659862967785742,0,0.23
A02819,Riverbend Provider Alliance Physician Alliance,Michigan,2022,0,0.13335158295231497,0,0.23
A02823,Fairview Physicians Health System,Connecticut,2022,0,0.03003557992470899,0,0.23
A02827,Silverstone Health Association,Massachusetts,2022,1,0.5744350132473394,1,0.23
A02828,Canyon Care Alliance Care Network,Arizona,2022,0,0.15942943267194018,0,0.23
A02832,Meadow Care Network Physician Alliance,Illinois,2022,0,0.11393555345837736,0,0.23
A02835,Golden Valley Care Alliance Collaborative,Connecticut,2022,1,0.34009326890116676,1,0.23
A02840,Heritage Physicians Care Network,Georgia,2022,1,0.12138917329884333,0,0.23
A02851,Northstar Clinical Partners Partners,Massachusetts,2022,0,0.03737059692634791,0,0.23
A02853,Cedar Care Partners Group,Washington,2022,0,0.056666604043282574,0,0.23
A02854,Cedar Wellness Association,Colorado,2022,0,0.06281533453800771,0,0.23
A02856,Silverstone Physicians Care Network,Minnesota,2022,1,0.17304256362568718,0,0.23
A02859,WellSpring Integrated Health Association,Pennsylvania,2022,0,0.30122251625979707,1,0.23
A02874,Fairview Care Alliance Collaborative,Maryland,2022,0,0.2314337135259277,1,0.23
A02899,Westfield Care Health System,Ohio,2022,0,0.07854666343560841,0,0.23
A02912,Lakeside Health Care Network,Massachusetts,2022,0,0.13976564627457091,0,0.23
A02914,Meadow Medical Group Collaborative,Tennessee,2022,0,0.04689206438697546,0,0.23
A02917,Gateway Wellness Alliance,Maryland,2022,0,0.2022513223303987,0,0.23
A02919,Green Valley Physician Network Medical Center,Arizona,2022,0,0.0513267863454823,0,0.23
A02920,Mountain View Medical Collaborative,Arizona,2022,0,0.06366082189434852,0,0.23
A02921,Beacon Community Care Care Network,Massachusetts,2022,0,0.10050932109129011,0,0.23
A02925,Meadow Care Medical Center,Michigan,2022,0,0.06001167214421005,0,0.23
A02930,Clearview Healthcare Association,Ohio,2022,0,0.2881407615653451,1,0.23
A02931,Heritage Community Care Care Network,Minnesota,2022,0,0.2082818126533799,0,0.23
A02935,Redwood Healthcare Medical Center,Missouri,2022,0,0.0906180745142862,0,0.23
A02937,Westfield Clinical Partners Physician Alliance,Virginia,2022,0,0.28956285729896014,1,0.23
A02947,Meadow Health Partners Collaborative,Colorado,2022,0,0.1039225533905696,0,0.23
A02952,Fairview Health Collaborative Medical Center,Texas,2022,0,0.34730196056071194,1,0.23
A02959,Lakeside Health Partners,Minnesota,2022,0,0.12098079752338511,0,0.23
A02964,Redwood Clinical Partners Care Network,Missouri,2022,0,0.10741827181583986,0,0.23
A02965,Golden Valley Health Collaborative Physician Alliance,Missouri,2022,0,0.02501264577899901,0,0.23
A02966,Clearview Medical Partners Health System,Arizona,2022,0,0.16044999988699268,0,0.23
A02978,Parkview Community Care Medical Center,Minnesota,2022,0,0.04632514481021557,0,0.23
A02990,Evergreen Healthcare Association,Oregon,2022,0,0.14778297390286443,0,0.23
A02992,Maplewood Care Network Collaborative,Minnesota,2022,0,0.13509891892509857,0,0.23
A02993,Canyon Provider Alliance Association,Wisconsin,2022,0,0.2133763343416685,0,0.23
A03010,Brookside Physicians Network,Ohio,2022,0,0.05719467037128413,0,0.23
A03016,Eastgate Care Network Network,Florida,2022,0,0.06523525865921384,0,0.23
A03019,Heritage Integrated Health Medical Center,Arizona,2022,0,0.13397719775606146,0,0.23
A03021,WellSpring Clinical Partners Health System,North Carolina,2022,0,0.18734892526725783,0,0.23
A03022,Grandview Health Partners Physician Alliance,Florida,2022,0,0.11491629646132791,0,0.23
A03035,Heritage Care Alliance Collaborative,Florida,2022,0,0.12883252931217457,0,0.23
A03048,Riverside Physicians Association,Indiana,2022,0,0.06765235724271604,0,0.23
A03053,Community Health Association,Illinois,2022,0,0.07380978376943956,0,0.23
A03058,Springfield Provider Alliance Care Network,Connecticut,2022,0,0.0797469299946306,0,0.23
A03066,Meadow Health Alliance Network,New York,2022,0,0.22772881483767585,0,0.23
A03069,Silverstone Health Partners Group,Colorado,2022,0,0.07067242744525658,0,0.23
A03072,Golden Valley Physicians Alliance,Alabama,2022,0,0.16795468377384734,0,0.23
A03095,WellSpring Medical Partners Network,Missouri,2022,0,0.24914320251593186,1,0.23
A03101,Parkview Care Network Alliance,Georgia,2022,0,0.14773339532215346,0,0.23
A03102,Eastgate Medical Group Partners,Illinois,2022,0,0.039169186179954234,0,0.23
A03104,Horizon Medical Alliance,Missouri,2022,0,0.11577830804163879,0,0.23
A03106,Westfield Physician Network Collaborative,Florida,2022,0,0.04195140502198406,0,0.23
A03112,Riverbend Medical Group Association,New Jersey,2022,0,0.04993138306358974,0,0.23
A03119,Horizon Care Network Medical Center,Massachusetts,2022,0,0.12848881068261225,0,0.23
A03120,Community Clinical Partners Partners,Illinois,2022,1,0.37544023878190913,1,0.23
A03123,Blue Ridge Medical Health System,Massachusetts,2022,0,0.05417670851644905,0,0.23
A03125,Clearview Care Alliance Association,Minnesota,2022,1,0.07422880849642925,0,0.23
A03132,Blue Ridge Care Alliance Partners,Connecticut,2022,0,0.21578594313436178,0,0.23
A03134,Eastgate Health Collaborative Partners,Virginia,2022,0,0.2505905705676865,1,0.23
A03136,Maplewood Health Collaborative Collaborative,California,2022,1,0.4837267082512783,1,0.23
A03139,Pioneer Health Network Network,Texas,2022,0,0.1664280009816993,0,0.23
A03141,Evergreen Medical Partners Network,Maryland,2022,1,0.33844670318291514,1,0.23
A03142,Brookside Medical Group Group,Arizona,2022,0,0.08710527864506622,0,0.23
A03145,Northstar Wellness Group,Tennessee,2022,0,0.1949749043031646,0,0.23
A03149,Parkview Physician Network Association,Alabama,2022,0,0.04656117618908645,0,0.23
A03155,Metro Health Network Health System,Connecticut,2022,0,0.1483992318759348,0,0.23
A03157,Lakeside Medical Group Partners,Washington,2022,1,0.3940630550518923,1,0.23
A03161,Grandview Provider Alliance Partners,New Jersey,2022,0,0.22269200641431364,0,0.23
A03167,Crestview Health Alliance Partners,Indiana,2022,0,0.11155100373357132,0,0.23
A03169,Stonebridge Healthcare Medical Center,Missouri,2022,0,0.06060102970041597,0,0.23
A03185,Springfield Physicians Group,North Carolina,2022,0,0.16591728174344447,0,0.23
A03190,Unity Care Partners Medical Center,Florida,2022,0,0.19327070898391885,0,0.23
A03203,WellSpring Health Alliance,Maryland,2022,0,0.07009423800196501,0,0.23
A03207,Canyon Wellness Care Network,Oregon,2022,0,0.029111696833692233,0,0.23
A03208,Oakridge Community Care Alliance,Minnesota,2022,0,0.16133573064750387,0,0.23
A03223,WellSpring Wellness Care Network,Tennessee,2022,1,0.3274087609763319,1,0.23
A03228,Stonebridge Care Partners Alliance,Maryland,2022,0,0.03775227867429423,0,0.23
A03233,Community Provider Alliance Association,Illinois,2022,0,0.1085673801753197,0,0.23
A03234,Stonebridge Health Alliance Group,Tennessee,2022,0,0.13595337160827312,0,0.23
A03236,WellSpring Physician Network Alliance,Maryland,2022,1,0.3280871214442728,1,0.23
A03239,Beacon Medical Partners Alliance,Florida,2022,0,0.3796708516011899,1,0.23
A03240,Oakridge Wellness Association,Alabama,2022,0,0.15069862229569245,0,0.23
A03241,Fairview Health Partners Care Network,North Carolina,2022,0,0.1431159920289243,0,0.23
A03250,Meadow Medical Partners Care Network,Oregon,2022,0,0.0793375577203821,0,0.23
A03259,Gateway Care Network Health System,Alabama,2022,0,0.0847071765935876,0,0.23
A03261,Crestview Physician Network Collaborative,Oregon,2022,0,0.07876663025864579,0,0.23
A03268,Grandview Health Partners Alliance,Massachusetts,2022,0,0.18354397149048715,0,0.23
A03269,Parkview Physician Network Care Network,Massachusetts,2022,0,0.09074441795868317,0,0.23
A03270,Metro Health Association,Alabama,2022,0,0.21305417723323863,0,0.23
A03276,Crestview Medical Group Physician Alliance,California,2022,0,0.17145987583372002,0,0.23
A03282,Valley Medical Group Health System,New York,2022,0,0.11176764881219516,0,0.23
A03288,Unity Medical Partners Collaborative,New York,2022,0,0.15985544435254787,0,0.23
A03298,Eastgate Care Network Partners,Massachusetts,2022,0,0.11706460692517887,0,0.23
A03299,Highland Care Alliance Alliance,Tennessee,2022,0,0.09473602878977053,0,0.23
A03307,Unity Medical Group,Alabama,2022,0,0.15032813590507968,0,0.23
A03312,Green Valley Clinical Partners Care Network,Minnesota,2022,1,0.4100903472685033,1,0.23
A03314,WellSpring Medical Partners Medical Center,Pennsylvania,2022,0,0.10163411857229397,0,0.23
A03316,Pinnacle Health Alliance Alliance,Tennessee,2022,0,0.22945582124977304,0,0.23
A03319,Evergreen Physicians Care Network,Georgia,2022,0,0.03468096384111698,0,0.23
A03321,Beacon Physician Network Partners,Arizona,2022,0,0.11245488346288286,0,0.23
A03330,Green Valley Care Network Partners,Alabama,2022,0,0.03562848843317535,0,0.23
A03332,Silverstone Health Collaborative,Oregon,2022,0,0.11673882429455483,0,0.23
A03334,Fairview Medical Group Partners,Washington,2022,0,0.14591836585218743,0,0.23
A03355,Stonebridge Care Alliance Collaborative,California,2022,0,0.2598561127030174,1,0.23
A03367,Highland Health Network Medical Center,Florida,2022,0,0.1065981578383066,0,0.23
A03373,Metro Care Partners Medical Center,Ohio,2022,0,0.04559906427956926,0,0.23
A03375,Blue Ridge Care Care Network,North Carolina,2022,0,0.046047426974354204,0,0.23
A03379,Cedar Integrated Health Care Network,Maryland,2022,0,0.09089466013295346,0,0.23
A03380,Beacon Care Partners Collaborative,Washington,2022,0,0.050870584400838484,0,0.23
A03384,Fairview Medical Alliance,Texas,2022,0,0.04882545509192426,0,0.23
A03389,Eastgate Provider Alliance Network,Alabama,2022,0,0.05943914241733314,0,0.23
A03392,Beacon Care Association,Massachusetts,2022,0,0.13286128897072463,0,0.23
A03401,Horizon Health Alliance Alliance,Florida,2022,0,0.04585335961275549,0,0.23
A03402,Evergreen Care Alliance Care Network,New Jersey,2022,0,0.1869031113075859,0,0.23
A03411,Pioneer Health Partners Partners,Wisconsin,2022,0,0.08513866258962383,0,0.23
A03422,Heartland Health Network,Michigan,2022,0,0.01718975495057119,0,0.23
A03431,WellSpring Medical Group Medical Center,Georgia,2022,0,0.08802678949681829,0,0.23
A03432,Silverstone Care Network Network,Florida,2022,0,0.368901972570541,1,0.23
A03440,Valley Health Network Health System,California,2022,0,0.21440541451678866,0,0.23
A03451,Eastgate Care Partners Partners,Tennessee,2022,0,0.05139793630489489,0,0.23
A03452,Horizon Health Collaborative,Missouri,2022,0,0.22423281381580723,0,0.23
A03461,Brookside Community Care Alliance,Georgia,2022,0,0.09038214182924524,0,0.23
A03472,Unity Health Physician Alliance,Connecticut,2022,0,0.12798809113571769,0,0.23
A03474,Northstar Clinical Partners Care Network,Michigan,2022,1,0.17478519172830775,0,0.23
A03478,Evergreen Physician Network Collaborative,Tennessee,2022,1,0.13757699998039352,0,0.23
A03480,Riverbend Medical Group,Florida,2022,0,0.061576263882328355,0,0.23
A03481,Horizon Medical Partners Collaborative,Arizona,2022,1,0.1554546180858154,0,0.23
A03484,Horizon Medical Group Partners,Tennessee,2022,0,0.060531192673699545,0,0.23
A03489,Meadow Physicians Group,Tennessee,2022,1,0.305618120570891,1,0.23
A03490,Summit Health Partners Partners,Michigan,2022,0,0.0890134976253197,0,0.23
A03493,Clearview Health Collaborative Health System,North Carolina,2022,0,0.06183243549855421,0,0.23
A03494,Gateway Clinical Partners Partners,Florida,2022,1,0.1638479633086571,0,0.23
A03496,Green Valley Health Partners,Alabama,2022,0,0.1579831895689333,0,0.23
A03499,Gateway Health Physician Alliance,Indiana,2022,0,0.05108769914002711,0,0.23
A03500,Silverstone Care Network Health System,Wisconsin,2022,0,0.13190657310131854,0,0.23
A03502,Riverbend Care Partners Alliance,Indiana,2022,0,0.08245567495539918,0,0.23
A03505,Springfield Provider Alliance Association,Ohio,2022,0,0.07242561261415185,0,0.23
A03507,Green Valley Health Partners Physician Alliance,Minnesota,2022,1,0.3468020921763143,1,0.23
A03509,Highland Medical Group Medical Center,Ohio,2022,0,0.24290691718788143,1,0.23
A03516,Riverside Care Partners,Tennessee,2022,0,0.46878074612639636,1,0.23
A03518,Riverside Clinical Partners Collaborative,Massachusetts,2022,0,0.07724810941014176,0,0.23
A03519,Lakeside Medical Group,California,2022,0,0.16990178750794196,0,0.23
A03521,Redwood Physicians Partners,Wisconsin,2022,0,0.10284825638745529,0,0.23
A03523,Pinnacle Health Network Medical Center,Georgia,2022,0,0.08580386650919813,0,0.23
A03529,Crestview Health Health System,Florida,2022,0,0.04842868254487989,0,0.23
A03538,Golden Valley Care Alliance,Arizona,2022,0,0.2407410795069147,1,0.23
A03540,Clearview Integrated Health Physician Alliance,New York,2022,0,0.15055245679883478,0,0.23
A03543,Green Valley Medical Partners Partners,Virginia,2022,0,0.028937035159928383,0,0.23
A03551,Riverbend Care Alliance Health System,New Jersey,2022,0,0.06746552758406023,0,0.23
A03552,Riverbend Community Care Network,Oregon,2022,0,0.12242317791173819,0,0.23
A03555,Horizon Medical Association,Missouri,2022,0,0.15161223555067124,0,0.23
A03567,Green Valley Clinical Partners Collaborative,Maryland,2022,1,0.22857883261076203,0,0.23
A03570,Meadow Care Network Group,Michigan,2022,0,0.11886114214571986,0,0.23
A03579,Riverbend Clinical Partners Network,California,2022,0,0.1675820776100536,0,0.23
A03584,Mountain View Physician Network Collaborative,Arizona,2022,0,0.04147033676975557,0,0.23
A03591,Riverside Medical Network,Alabama,2022,0,0.19117974398746834,0,0.23
A03592,Summit Clinical Partners Physician Alliance,Illinois,2022,0,0.024251500940043892,0,0.23
A03593,Redwood Care Network Medical Center,Texas,2022,1,0.8278313725929618,1,0.23
A03594,Mountain View Health Collaborative,Missouri,2022,0,0.1831021149695539,0,0.23
A03602,Oakridge Integrated Health Physician Alliance,Texas,2022,0,0.09478583257283732,0,0.23
A03617,Summit Medical Group Alliance,Illinois,2022,0,0.19861866150276422,0,0.23
A03619,Pioneer Wellness Network,Oregon,2022,0,0.0662983701254237,0,0.23
A03628,Beacon Care Physician Alliance,Colorado,2022,0,0.035685594400784997,0,0.23
A03638,Blue Ridge Medical Collaborative,Oregon,2022,0,0.08232730038713307,0,0.23
A03642,Eastgate Care Partners Collaborative,North Carolina,2022,0,0.11633128287724646,0,0.23
A03643,Evergreen Health Partners Care Network,Massachusetts,2022,0,0.02894995262201096,0,0.23
A03650,Eastgate Health Network Medical Center,Indiana,2022,0,0.028828174537007076,0,0.23
A03665,Beacon Medical Group Group,New York,2022,0,0.03981315344260603,0,0.23
A03666,Fairview Medical Group Alliance,Arizona,2022,0,0.012749854108686749,0,0.23
A03675,Canyon Wellness Partners,Indiana,2022,0,0.36518795374895435,1,0.23
A03680,Beacon Health Alliance Network,Wisconsin,2022,1,0.12981402092886907,0,0.23
A03681,Meadow Health Medical Center,Colorado,2022,0,0.040736534014685445,0,0.23
A03697,Golden Valley Community Care Care Network,Maryland,2022,0,0.10023838826527942,0,0.23
A03699,Heartland Community Care Partners,Missouri,2022,1,0.14799979488983794,0,0.23
A03701,Pioneer Physicians Physician Alliance,California,2022,0,0.08778825066064547,0,0.23
A03703,Silverstone Care Partners Medical Center,California,2022,0,0.06235579096895491,0,0.23
A03708,Mountain View Wellness Physician Alliance,Tennessee,2022,0,0.11055323608272603,0,0.23
A03719,Crestview Health Alliance,Missouri,2022,1,0.21874386758017458,0,0.23
A03726,Stonebridge Care Partners Partners,North Carolina,2022,0,0.1428922262104513,0,0.23
A03728,Parkview Medical Partners Network,Illinois,2022,1,0.13724182444533928,0,0.23
A03729,Golden Valley Health Collaborative Network,Colorado,2022,0,0.0719116700073738,0,0.23
A03734,Stonebridge Health Network Collaborative,California,2022,0,0.05999662244694071,0,0.23
A03737,Northstar Medical Care Network,New Jersey,2022,0,0.06501023947726284,0,0.23
A03742,Horizon Care Physician Alliance,Wisconsin,2022,0,0.10705450999583534,0,0.23
A03748,Canyon Wellness Association,Oregon,2022,1,0.5503809382069105,1,0.23
A03749,Westfield Care Network Collaborative,Minnesota,2022,0,0.11958124704236522,0,0.23
A03755,Eastgate Health Alliance Alliance,Pennsylvania,2022,0,0.15261900480354204,0,0.23
A03756,Golden Valley Care Partners Partners,Massachusetts,2022,0,0.17175339023933414,0,0.23
A03762,Oakridge Community Care Medical Center,Washington,2022,0,0.04056617841541525,0,0.23
A03769,Highland Provider Alliance Association,California,2022,0,0.2050116201373479,0,0.23
A03773,Northstar Health Network Health System,Connecticut,2022,0,0.13481518818605376,0,0.23
A03784,Pinnacle Physician Network Collaborative,Alabama,2022,0,0.01590502315123268,0,0.23
A03787,Summit Provider Alliance Alliance,Wisconsin,2022,0,0.06037423790103176,0,0.23
A03788,Crestview Health Partners Association,California,2022,1,0.2577538192568242,1,0.23
A03791,Springfield Health Alliance Physician Alliance,New York,2022,0,0.055307932648252456,0,0.23
A03792,Fairview Wellness Care Network,Connecticut,2022,0,0.09405757367984074,0,0.23
A03793,Crestview Physician Network Partners,Florida,2022,0,0.058407071925657625,0,0.23
A03797,Pioneer Health Partners Physician Alliance,Texas,2022,0,0.17887941895901277,0,0.23
A03800,Unity Healthcare Care Network,Florida,2022,0,0.08864966921967728,0,0.23
A03801,WellSpring Care Network Collaborative,Georgia,2022,0,0.14876659642231468,0,0.23
A03805,Grandview Medical Partners Health System,Alabama,2022,0,0.09188265231090476,0,0.23
A03806,Gateway Medical Partners Network,Colorado,2022,0,0.06619108764048097,0,0.23
A03807,Evergreen Provider Alliance Alliance,Alabama,2022,0,0.2848728695786347,1,0.23
A03819,Unity Healthcare Health System,Georgia,2022,0,0.055467938797878834,0,0.23
A03820,Community Health Collaborative Partners,Georgia,2022,0,0.016870448470732352,0,0.23
A03822,Parkview Care Network Network,Virginia,2022,0,0.20081127386148542,0,0.23
A03826,Crestview Integrated Health Partners,Wisconsin,2022,0,0.16978563335233876,0,0.23
A03828,Evergreen Health Alliance Collaborative,Connecticut,2022,0,0.28146821089878704,1,0.23
A03830,Brookside Care Partners Alliance,Colorado,2022,0,0.1232619367802899,0,0.23
A03836,Maplewood Medical Partners Physician Alliance,Texas,2022,1,0.2007062766706386,0,0.23
A03843,Brookside Care Alliance Network,North Carolina,2022,0,0.17518685093488517,0,0.23
A03845,Lakeside Provider Alliance Care Network,Alabama,2022,0,0.1333240083264361,0,0.23
A03848,Pinnacle Health Collaborative Collaborative,Pennsylvania,2022,0,0.06271724573310222,0,0.23
A03869,Metro Healthcare Medical Center,Pennsylvania,2022,0,0.17080044875214614,0,0.23
A03872,Stonebridge Wellness Partners,Virginia,2022,0,0.0253292793167653,0,0.23
A03880,Grandview Health Network Care Network,North Carolina,2022,0,0.018739344638127108,0,0.23
A03882,Community Medical Group,Washington,2022,0,0.0381242606014354,0,0.23
A03883,Pioneer Healthcare Network,Minnesota,2022,0,0.07812035861248184,0,0.23
A03890,Brookside Clinical Partners Medical Center,Oregon,2022,0,0.03444118003156404,0,0.23
A03898,Stonebridge Health Partners Association,Oregon,2022,0,0.15709708502934977,0,0.23
A03903,Oakridge Medical Physician Alliance,Indiana,2022,0,0.06698280518455871,0,0.23
A03912,WellSpring Care Network Alliance,Alabama,2022,0,0.029119706969026132,0,0.23
A03921,Golden Valley Health Network Partners,Wisconsin,2022,0,0.16531224642704714,0,0.23
A03927,Eastgate Health Alliance Group,Washington,2022,0,0.18019860499510254,0,0.23
A03929,Pinnacle Care Alliance Partners,Georgia,2022,1,0.21323180162872327,0,0.23
A03932,Westfield Wellness Group,Indiana,2022,0,0.05179461116527536,0,0.23
A03933,Mountain View Wellness Partners,Wisconsin,2022,0,0.0685522901696764,0,0.23
A03937,Community Community Care Group,Indiana,2022,0,0.26202642194310055,1,0.23
A03941,Maplewood Care Association,Tennessee,2022,1,0.10084935788994269,0,0.23
A03946,Brookside Clinical Partners Care Network,Massachusetts,2022,0,0.29175278846194785,1,0.23
A03963,Summit Provider Alliance Network,Indiana,2022,0,0.07621303685612248,0,0.23
A03966,Springfield Community Care Collaborative,Colorado,2022,0,0.09698727087524349,0,0.23
A03967,Canyon Care Partners Partners,Georgia,2022,1,0.06976670658128419,0,0.23
A03972,Clearview Integrated Health Partners,New York,2022,1,0.4361787089661517,1,0.23
A03975,Cedar Community Care Collaborative,Massachusetts,2022,1,0.04455638205407789,0,0.23
A03980,Pioneer Integrated Health Alliance,Arizona,2022,0,0.18085066900587993,0,0.23
A03983,Community Physicians Alliance,Arizona,2022,0,0.0838706567286655,0,0.23
A03990,Beacon Medical Partners Group,Minnesota,2022,0,0.036710263537139395,0,0.23
A03994,Highland Medical Group Collaborative,Michigan,2022,0,0.05528237836040648,0,0.23
A03997,Evergreen Wellness Care Network,Arizona,2022,0,0.16927059549051598,0,0.23
A03999,Eastgate Health Network Physician Alliance,California,2022,0,0.17120937536788844,0,0.23
A04006,Evergreen Medical Partners,Maryland,2022,1,0.14849623682221444,0,0.23
A04009,Evergreen Health Group,Connecticut,2022,1,0.5329947555013029,1,0.23
A04011,Lakeside Health Collaborative Physician Alliance,Illinois,2022,1,0.13264477256215618,0,0.23
A04015,Maplewood Care Partners Physician Alliance,Indiana,2022,0,0.17512704813776878,0,0.23
A04024,Parkview Health Collaborative Collaborative,Maryland,2022,1,0.13692838845514896,0,0.23
A04027,Riverside Health Alliance Alliance,Oregon,2022,0,0.04171636808026223,0,0.23
A04028,Springfield Physicians Network,Minnesota,2022,0,0.12452825758656534,0,0.23
A04029,WellSpring Care Partners Partners,Florida,2022,0,0.03621891108759147,0,0.23
A04030,Canyon Health Care Network,North Carolina,2022,0,0.07458144880920453,0,0.23
A04032,Heartland Wellness Collaborative,Illinois,2022,0,0.12079641843855025,0,0.23
A04033,Canyon Care Partners Association,Connecticut,2022,0,0.020078678492753816,0,0.23
A04040,Cedar Clinical Partners Network,Pennsylvania,2022,0,0.13745672962085748,0,0.23
A04044,Pioneer Physician Network Network,Colorado,2022,0,0.16149113030837384,0,0.23
A04055,Heartland Provider Alliance Partners,New York,2022,1,0.20429407472221883,0,0.23
A04065,Fairview Medical Group Physician Alliance,North Carolina,2022,0,0.09826469587209372,0,0.23
A04071,Metro Medical Partners,Washington,2022,0,0.07738712517820465,0,0.23
A04073,Metro Medical Partners Collaborative,Connecticut,2022,0,0.04913231113459014,0,0.23
A04078,Springfield Medical Group Health System,Arizona,2022,0,0.19646195496170077,0,0.23
A04090,Oakridge Medical Collaborative,California,2022,0,0.04472030046621169,0,0.23
A04093,Meadow Medical Group Physician Alliance,Missouri,2022,0,0.07054221053195475,0,0.23
A04096,Unity Healthcare Partners,New Jersey,2022,0,0.04686176096339442,0,0.23
A04098,Springfield Health Network,Texas,2022,0,0.12192200019874576,0,0.23
A04099,Heartland Care Alliance Partners,Wisconsin,2022,1,0.2836877712969232,1,0.23
A04102,Northstar Medical Collaborative,Michigan,2022,0,0.20038400227994044,0,0.23
A04103,WellSpring Integrated Health Physician Alliance,Alabama,2022,0,0.0865244878486822,0,0.23
A04105,Horizon Integrated Health Group,Illinois,2022,0,0.04117447395491963,0,0.23
A04121,Gateway Community Care Health System,Maryland,2022,0,0.08942498048911939,0,0.23
A04127,Riverbend Care Network Medical Center,Massachusetts,2022,0,0.3397400630565342,1,0.23
A04132,Crestview Health Collaborative Alliance,Michigan,2022,0,0.12890544284591854,0,0.23
A04133,Horizon Integrated Health Network,New York,2022,0,0.12312590765660747,0,0.23
A04139,Pioneer Care Network Collaborative,Virginia,2022,0,0.12480845435530058,0,0.23
A04141,Pioneer Physicians Association,Pennsylvania,2022,0,0.035927796448671,0,0.23
A04146,Evergreen Wellness Alliance,New York,2022,0,0.14186784363560315,0,0.23
A04151,Beacon Healthcare Health System,Arizona,2022,0,0.06953856014753684,0,0.23
A04155,Metro Medical Partners Care Network,California,2022,1,0.1738973437884946,0,0.23
A04161,Pinnacle Healthcare Health System,Missouri,2022,0,0.31088757914465853,1,0.23
A04164,Parkview Health Partners Care Network,Florida,2022,0,0.07161919854440067,0,0.23
A04174,Heartland Health Physician Alliance,Missouri,2022,0,0.03937921348855715,0,0.23
A04180,Beacon Health Partners,California,2022,0,0.1909881024183205,0,0.23
A04186,Lakeside Medical Care Network,Missouri,2022,1,0.03887944716071361,0,0.23
A04188,Golden Valley Medical Network,Michigan,2022,0,0.12072443887744973,0,0.23
A04196,Riverside Physicians Collaborative,New York,2022,0,0.119904154103065,0,0.23
A04213,Pinnacle Medical Partners Association,New York,2022,0,0.06228453498026412,0,0.23
A04226,Canyon Medical Medical Center,Ohio,2022,0,0.18967512431856426,0,0.23
A04231,Eastgate Health Alliance Network,Texas,2022,0,0.08936767009734828,0,0.23
A04232,Community Wellness Association,Ohio,2022,0,0.1928905658860152,0,0.23
A04235,Blue Ridge Medical Group Alliance,Pennsylvania,2022,0,0.05232736458488239,0,0.23
A04242,Heritage Medical Collaborative,Indiana,2022,0,0.07196682667633834,0,0.23
A04245,Evergreen Care Group,Alabama,2022,0,0.03945320242021052,0,0.23
A04248,Cedar Wellness Collaborative,Alabama,2022,0,0.07654414771898535,0,0.23
A04249,Springfield Medical Physician Alliance,Virginia,2022,0,0.11971832068846994,0,0.23
A04255,Canyon Care Alliance Network,Colorado,2022,0,0.12894433423353927,0,0.23
A04257,Mountain View Medical Health System,Maryland,2022,0,0.06462757103541233,0,0.23
A04258,Valley Care Network Care Network,New York,2022,0,0.07990196613010694,0,0.23
A04261,Stonebridge Provider Alliance Partners,Virginia,2022,1,0.23110173680714471,1,0.23
A04271,Highland Care Network Medical Center,Arizona,2022,0,0.06197073620674505,0,0.23
A04280,Parkview Clinical Partners Care Network,New York,2022,0,0.5101628045065759,1,0.23
A04281,Riverbend Healthcare Medical Center,Texas,2022,1,0.03326667178699754,0,0.23
A04282,Oakridge Care Network Care Network,Indiana,2022,0,0.20868595526998626,0,0.23
A04283,Eastgate Health Partners Collaborative,Michigan,2022,0,0.23117321884297162,1,0.23
A04288,Crestview Physicians Alliance,Pennsylvania,2022,0,0.09880847133972924,0,0.23
A04289,Stonebridge Health Collaborative Network,Maryland,2022,0,0.1546712195071929,0,0.23
A04293,Lakeside Healthcare Health System,New York,2022,0,0.22647506175544405,0,0.23
A04316,Golden Valley Clinical Partners Physician Alliance,Indiana,2022,0,0.02587066366656112,0,0.23
A04319,Metro Medical Group Group,New Jersey,2022,0,0.250947912889685,1,0.23
A04323,Silverstone Health Collaborative Alliance,Oregon,2022,1,0.24121909631906654,1,0.23
A04327,Heartland Health Alliance Partners,Maryland,2022,0,0.039029767351052264,0,0.23
A04331,Beacon Care Network Medical Center,Colorado,2022,0,0.08741746022032175,0,0.23
A04334,Eastgate Care Alliance Physician Alliance,Minnesota,2022,1,0.13285483739711623,0,0.23
A04338,Pioneer Clinical Partners Partners,Illinois,2022,0,0.2321942536787049,1,0.23
A04345,Green Valley Care Group,Indiana,2022,0,0.09530430416413027,0,0.23
A04347,Oakridge Medical Group Association,Washington,2022,0,0.10823423161396825,0,0.23
A04348,Stonebridge Health Collaborative Health System,Missouri,2022,0,0.15064328228361562,0,0.23
A04349,Cedar Care Alliance,Maryland,2022,0,0.032531685954194395,0,0.23
A04353,Eastgate Health Network Partners,Arizona,2022,0,0.17544189164633692,0,0.23
A04355,Green Valley Provider Alliance Network,Texas,2022,1,0.2965866709212758,1,0.23
A04369,Riverbend Health Partners Group,Alabama,2022,0,0.18995895417851252,0,0.23
A04370,Evergreen Care Alliance Alliance,Missouri,2022,0,0.10700648705939354,0,0.23
A04375,Westfield Care Alliance,North Carolina,2022,0,0.10345910764548456,0,0.23
A04377,Highland Provider Alliance Network,North Carolina,2022,0,0.0597987083498054,0,0.23
A04384,Riverbend Medical Partners Group,Alabama,2022,0,0.04948623780157788,0,0.23
A04390,Lakeside Health Physician Alliance,North Carolina,2022,0,0.06836667584955625,0,0.23
A04397,Gateway Health Collaborative,Texas,2022,1,0.16852521694217476,0,0.23
A04399,Silverstone Care Partners Physician Alliance,Connecticut,2022,0,0.07747293990919446,0,0.23
A04402,Pinnacle Health Group,Oregon,2022,0,0.20745661660079015,0,0.23
A04403,Grandview Health Network Health System,Massachusetts,2022,0,0.025237042642812426,0,0.23
A04404,Blue Ridge Community Care Network,Arizona,2022,1,0.31497561605388724,1,0.23
A04408,Summit Clinical Partners Group,Arizona,2022,0,0.04416096798406494,0,0.23
A04410,Green Valley Medical Partners Association,Colorado,2022,1,0.1412267573942416,0,0.23
A04411,Valley Physician Network Medical Center,Tennessee,2022,0,0.09353734633757735,0,0.23
A04424,Gateway Health Partners Physician Alliance,Connecticut,2022,1,0.7326713358635082,1,0.23
A04433,Pioneer Provider Alliance Health System,Arizona,2022,0,0.09779509181169084,0,0.23
A04441,Redwood Health Partners Physician Alliance,Oregon,2022,0,0.17912379810636142,0,0.23
A04448,Springfield Care Alliance Care Network,Wisconsin,2022,0,0.04230052504149003,0,0.23
A04449,Parkview Health Network Health System,Texas,2022,0,0.09522621135282129,0,0.23
A04450,Blue Ridge Integrated Health Collaborative,Minnesota,2022,0,0.11385760279716482,0,0.23
A04451,Meadow Physician Network Collaborative,Georgia,2022,0,0.12048432300898072,0,0.23
A04452,Grandview Medical Partners,California,2022,0,0.11035881108006737,0,0.23
A04453,Metro Physicians Group,Maryland,2022,0,0.261436505326409,1,0.23
A04458,Evergreen Medical Health System,Pennsylvania,2022,0,0.02575311594413713,0,0.23
A04467,Eastgate Integrated Health Medical Center,Minnesota,2022,0,0.07054031147077909,0,0.23
A04472,Beacon Health Partners Group,Colorado,2022,0,0.16595663702330835,0,0.23
A04473,Stonebridge Health Association,North Carolina,2022,1,0.2707027332428697,1,0.23
A04474,Beacon Physicians Medical Center,Connecticut,2022,0,0.09316378225965717,0,0.23
A04480,Highland Medical Group Physician Alliance,Washington,2022,0,0.1449383182817999,0,0.23
A04500,Meadow Health Alliance Collaborative,Maryland,2022,1,0.36846232884779817,1,0.23
A04502,Fairview Care Network Alliance,Tennessee,2022,0,0.09687086332279557,0,0.23
A04515,Fairview Medical Partners Health System,Indiana,2022,1,0.20970917287498858,0,0.23
A04517,Silverstone Medical Health System,Michigan,2022,0,0.13355950664593563,0,0.23
A04520,Valley Health Partners Alliance,Arizona,2022,0,0.12528496075728124,0,0.23
A04525,Canyon Integrated Health Group,Virginia,2022,0,0.09506730740358836,0,0.23
A04537,Maplewood Care Network Group,New York,2022,0,0.032936130565926876,0,0.23
A04538,Pioneer Care Association,Georgia,2022,0,0.17593069993655522,0,0.23
A04539,Silverstone Physician Network Association,Colorado,2022,0,0.03603513086091837,0,0.23
A04544,Valley Clinical Partners Health System,North Carolina,2022,1,0.37152390026556775,1,0.23
A04546,Horizon Provider Alliance Group,Indiana,2022,0,0.0557174512835554,0,0.23
A04550,Redwood Health Partners Group,Missouri,2022,0,0.15926261108059592,0,0.23
A04558,Blue Ridge Wellness Medical Center,Georgia,2022,1,0.13724674173512302,0,0.23
A04559,Redwood Health Partners Association,Alabama,2022,0,0.20936255904949289,0,0.23
A04561,Westfield Care Alliance Collaborative,Alabama,2022,0,0.09217598043142558,0,0.23
A04562,Pioneer Health Alliance Group,Tennessee,2022,0,0.25165563383887807,1,0.23
A04567,Stonebridge Wellness Medical Center,Florida,2022,0,0.04629062630616551,0,0.23
A04572,Oakridge Care Network Network,Virginia,2022,0,0.3460989484318201,1,0.23
A04575,Fairview Health Alliance Health System,Washington,2022,0,0.17934411908158812,0,0.23
A04576,Springfield Integrated Health Health System,Virginia,2022,0,0.056166899333293524,0,0.23
A04588,Maplewood Care Alliance Partners,Ohio,2022,1,0.24037474870540484,1,0.23
A04599,Gateway Health Partners,Florida,2022,0,0.10016846650809583,0,0.23
A04611,Oakridge Community Care Network,Pennsylvania,2022,0,0.1336381041845265,0,0.23
A04614,Springfield Community Care Health System,Pennsylvania,2022,0,0.1640178439231128,0,0.23
A04620,Eastgate Healthcare Group,Florida,2022,1,0.6049100374390929,1,0.23
A04627,Parkview Health Collaborative Physician Alliance,New Jersey,2022,0,0.045160334342743275,0,0.23
A04629,Gateway Health Collaborative Alliance,Alabama,2022,0,0.2014520115405578,0,0.23
A04631,Canyon Clinical Partners Health System,Arizona,2022,0,0.12254990108590945,0,0.23
A04645,Springfield Care Partners Medical Center,Michigan,2022,0,0.0825442604532417,0,0.23
A04651,Fairview Wellness Partners,Massachusetts,2022,0,0.10117980385818041,0,0.23
A04661,Crestview Medical Group Group,New Jersey,2022,0,0.16239703824985605,0,0.23
A04664,Oakridge Health Collaborative Collaborative,Minnesota,2022,0,0.4746824517332979,1,0.23
A04665,WellSpring Care Physician Alliance,Massachusetts,2022,0,0.050451067779120375,0,0.23
A04666,Riverbend Medical Medical Center,Florida,2022,1,0.15004619617256684,0,0.23
A04667,Riverside Health Network,California,2022,0,0.06129783064843581,0,0.23
A04677,Lakeside Care Partners,Oregon,2022,0,0.1717762575525918,0,0.23
A04680,Beacon Medical Group Medical Center,Florida,2022,0,0.22861072551064635,0,0.23
A04688,Grandview Healthcare Alliance,Illinois,2022,0,0.065870503810227,0,0.23
A04703,Riverside Care Partners Care Network,Missouri,2022,0,0.07465115083002759,0,0.23
A04722,Maplewood Health Network Care Network,Florida,2022,0,0.1276270642460676,0,0.23
A04729,Green Valley Health Partners Health System,Massachusetts,2022,0,0.051647537509327025,0,0.23
A04730,Heartland Care Care Network,Pennsylvania,2022,0,0.19600044945527134,0,0.23
A04732,Highland Care Partners Physician Alliance,Tennessee,2022,0,0.06051947578618551,0,0.23
A04735,Grandview Integrated Health Group,Georgia,2022,1,0.2782651668469374,1,0.23
A04736,Valley Care Network Group,Illinois,2022,0,0.047691659283898014,0,0.23
A04749,Lakeside Medical Physician Alliance,Colorado,2022,0,0.02253689030408185,0,0.23
A04751,Meadow Wellness Medical Center,Arizona,2022,1,0.2977168440515354,1,0.23
A04752,Fairview Medical Partners Group,Massachusetts,2022,0,0.029584793614583167,0,0.23
A04755,Summit Clinical Partners Network,Connecticut,2022,0,0.056658576724360976,0,0.23
A04760,Westfield Medical Group Collaborative,Arizona,2022,0,0.09029556294451935,0,0.23
A04770,Oakridge Community Care Health System,North Carolina,2022,0,0.18057869268065926,0,0.23
A04786,Green Valley Wellness Physician Alliance,Arizona,2022,1,0.13453930489905552,0,0.23
A04796,Parkview Provider Alliance Health System,Texas,2022,0,0.2022513223303987,0,0.23
A04802,Lakeside Community Care Health System,New Jersey,2022,0,0.20059438821281936,0,0.23
A04809,Parkview Care Network Physician Alliance,Missouri,2022,0,0.04579745708287472,0,0.23
A04819,Metro Medical Group Network,Arizona,2022,0,0.15824029908531823,0,0.23
A04824,Eastgate Wellness Collaborative,Minnesota,2022,0,0.04370383379286204,0,0.23
A04825,Valley Physicians Physician Alliance,Oregon,2022,0,0.09418273479992044,0,0.23
A04829,Highland Care Alliance Medical Center,Pennsylvania,2022,0,0.09121583960112754,0,0.23
A04832,Lakeside Medical Alliance,Wisconsin,2022,0,0.09324805837252892,0,0.23
A04838,Summit Health Alliance Care Network,Ohio,2022,0,0.1106598557941759,0,0.23
A04846,Community Integrated Health Group,Tennessee,2022,0,0.05251367439467887,0,0.23
A04848,Valley Community Care Care Network,Massachusetts,2022,0,0.045403553725195916,0,0.23
A04856,Highland Clinical Partners Partners,Michigan,2022,0,0.1165275392116152,0,0.23
A04879,Northstar Provider Alliance Network,Illinois,2022,0,0.10774202545112926,0,0.23
A04883,Blue Ridge Care Group,Missouri,2022,0,0.1701473301599007,0,0.23
A04886,Beacon Care Alliance Health System,Illinois,2022,0,0.11072478022557515,0,0.23
A04889,Meadow Care Partners Alliance,Connecticut,2022,0,0.10263820263911605,0,0.23
A04892,Silverstone Health Partners Network,Washington,2022,0,0.20487019345843063,0,0.23
A04896,Horizon Care Alliance Partners,Washington,2022,0,0.07888886757343422,0,0.23
A04903,Blue Ridge Care Partners Alliance,New York,2022,0,0.03899464906117951,0,0.23
A04906,Gateway Provider Alliance Physician Alliance,Missouri,2022,0,0.24169435255594407,1,0.23
A04909,Redwood Health Network Health System,Arizona,2022,1,0.7303604074003189,1,0.23
A04910,Oakridge Integrated Health Group,Minnesota,2022,0,0.1578322751270504,0,0.23
A04914,Golden Valley Community Care Collaborative,New York,2022,0,0.11835348065672263,0,0.23
A04916,Oakridge Integrated Health Health System,Michigan,2022,0,0.10369094838947632,0,0.23
A04918,Northstar Community Care Association,Massachusetts,2022,0,0.12772024825942688,0,0.23
A04919,Grandview Care Alliance Network,Arizona,2022,0,0.14929187874767824,0,0.23
A04921,Pinnacle Community Care Partners,Tennessee,2022,1,0.09237578365040665,0,0.23
A04922,Horizon Care Association,Colorado,2022,0,0.17335811572733642,0,0.23
A04930,Riverside Medical Physician Alliance,California,2022,0,0.10320217104895539,0,0.23
A04935,Meadow Care Partners Health System,Pennsylvania,2022,0,0.2736631381487108,1,0.23
A04943,Riverside Health Group,Indiana,2022,0,0.10591995482987356,0,0.23
A04944,Golden Valley Provider Alliance Physician Alliance,Missouri,2022,0,0.019107050332573525,0,0.23
A04946,Golden Valley Medical Health System,Texas,2022,1,0.15409714039039785,0,0.23
A04958,Heritage Medical Group Group,Minnesota,2022,0,0.058847513886357644,0,0.23
A04960,Horizon Physicians Health System,Illinois,2022,0,0.07398682433487763,0,0.23
A04961,Lakeside Health Alliance,Connecticut,2022,0,0.06537068683924828,0,0.23
A04964,Mountain View Care Alliance Care Network,California,2022,0,0.06144885275283151,0,0.23
A04965,Redwood Wellness Group,Wisconsin,2022,0,0.15407394869097352,0,0.23
A04970,Oakridge Care Network Partners,Connecticut,2022,0,0.036813222264161546,0,0.23
A04974,Canyon Physician Network Association,North Carolina,2022,0,0.10983865227178877,0,0.23
A04977,Valley Physicians Group,Missouri,2022,0,0.07022363063997218,0,0.23
A04978,Heritage Physician Network Medical Center,Michigan,2022,0,0.0817085318506586,0,0.23
A04979,Evergreen Care Network Collaborative,Virginia,2022,0,0.0805441114177842,0,0.23
A04984,Springfield Care Alliance Collaborative,Oregon,2022,1,0.09595807730531358,0,0.23
A04987,Oakridge Medical Partners Group,Connecticut,2022,0,0.22636709409614283,0,0.23
A04990,Oakridge Integrated Health Network,Wisconsin,2022,0,0.10687535728526948,0,0.23
A04994,Northstar Care Network Group,Indiana,2022,0,0.2577331610572744,1,0.23
A04997,Eastgate Physician Network Collaborative,Arizona,2022,0,0.03596328433008739,0,0.23
A05001,Fairview Care Alliance Alliance,Missouri,2022,0,0.20565851580592687,0,0.23
A05008,Summit Care Network,New Jersey,2022,0,0.10323500109869307,0,0.23
A05022,Horizon Health Partners,Pennsylvania,2022,0,0.041970368793877055,0,0.23
A05024,Mountain View Healthcare Group,Georgia,2022,1,0.17579553080733856,0,0.23
A05036,Cedar Wellness Group,New Jersey,2022,0,0.13411644397699873,0,0.23
A05038,Metro Medical Physician Alliance,Minnesota,2022,0,0.1519481922367606,0,0.23
A05045,Eastgate Medical Group Physician Alliance,Texas,2022,0,0.17026431443698972,0,0.23
A05048,Clearview Wellness Association,Missouri,2022,0,0.05536671600219865,0,0.23
A05049,Redwood Physician Network Group,Colorado,2022,0,0.1030611773419357,0,0.23
A05050,Springfield Physician Network Collaborative,Texas,2022,0,0.22710913287627804,0,0.23
A05053,Grandview Wellness Physician Alliance,Florida,2022,0,0.15418970557325626,0,0.23
A05061,Meadow Health Alliance Partners,Colorado,2022,0,0.04005910007772849,0,0.23
A05062,Evergreen Integrated Health Physician Alliance,Texas,2022,0,0.1394497611752737,0,0.23
A05066,Gateway Medical Partners Physician Alliance,Alabama,2022,0,0.08043180836505609,0,0.23
A05067,Mountain View Physician Network Association,Michigan,2022,0,0.41253387495793686,1,0.23
A05084,Beacon Community Care Association,Oregon,2022,0,0.1844425329720796,0,0.23
A05087,Grandview Healthcare Health System,Arizona,2022,0,0.051360298697638335,0,0.23
A05088,Cedar Medical Physician Alliance,Wisconsin,2022,0,0.045443418726712,0,0.23
A05092,Brookside Community Care Care Network,Ohio,2022,0,0.19037684627510523,0,0.23
A05095,Highland Health Physician Alliance,Oregon,2022,0,0.11959748812776634,0,0.23
A05107,Pioneer Health Collaborative Medical Center,Maryland,2022,0,0.16266283470523188,0,0.23
A05112,Summit Healthcare Collaborative,Wisconsin,2022,0,0.06417310311648552,0,0.23
A05117,Northstar Health Group,Pennsylvania,2022,1,0.3774523309906352,1,0.23
A05120,Horizon Health Network Alliance,Connecticut,2022,0,0.04960467761538753,0,0.23
A05126,Heartland Integrated Health Physician Alliance,Missouri,2022,0,0.1680752260220851,0,0.23
A05128,Gateway Integrated Health Association,Oregon,2022,1,0.03344678704962546,0,0.23
A05142,Riverbend Community Care Partners,Tennessee,2022,0,0.12415648727012,0,0.23
A05148,Brookside Care Alliance Medical Center,California,2022,0,0.17820038182592754,0,0.23
A05149,Highland Health Partners Group,Maryland,2022,0,0.06706851529447995,0,0.23
A05154,Blue Ridge Physicians Physician Alliance,Tennessee,2022,0,0.1483318211855737,0,0.23
A05164,Westfield Community Care Partners,Missouri,2022,0,0.045634786467078456,0,0.23
A05167,Redwood Health Health System,Wisconsin,2022,0,0.09017200646417174,0,0.23
A05168,Oakridge Health Partners Network,Missouri,2022,0,0.19143379400171132,0,0.23
A05169,Stonebridge Medical Alliance,Missouri,2022,0,0.14292151958122468,0,0.23
A05186,Valley Health Physician Alliance,Maryland,2022,0,0.0447228118707207,0,0.23
A05191,Parkview Health Association,Tennessee,2022,0,0.32268748983436724,1,0.23
A05192,Gateway Medical Alliance,Tennessee,2022,0,0.11948100671374917,0,0.23
A05196,Highland Care Partners Group,Connecticut,2022,0,0.030714191562251372,0,0.23
A05198,Crestview Health Partners Health System,Minnesota,2022,0,0.08219343218721333,0,0.23
A05201,Horizon Medical Partners Partners,Ohio,2022,0,0.0498460676197025,0,0.23
A05208,Metro Provider Alliance Association,Colorado,2022,0,0.0484839551628455,0,0.23
A05210,Clearview Physicians Health System,Virginia,2022,0,0.024920747867847766,0,0.23
A05214,Northstar Wellness Association,Michigan,2022,0,0.06097895082397354,0,0.23
A05216,Grandview Physicians Care Network,Pennsylvania,2022,0,0.14759005509581136,0,0.23
A05217,Gateway Care Alliance Group,Ohio,2022,0,0.18938579170534042,0,0.23
A05224,Springfield Healthcare Care Network,North Carolina,2022,0,0.10024670092589914,0,0.23
A05225,Highland Provider Alliance Partners,Washington,2022,0,0.0805155520577077,0,0.23
A05237,WellSpring Health Alliance Alliance,Connecticut,2022,0,0.10756399035882458,0,0.23
A05244,Oakridge Care Group,Connecticut,2022,0,0.18072161467013287,0,0.23
A05261,Redwood Healthcare Physician Alliance,Texas,2022,0,0.04042533169932655,0,0.23
A05264,Meadow Health Alliance Care Network,Georgia,2022,0,0.32114956317597143,1,0.23
A05272,Brookside Health Partners Collaborative,Connecticut,2022,0,0.04602750297120592,0,0.23
A05281,Horizon Medical Group Health System,Maryland,2022,0,0.10443847611131385,0,0.23
A05288,Heritage Care Network Association,Virginia,2022,0,0.1732608859956311,0,0.23
A05290,Maplewood Clinical Partners Alliance,Florida,2022,0,0.07822042169531575,0,0.23
A05310,Pinnacle Health Collaborative Alliance,Washington,2022,1,0.07706892405395244,0,0.23
A05324,Northstar Medical Group Health System,Washington,2022,0,0.16582624330897072,0,0.23
A05329,Summit Health Collaborative Medical Center,Georgia,2022,0,0.19873942418463902,0,0.23
A05341,Pioneer Wellness Physician Alliance,North Carolina,2022,0,0.10621031534474296,0,0.23
A05345,Parkview Care Health System,Wisconsin,2022,0,0.11206751830861642,0,0.23
A05349,Springfield Health Partners Network,Pennsylvania,2022,0,0.45863675676985943,1,0.23
A05350,Northstar Clinical Partners Alliance,Oregon,2022,0,0.08399150070331932,0,0.23
A05353,Meadow Health Partners Care Network,California,2022,0,0.11744412447987934,0,0.23
A05356,Blue Ridge Health Collaborative Network,Georgia,2022,1,0.40352659421354703,1,0.23
A05358,Clearview Health Network Care Network,New Jersey,2022,0,0.02624043018322757,0,0.23
A05359,Crestview Medical Collaborative,Wisconsin,2022,0,0.07047667249569199,0,0.23
A05360,Crestview Care Partners Alliance,Maryland,2022,0,0.07712775384520866,0,0.23
A05370,Parkview Health Physician Alliance,Maryland,2022,1,0.15784073467085086,0,0.23
A05373,Pinnacle Care Network Medical Center,Oregon,2022,0,0.04332733659456609,0,0.23
A05376,Riverbend Care Partners,Washington,2022,0,0.09288557317307275,0,0.23
A05379,Pioneer Care Alliance Medical Center,Connecticut,2022,0,0.2573971511542999,1,0.23
A05382,Pinnacle Medical Partners Group,Connecticut,2022,0,0.1897731339067181,0,0.23
A05384,Mountain View Community Care Physician Alliance,Illinois,2022,0,0.060462697368399244,0,0.23
A05386,Green Valley Integrated Health Collaborative,Florida,2022,0,0.3697832091780551,1,0.23
A05388,Gateway Care Partners Group,Florida,2022,0,0.17141237944971152,0,0.23
A05391,Community Community Care Medical Center,Arizona,2022,0,0.3418519642948308,1,0.23
A05393,Northstar Community Care Group,Maryland,2022,0,0.024216975358014512,0,0.23
A05394,Metro Health Collaborative Partners,Alabama,2022,0,0.2750536993354892,1,0.23
A05395,Westfield Health Partners Collaborative,Alabama,2022,0,0.017528469923801356,0,0.23
A05400,Heartland Care Medical Center,New York,2022,0,0.06542782246910671,0,0.23
A05403,Golden Valley Healthcare Partners,Georgia,2022,0,0.1032490700469858,0,0.23
A05418,Crestview Wellness Association,Oregon,2022,0,0.22100488488793438,0,0.23
A05423,Westfield Health Collaborative Association,Ohio,2022,0,0.19039125341994448,0,0.23
A05428,Metro Health Network Network,Missouri,2022,1,0.046209944147825296,0,0.23
A05430,Brookside Health Collaborative Group,Washington,2022,0,0.0658649418668863,0,0.23
A05433,Pioneer Care Alliance Care Network,North Carolina,2022,0,0.03053430903723475,0,0.23
A05434,Clearview Health Partners Medical Center,Indiana,2022,0,0.06695723755987455,0,0.23
A05436,Maplewood Physician Network Care Network,New Jersey,2022,0,0.17208087001274552,0,0.23
A05440,Metro Health Partners Care Network,Pennsylvania,2022,1,0.5781253238603994,1,0.23
A05444,Valley Healthcare Group,Tennessee,2022,0,0.04380082529108968,0,0.23
A05449,Valley Care Alliance Health System,Wisconsin,2022,0,0.0798966726588508,0,0.23
A05450,Clearview Health Collaborative Network,Ohio,2022,0,0.04779451863403638,0,0.23
A05458,Pioneer Wellness Group,Ohio,2022,0,0.15568987371324952,0,0.23
A05460,Canyon Physician Network Physician Alliance,Indiana,2022,0,0.01966543003611009,0,0.23
A05465,Pinnacle Care Partners Partners,Oregon,2022,0,0.023216742220725003,0,0.23
A05467,Meadow Healthcare Medical Center,Virginia,2022,1,0.16081758384608963,0,0.23
A05471,Cedar Care Alliance Partners,Arizona,2022,1,0.18444012660720574,0,0.23
A05475,Mountain View Care Partners Care Network,Michigan,2022,0,0.18600906882788512,0,0.23
A05478,Stonebridge Care Alliance Care Network,Illinois,2022,0,0.08128441807112012,0,0.23
A05479,Heartland Care Network Collaborative,North Carolina,2022,0,0.15732962858189736,0,0.23
A05484,Riverside Physicians Network,Florida,2022,0,0.2121408594371299,0,0.23
A05497,Community Healthcare Network,Missouri,2022,0,0.10818136810784086,0,0.23
A05507,Springfield Clinical Partners Alliance,Wisconsin,2022,0,0.08524784711833387,0,0.23
A05510,Riverside Medical Group Medical Center,North Carolina,2022,0,0.0763235384780599,0,0.23
A05516,Riverside Health Health System,Maryland,2022,0,0.12941990835079312,0,0.23
A05539,Gateway Community Care Care Network,Ohio,2022,0,0.0857586116403213,0,0.23
A05544,Mountain View Medical Group Association,Pennsylvania,2022,0,0.04960467761538753,0,0.23
A05551,Redwood Health Network Care Network,Minnesota,2022,0,0.13253882265932848,0,0.23
A05555,Clearview Clinical Partners Network,Massachusetts,2022,1,0.08172044261136648,0,0.23
A05557,Evergreen Health Network Alliance,Massachusetts,2022,0,0.15731083622551714,0,0.23
A05558,Heartland Care Health System,Oregon,2022,0,0.04192671936240393,0,0.23
A05563,Redwood Medical Group Partners,Virginia,2022,1,0.04228221174531793,0,0.23
A05567,Parkview Health Network Alliance,Illinois,2022,0,0.16825387857805044,0,0.23
A05570,Golden Valley Care Alliance Physician Alliance,Tennessee,2022,0,0.09518176884826507,0,0.23
A05572,Clearview Health Collaborative Care Network,Maryland,2022,0,0.011970531948504694,0,0.23
A05577,Horizon Wellness Partners,Alabama,2022,0,0.15241964001094466,0,0.23
A05584,Green Valley Clinical Partners Network,Indiana,2022,0,0.12770495541667867,0,0.23
A05592,Golden Valley Healthcare Health System,Illinois,2022,0,0.24283046120339866,1,0.23
A05594,Grandview Health Network Collaborative,Arizona,2022,0,0.057554460087827754,0,0.23
A05600,Crestview Healthcare Alliance,Colorado,2022,0,0.06933668690014386,0,0.23
A05604,Horizon Provider Alliance Partners,Pennsylvania,2022,0,0.13527144531072072,0,0.23
A05605,Riverside Care Alliance Care Network,Michigan,2022,0,0.09616998444663018,0,0.23
A05614,Unity Care Alliance Group,Colorado,2022,0,0.09591806664740163,0,0.23
A05616,Gateway Health Collaborative Care Network,Maryland,2022,0,0.1297589611222386,0,0.23
A05625,Cedar Medical Partners Medical Center,Washington,2022,0,0.11612790572703019,0,0.23
A05626,Valley Medical Partners Network,Virginia,2022,1,0.5413032098711632,1,0.23
A05628,Stonebridge Care Network Collaborative,Tennessee,2022,1,0.5663147637922266,1,0.23
A05630,Northstar Health Collaborative Partners,Alabama,2022,0,0.049145893004537575,0,0.23
A05631,Westfield Clinical Partners Partners,Alabama,2022,0,0.10891321522955634,0,0.23
A05633,Fairview Health Network Health System,Virginia,2022,0,0.07536710872415708,0,0.23
A05635,Beacon Integrated Health Network,Georgia,2022,1,0.20770324800184048,0,0.23
A05636,Pioneer Physician Network Association,New York,2022,1,0.20342533021687867,0,0.23
A05638,Unity Medical Partners Network,Wisconsin,2022,1,0.43626523608371653,1,0.23
A05643,Redwood Community Care Care Network,Minnesota,2022,0,0.034608173365407134,0,0.23
A05645,Riverbend Clinical Partners Collaborative,Oregon,2022,0,0.17117434715307586,0,0.23
A05646,Heritage Health Network Care Network,New Jersey,2022,0,0.056757709827282135,0,0.23
A05649,Oakridge Health Collaborative Health System,Massachusetts,2022,0,0.1913246999261478,0,0.23
A05650,Pioneer Medical Alliance,Colorado,2022,0,0.10204044342409495,0,0.23
A05655,Lakeside Medical Partners Alliance,Massachusetts,2022,0,0.08022073659495423,0,0.23
A05658,Community Provider Alliance Care Network,New Jersey,2022,0,0.15703048860170735,0,0.23
A05663,Green Valley Health Collaborative Association,Washington,2022,0,0.17728535484696648,0,0.23
A05668,Crestview Health Network Network,California,2022,0,0.12317113384003198,0,0.23
A05669,Northstar Physician Network Care Network,Massachusetts,2022,0,0.22382602767566237,0,0.23
A05677,Pinnacle Medical Alliance,New Jersey,2022,0,0.16636171708383382,0,0.23
A05678,Grandview Clinical Partners Collaborative,Illinois,2022,1,0.24731949921126595,1,0.23
A05679,Green Valley Health Collaborative Medical Center,Georgia,2022,0,0.09102126351083374,0,0.23
A05681,Highland Care Alliance Partners,North Carolina,2022,1,0.5781253238603994,1,0.23
A05687,Cedar Health Alliance Health System,Michigan,2022,0,0.059733841523085154,0,0.23
A05689,WellSpring Healthcare Collaborative,Ohio,2022,0,0.1742037806618409,0,0.23
A05693,Gateway Provider Alliance Group,California,2022,0,0.1536352218252264,0,0.23
A05697,Parkview Care Partners Health System,Tennessee,2022,0,0.13234281032458056,0,0.23
A05698,WellSpring Integrated Health Group,Ohio,2022,0,0.0850302385585011,0,0.23
A05705,Redwood Health Collaborative Partners,Massachusetts,2022,0,0.11639884448993784,0,0.23
A05729,Pinnacle Healthcare Association,Pennsylvania,2022,0,0.09327564582166,0,0.23
A05731,Springfield Medical Partners Care Network,Virginia,2022,0,0.06442258039137409,0,0.23
A05733,Redwood Health Partners Network,Colorado,2022,0,0.339218653719795,1,0.23
A05735,Fairview Medical Health System,Connecticut,2022,0,0.0816088011575313,0,0.23
A05736,Pioneer Health Partners Network,Pennsylvania,2022,0,0.19999099253773184,0,0.23
A05762,Riverside Healthcare Association,California,2022,0,0.10535512575937728,0,0.23
A05764,Summit Care Alliance Collaborative,Maryland,2022,1,0.05772636111899158,0,0.23
A05765,Valley Physician Network Alliance,Georgia,2022,1,0.049006182439222334,0,0.23
A05769,Green Valley Medical Group Physician Alliance,Georgia,2022,0,0.20869043301498064,0,0.23
A05772,Horizon Physician Network Physician Alliance,Massachusetts,2022,1,0.7878448283173962,1,0.23
A05781,Evergreen Health Partners Partners,Arizona,2022,1,0.18051002416252337,0,0.23
A05785,Summit Physician Network Care Network,Michigan,2022,0,0.10515017370245452,0,0.23
A05786,Lakeside Wellness Collaborative,Arizona,2022,1,0.09832986230400112,0,0.23
A05787,Heritage Community Care Collaborative,Minnesota,2022,0,0.08416105747539286,0,0.23
A05793,Mountain View Care Physician Alliance,Tennessee,2022,0,0.1836114954782303,0,0.23
A05802,Gateway Health Association,Indiana,2022,0,0.022100710210407694,0,0.23
A05803,Summit Health Network Health System,Connecticut,2022,0,0.06203461631306768,0,0.23
A05804,Riverbend Clinical Partners Association,Texas,2022,0,0.18824195138704178,0,0.23
A05806,Westfield Physicians Partners,Alabama,2022,0,0.011162554064125666,0,0.23
A05808,Summit Health Association,Illinois,2022,0,0.12187237924070406,0,0.23
A05811,Heritage Care Medical Center,Illinois,2022,0,0.15371230431486402,0,0.23
A05817,Heartland Care Partners Physician Alliance,Texas,2022,0,0.06642932436072385,0,0.23
A05830,Westfield Physicians Health System,North Carolina,2022,0,0.20621147436711393,0,0.23
A05831,Parkview Health Network Partners,Illinois,2022,0,0.022881518600006444,0,0.23
A05851,Summit Provider Alliance Health System,New Jersey,2022,0,0.1907593219249132,0,0.23
A05856,Green Valley Health Partners Group,Wisconsin,2022,0,0.06694354826728471,0,0.23
A05861,Parkview Care Partners,Connecticut,2022,0,0.17405991819972097,0,0.23
A05862,Summit Community Care Medical Center,Oregon,2022,1,0.25957284262980435,1,0.23
A05873,Summit Health Partners Health System,Illinois,2022,1,0.10626864137754649,0,0.23
A05875,Northstar Wellness Health System,Florida,2022,0,0.06006363029345904,0,0.23
A05880,Cedar Health Network Group,Arizona,2022,0,0.06227499725391089,0,0.23
A05881,Evergreen Physician Network Health System,Missouri,2022,0,0.15710538085659084,0,0.23
A05882,Blue Ridge Health Collaborative Health System,Massachusetts,2022,0,0.20244495480957853,0,0.23
A05896,Pinnacle Health Network Group,North Carolina,2022,0,0.11151791442440646,0,0.23
A05905,Evergreen Medical Group Alliance,New Jersey,2022,0,0.06094117392728384,0,0.23
A05912,Community Care Network Collaborative,Pennsylvania,2022,0,0.10625122426435184,0,0.23
A05913,Northstar Health Network Care Network,Michigan,2022,1,0.8054208487736063,1,0.23
A05917,Unity Care Network Group,Indiana,2022,0,0.0941256151974067,0,0.23
A05922,Evergreen Care Partners,New York,2022,0,0.3591988368928179,1,0.23
A05936,Beacon Care Network Health System,Arizona,2022,0,0.04195303741245595,0,0.23
A05939,Parkview Physician Network Medical Center,Minnesota,2022,0,0.05769705366683289,0,0.23
A05941,Blue Ridge Care Partners Medical Center,Missouri,2022,0,0.1321861780644828,0,0.23
A05947,Horizon Care Partners Care Network,Minnesota,2022,0,0.22861072551064635,0,0.23
A05948,Unity Integrated Health Association,Missouri,2022,1,0.36212644413680245,1,0.23
A05950,Maplewood Care Alliance Alliance,Pennsylvania,2022,0,0.16385645383252517,0,0.23
A05952,Beacon Care Partners Medical Center,Oregon,2022,0,0.14325698048919558,0,0.23
A05957,Springfield Care Network Association,Missouri,2022,0,0.25111189790001387,1,0.23
A05959,Evergreen Health Alliance,Maryland,2022,0,0.03785705049146484,0,0.23
A05975,Lakeside Healthcare Network,Alabama,2022,0,0.11519479109763915,0,0.23
A05982,Pioneer Physicians Alliance,Texas,2022,0,0.07234893800197244,0,0.23
A06010,Pinnacle Provider Alliance Physician Alliance,Maryland,2022,0,0.18350859200142997,0,0.23
A06033,Beacon Medical Partners Physician Alliance,New York,2022,1,0.2810788795981247,1,0.23
A06039,Valley Care Partners Association,Tennessee,2022,1,0.0871037901344053,0,0.23
A06044,Westfield Provider Alliance Association,Indiana,2022,0,0.06182617293503845,0,0.23
A06052,Oakridge Health Health System,Tennessee,2022,0,0.07178885061546382,0,0.23
A06055,Westfield Health Network Health System,Florida,2022,1,0.12021635306789413,0,0.23
A06059,Crestview Care Alliance Partners,Pennsylvania,2022,0,0.0652736106568434,0,0.23
A06061,Metro Wellness Collaborative,Oregon,2022,0,0.0988948896013167,0,0.23
A06079,WellSpring Integrated Health Collaborative,Oregon,2022,0,0.07569309438746472,0,0.23
A06082,Highland Care Health System,Connecticut,2022,0,0.050133641054947595,0,0.23
A06092,Pioneer Medical Partners Physician Alliance,Missouri,2022,1,0.1447634596581736,0,0.23
A06097,Mountain View Integrated Health Care Network,Ohio,2022,0,0.08177877147829024,0,0.23
A06103,Green Valley Integrated Health Group,Maryland,2022,1,0.46194587050455077,1,0.23
A06109,Evergreen Care Partners Care Network,Alabama,2022,0,0.06052458319434147,0,0.23
A06133,Riverside Care Group,Maryland,2022,0,0.09679261874963789,0,0.23
A06137,Clearview Physician Network Collaborative,Connecticut,2022,1,0.6974068501765703,1,0.23
A06144,WellSpring Medical Alliance,New York,2022,0,0.13394093297103712,0,0.23
A06151,Evergreen Clinical Partners Association,Washington,2022,0,0.14021204342510826,0,0.23
A06161,Grandview Health Collaborative Partners,Arizona,2022,0,0.02097821231019043,0,0.23
A06163,Cedar Wellness Physician Alliance,Florida,2022,0,0.12047632064358459,0,0.23
A06173,Parkview Medical Group Medical Center,North Carolina,2022,0,0.13967290820492267,0,0.23
A06176,Green Valley Physician Network Health System,Georgia,2022,0,0.07936385621103711,0,0.23
A06179,Blue Ridge Care Partners Partners,Minnesota,2022,0,0.12852459583662015,0,0.23
A06181,Maplewood Medical Group Group,New Jersey,2022,0,0.0708677697448864,0,0.23
A06192,Highland Medical Partners Partners,Michigan,2022,0,0.060952294741448254,0,0.23
A06193,Stonebridge Community Care Association,Minnesota,2022,0,0.042966639308979857,0,0.23
A06199,Unity Physicians Association,Arizona,2022,0,0.06878477706869252,0,0.23
A06203,WellSpring Clinical Partners Care Network,Michigan,2022,1,0.3645633705269512,1,0.23
A06209,Westfield Care Group,Texas,2022,0,0.02660321399531895,0,0.23
A06211,Stonebridge Care Alliance Physician Alliance,Indiana,2022,0,0.3972237098860426,1,0.23
A06212,Oakridge Medical Partners,California,2022,0,0.034905767290308,0,0.23
A06213,Highland Care Alliance,Oregon,2022,0,0.11927152281840399,0,0.23
A06221,Silverstone Health Alliance,Pennsylvania,2022,0,0.1629456317714583,0,0.23
A06223,Lakeside Medical Partners Partners,Illinois,2022,0,0.11903690047205068,0,0.23
A06230,Eastgate Community Care Alliance,Virginia,2022,0,0.2113343130581211,0,0.23
A06236,Springfield Wellness Medical Center,Ohio,2022,0,0.044239693446558336,0,0.23
A06238,Grandview Health Collaborative Care Network,Tennessee,2022,0,0.06047346141068835,0,0.23
A06255,Springfield Care Association,Texas,2022,0,0.11312201112380314,0,0.23
A06257,Community Medical Group Association,Wisconsin,2022,0,0.09688010404054417,0,0.23
A06269,Westfield Wellness Partners,North Carolina,2022,0,0.3365738963561325,1,0.23
A06271,Metro Care Partners Group,Oregon,2022,0,0.15326171016895024,0,0.23
A06272,Beacon Health Collaborative Group,Massachusetts,2022,0,0.0849961648355969,0,0.23
A06274,Green Valley Medical Association,Georgia,2022,0,0.020266631940322695,0,0.23
A06280,Horizon Health Physician Alliance,North Carolina,2022,1,0.28948763665279365,1,0.23
A06286,Fairview Medical Collaborative,Washington,2022,0,0.18010957209114248,0,0.23
A06288,Pinnacle Medical Group Partners,Georgia,2022,0,0.26174721084833025,1,0.23
A06289,Valley Health Alliance Physician Alliance,Tennessee,2022,0,0.14470020033822953,0,0.23
A06293,Metro Health Alliance Physician Alliance,Virginia,2022,0,0.0921128526160714,0,0.23
A06294,Beacon Physicians Health System,Washington,2022,0,0.06240179625189492,0,0.23
A06313,Valley Medical Partners Medical Center,Florida,2022,0,0.0755357870328979,0,0.23
A06329,Valley Health Collaborative Network,Oregon,2022,0,0.051406099502356035,0,0.23
A06335,Canyon Health Collaborative Alliance,Tennessee,2022,0,0.034347575803553125,0,0.23
A06342,Riverside Clinical Partners Partners,Ohio,2022,0,0.06084991047469713,0,0.23
A06343,Riverbend Care Partners Collaborative,Michigan,2022,0,0.08087345650816262,0,0.23
A06344,Brookside Care Network Partners,Massachusetts,2022,0,0.10686828056465586,0,0.23
A06351,Beacon Health Alliance Physician Alliance,Florida,2022,0,0.13411644397699873,0,0.23
A06354,Springfield Clinical Partners Association,California,2022,0,0.04324253385307615,0,0.23
A06363,Valley Health Alliance Association,Washington,2022,0,0.11245304306102405,0,0.23
A06364,Metro Health Alliance Health System,Missouri,2022,0,0.14655445253822513,0,0.23
A06368,Golden Valley Provider Alliance Partners,Pennsylvania,2022,0,0.07178885061546382,0,0.23
A06369,Meadow Care Alliance Care Network,Ohio,2022,0,0.12574619989971236,0,0.23
A06371,Northstar Health Alliance Medical Center,Minnesota,2022,0,0.0565798028898067,0,0.23
A06379,Oakridge Wellness Network,Texas,2022,0,0.18104419704482616,0,0.23
A06389,Springfield Community Care Partners,Wisconsin,2022,0,0.08629779269112733,0,0.23
A06391,Silverstone Provider Alliance Care Network,Wisconsin,2022,0,0.18608081577017732,0,0.23
A06395,Golden Valley Physicians Group,Virginia,2022,0,0.17917920991977979,0,0.23
A06398,Maplewood Integrated Health Network,Minnesota,2022,0,0.1600559520463801,0,0.23
A06399,Oakridge Health Partners Health System,New York,2022,0,0.1460344596032541,0,0.23
A06405,Riverbend Medical Alliance,North Carolina,2022,0,0.09640044444373068,0,0.23
A06424,Oakridge Health Partners Alliance,Connecticut,2022,0,0.16785547503660134,0,0.23
A06429,Maplewood Health Partners Health System,Missouri,2022,0,0.09753470072065676,0,0.23
A06434,Parkview Health Group,Pennsylvania,2022,0,0.030489207489433557,0,0.23
A06435,Community Clinical Partners Alliance,Washington,2022,0,0.08113084274957955,0,0.23
A06437,Heritage Health Collaborative Care Network,Tennessee,2022,0,0.056928903976079796,0,0.23
A06438,Summit Healthcare Physician Alliance,Massachusetts,2022,1,0.10864670538761462,0,0.23
A06451,Gateway Healthcare Medical Center,Florida,2022,0,0.12457002631409425,0,0.23
A06454,Unity Clinical Partners Care Network,Missouri,2022,0,0.10706780314954224,0,0.23
A06467,Horizon Healthcare Association,Tennessee,2022,0,0.1389706982782131,0,0.23
A06473,Mountain View Community Care Care Network,Ohio,2022,0,0.07778781296281308,0,0.23
A06476,Golden Valley Wellness Network,Missouri,2022,0,0.4085203637503005,1,0.23
A06477,Stonebridge Health Partners Health System,Virginia,2022,0,0.1883127754223597,0,0.23
A06483,Meadow Care Network Health System,Georgia,2022,0,0.019344452456512784,0,0.23
A06484,WellSpring Care Alliance Group,Minnesota,2022,0,0.13831044739348458,0,0.23
A06491,Crestview Provider Alliance Care Network,Alabama,2022,0,0.12178281475755791,0,0.23
A06494,Mountain View Health Care Network,Florida,2022,1,0.18203704833827905,0,0.23
A06495,WellSpring Health Partners Group,Tennessee,2022,0,0.08427515988890186,0,0.23
A06501,Redwood Wellness Medical Center,Ohio,2022,0,0.06116996878570319,0,0.23
A06505,Evergreen Health Alliance Network,Minnesota,2022,1,0.13692838845514896,0,0.23
A06512,Silverstone Care Network Care Network,Minnesota,2022,0,0.08795734228661985,0,0.23
A06521,Heartland Physician Network Alliance,Massachusetts,2022,0,0.18727547128312708,0,0.23
A06523,Fairview Wellness Collaborative,Maryland,2022,1,0.16782085984087836,0,0.23
A06531,Crestview Care Partners,North Carolina,2022,0,0.15128083865050934,0,0.23
A06535,Gateway Medical Group Medical Center,Wisconsin,2022,1,0.2555537557510517,1,0.23
A06538,Meadow Provider Alliance Care Network,Wisconsin,2022,0,0.0858769111134139,0,0.23
A06541,Meadow Wellness Network,Colorado,2022,0,0.032349802099462546,0,0.23
A06542,Eastgate Care Alliance Partners,Pennsylvania,2022,0,0.05979715829459296,0,0.23
A06545,Beacon Health Alliance Partners,North Carolina,2022,0,0.09600239604790527,0,0.23
A06553,Mountain View Care Partners Medical Center,Connecticut,2022,0,0.03533170522589586,0,0.23
A06556,Blue Ridge Care Network Collaborative,New York,2022,0,0.029520671534113772,0,0.23
A06558,Canyon Integrated Health Collaborative,New York,2022,1,0.23504312518456438,1,0.23
A06560,Silverstone Healthcare Health System,Connecticut,2022,0,0.031959082166438016,0,0.23
A06564,Cedar Medical Partners Collaborative,Minnesota,2022,0,0.12697588021167183,0,0.23
A06580,Clearview Care Alliance Network,Illinois,2022,1,0.18953159747753087,0,0.23
A06592,Cedar Health Network Care Network,Colorado,2022,0,0.05622498690022477,0,0.23
A06606,Fairview Care Partners Partners,Tennessee,2022,0,0.21174235028799404,0,0.23
A06607,Unity Health Network Association,California,2022,0,0.0744037296846543,0,0.23
A06622,Eastgate Care Group,New York,2022,0,0.04395249717713498,0,0.23
A06624,Evergreen Health Network Partners,Wisconsin,2022,0,0.09439758851137699,0,0.23
A06627,Fairview Clinical Partners Collaborative,Ohio,2022,0,0.07800920997671042,0,0.23
A06635,Summit Care Collaborative,Illinois,2022,0,0.03297412835383518,0,0.23
A06638,Cedar Medical Group Alliance,Ohio,2022,0,0.14470020033822953,0,0.23
A06640,Grandview Clinical Partners Health System,California,2022,1,0.16527803374278488,0,0.23
A06645,Gateway Physician Network Network,New Jersey,2022,0,0.10683479988397382,0,0.23
A06648,Pioneer Health Association,Colorado,2022,0,0.1398623710411742,0,0.23
A06654,Westfield Provider Alliance Medical Center,Michigan,2022,0,0.16531224642704714,0,0.23
A06656,Oakridge Health Collaborative Physician Alliance,Florida,2022,0,0.1938909091809558,0,0.23
A06660,Maplewood Healthcare Health System,Washington,2022,1,0.11167971044017082,0,0.23
A06661,Blue Ridge Health Collaborative,Minnesota,2022,0,0.2199674994630286,0,0.23
A06664,Meadow Medical Group Partners,California,2022,0,0.1775122595811191,0,0.23
A06665,Stonebridge Health Medical Center,Pennsylvania,2022,0,0.0523919349734208,0,0.23
A06669,Heritage Health Network Collaborative,North Carolina,2022,0,0.14299983257514612,0,0.23
A06672,Brookside Care Partners Medical Center,Illinois,2022,1,0.379654655409329,1,0.23
A06674,Fairview Medical Medical Center,Missouri,2022,0,0.24663066774584194,1,0.23
A06681,Eastgate Physician Network Group,Massachusetts,2022,0,0.09904282155469975,0,0.23
A06683,Pinnacle Medical Collaborative,Wisconsin,2022,0,0.15513913124713105,0,0.23
A06687,Evergreen Healthcare Collaborative,Connecticut,2022,0,0.07554406695506091,0,0.23
A06689,Riverside Integrated Health Physician Alliance,Indiana,2022,0,0.059027384949199534,0,0.23
A06692,Grandview Care Network Network,Missouri,2022,0,0.07002952128294881,0,0.23
A06693,Meadow Care Alliance,Colorado,2022,0,0.14296220998665307,0,0.23
A06696,Grandview Physicians Partners,Minnesota,2022,0,0.03808200615429086,0,0.23
A06700,WellSpring Medical Partners Alliance,Pennsylvania,2022,0,0.023831418385982368,0,0.23
A06702,Community Wellness Network,Minnesota,2022,0,0.07097559744910047,0,0.23
A06703,Beacon Health Collaborative,Alabama,2022,0,0.2172213362347536,0,0.23
A06705,Silverstone Care Collaborative,Texas,2022,1,0.2142224044605845,0,0.23
A06716,Clearview Medical Group Partners,Massachusetts,2022,0,0.05280899491952992,0,0.23
A06722,Redwood Care Partners,Massachusetts,2022,0,0.08937556030254423,0,0.23
A06748,Evergreen Health Collaborative Medical Center,Michigan,2022,0,0.11966574400244989,0,0.23
A06761,Highland Medical Health System,New Jersey,2022,0,0.09815613331887885,0,0.23
A06763,Green Valley Care Network Care Network,Washington,2022,1,0.16081644534033943,0,0.23
A06769,Pinnacle Medical Physician Alliance,North Carolina,2022,1,0.10633413262866816,0,0.23
A06783,Parkview Provider Alliance Association,Michigan,2022,0,0.05177963335005947,0,0.23
A06787,Horizon Care Network,Alabama,2022,0,0.12273613597251266,0,0.23
A06795,Silverstone Health Collaborative Group,Missouri,2022,0,0.3040769515046726,1,0.23
A06801,Unity Medical Partners,Minnesota,2022,0,0.11184504789265654,0,0.23
A06802,Horizon Medical Care Network,Georgia,2022,1,0.10463585764101685,0,0.23
A06807,Brookside Health Physician Alliance,Alabama,2022,0,0.054830648280969146,0,0.23
A06816,Golden Valley Health Network Care Network,Pennsylvania,2022,0,0.1540498489608941,0,0.23
A06835,Clearview Physicians Alliance,New Jersey,2022,0,0.1504793423982896,0,0.23
A06842,Lakeside Care Alliance Physician Alliance,Pennsylvania,2022,0,0.029976156642685346,0,0.23
A06846,Heritage Community Care Association,Arizona,2022,0,0.16083108913133706,0,0.23
A06849,Grandview Medical Physician Alliance,Georgia,2022,1,0.3432616290401351,1,0.23
A06851,Golden Valley Care Alliance Group,North Carolina,2022,0,0.11761333668031874,0,0.23
A06861,Green Valley Wellness Health System,Connecticut,2022,0,0.15084016322414792,0,0.23
A06865,Crestview Wellness Physician Alliance,Texas,2022,0,0.2050740343841043,0,0.23
A06907,Highland Medical Collaborative,Missouri,2022,0,0.07503996303558433,0,0.23
A06911,Highland Healthcare Physician Alliance,Indiana,2022,0,0.24135184421743727,1,0.23
A06918,Mountain View Care Network Group,New Jersey,2022,0,0.06975933922729577,0,0.23
A06919,Heritage Community Care Medical Center,Colorado,2022,0,0.06463034959983487,0,0.23
A06921,Crestview Care Partners Care Network,Virginia,2022,0,0.11210261102630911,0,0.23
A06940,Clearview Health Partners Alliance,Michigan,2022,0,0.2390443430333556,1,0.23
A06954,Redwood Physicians Physician Alliance,Georgia,2022,0,0.05880227177619171,0,0.23
A06955,Green Valley Provider Alliance Alliance,Connecticut,2022,0,0.08304642668060834,0,0.23
A06962,Eastgate Health Partners Health System,Minnesota,2022,0,0.01272174978267463,0,0.23
A06969,Horizon Medical Partners Medical Center,Massachusetts,2022,0,0.07543245998341117,0,0.23
A06971,Community Healthcare Group,Missouri,2022,0,0.03546351162882142,0,0.23
A06982,Green Valley Healthcare Alliance,Georgia,2022,1,0.09764272120132719,0,0.23
A06990,Parkview Clinical Partners Collaborative,Missouri,2022,0,0.060217768364289645,0,0.23
A06993,Eastgate Care Association,Alabama,2022,1,0.05656061514757089,0,0.23
A06994,Summit Community Care Association,Ohio,2022,0,0.05381876369464085,0,0.23
A06996,Golden Valley Care Network Collaborative,Maryland,2022,0,0.2283384116292878,0,0.23
A07011,Heritage Health Network Physician Alliance,Oregon,2022,0,0.23862407218933118,1,0.23
A07016,Riverbend Care Medical Center,Massachusetts,2022,0,0.04364645397295593,0,0.23
A07032,Springfield Care Network Network,Indiana,2022,0,0.024735421060792417,0,0.23
A07038,Evergreen Care Partners Collaborative,Colorado,2022,0,0.12567628739554304,0,0.23
A07057,Mountain View Wellness Alliance,New York,2022,0,0.1387479761826177,0,0.23
A07062,WellSpring Care Partners Physician Alliance,Minnesota,2022,0,0.11156518722857033,0,0.23
A07065,Valley Health Alliance Network,North Carolina,2022,0,0.25694555893987386,1,0.23
A07069,Pioneer Provider Alliance Association,Alabama,2022,0,0.0729929395645108,0,0.23
A07073,Lakeside Medical Partners Medical Center,Missouri,2022,0,0.234680185504424,1,0.23
A07079,Oakridge Health Alliance Network,Washington,2022,0,0.17845172523664415,0,0.23
A07081,Westfield Care Network Alliance,Alabama,2022,0,0.15503801837320907,0,0.23
A07083,Riverbend Physician Network Association,Virginia,2022,0,0.13515070635494245,0,0.23
A07084,Stonebridge Community Care Network,Indiana,2022,0,0.09808873752787534,0,0.23
A07085,Green Valley Care Care Network,Texas,2022,0,0.19725403867710767,0,0.23
A07089,Riverbend Health Collaborative Network,Ohio,2022,0,0.08593889212580738,0,0.23
A07093,Pinnacle Health Collaborative Partners,Maryland,2022,0,0.12024012520590911,0,0.23
A07101,Silverstone Physician Network Collaborative,Michigan,2022,0,0.06452745843700224,0,0.23
A07106,Heartland Integrated Health Medical Center,Indiana,2022,1,0.5433182334436883,1,0.23
A07110,Riverside Health Collaborative Association,Michigan,2022,0,0.24435947715771117,1,0.23
A07112,Blue Ridge Care Partners Care Network,Tennessee,2022,0,0.10313840393070423,0,0.23
A07119,Stonebridge Health Partners Group,New York,2022,1,0.43329400358936254,1,0.23
A07122,Maplewood Provider Alliance Alliance,Oregon,2022,0,0.16945276114907862,0,0.23
A07125,Highland Health Partners Network,North Carolina,2022,0,0.285112681893902,1,0.23
A07136,Riverside Physician Network Medical Center,Illinois,2022,0,0.11665243386382652,0,0.23
A07137,Horizon Health Collaborative Network,Tennessee,2022,0,0.047714140291499216,0,0.23
A07138,Silverstone Healthcare Alliance,Florida,2022,1,0.4920902140422268,1,0.23
A07143,Gateway Care Alliance Collaborative,New Jersey,2022,1,0.1840403935628406,0,0.23
A07144,Springfield Health Partners,Tennessee,2022,0,0.053391779358383615,0,0.23
A07147,Redwood Wellness Alliance,Michigan,2022,0,0.06082974874565988,0,0.23
A07152,Brookside Health Alliance Network,Alabama,2022,0,0.03942804369644084,0,0.23
A07155,Beacon Physician Network Collaborative,Florida,2022,1,0.17098745803916304,0,0.23
A07161,Pioneer Clinical Partners Care Network,Massachusetts,2022,0,0.15892571413544945,0,0.23
A07175,Mountain View Clinical Partners Physician Alliance,Georgia,2022,0,0.07264696133700839,0,0.23
A07179,Fairview Medical Partners Medical Center,Virginia,2022,0,0.048089432781109165,0,0.23
A07184,Lakeside Health Collaborative Alliance,Texas,2022,0,0.12914300322058567,0,0.23
A07193,Fairview Clinical Partners Network,Wisconsin,2022,0,0.05518179326414639,0,0.23
A07203,Summit Provider Alliance Care Network,Oregon,2022,0,0.06970811109398446,0,0.23
A07209,Silverstone Health Partners Care Network,New Jersey,2022,0,0.1480457892306711,0,0.23
A07215,Horizon Health Collaborative Collaborative,Arizona,2022,0,0.030441047091345885,0,0.23
A07221,Maplewood Physician Network Collaborative,Minnesota,2022,0,0.029768399210867536,0,0.23
A07223,Summit Care Partners Collaborative,Maryland,2022,0,0.056690931236929185,0,0.23
A07224,Brookside Care Partners,Oregon,2022,0,0.10465770555834927,0,0.23
A07228,Valley Wellness Physician Alliance,Michigan,2022,1,0.34244054039254207,1,0.23
A07231,Community Health Network Care Network,New Jersey,2022,1,0.20116974880304692,0,0.23
A07236,Community Health Alliance Health System,Ohio,2022,0,0.11481089875722067,0,0.23
A07238,Westfield Health Network Physician Alliance,Connecticut,2022,0,0.07398682433487763,0,0.23
A07239,Highland Care Partners Health System,Pennsylvania,2022,0,0.1390205240116817,0,0.23
A07243,Green Valley Care Network Alliance,Oregon,2022,1,0.35152309154069167,1,0.23
A07248,Northstar Health Physician Alliance,Tennessee,2022,0,0.19117974398746834,0,0.23
A07250,Heartland Wellness Association,Texas,2022,0,0.04728620310238049,0,0.23
A07254,Beacon Medical Group,Washington,2022,0,0.13344279343288779,0,0.23
A07264,Riverside Community Care Health System,Massachusetts,2022,1,0.3698130075060998,1,0.23
A07267,Riverbend Wellness Medical Center,Florida,2022,0,0.03039801895175677,0,0.23
A07274,Mountain View Health Collaborative Care Network,Virginia,2022,0,0.12100769828238996,0,0.23
A07284,Lakeside Care Alliance Association,Illinois,2022,0,0.21445997876117043,0,0.23
A07291,Gateway Care Collaborative,Wisconsin,2022,0,0.2192361399820542,0,0.23
A07297,Summit Healthcare Care Network,Maryland,2022,0,0.056175890717452645,0,0.23
A07299,Gateway Health Alliance Association,Texas,2022,0,0.12567628739554304,0,0.23
A07303,Westfield Integrated Health Group,Massachusetts,2022,1,0.20312528992941406,0,0.23
A07334,Unity Health Health System,Tennessee,2022,0,0.09227669184015432,0,0.23
A07341,Northstar Care Network Alliance,New Jersey,2022,0,0.06264168408891846,0,0.23
A07346,Northstar Provider Alliance Care Network,Alabama,2022,0,0.059079093029194556,0,0.23
A07351,Northstar Medical Group Medical Center,Missouri,2022,0,0.06225860465409446,0,0.23
A07356,Community Physicians Physician Alliance,New Jersey,2022,0,0.1843527638592915,0,0.23
A07358,Golden Valley Wellness Health System,Illinois,2022,0,0.0388819693193308,0,0.23
A07361,Metro Integrated Health Care Network,Arizona,2022,0,0.13635963335515586,0,0.23
A07362,Pioneer Healthcare Partners,Connecticut,2022,1,0.7121346467351922,1,0.23
A07374,Oakridge Care Network Health System,Michigan,2022,0,0.23363513768096383,1,0.23
A07377,Grandview Physician Network Care Network,Pennsylvania,2022,0,0.1433939991433057,0,0.23
A07384,Summit Physician Network Medical Center,Minnesota,2022,0,0.10642785444904534,0,0.23
A07403,Clearview Medical Partners Partners,Ohio,2022,0,0.06585043339354231,0,0.23
A07414,Westfield Medical Partners,Ohio,2022,1,0.4556425167084122,1,0.23
A07416,Clearview Integrated Health Group,Indiana,2022,0,0.15917330362816753,0,0.23
A07420,Oakridge Medical Partners Alliance,Indiana,2022,0,0.12315551291653247,0,0.23
A07432,Evergreen Clinical Partners Health System,Illinois,2022,1,0.15510300224856421,0,0.23
A07434,Heritage Provider Alliance Collaborative,Minnesota,2022,0,0.10583387645564551,0,0.23
A07436,WellSpring Care Network Medical Center,Texas,2022,0,0.08810591193912788,0,0.23
A07442,Redwood Health Alliance Association,Illinois,2022,1,0.75287628771023,1,0.23
A07450,Crestview Community Care Partners,California,2022,0,0.22347575981366366,0,0.23
A07452,Heartland Care Partners Group,Virginia,2022,0,0.08579533786647561,0,0.23
A07459,Unity Health Collaborative Partners,Connecticut,2022,0,0.16728620379931633,0,0.23
A07460,Lakeside Care Physician Alliance,Oregon,2022,0,0.08082730624238967,0,0.23
A07464,Silverstone Physicians Alliance,New York,2022,1,0.8455576668022617,1,0.23
A07467,Blue Ridge Physicians Collaborative,Texas,2022,0,0.14212279504900568,0,0.23
A07471,Evergreen Clinical Partners Alliance,New York,2022,0,0.06103642473201898,0,0.23
A07487,Horizon Clinical Partners Care Network,New Jersey,2022,1,0.1938191805556106,0,0.23
A07497,Redwood Care Alliance,Texas,2022,0,0.05199687190805223,0,0.23
A00005,Mountain View Care Alliance Collaborative,Ohio,2023,0,0.08764560834956688,0,0.23
A00011,Heritage Wellness Network,Maryland,2023,1,0.2583971118469309,1,0.23
A00012,Unity Provider Alliance Association,Florida,2023,0,0.06159236882549082,0,0.23
A00020,Canyon Care Alliance Medical Center,Texas,2023,0,0.09289861759930126,0,0.23
A00025,Northstar Healthcare Alliance,Oregon,2023,0,0.0488712053875387,0,0.23
A00028,Unity Medical Partners Health System,Alabama,2023,0,0.05177963335005947,0,0.23
A00047,Riverbend Care Alliance Alliance,Florida,2023,0,0.2490935753888657,1,0.23
A00054,Green Valley Medical Group Health System,Minnesota,2023,0,0.1845854527029292,0,0.23
A00055,Westfield Medical Partners Network,Illinois,2023,0,0.19270584733393675,0,0.23
A00059,Metro Care Partners Health System,Ohio,2023,0,0.0171416417490759,0,0.23
A00064,Metro Clinical Partners Physician Alliance,Michigan,2023,0,0.08517686967390047,0,0.23
A00070,Highland Physician Network Physician Alliance,Maryland,2023,0,0.03637334736324883,0,0.23
A00082,Heartland Care Alliance Care Network,Wisconsin,2023,0,0.12609911866013337,0,0.23
A00083,Heritage Wellness Health System,Pennsylvania,2023,1,0.10217128319757812,0,0.23
A00084,Meadow Medical Physician Alliance,Tennessee,2023,1,0.126932868112635,0,0.23
A00087,Stonebridge Health Alliance Health System,Connecticut,2023,1,0.2595644248976104,1,0.23
A00094,Metro Care Care Network,Massachusetts,2023,0,0.12289990110403934,0,0.23
A00114,Westfield Community Care Medical Center,Missouri,2023,0,0.13889852702093353,0,0.23
A00116,Heartland Medical Group Collaborative,New York,2023,0,0.06922176141883284,0,0.23
A00132,WellSpring Health Network Medical Center,Minnesota,2023,0,0.02820223981310894,0,0.23
A00133,Clearview Health Partners Network,Tennessee,2023,0,0.0914768329872162,0,0.23
A00143,Springfield Clinical Partners Care Network,Maryland,2023,0,0.21140057728466652,0,0.23
A00146,Pinnacle Care Alliance Medical Center,Minnesota,2023,0,0.32661515969135685,1,0.23
A00177,Parkview Integrated Health Network,Indiana,2023,0,0.1967946131688369,0,0.23
A00178,Metro Wellness Medical Center,Texas,2023,0,0.09261886793647697,0,0.23
A00180,Highland Physician Network Care Network,New York,2023,1,0.09277249012002621,0,0.23
A00183,WellSpring Physician Network Group,Arizona,2023,0,0.04398995581255592,0,0.23
A00189,Mountain View Health Collaborative Partners,Texas,2023,0,0.03832523681732179,0,0.23
A00199,Grandview Medical Partners Collaborative,Oregon,2023,0,0.240996059237749,1,0.23
A00204,Golden Valley Physicians Care Network,Indiana,2023,0,0.06546500583540499,0,0.23
A00206,Parkview Health Partners Partners,Missouri,2023,0,0.14464721119978757,0,0.23
A00207,Gateway Health Partners Network,Washington,2023,0,0.17402433401395098,0,0.23
A00210,Redwood Physician Network Care Network,Ohio,2023,1,0.3018884810412236,1,0.23
A00223,Golden Valley Clinical Partners Association,Wisconsin,2023,0,0.09796352729358208,0,0.23
A00227,Golden Valley Care Network Group,New York,2023,0,0.09591775440592518,0,0.23
A00228,Highland Care Alliance Physician Alliance,Indiana,2023,0,0.01622183467652329,0,0.23
A00229,Heartland Health Alliance,Alabama,2023,0,0.021329700446584773,0,0.23
A00233,Horizon Medical Partners Alliance,Maryland,2023,0,0.08938895973617056,0,0.23
A00234,Valley Health Collaborative Medical Center,Oregon,2023,0,0.26149882811646374,1,0.23
A00237,Grandview Health Alliance Health System,Pennsylvania,2023,0,0.13338451813444172,0,0.23
A00247,Riverbend Health Alliance Group,Arizona,2023,0,0.06217370239970323,0,0.23
A00252,Gateway Care Network Network,Maryland,2023,0,0.13710318060626178,0,0.23
A00256,Valley Integrated Health Care Network,New York,2023,1,0.20311727230277818,0,0.23
A00260,Springfield Healthcare Network,Connecticut,2023,0,0.1836860970601049,0,0.23
A00262,Pinnacle Wellness Physician Alliance,Massachusetts,2023,0,0.07744756630583154,0,0.23
A00264,Pinnacle Health Alliance Association,Minnesota,2023,0,0.08762969188612134,0,0.23
A00270,Valley Care Partners Medical Center,Colorado,2023,0,0.14377566527937097,0,0.23
A00285,Springfield Physicians Medical Center,Michigan,2023,0,0.15407048391157405,0,0.23
A00289,Oakridge Physicians Physician Alliance,Colorado,2023,0,0.10497001982025274,0,0.23
A00290,Riverside Physician Network Collaborative,Virginia,2023,1,0.37683525819014213,1,0.23
A00292,Stonebridge Care Partners,Michigan,2023,1,0.3868400628497479,1,0.23
A00294,Metro Medical Group Partners,Colorado,2023,0,0.07495709856380549,0,0.23
A00298,Heartland Medical Group Alliance,California,2023,1,0.17004184010451684,0,0.23
A00300,Grandview Physician Network Partners,Colorado,2023,0,0.17834697529107327,0,0.23
A00317,Blue Ridge Physicians Association,Massachusetts,2023,0,0.2594607845056756,1,0.23
A00320,Community Medical Group Care Network,California,2023,0,0.17845172523664415,0,0.23
A00323,Riverbend Care Network,Georgia,2023,0,0.10499224672254914,0,0.23
A00332,Valley Health Partners Group,Alabama,2023,0,0.06346145739778077,0,0.23
A00349,Unity Care Medical Center,Texas,2023,0,0.1038277786166688,0,0.23
A00352,Westfield Health Alliance Association,Virginia,2023,0,0.07113554357361512,0,0.23
A00354,Pinnacle Medical Health System,Washington,2023,0,0.08397076005770314,0,0.23
A00364,Fairview Community Care Physician Alliance,Ohio,2023,0,0.1580979305731519,0,0.23
A00378,Clearview Health Collaborative Collaborative,Ohio,2023,0,0.1009278433558124,0,0.23
A00385,Fairview Health Alliance,Colorado,2023,0,0.0616620307994281,0,0.23
A00387,Pinnacle Health Collaborative Physician Alliance,Virginia,2023,0,0.14622586218494277,0,0.23
A00388,Unity Health Partners Collaborative,Florida,2023,0,0.025576568714516558,0,0.23
A00401,Heartland Health Collaborative Group,Florida,2023,1,0.3321176481834654,1,0.23
A00403,Metro Care Alliance Care Network,Virginia,2023,0,0.0722471868077975,0,0.23
A00411,Green Valley Health Alliance Network,New York,2023,0,0.047387957144062215,0,0.23
A00418,Redwood Healthcare Network,Illinois,2023,0,0.089166750517021,0,0.23
A00425,Crestview Medical Medical Center,Illinois,2023,1,0.1586526693328073,0,0.23
A00427,Cedar Medical Partners Alliance,Georgia,2023,0,0.034448652120262394,0,0.23
A00428,Grandview Health Collaborative Group,Colorado,2023,0,0.1706012646569774,0,0.23
A00436,Gateway Health Alliance Care Network,Missouri,2023,0,0.07974364137288634,0,0.23
A00441,Gateway Medical Partners Collaborative,Wisconsin,2023,1,0.20664860610298275,0,0.23
A00443,Metro Care Medical Center,Oregon,2023,0,0.17081802787312073,0,0.23
A00446,Beacon Care Partners Care Network,Ohio,2023,0,0.06416696520204425,0,0.23
A00447,Westfield Medical Group,Georgia,2023,0,0.0442799831984495,0,0.23
A00451,Highland Clinical Partners Health System,Wisconsin,2023,0,0.1029004012629739,0,0.23
A00478,Beacon Care Partners Physician Alliance,Arizona,2023,0,0.1413567789516706,0,0.23
A00481,Brookside Medical Partners Health System,Washington,2023,0,0.06322553976967302,0,0.23
A00497,Green Valley Medical Care Network,Washington,2023,0,0.05908504751430698,0,0.23
A00510,Redwood Clinical Partners Collaborative,Maryland,2023,0,0.03578167776321691,0,0.23
A00514,Canyon Medical Group Medical Center,Florida,2023,0,0.24117225023249758,1,0.23
A00515,Redwood Integrated Health Medical Center,New York,2023,0,0.031989866484571285,0,0.23
A00523,Stonebridge Clinical Partners Group,Massachusetts,2023,0,0.02535112902375331,0,0.23
A00525,Heritage Care Partners Group,Missouri,2023,0,0.08941925531419528,0,0.23
A00547,Mountain View Provider Alliance Network,Texas,2023,0,0.15648955882823068,0,0.23
A00550,Pioneer Health Collaborative Network,California,2023,1,0.09083676754471853,0,0.23
A00556,Highland Integrated Health Alliance,Massachusetts,2023,0,0.12091706093158974,0,0.23
A00561,Highland Health Partners Association,Massachusetts,2023,0,0.06864950541435962,0,0.23
A00565,Beacon Care Network Alliance,Maryland,2023,0,0.08724866254329992,0,0.23
A00574,Heritage Clinical Partners Group,Florida,2023,1,0.1353123525428218,0,0.23
A00575,Gateway Clinical Partners Network,Massachusetts,2023,0,0.14572821124213065,0,0.23
A00585,Pioneer Care Partners Physician Alliance,North Carolina,2023,0,0.1696894400329408,0,0.23
A00602,Community Community Care Network,Pennsylvania,2023,0,0.04847480748852434,0,0.23
A00619,Valley Health Alliance Health System,Washington,2023,0,0.07043200549584756,0,0.23
A00627,Fairview Care Collaborative,Missouri,2023,0,0.12567628739554304,0,0.23
A00634,Beacon Care Alliance Collaborative,Washington,2023,1,0.2078491239765567,0,0.23
A00638,Grandview Physicians Network,Texas,2023,0,0.18314294832735672,0,0.23
A00639,Silverstone Medical Partners Partners,Connecticut,2023,0,0.07948150338849672,0,0.23
A00652,Unity Health Network,Illinois,2023,0,0.1980066480846004,0,0.23
A00659,Metro Health Partners Collaborative,Massachusetts,2023,0,0.1583272191995869,0,0.23
A00663,Fairview Health Partners Partners,Wisconsin,2023,0,0.08914333846591715,0,0.23
A00680,Northstar Provider Alliance Medical Center,Indiana,2023,0,0.09529970461042132,0,0.23
A00682,Canyon Care Group,Alabama,2023,0,0.0357419760660874,0,0.23
A00687,Springfield Medical Medical Center,Tennessee,2023,0,0.2669618065826223,1,0.23
A00690,Heartland Healthcare Care Network,North Carolina,2023,0,0.08176545136233898,0,0.23
A00693,Cedar Health Collaborative Partners,New York,2023,0,0.2920551025347135,1,0.23
A00703,Heartland Healthcare Health System,Connecticut,2023,1,0.2542568016262684,1,0.23
A00707,Stonebridge Health Collaborative Collaborative,Missouri,2023,0,0.05469502678327826,0,0.23
A00708,Highland Medical Network,Connecticut,2023,1,0.11335517987898774,0,0.23
A00709,Summit Care Network Partners,New Jersey,2023,0,0.03765839074376797,0,0.23
A00719,Beacon Health Partners Alliance,Tennessee,2023,0,0.15779084635839616,0,0.23
A00721,Highland Health Alliance Health System,Florida,2023,0,0.11675151244596395,0,0.23
A00733,Northstar Care Alliance,Georgia,2023,0,0.10838572603012234,0,0.23
A00739,Horizon Healthcare Care Network,Georgia,2023,0,0.13273012968516393,0,0.23
A00740,Redwood Care Health System,Connecticut,2023,0,0.033541187449645335,0,0.23
A00749,Heritage Provider Alliance Network,Wisconsin,2023,0,0.03154610601046735,0,0.23
A00771,Community Care Partners Group,New York,2023,0,0.0798255161129497,0,0.23
A00773,Northstar Health Collaborative Collaborative,Connecticut,2023,0,0.208460350607173,0,0.23
A00776,Valley Health Alliance Alliance,Washington,2023,1,0.46985102215263075,1,0.23
A00794,WellSpring Clinical Partners Group,Minnesota,2023,0,0.21264419636170792,0,0.23
A00797,Eastgate Care Network Health System,New York,2023,0,0.13929623778305306,0,0.23
A00801,Beacon Medical Group Health System,Oregon,2023,0,0.07825350611291144,0,0.23
A00805,Northstar Healthcare Physician Alliance,North Carolina,2023,0,0.1297589611222386,0,0.23
A00806,Northstar Health Collaborative Alliance,Missouri,2023,1,0.4000440848807444,1,0.23
A00811,Gateway Care Partners Physician Alliance,Pennsylvania,2023,0,0.08831613798657945,0,0.23
A00814,Pioneer Health Network Group,Alabama,2023,0,0.10524100528553093,0,0.23
A00840,Golden Valley Care Partners Collaborative,California,2023,0,0.07279027172019636,0,0.23
A00848,Westfield Community Care Association,New York,2023,0,0.06531039502356163,0,0.23
A00857,Riverside Care Network Group,Alabama,2023,0,0.01728911744144277,0,0.23
A00867,Brookside Physicians Group,Oregon,2023,0,0.12492364079041118,0,0.23
A00869,Evergreen Integrated Health Alliance,New York,2023,0,0.04058958492531261,0,0.23
A00871,Stonebridge Physician Network Partners,Tennessee,2023,0,0.03835853256777628,0,0.23
A00878,Metro Care Network Group,Florida,2023,0,0.032122977544919655,0,0.23
A00892,Eastgate Medical Partners Alliance,Illinois,2023,0,0.16397182468609783,0,0.23
A00900,Valley Health Collaborative Alliance,Ohio,2023,1,0.10804560253425788,0,0.23
A00902,Heritage Health Partners Collaborative,Minnesota,2023,0,0.04649264979369174,0,0.23
A00905,Green Valley Healthcare Collaborative,Colorado,2023,0,0.05182127411304575,0,0.23
A00907,WellSpring Health Partners Health System,Colorado,2023,0,0.1675993155290442,0,0.23
A00918,Horizon Care Partners Network,Minnesota,2023,0,0.039196679831956426,0,0.23
A00920,Cedar Community Care Alliance,Texas,2023,0,0.0784327001346824,0,0.23
A00925,Evergreen Provider Alliance Care Network,California,2023,0,0.2431801795850145,1,0.23
A00926,Maplewood Health Network Partners,Texas,2023,0,0.05997651540322301,0,0.23
A00937,Maplewood Health Collaborative Medical Center,North Carolina,2023,0,0.09126052682759173,0,0.23
A00942,Pioneer Health Alliance Partners,Oregon,2023,1,0.12857494317326407,0,0.23
A00947,Meadow Health Collaborative Association,Florida,2023,0,0.0508809389257882,0,0.23
A00953,Riverbend Medical Association,Ohio,2023,0,0.32490109831290126,1,0.23
A00954,Gateway Medical Group Collaborative,Washington,2023,1,0.10144811777639762,0,0.23
A00955,Metro Community Care Partners,California,2023,0,0.08121981013242628,0,0.23
A00958,Beacon Care Alliance Association,Maryland,2023,0,0.12259309064493708,0,0.23
A00964,Northstar Health Medical Center,California,2023,1,0.3364925693770221,1,0.23
A00967,Redwood Care Partners Group,Pennsylvania,2023,1,0.10737129112199426,0,0.23
A00970,Highland Clinical Partners Collaborative,Alabama,2023,1,0.14579404536290075,0,0.23
A00971,Canyon Health Alliance,Illinois,2023,0,0.16246182840340442,0,0.23
A00975,Highland Health Partners,Indiana,2023,0,0.14324260535625008,0,0.23
A00977,Parkview Care Network Group,Florida,2023,0,0.19737033847511629,0,0.23
A00986,Riverside Physicians Physician Alliance,Indiana,2023,0,0.05169969653898999,0,0.23
A00991,Horizon Medical Group Network,Colorado,2023,1,0.3565406561137474,1,0.23
A00999,Green Valley Healthcare Association,Wisconsin,2023,1,0.18032532321793185,0,0.23
A01000,Parkview Care Network Collaborative,Connecticut,2023,0,0.05873114466594895,0,0.23
A01010,Parkview Clinical Partners Association,Indiana,2023,0,0.09211078175356543,0,0.23
A01012,Heritage Medical Partners Group,Washington,2023,0,0.03768576199438966,0,0.23
A01015,Crestview Health Alliance Medical Center,Tennessee,2023,0,0.05431685846985724,0,0.23
A01017,Eastgate Care Alliance Care Network,Oregon,2023,0,0.10424754533930101,0,0.23
A01018,Eastgate Physician Network Network,Connecticut,2023,0,0.11330355348148186,0,0.23
A01031,Canyon Physician Network Care Network,Illinois,2023,0,0.11541520951331657,0,0.23
A01037,Crestview Health Partners Partners,Minnesota,2023,0,0.05368095978845394,0,0.23
A01042,Oakridge Care Alliance Partners,Texas,2023,0,0.29554700399257444,1,0.23
A01050,Metro Provider Alliance Network,New York,2023,0,0.3546406642566732,1,0.23
A01069,Lakeside Community Care Alliance,Missouri,2023,0,0.1588620230263597,0,0.23
A01079,Metro Physicians Care Network,Georgia,2023,0,0.035718933331875834,0,0.23
A01085,Summit Care Partners Partners,Oregon,2023,0,0.38486200901696144,1,0.23
A01087,Meadow Care Network Partners,Georgia,2023,0,0.11738958319609759,0,0.23
A01088,Canyon Care Network Network,Tennessee,2023,0,0.048341327580764065,0,0.23
A01091,Valley Medical Partners Health System,Indiana,2023,0,0.1919668674668078,0,0.23
A01093,Mountain View Medical Partners Network,Washington,2023,0,0.0867703888573895,0,0.23
A01100,Mountain View Physicians Collaborative,Indiana,2023,0,0.04533939805930692,0,0.23
A01136,Redwood Wellness Physician Alliance,North Carolina,2023,0,0.1773083809273041,0,0.23
A01137,Springfield Health Partners Health System,Illinois,2023,0,0.10787781979327934,0,0.23
A01138,Lakeside Health Collaborative Care Network,Georgia,2023,0,0.12422396890002126,0,0.23
A01147,Heritage Physicians Network,Illinois,2023,0,0.07652371274969688,0,0.23
A01149,Canyon Wellness Group,New Jersey,2023,0,0.09960393015421692,0,0.23
A01151,Westfield Care Partners Collaborative,Florida,2023,0,0.25327567457686984,1,0.23
A01155,Golden Valley Health Partners Collaborative,Colorado,2023,0,0.22689638350306066,0,0.23
A01160,Horizon Healthcare Group,Michigan,2023,0,0.06991533531140906,0,0.23
A01164,Pinnacle Wellness Care Network,Missouri,2023,0,0.04082549352535914,0,0.23
A01166,Highland Health Collaborative,Colorado,2023,0,0.1826226763821597,0,0.23
A01169,Springfield Medical Partners,Michigan,2023,0,0.13578620554754658,0,0.23
A01171,Silverstone Healthcare Physician Alliance,Arizona,2023,1,0.32426734451038036,1,0.23
A01177,Stonebridge Medical Association,Massachusetts,2023,0,0.06972310092686594,0,0.23
A01179,Canyon Medical Partners Medical Center,Maryland,2023,0,0.19477979997430578,0,0.23
A01181,Heritage Physicians Collaborative,Washington,2023,0,0.08699248800920444,0,0.23
A01182,Gateway Physician Network Health System,Ohio,2023,1,0.12544450681690708,0,0.23
A01185,Pinnacle Health Partners Medical Center,Michigan,2023,1,0.4300996117424741,1,0.23
A01193,Heartland Physicians Alliance,Arizona,2023,0,0.1975989437253629,0,0.23
A01195,Community Care Medical Center,Wisconsin,2023,0,0.03121545970787232,0,0.23
A01205,Mountain View Provider Alliance Partners,Michigan,2023,1,0.264588094509697,1,0.23
A01209,Riverbend Healthcare Physician Alliance,Minnesota,2023,0,0.06273206966137669,0,0.23
A01229,Riverbend Medical Group Care Network,California,2023,0,0.15592994373685987,0,0.23
A01230,Metro Health Collaborative Alliance,Maryland,2023,1,0.17821680478616386,0,0.23
A01235,Clearview Medical Partners Care Network,Massachusetts,2023,0,0.02648453976136828,0,0.23
A01242,Summit Care Partners Group,Georgia,2023,0,0.04309758725666701,0,0.23
A01245,Meadow Health Collaborative Physician Alliance,Ohio,2023,1,0.19928919249842103,0,0.23
A01246,Riverside Care Network Partners,California,2023,0,0.029397927548829104,0,0.23
A01247,Pinnacle Healthcare Partners,Wisconsin,2023,0,0.06710680410036544,0,0.23
A01259,Maplewood Physicians Care Network,Minnesota,2023,0,0.055511768631036816,0,0.23
A01261,Valley Healthcare Network,Washington,2023,1,0.3820182210891611,1,0.23
A01268,Valley Medical Group Alliance,Minnesota,2023,0,0.05334799399139963,0,0.23
A01269,Heartland Health Alliance Group,New York,2023,0,0.2511168618388451,1,0.23
A01270,Meadow Care Network Alliance,New Jersey,2023,0,0.054205084638400666,0,0.23
A01272,Metro Clinical Partners Alliance,Florida,2023,0,0.0366242763678338,0,0.23
A01281,Beacon Health Network Group,North Carolina,2023,0,0.2224210029384136,0,0.23
A01289,Mountain View Community Care Medical Center,Alabama,2023,0,0.13229811709797074,0,0.23
A01295,Valley Healthcare Partners,Wisconsin,2023,0,0.2612254895317746,1,0.23
A01298,Clearview Physicians Medical Center,Ohio,2023,0,0.0633211381512124,0,0.23
A01300,Valley Provider Alliance Physician Alliance,Arizona,2023,0,0.12777664720622714,0,0.23
A01303,Parkview Community Care Alliance,Michigan,2023,0,0.08975605332266293,0,0.23
A01309,Blue Ridge Medical Network,Ohio,2023,0,0.12009284671554715,0,0.23
A01310,Gateway Physicians Health System,Tennessee,2023,0,0.07600424602968206,0,0.23
A01311,Unity Medical Partners Physician Alliance,Texas,2023,0,0.057793765063906176,0,0.23
A01325,Parkview Care Alliance Network,Alabama,2023,0,0.197773848152366,0,0.23
A01327,Eastgate Physicians Care Network,Pennsylvania,2023,0,0.02832796296763271,0,0.23
A01334,Highland Physician Network Health System,New York,2023,0,0.08770582812131622,0,0.23
A01336,Unity Health Network Care Network,Pennsylvania,2023,0,0.13578829519104532,0,0.23
A01344,Riverside Health Association,Maryland,2023,0,0.1524084636914979,0,0.23
A01355,Highland Healthcare Health System,Oregon,2023,0,0.2104680985018819,0,0.23
A01365,Green Valley Physician Network Care Network,Illinois,2023,0,0.2607530024217955,1,0.23
A01366,Lakeside Integrated Health Medical Center,Texas,2023,0,0.04705874688331883,0,0.23
A01368,Grandview Provider Alliance Network,Ohio,2023,0,0.18463679965494567,0,0.23
A01375,Brookside Health Alliance Care Network,New York,2023,0,0.027063663876565065,0,0.23
A01376,Cedar Health Medical Center,Ohio,2023,0,0.037658721684504175,0,0.23
A01377,Redwood Healthcare Partners,Maryland,2023,0,0.01590502315123268,0,0.23
A01382,Green Valley Healthcare Health System,Missouri,2023,1,0.12491566061196858,0,0.23
A01384,Golden Valley Integrated Health Alliance,Washington,2023,0,0.13135541149003793,0,0.23
A01385,Crestview Medical Group Medical Center,Missouri,2023,0,0.08917345837533742,0,0.23
A01387,Metro Physicians Alliance,Tennessee,2023,0,0.0525320815105019,0,0.23
A01389,Maplewood Community Care Medical Center,California,2023,0,0.226766128893377,0,0.23
A01397,Riverside Medical Care Network,New Jersey,2023,0,0.05460619015265531,0,0.23
A01399,Meadow Health Alliance Physician Alliance,Minnesota,2023,0,0.23747275213699215,1,0.23
A01401,Unity Provider Alliance Health System,Texas,2023,0,0.05566410863717019,0,0.23
A01407,Beacon Community Care Network,Connecticut,2023,1,0.19783638048615057,0,0.23
A01412,Canyon Provider Alliance Network,Tennessee,2023,1,0.13598419727138017,0,0.23
A01413,Westfield Care Alliance Care Network,Indiana,2023,1,0.2917635589161782,1,0.23
A01414,Maplewood Health Network Medical Center,New Jersey,2023,0,0.10757444739640327,0,0.23
A01417,Blue Ridge Medical Partners Alliance,New Jersey,2023,1,0.24823879785890884,1,0.23
A01420,Highland Wellness Health System,Colorado,2023,0,0.21078144010048117,0,0.23
A01421,Canyon Medical Group Collaborative,Arizona,2023,0,0.07825350611291144,0,0.23
A01423,Riverbend Community Care Care Network,Florida,2023,0,0.06403750477074499,0,0.23
A01439,Summit Clinical Partners Association,Missouri,2023,0,0.034729073688407386,0,0.23
A01445,Parkview Health Alliance Partners,Arizona,2023,1,0.29070061804440545,1,0.23
A01455,Brookside Care Partners Health System,Illinois,2023,0,0.24582238229900655,1,0.23
A01461,Redwood Provider Alliance Alliance,Colorado,2023,0,0.05239337317129968,0,0.23
A01462,Grandview Health Partners Network,Virginia,2023,0,0.08736612682794219,0,0.23
A01465,Green Valley Healthcare Care Network,Illinois,2023,0,0.03401667370937724,0,0.23
A01471,Northstar Integrated Health Alliance,Ohio,2023,0,0.04197882126289068,0,0.23
A01475,Beacon Health Partners Medical Center,Michigan,2023,0,0.08863187863922191,0,0.23
A01476,Redwood Medical Partners Health System,Wisconsin,2023,0,0.04626935570456979,0,0.23
A01477,Mountain View Care Network Physician Alliance,Connecticut,2023,0,0.059410978243690175,0,0.23
A01479,Beacon Medical Partners Association,New Jersey,2023,0,0.09582393901877573,0,0.23
A01487,Grandview Health Collaborative,Pennsylvania,2023,0,0.07977776362222619,0,0.23
A01492,Gateway Health Collaborative Collaborative,California,2023,0,0.1496452467070294,0,0.23
A01494,Meadow Healthcare Group,New York,2023,0,0.045599665784387663,0,0.23
A01500,Unity Medical Association,New York,2023,0,0.18247748938267003,0,0.23
A01510,Brookside Healthcare Alliance,Michigan,2023,0,0.04347901255007464,0,0.23
A01515,Oakridge Integrated Health Partners,Oregon,2023,0,0.1588733790473203,0,0.23
A01517,Golden Valley Health Physician Alliance,Missouri,2023,0,0.0517767758255489,0,0.23
A01521,Eastgate Health Alliance Medical Center,Colorado,2023,0,0.2246980134456881,0,0.23
A01522,Springfield Healthcare Group,Arizona,2023,0,0.1411215374351492,0,0.23
A01528,Redwood Wellness Partners,Georgia,2023,1,0.5618758355450779,1,0.23
A01529,Valley Care Alliance Care Network,Alabama,2023,0,0.13844872217842794,0,0.23
A01531,Oakridge Healthcare Partners,Connecticut,2023,1,0.3419438128937984,1,0.23
A01544,Stonebridge Care Network Care Network,New York,2023,0,0.08209686340129604,0,0.23
A01564,Mountain View Health Association,New Jersey,2023,1,0.19606410091231743,0,0.23
A01565,Valley Integrated Health Health System,Arizona,2023,0,0.10247184124165414,0,0.23
A01570,Gateway Healthcare Partners,Ohio,2023,1,0.0851196214981393,0,0.23
A01573,Canyon Medical Health System,New York,2023,0,0.051767560533908706,0,0.23
A01585,Gateway Integrated Health Network,Texas,2023,0,0.2786653930725921,1,0.23
A01588,Pinnacle Care Care Network,Minnesota,2023,0,0.056667249010733584,0,0.23
A01592,Evergreen Medical Partners Health System,California,2023,0,0.09049467419171825,0,0.23
A01595,Fairview Health Collaborative,Texas,2023,0,0.18627138463878462,0,0.23
A01599,Evergreen Physician Network Group,Virginia,2023,0,0.1510074397613889,0,0.23
A01609,Northstar Medical Association,California,2023,0,0.18826124938912603,0,0.23
A01612,Green Valley Medical Partners Network,Massachusetts,2023,0,0.022502744248678142,0,0.23
A01616,Mountain View Medical Partners,Tennessee,2023,1,0.28177359636716576,1,0.23
A01620,Heritage Health Network Partners,Alabama,2023,0,0.07119126720731385,0,0.23
A01625,Eastgate Healthcare Collaborative,Virginia,2023,0,0.03910173863583186,0,0.23
A01629,Stonebridge Medical Group Care Network,Pennsylvania,2023,0,0.18612167679378827,0,0.23
A01630,Canyon Care Alliance,Pennsylvania,2023,1,0.05944924738945911,0,0.23
A01637,Pinnacle Wellness Alliance,Washington,2023,0,0.09886382799838764,0,0.23
A01654,Evergreen Wellness Association,Oregon,2023,0,0.10312071193410911,0,0.23
A01656,Crestview Medical Group Partners,Connecticut,2023,0,0.04148840251044141,0,0.23
A01663,Community Health Alliance Group,Connecticut,2023,0,0.04162033533258864,0,0.23
A01664,Oakridge Physicians Group,Indiana,2023,0,0.07538032664256533,0,0.23
A01665,Clearview Clinical Partners Medical Center,Massachusetts,2023,0,0.08733653304040495,0,0.23
A01670,Summit Community Care Health System,Illinois,2023,0,0.06612763926256404,0,0.23
A01682,Northstar Health Collaborative Medical Center,Tennessee,2023,1,0.5238365579587867,1,0.23
A01703,Oakridge Health Network Collaborative,Texas,2023,0,0.12114625189482861,0,0.23
A01706,Green Valley Health Partners Partners,Illinois,2023,0,0.29631799334898334,1,0.23
A01719,Springfield Integrated Health Network,Pennsylvania,2023,0,0.18432984773417466,0,0.23
A01723,Gateway Health Collaborative Physician Alliance,Connecticut,2023,1,0.06850673716771405,0,0.23
A01724,Pinnacle Physician Network Partners,Washington,2023,0,0.1529017738654627,0,0.23
A01727,WellSpring Healthcare Care Network,Washington,2023,0,0.05738619924827051,0,0.23
A01730,Pioneer Community Care Network,Florida,2023,1,0.31676532386082185,1,0.23
A01737,Horizon Medical Health System,Florida,2023,0,0.15875810327119871,0,0.23
A01739,Riverside Care Partners Network,Indiana,2023,0,0.060376826684741786,0,0.23
A01747,Silverstone Health Network Network,Tennessee,2023,0,0.027520952305834814,0,0.23
A01752,Parkview Health Alliance Association,Ohio,2023,0,0.10999807339513257,0,0.23
A01760,Clearview Physicians Group,Virginia,2023,0,0.03953894302770081,0,0.23
A01775,Cedar Medical Group Medical Center,Ohio,2023,1,0.13171337875662306,0,0.23
A01777,Oakridge Physicians Medical Center,Ohio,2023,0,0.06771841208239623,0,0.23
A01779,Springfield Care Network Collaborative,Washington,2023,0,0.0404290953520196,0,0.23
A01783,Beacon Community Care Medical Center,New Jersey,2023,0,0.04975384643271155,0,0.23
A01789,Beacon Physician Network Group,Pennsylvania,2023,0,0.05424120742175354,0,0.23
A01797,Crestview Provider Alliance Collaborative,California,2023,0,0.16425566826378,0,0.23
A01813,Clearview Health Alliance Medical Center,New Jersey,2023,0,0.045105951453444995,0,0.23
A01814,Riverside Physician Network Group,Tennessee,2023,1,0.24130622021189843,1,0.23
A01816,Beacon Care Network Association,New Jersey,2023,0,0.23190861956744027,1,0.23
A01821,Parkview Wellness Medical Center,New York,2023,0,0.0807298086440615,0,0.23
A01822,Springfield Health Partners Care Network,Oregon,2023,1,0.52655451260355,1,0.23
A01824,Cedar Healthcare Medical Center,Wisconsin,2023,0,0.17706473074684873,0,0.23
A01826,Heartland Health Care Network,Indiana,2023,1,0.061091093081055696,0,0.23
A01834,Horizon Health Group,Tennessee,2023,0,0.12706427053830147,0,0.23
A01837,Canyon Health Collaborative Group,Connecticut,2023,0,0.26410215095818307,1,0.23
A01847,Beacon Health Alliance Group,Tennessee,2023,0,0.028465410408348678,0,0.23
A01849,Gateway Care Alliance Network,Tennessee,2023,0,0.10751642707519961,0,0.23
A01860,Golden Valley Health Medical Center,Michigan,2023,0,0.0944322672843795,0,0.23
A01862,Fairview Care Network Group,Oregon,2023,0,0.05665214913206653,0,0.23
A01863,Canyon Physicians Medical Center,North Carolina,2023,0,0.13325375465260086,0,0.23
A01869,Redwood Provider Alliance Network,North Carolina,2023,0,0.04969083285391458,0,0.23
A01875,Canyon Physicians Network,Texas,2023,0,0.03317401855999568,0,0.23
A01876,Gateway Healthcare Health System,Connecticut,2023,0,0.055438001742319,0,0.23
A01885,Heartland Health Partners Network,Maryland,2023,0,0.14788092343983933,0,0.23
A01886,Cedar Health Association,Ohio,2023,0,0.1913246999261478,0,0.23
A01891,Riverside Health Medical Center,North Carolina,2023,0,0.23217378865760632,1,0.23
A01893,Blue Ridge Integrated Health Partners,Connecticut,2023,0,0.2686823281308374,1,0.23
A01896,Riverside Physician Network Care Network,Maryland,2023,0,0.09363831508018754,0,0.23
A01900,WellSpring Provider Alliance Association,Virginia,2023,1,0.5298559744484933,1,0.23
A01902,Brookside Health Alliance Association,North Carolina,2023,0,0.06927631290747004,0,0.23
A01905,Pioneer Medical Partners Network,Connecticut,2023,0,0.012264616853206256,0,0.23
A01911,Grandview Care Alliance Partners,Florida,2023,0,0.028653134215101995,0,0.23
A01932,Brookside Clinical Partners Health System,Virginia,2023,0,0.07798789330096965,0,0.23
A01933,Unity Care Partners Partners,Michigan,2023,0,0.03670438544016902,0,0.23
A01939,Riverbend Provider Alliance Alliance,California,2023,0,0.0676849866456659,0,0.23
A01941,Springfield Health Collaborative Group,Pennsylvania,2023,0,0.08083071736661601,0,0.23
A01947,Pinnacle Health Alliance,Florida,2023,0,0.10537951276427,0,0.23
A01950,Pioneer Care Alliance Physician Alliance,Washington,2023,0,0.078306024178301,0,0.23
A01952,Grandview Medical Group Alliance,Arizona,2023,0,0.055524545038430254,0,0.23
A01956,Highland Care Partners Care Network,Ohio,2023,1,0.597903513389218,1,0.23
A01958,Redwood Health Alliance Physician Alliance,Alabama,2023,0,0.05130847420499179,0,0.23
A01960,Stonebridge Community Care Medical Center,Ohio,2023,0,0.18965489286316578,0,0.23
A01962,Meadow Physician Network Care Network,Florida,2023,0,0.12470279325095031,0,0.23
A01965,Mountain View Healthcare Alliance,Arizona,2023,0,0.19104149058854458,0,0.23
A01970,Springfield Provider Alliance Collaborative,Tennessee,2023,1,0.47816093295015194,1,0.23
A01972,Beacon Health Group,Wisconsin,2023,0,0.18316606951594008,0,0.23
A01986,Brookside Community Care Association,North Carolina,2023,1,0.10071978854449375,0,0.23
A01988,Golden Valley Community Care Group,Connecticut,2023,0,0.04041871712665238,0,0.23
A01991,Meadow Wellness Collaborative,Washington,2023,0,0.20299571468912347,0,0.23
A01994,Meadow Care Partners Collaborative,Wisconsin,2023,1,0.13878318975005685,0,0.23
A01998,Meadow Community Care Network,Texas,2023,0,0.1321421217710738,0,0.23
A02003,Westfield Medical Care Network,Virginia,2023,1,0.40684677541356556,1,0.23
A02008,Pinnacle Health Network Physician Alliance,Texas,2023,0,0.13636015696430995,0,0.23
A02012,Highland Medical Group Care Network,California,2023,0,0.20349758326048645,0,0.23
A02013,Stonebridge Integrated Health Group,Virginia,2023,1,0.5556626312826232,1,0.23
A02019,Lakeside Health Group,Michigan,2023,0,0.020456116112267376,0,0.23
A02030,Mountain View Health Collaborative Health System,Oregon,2023,0,0.20818278589351316,0,0.23
A02032,Meadow Physicians Care Network,Pennsylvania,2023,0,0.12316516052596882,0,0.23
A02036,Pioneer Physicians Collaborative,Minnesota,2023,1,0.558766019335,1,0.23
A02037,WellSpring Health Health System,Colorado,2023,0,0.2363361718666363,1,0.23
A02043,Valley Medical Association,Minnesota,2023,0,0.04057534351075441,0,0.23
A02044,Meadow Health Network Medical Center,Colorado,2023,0,0.022821725917253847,0,0.23
A02046,Westfield Wellness Medical Center,Illinois,2023,0,0.24011232582315992,1,0.23
A02050,Silverstone Care Partners Collaborative,Massachusetts,2023,0,0.033836419249395996,0,0.23
A02052,Blue Ridge Care Network Network,New York,2023,0,0.18854631427812824,0,0.23
A02055,Community Care Group,North Carolina,2023,0,0.29786715764579397,1,0.23
A02068,Evergreen Health Partners Collaborative,Arizona,2023,0,0.0210207129915684,0,0.23
A02076,Mountain View Medical Partners Health System,Illinois,2023,0,0.36024343639192336,1,0.23
A02087,Metro Care Partners Collaborative,New York,2023,0,0.17408465273883791,0,0.23
A02090,Riverside Care Alliance Physician Alliance,California,2023,1,0.08259921693034286,0,0.23
A02092,Riverside Physicians Health System,Washington,2023,0,0.11621875665884719,0,0.23
A02094,Eastgate Medical Medical Center,Virginia,2023,0,0.1523693856108358,0,0.23
A02099,Riverside Health Partners Alliance,Florida,2023,0,0.20754439216243536,0,0.23
A02106,Metro Healthcare Health System,Oregon,2023,1,0.1978104915474611,0,0.23
A02108,Green Valley Physicians Care Network,Virginia,2023,0,0.033965843168220676,0,0.23
A02111,Valley Care Medical Center,Alabama,2023,0,0.057003412359160927,0,0.23
A02112,Westfield Medical Partners Physician Alliance,Ohio,2023,0,0.04192340664800681,0,0.23
A02113,Evergreen Provider Alliance Partners,Maryland,2023,0,0.11139244556908733,0,0.23
A02122,Highland Care Partners Association,Virginia,2023,0,0.07951135289298197,0,0.23
A02126,Parkview Health Alliance Health System,Maryland,2023,0,0.1288077971079523,0,0.23
A02156,Brookside Health Group,Oregon,2023,0,0.1985886089295705,0,0.23
A02172,Stonebridge Care Network Group,Wisconsin,2023,1,0.16781187583688353,0,0.23
A02176,Parkview Medical Association,Washington,2023,0,0.10268018740084711,0,0.23
A02178,WellSpring Community Care Health System,Indiana,2023,0,0.13044652236739426,0,0.23
A02182,Community Care Partners Medical Center,Georgia,2023,1,0.5290547391109862,1,0.23
A02183,Silverstone Medical Partners Group,Wisconsin,2023,0,0.1127685893132081,0,0.23
A02188,Golden Valley Physician Network Association,Illinois,2023,1,0.33435587595206606,1,0.23
A02192,Mountain View Provider Alliance Collaborative,California,2023,0,0.12203047781446591,0,0.23
A02195,Heartland Medical Partners Group,Virginia,2023,1,0.06900391487660075,0,0.23
A02200,Unity Health Network Group,Washington,2023,0,0.2875082102067812,1,0.23
A02221,WellSpring Care Alliance Care Network,Minnesota,2023,0,0.2736649231818948,1,0.23
A02222,Lakeside Physician Network Alliance,Georgia,2023,0,0.023835155364600548,0,0.23
A02232,Metro Provider Alliance Medical Center,Ohio,2023,0,0.11265243980105981,0,0.23
A02233,Oakridge Provider Alliance Network,Missouri,2023,0,0.1364150393354679,0,0.23
A02240,Pioneer Health Alliance Physician Alliance,California,2023,0,0.1462767878089185,0,0.23
A02242,Maplewood Health Medical Center,Arizona,2023,0,0.11462945776194561,0,0.23
A02246,Heartland Health Collaborative Physician Alliance,Alabama,2023,0,0.08995861448988698,0,0.23
A02251,Gateway Medical Partners Alliance,Ohio,2023,0,0.16438979905612555,0,0.23
A02264,Northstar Physicians Physician Alliance,Missouri,2023,0,0.0642364012122894,0,0.23
A02271,Beacon Medical Partners,Washington,2023,0,0.21606850624880683,0,0.23
A02278,Heritage Medical Partners Association,Massachusetts,2023,0,0.16771129234156032,0,0.23
A02283,Blue Ridge Physician Network Alliance,Massachusetts,2023,0,0.15578783211065866,0,0.23
A02290,Meadow Medical Partners,Michigan,2023,0,0.18408524448061084,0,0.23
A02291,Parkview Wellness Care Network,California,2023,0,0.06702938177301665,0,0.23
A02297,Riverside Health Collaborative Group,North Carolina,2023,0,0.12413819904112228,0,0.23
A02302,Oakridge Physicians Network,New York,2023,1,0.2826846413914315,1,0.23
A02313,Crestview Health Partners Medical Center,Virginia,2023,0,0.06939522972351427,0,0.23
A02346,Stonebridge Medical Partners Physician Alliance,New Jersey,2023,0,0.18032909280029913,0,0.23
A02349,Riverside Healthcare Physician Alliance,New Jersey,2023,0,0.03534867143534335,0,0.23
A02353,Redwood Health Alliance Network,Ohio,2023,0,0.07547209868092765,0,0.23
A02360,Riverbend Integrated Health Association,Tennessee,2023,0,0.3490426545054727,1,0.23
A02364,Heritage Physician Network Partners,North Carolina,2023,1,0.12632526597647045,0,0.23
A02365,Parkview Care Association,Maryland,2023,0,0.17165996669999603,0,0.23
A02366,Oakridge Integrated Health Care Network,Pennsylvania,2023,0,0.04403725997875032,0,0.23
A02375,Maplewood Integrated Health Collaborative,New York,2023,0,0.044701538979031036,0,0.23
A02379,Northstar Health Partners Group,Massachusetts,2023,0,0.2495895694795465,1,0.23
A02386,Beacon Clinical Partners Association,Washington,2023,0,0.05170748530901778,0,0.23
A02390,Community Medical Partners Network,Illinois,2023,0,0.1985886089295705,0,0.23
A02393,Lakeside Physicians Health System,Massachusetts,2023,0,0.15649271910459134,0,0.23
A02400,Riverbend Health Collaborative Association,Wisconsin,2023,0,0.3198417216991425,1,0.23
A02413,Cedar Health Collaborative Alliance,Oregon,2023,0,0.0975533705007166,0,0.23
A02425,Heartland Health Alliance Physician Alliance,Minnesota,2023,0,0.09131712334532127,0,0.23
A02427,Maplewood Health Alliance,Missouri,2023,0,0.20951182800530488,0,0.23
A02430,Stonebridge Provider Alliance Collaborative,California,2023,0,0.16654400017745202,0,0.23
A02441,Lakeside Physicians Group,Arizona,2023,1,0.5710950788423769,1,0.23
A02445,Cedar Provider Alliance Collaborative,Washington,2023,0,0.06263301514595149,0,0.23
A02449,Northstar Community Care Medical Center,Michigan,2023,0,0.13499050785764383,0,0.23
A02451,Community Health Alliance Alliance,Florida,2023,0,0.17447528398122217,0,0.23
A02453,Highland Health Partners Partners,North Carolina,2023,0,0.085992131581555,0,0.23
A02454,Evergreen Care Network Partners,Pennsylvania,2023,1,0.2301732314355595,1,0.23
A02457,Clearview Healthcare Group,Virginia,2023,0,0.08705677903869903,0,0.23
A02467,Grandview Provider Alliance Health System,Connecticut,2023,0,0.12748752860483142,0,0.23
A02468,Silverstone Integrated Health Alliance,New York,2023,0,0.08765332873464905,0,0.23
A02469,Valley Medical Group Physician Alliance,Minnesota,2023,0,0.10539602372334372,0,0.23
A02473,WellSpring Wellness Health System,Illinois,2023,0,0.25478618849637064,1,0.23
A02483,Brookside Health Alliance Health System,Michigan,2023,0,0.03355883730281583,0,0.23
A02484,Golden Valley Wellness Alliance,Texas,2023,0,0.055511768631036816,0,0.23
A02485,Silverstone Health Network Health System,Texas,2023,0,0.14104595714435159,0,0.23
A02487,Redwood Care Partners Network,Alabama,2023,0,0.026552792157273332,0,0.23
A02502,Parkview Medical Care Network,North Carolina,2023,0,0.25200374205696274,1,0.23
A02510,Maplewood Community Care Group,Oregon,2023,0,0.13295552798708765,0,0.23
A02517,Westfield Health Alliance Network,North Carolina,2023,0,0.0685171683991192,0,0.23
A02539,Summit Medical Partners Network,Wisconsin,2023,0,0.20665483634824153,0,0.23
A02543,Parkview Physician Network Physician Alliance,Arizona,2023,0,0.09346439112284799,0,0.23
A02545,Maplewood Integrated Health Health System,Georgia,2023,0,0.09498888082511943,0,0.23
A02572,Heartland Medical Partners Alliance,New Jersey,2023,0,0.08605728978743586,0,0.23
A02579,Horizon Health Alliance Physician Alliance,Illinois,2023,0,0.10953646296336947,0,0.23
A02580,Blue Ridge Health Network Collaborative,Indiana,2023,0,0.0702049330060014,0,0.23
A02581,Beacon Care Partners Partners,North Carolina,2023,0,0.09616686370176147,0,0.23
A02596,Unity Health Network Health System,Massachusetts,2023,0,0.14243289598193223,0,0.23
A02599,Riverside Health Alliance Association,Pennsylvania,2023,1,0.15424858784503878,0,0.23
A02610,Beacon Care Medical Center,New York,2023,1,0.18359197996382917,0,0.23
A02616,Riverside Health Care Network,California,2023,0,0.16582624330897072,0,0.23
A02619,Summit Healthcare Group,Illinois,2023,0,0.11651323403223122,0,0.23
A02623,Heritage Health Partners Association,New Jersey,2023,0,0.022436491102567502,0,0.23
A02624,Redwood Integrated Health Association,Missouri,2023,0,0.09648130664310269,0,0.23
A02629,Lakeside Clinical Partners Alliance,Colorado,2023,1,0.19906728929595535,0,0.23
A02635,Summit Care Alliance Medical Center,Virginia,2023,0,0.08189516268706332,0,0.23
A02638,Crestview Care Alliance Physician Alliance,Florida,2023,0,0.1335197102534761,0,0.23
A02639,Gateway Care Health System,Missouri,2023,0,0.10735434114830808,0,0.23
A02661,Pioneer Care Network,Connecticut,2023,0,0.038927344846128406,0,0.23
A02662,Silverstone Health Network Alliance,Wisconsin,2023,0,0.05588088301939197,0,0.23
A02664,Community Community Care Association,Pennsylvania,2023,0,0.2071610853135021,0,0.23
A02672,Mountain View Clinical Partners Alliance,Minnesota,2023,1,0.13285483739711623,0,0.23
A02673,Community Care Alliance Association,Colorado,2023,0,0.07291468793727302,0,0.23
A02675,Cedar Health Alliance Alliance,New York,2023,0,0.12679346681019946,0,0.23
A02679,Clearview Provider Alliance Network,Arizona,2023,0,0.1368008652529159,0,0.23
A02680,Evergreen Health Collaborative Network,Michigan,2023,0,0.02967326012155172,0,0.23
A02682,Fairview Care Partners Health System,Colorado,2023,0,0.10574863937013683,0,0.23
A02686,Pinnacle Care Network,Georgia,2023,0,0.1480457892306711,0,0.23
A02691,Pioneer Provider Alliance Partners,California,2023,0,0.17060504127865264,0,0.23
A02694,Stonebridge Care Network Physician Alliance,Indiana,2023,0,0.1241705185295492,0,0.23
A02696,Oakridge Medical Network,Oregon,2023,0,0.05381056023577158,0,0.23
A02703,Maplewood Medical Care Network,Wisconsin,2023,1,0.21178167302832293,0,0.23
A02708,Maplewood Care Partners Network,Minnesota,2023,0,0.06676774299443025,0,0.23
A02712,Maplewood Physicians Physician Alliance,Colorado,2023,0,0.32623661241281704,1,0.23
A02720,Stonebridge Care Alliance Medical Center,Wisconsin,2023,0,0.058608110101710326,0,0.23
A02722,Parkview Integrated Health Alliance,Missouri,2023,0,0.010384056798189616,0,0.23
A02723,Eastgate Medical Partners Collaborative,Massachusetts,2023,0,0.08635182175901777,0,0.23
A02724,Brookside Medical Alliance,Missouri,2023,0,0.048034158767324905,0,0.23
A02738,Canyon Health Network Health System,Oregon,2023,0,0.1188821548212802,0,0.23
A02739,Pioneer Medical Group Group,Connecticut,2023,0,0.06309415550251721,0,0.23
A02740,Beacon Health Network Medical Center,Tennessee,2023,0,0.19466935991938283,0,0.23
A02752,Riverbend Health Alliance Physician Alliance,Connecticut,2023,0,0.03906044744708273,0,0.23
A02759,Beacon Integrated Health Care Network,Virginia,2023,0,0.1016889720456279,0,0.23
A02761,Northstar Clinical Partners Association,Arizona,2023,0,0.04283147858804887,0,0.23
A02763,Unity Integrated Health Physician Alliance,Connecticut,2023,0,0.046308220589986654,0,0.23
A02779,Metro Care Network Collaborative,New York,2023,1,0.37358304150173227,1,0.23
A02786,Community Community Care Physician Alliance,North Carolina,2023,0,0.016473867834502977,0,0.23
A02788,Summit Physician Network Health System,Pennsylvania,2023,0,0.12286489699869048,0,0.23
A02797,Meadow Provider Alliance Collaborative,Washington,2023,0,0.14615530138104238,0,0.23
A02799,Golden Valley Care Alliance Association,Illinois,2023,1,0.24876611788115766,1,0.23
A02803,Grandview Medical Partners Care Network,Alabama,2023,0,0.09493086956012277,0,0.23
A02804,Eastgate Care Network Physician Alliance,Minnesota,2023,1,0.2052905909545084,0,0.23
A02819,Riverbend Provider Alliance Physician Alliance,Michigan,2023,0,0.15852382141690272,0,0.23
A02848,Metro Care Alliance Alliance,New York,2023,0,0.052925032773146974,0,0.23
A02851,Northstar Clinical Partners Partners,Massachusetts,2023,0,0.21475334128178905,0,0.23
A02857,Clearview Physician Network Health System,Oregon,2023,0,0.19859166805747688,0,0.23
A02861,Green Valley Physicians Physician Alliance,Illinois,2023,0,0.06298991183357207,0,0.23
A02872,Oakridge Care Association,Michigan,2023,0,0.08301832342880562,0,0.23
A02874,Fairview Care Alliance Collaborative,Maryland,2023,0,0.17468345599193608,0,0.23
A02876,Northstar Health Network Network,California,2023,0,0.04836566267177726,0,0.23
A02883,Pioneer Health Collaborative Physician Alliance,Texas,2023,1,0.5913472414954899,1,0.23
A02888,Valley Medical Alliance,Arizona,2023,0,0.07825902738395928,0,0.23
A02889,Lakeside Clinical Partners Group,New Jersey,2023,0,0.19006982677666073,0,0.23
A02894,Blue Ridge Provider Alliance Alliance,Minnesota,2023,1,0.05692512556899693,0,0.23
A02895,Gateway Medical Partners Health System,North Carolina,2023,0,0.05118842935161098,0,0.23
A02901,Golden Valley Health Network Health System,North Carolina,2023,0,0.0710095135558932,0,0.23
A02904,Mountain View Medical Partners Physician Alliance,North Carolina,2023,0,0.02950791230252927,0,0.23
A02907,Cedar Health Alliance Collaborative,Illinois,2023,0,0.153982886241123,0,0.23
A02908,Gateway Health Network,Washington,2023,0,0.09507009170771466,0,0.23
A02911,Clearview Care Network Collaborative,Florida,2023,0,0.05872289331857225,0,0.23
A02922,Oakridge Health Partners Partners,Alabama,2023,1,0.09051520302292168,0,0.23
A02929,Clearview Care Partners Partners,Arizona,2023,0,0.37228202005809685,1,0.23
A02943,Evergreen Health Health System,Ohio,2023,0,0.11434187124226483,0,0.23
A02962,Grandview Care Alliance Alliance,Maryland,2023,0,0.10584229716234768,0,0.23
A02967,Riverside Care Alliance Medical Center,Connecticut,2023,0,0.11570261713421796,0,0.23
A02968,Clearview Medical Group Group,Georgia,2023,0,0.031644130297863254,0,0.23
A02969,Metro Health Collaborative Physician Alliance,Pennsylvania,2023,0,0.20465321439086687,0,0.23
A02972,Canyon Medical Network,Colorado,2023,0,0.10649635069206473,0,0.23
A02973,Clearview Medical Group Care Network,Tennessee,2023,0,0.13293871275550453,0,0.23
A02975,Eastgate Care Alliance Network,North Carolina,2023,0,0.1608249061245548,0,0.23
A02986,Cedar Health Network Network,Virginia,2023,0,0.05175410940095843,0,0.23
A02991,Horizon Provider Alliance Association,Texas,2023,0,0.20418116855938234,0,0.23
A02995,Crestview Medical Group Health System,Illinois,2023,0,0.1806521128012287,0,0.23
A03001,Cedar Integrated Health Health System,Georgia,2023,0,0.1525353944477053,0,0.23
A03004,Maplewood Physicians Network,New York,2023,0,0.19063773197556544,0,0.23
A03010,Brookside Physicians Network,Ohio,2023,0,0.16637988272776877,0,0.23
A03018,Beacon Provider Alliance Health System,Indiana,2023,1,0.3213353438478481,1,0.23
A03029,Springfield Healthcare Association,Michigan,2023,0,0.0523049525550376,0,0.23
A03037,Green Valley Health Alliance Alliance,Massachusetts,2023,0,0.04086939705970756,0,0.23
A03039,Canyon Community Care Health System,Massachusetts,2023,1,0.21615798947907508,0,0.23
A03040,Pinnacle Care Partners Association,New York,2023,0,0.03578167776321691,0,0.23
A03044,Metro Healthcare Association,Ohio,2023,0,0.19945222512845567,0,0.23
A03047,Crestview Health Collaborative Group,Texas,2023,1,0.5588298230845188,1,0.23
A03054,Riverside Physicians Care Network,Colorado,2023,0,0.16248151295710683,0,0.23
A03057,Eastgate Healthcare Health System,Indiana,2023,0,0.1009800752939923,0,0.23
A03059,Maplewood Physician Network Physician Alliance,California,2023,1,0.21326943221503494,0,0.23
A03063,Valley Health Network Care Network,Michigan,2023,0,0.056389147176344565,0,0.23
A03064,Crestview Healthcare Care Network,Wisconsin,2023,0,0.2639829738867109,1,0.23
A03070,Lakeside Wellness Alliance,Indiana,2023,0,0.05298758801477087,0,0.23
A03071,Meadow Care Group,Colorado,2023,1,0.29797290136911636,1,0.23
A03077,Maplewood Health Partners Care Network,Minnesota,2023,0,0.09981223239315229,0,0.23
A03079,Crestview Healthcare Health System,Tennessee,2023,0,0.06919125435391604,0,0.23
A03085,Cedar Clinical Partners Physician Alliance,Indiana,2023,0,0.0949278436654797,0,0.23
A03086,Silverstone Physicians Health System,Ohio,2023,0,0.027263773586491742,0,0.23
A03089,Mountain View Medical Group Partners,Washington,2023,0,0.02248095456575164,0,0.23
A03101,Parkview Care Network Alliance,Georgia,2023,0,0.019485014280430975,0,0.23
A03106,Westfield Physician Network Collaborative,Florida,2023,1,0.32321221329677485,1,0.23
A03111,Lakeside Wellness Partners,Michigan,2023,0,0.07825350611291144,0,0.23
A03112,Riverbend Medical Group Association,New Jersey,2023,0,0.05694807472199557,0,0.23
A03116,Community Health Alliance Partners,Oregon,2023,1,0.5004466219386805,1,0.23
A03121,Canyon Physician Network Medical Center,Missouri,2023,0,0.09456872455123394,0,0.23
A03125,Clearview Care Alliance Association,Minnesota,2023,0,0.06251669935046009,0,0.23
A03126,Pinnacle Care Collaborative,Georgia,2023,0,0.0841203283253134,0,0.23
A03129,Crestview Clinical Partners Group,Minnesota,2023,0,0.055655271685238816,0,0.23
A03144,Gateway Integrated Health Collaborative,Wisconsin,2023,0,0.052267899530340195,0,0.23
A03146,Evergreen Physician Network Alliance,Pennsylvania,2023,1,0.16278840590873034,0,0.23
A03149,Parkview Physician Network Association,Alabama,2023,0,0.15434243021899083,0,0.23
A03152,Summit Health Network Association,Florida,2023,0,0.03182372151604756,0,0.23
A03156,Highland Clinical Partners Medical Center,Wisconsin,2023,0,0.13557694115098878,0,0.23
A03166,Stonebridge Medical Group Group,Texas,2023,0,0.16915482560106743,0,0.23
A03167,Crestview Health Alliance Partners,Indiana,2023,0,0.11799359357026137,0,0.23
A03172,Fairview Integrated Health Group,Colorado,2023,0,0.07643305016524767,0,0.23
A03185,Springfield Physicians Group,North Carolina,2023,0,0.16549901686866622,0,0.23
A03193,Riverbend Physicians Collaborative,Missouri,2023,1,0.22609058850131256,0,0.23
A03196,Highland Community Care Network,Missouri,2023,0,0.11152109760959864,0,0.23
A03200,Stonebridge Medical Group Partners,Washington,2023,0,0.18761197280576206,0,0.23
A03201,Beacon Community Care Alliance,Texas,2023,0,0.051187873538099664,0,0.23
A03202,Golden Valley Health Network Alliance,Missouri,2023,0,0.01771427520428827,0,0.23
A03204,Horizon Clinical Partners Medical Center,Washington,2023,0,0.05798368378481,0,0.23
A03212,Green Valley Clinical Partners Group,California,2023,0,0.04692283338780181,0,0.23
A03217,Community Care Partners Care Network,Indiana,2023,0,0.033010005433274724,0,0.23
A03230,Gateway Health Alliance Physician Alliance,New York,2023,0,0.14947347719829887,0,0.23
A03243,Beacon Wellness Association,Georgia,2023,0,0.09624843837258763,0,0.23
A03244,Gateway Physicians Medical Center,Colorado,2023,0,0.1426961690024016,0,0.23
A03256,Maplewood Community Care Network,Indiana,2023,0,0.065322316838209,0,0.23
A03263,Springfield Healthcare Collaborative,Massachusetts,2023,0,0.07086709318117228,0,0.23
A03265,Summit Health Collaborative Network,California,2023,0,0.03436126488983881,0,0.23
A03268,Grandview Health Partners Alliance,Massachusetts,2023,0,0.2611529576716849,1,0.23
A03271,Cedar Health Alliance Association,Indiana,2023,1,0.5298559744484933,1,0.23
A03273,Stonebridge Care Alliance Alliance,Texas,2023,0,0.08071023336495435,0,0.23
A03284,Fairview Health Network Network,Wisconsin,2023,0,0.05234884678722541,0,0.23
A03291,Stonebridge Integrated Health Medical Center,California,2023,1,0.12714636250987452,0,0.23
A03293,Evergreen Medical Group,Indiana,2023,0,0.092884679331959,0,0.23
A03296,Meadow Medical Group,Massachusetts,2023,0,0.07058141350723939,0,0.23
A03305,Heartland Care Network Physician Alliance,New York,2023,0,0.03193160407067439,0,0.23
A03306,Crestview Physician Network Network,New Jersey,2023,0,0.12814802075467777,0,0.23
A03307,Unity Medical Group,Alabama,2023,0,0.22081223659670243,0,0.23
A03316,Pinnacle Health Alliance Alliance,Tennessee,2023,0,0.04515349289071069,0,0.23
A03317,Westfield Care Network Medical Center,Connecticut,2023,0,0.04031205393419569,0,0.23
A03320,Horizon Medical Group Collaborative,Pennsylvania,2023,0,0.15745211835790665,0,0.23
A03329,Springfield Medical Care Network,Indiana,2023,0,0.13980514781236414,0,0.23
A03335,Stonebridge Medical Partners Medical Center,Minnesota,2023,0,0.16794842559823855,0,0.23
A03340,Canyon Health Alliance Network,Virginia,2023,0,0.08633179199860157,0,0.23
A03346,Lakeside Health Partners Medical Center,Tennessee,2023,0,0.08196777295223483,0,0.23
A03347,Silverstone Healthcare Association,New York,2023,0,0.13808688822142887,0,0.23
A03359,Unity Medical Medical Center,Colorado,2023,0,0.15420921701051735,0,0.23
A03360,Blue Ridge Health Partners Partners,Missouri,2023,0,0.35144541282076686,1,0.23
A03361,Unity Health Alliance,Georgia,2023,0,0.17593069993655522,0,0.23
A03363,Metro Healthcare Group,Minnesota,2023,0,0.20199155242285977,0,0.23
A03373,Metro Care Partners Medical Center,Ohio,2023,0,0.0535008051597236,0,0.23
A03376,Heartland Community Care Collaborative,New York,2023,0,0.13865783829179143,0,0.23
A03379,Cedar Integrated Health Care Network,Maryland,2023,0,0.10547887676135569,0,0.23
A03388,Pinnacle Care Partners Collaborative,Missouri,2023,0,0.13842048902236814,0,0.23
A03396,Valley Health Network Network,California,2023,0,0.06211991887741306,0,0.23
A03408,Grandview Medical Medical Center,Tennessee,2023,0,0.06727640951952721,0,0.23
A03410,Lakeside Integrated Health Association,Pennsylvania,2023,1,0.2828192269248248,1,0.23
A03428,Riverbend Integrated Health Collaborative,Ohio,2023,0,0.1031828105534931,0,0.23
A03430,Fairview Health Network,New York,2023,1,0.359495718427242,1,0.23
A03435,Community Health Partners Physician Alliance,Massachusetts,2023,0,0.04494881144739264,0,0.23
A03440,Valley Health Network Health System,California,2023,0,0.12843558591542867,0,0.23
A03444,Horizon Care Partners Health System,Washington,2023,0,0.13132630508975812,0,0.23
A03463,Clearview Community Care Group,Florida,2023,0,0.06079561811964317,0,0.23
A03467,Oakridge Physician Network Care Network,Massachusetts,2023,0,0.13116838436767794,0,0.23
A03470,Pinnacle Physicians Physician Alliance,North Carolina,2023,0,0.0580784943105265,0,0.23
A03474,Northstar Clinical Partners Care Network,Michigan,2023,0,0.13852538613307389,0,0.23
A03477,Crestview Medical Partners Partners,Colorado,2023,0,0.032358202674587735,0,0.23
A03478,Evergreen Physician Network Collaborative,Tennessee,2023,1,0.03079597366323523,0,0.23
A03483,Heritage Health Partners Physician Alliance,Illinois,2023,0,0.02820223981310894,0,0.23
A03491,Beacon Integrated Health Collaborative,North Carolina,2023,0,0.07729033222418236,0,0.23
A03504,Grandview Provider Alliance Group,Arizona,2023,0,0.13635986325620766,0,0.23
A03509,Highland Medical Group Medical Center,Ohio,2023,0,0.01899558974822001,0,0.23
A03512,Northstar Health Network Association,Minnesota,2023,1,0.11677397382517615,0,0.23
A03515,Canyon Medical Group Physician Alliance,Oregon,2023,0,0.0632980671331491,0,0.23
A03517,Oakridge Health Network Care Network,Massachusetts,2023,0,0.02349809429560453,0,0.23
A03522,Gateway Clinical Partners Health System,Michigan,2023,0,0.13521440327276898,0,0.23
A03523,Pinnacle Health Network Medical Center,Georgia,2023,0,0.08634246170639331,0,0.23
A03525,Brookside Health Network Partners,Ohio,2023,0,0.10569565612729613,0,0.23
A03526,Golden Valley Care Alliance Care Network,Massachusetts,2023,0,0.06574050129436197,0,0.23
A03554,Community Physician Network Physician Alliance,Indiana,2023,0,0.22962965281895034,0,0.23
A03556,Grandview Care Network Care Network,New York,2023,0,0.14166141052076875,0,0.23
A03562,Springfield Health Partners Group,Oregon,2023,0,0.023019306401948592,0,0.23
A03565,Fairview Health Partners Network,Illinois,2023,0,0.12571600476934028,0,0.23
A03567,Green Valley Clinical Partners Collaborative,Maryland,2023,1,0.359495718427242,1,0.23
A03569,Heartland Health Partners Collaborative,Connecticut,2023,0,0.08606627835054402,0,0.23
A03570,Meadow Care Network Group,Michigan,2023,0,0.18036004674069267,0,0.23
A03582,Metro Medical Network,Michigan,2023,0,0.18436214460196618,0,0.23
A03586,Riverside Provider Alliance Group,Connecticut,2023,0,0.16890829083196088,0,0.23
A03588,Riverbend Health Network Physician Alliance,Massachusetts,2023,0,0.17637168390879243,0,0.23
A03591,Riverside Medical Network,Alabama,2023,0,0.15116061191182795,0,0.23
A03599,Summit Wellness Partners,Connecticut,2023,0,0.06836224179160479,0,0.23
A03601,Evergreen Care Network Care Network,Pennsylvania,2023,0,0.1697602429201411,0,0.23
A03603,Riverside Community Care Collaborative,Georgia,2023,1,0.07707451271314537,0,0.23
A03605,Stonebridge Care Partners Group,Michigan,2023,0,0.1421990468372095,0,0.23
A03606,Westfield Physician Network Network,Oregon,2023,1,0.15833528980964817,0,0.23
A03608,Riverside Healthcare Partners,Minnesota,2023,0,0.03498481704221789,0,0.23
A03621,Northstar Medical Group Network,Oregon,2023,0,0.12122146402773154,0,0.23
A03626,Heritage Clinical Partners Medical Center,Minnesota,2023,0,0.14120763327279587,0,0.23
A03634,Springfield Health Collaborative Health System,Minnesota,2023,0,0.10955769604325254,0,0.23
A03636,Heritage Medical Partners Collaborative,Colorado,2023,0,0.02722846329607845,0,0.23
A03640,Crestview Wellness Alliance,Ohio,2023,0,0.07971015146261298,0,0.23
A03642,Eastgate Care Partners Collaborative,North Carolina,2023,0,0.0383845181739198,0,0.23
A03643,Evergreen Health Partners Care Network,Massachusetts,2023,0,0.03937579634831188,0,0.23
A03648,Metro Health Network Medical Center,Florida,2023,0,0.04281645163468139,0,0.23
A03649,Heartland Care Collaborative,Massachusetts,2023,0,0.02245362252983066,0,0.23
A03654,Heartland Health Collaborative Collaborative,Massachusetts,2023,1,0.1924487718334927,0,0.23
A03659,Westfield Wellness Collaborative,Virginia,2023,0,0.14063128035289743,0,0.23
A03672,Canyon Healthcare Association,Tennessee,2023,1,0.21411265883066716,0,0.23
A03674,Green Valley Wellness Care Network,Massachusetts,2023,0,0.20655863871614272,0,0.23
A03676,Summit Care Network Association,New Jersey,2023,0,0.2036554549238473,0,0.23
A03680,Beacon Health Alliance Network,Wisconsin,2023,0,0.2284149188712695,0,0.23
A03686,Pinnacle Medical Care Network,Wisconsin,2023,1,0.20946388406690364,0,0.23
A03688,Golden Valley Health Group,Arizona,2023,0,0.13667592374090862,0,0.23
A03689,Golden Valley Integrated Health Group,Minnesota,2023,0,0.15633823577829295,0,0.23
A03715,Golden Valley Medical Medical Center,Wisconsin,2023,0,0.13196667320321834,0,0.23
A03721,Heritage Wellness Collaborative,Indiana,2023,0,0.11311041757831199,0,0.23
A03723,Silverstone Wellness Medical Center,Wisconsin,2023,0,0.07103043998116718,0,0.23
A03724,Lakeside Care Partners Network,Illinois,2023,0,0.09208910828264892,0,0.23
A03736,Blue Ridge Clinical Partners Partners,Texas,2023,0,0.24718264043906202,1,0.23
A03738,Community Care Network Partners,New Jersey,2023,0,0.1809665323723194,0,0.23
A03747,Cedar Care Alliance Network,Florida,2023,0,0.16114351500235458,0,0.23
A03769,Highland Provider Alliance Association,California,2023,0,0.11639884448993784,0,0.23
A03772,Pinnacle Medical Medical Center,Michigan,2023,0,0.11343301316112223,0,0.23
A03776,Pinnacle Health Health System,New Jersey,2023,0,0.1677484172618211,0,0.23
A03781,Silverstone Healthcare Network,Illinois,2023,0,0.040689714728413026,0,0.23
A03783,Silverstone Physicians Group,Michigan,2023,0,0.01838800731771777,0,0.23
A03787,Summit Provider Alliance Alliance,Wisconsin,2023,0,0.17180836359707488,0,0.23
A03795,Heartland Provider Alliance Group,California,2023,1,0.09020946250237225,0,0.23
A03801,WellSpring Care Network Collaborative,Georgia,2023,0,0.06534121903031646,0,0.23
A03802,Oakridge Community Care Group,North Carolina,2023,0,0.11923661318192064,0,0.23
A03817,Horizon Health Partners Group,Maryland,2023,0,0.2118017419580467,0,0.23
A03818,Northstar Healthcare Network,Connecticut,2023,0,0.13685757152971204,0,0.23
A03830,Brookside Care Partners Alliance,Colorado,2023,0,0.1484954631103933,0,0.23
A03840,Blue Ridge Community Care Association,North Carolina,2023,1,0.28971657864661904,1,0.23
A03843,Brookside Care Alliance Network,North Carolina,2023,0,0.3118293929783068,1,0.23
A03846,Heritage Integrated Health Group,Missouri,2023,0,0.033662979117496925,0,0.23
A03850,Unity Care Network Care Network,California,2023,0,0.07971861717572742,0,0.23
A03852,Springfield Care Health System,Virginia,2023,0,0.17586742201337327,0,0.23
A03854,Northstar Health Partners,Minnesota,2023,0,0.12113825973240287,0,0.23
A03855,Meadow Clinical Partners Group,Georgia,2023,1,0.5446405482224749,1,0.23
A03874,Metro Medical Partners Alliance,Colorado,2023,0,0.06512150303921836,0,0.23
A03880,Grandview Health Network Care Network,North Carolina,2023,0,0.27490353948763535,1,0.23
A03886,Heartland Physicians Network,Maryland,2023,0,0.08009883089108945,0,0.23
A03891,Maplewood Medical Partners Partners,Minnesota,2023,1,0.19928919249842103,0,0.23
A03894,Eastgate Medical Partners Group,Ohio,2023,0,0.025258093323483007,0,0.23
A03903,Oakridge Medical Physician Alliance,Indiana,2023,1,0.3449261389646469,1,0.23
A03909,Valley Health Partners Health System,New Jersey,2023,0,0.04121065082199116,0,0.23
A03910,Maplewood Medical Association,New York,2023,0,0.08833857164971068,0,0.23
A03914,Summit Physicians Network,Alabama,2023,0,0.13692738037752636,0,0.23
A03922,Riverbend Healthcare Partners,Washington,2023,1,0.15583563678600565,0,0.23
A03928,Heartland Clinical Partners Network,Washington,2023,0,0.08137433654472746,0,0.23
A03930,Riverside Medical Group Association,Georgia,2023,0,0.13484988187053437,0,0.23
A03931,Riverside Community Care Care Network,Oregon,2023,0,0.03851526822841609,0,0.23
A03932,Westfield Wellness Group,Indiana,2023,0,0.051171793446625216,0,0.23
A03938,Canyon Care Alliance Association,New York,2023,1,0.20487054655848225,0,0.23
A03943,Golden Valley Care Partners Network,Massachusetts,2023,0,0.15868922432293953,0,0.23
A03952,Riverbend Health Collaborative Alliance,Maryland,2023,0,0.04111917763756652,0,0.23
A03956,Lakeside Care Network Alliance,Minnesota,2023,0,0.16808751291797625,0,0.23
A03959,Westfield Care Partners Partners,Colorado,2023,0,0.12804726748368656,0,0.23
A03976,Pinnacle Medical Group Association,North Carolina,2023,0,0.14690543168667142,0,0.23
A03986,Northstar Healthcare Health System,Missouri,2023,0,0.02057547058010053,0,0.23
A03995,Springfield Physicians Physician Alliance,Minnesota,2023,0,0.12747826473784662,0,0.23
A04000,Unity Wellness Partners,Oregon,2023,0,0.030821156348629072,0,0.23
A04009,Evergreen Health Group,Connecticut,2023,1,0.25237585459826056,1,0.23
A04019,Redwood Integrated Health Group,Colorado,2023,0,0.040690073317469676,0,0.23
A04020,Clearview Integrated Health Network,Wisconsin,2023,0,0.06886390313952662,0,0.23
A04024,Parkview Health Collaborative Collaborative,Maryland,2023,0,0.1960531054854853,0,0.23
A04025,Westfield Medical Group Health System,Alabama,2023,0,0.05179461116527536,0,0.23
A04037,Heartland Care Alliance Health System,Alabama,2023,0,0.22099392180277383,0,0.23
A04038,Horizon Medical Partners Association,Wisconsin,2023,0,0.05805018256065158,0,0.23
A04041,Heartland Community Care Group,Connecticut,2023,0,0.039128095308218175,0,0.23
A04042,Summit Care Partners,North Carolina,2023,0,0.027511616374134514,0,0.23
A04043,Clearview Health Network Collaborative,Washington,2023,0,0.05940412632062925,0,0.23
A04045,Valley Care Partners Alliance,Illinois,2023,0,0.22242739750782956,0,0.23
A04046,Northstar Provider Alliance Health System,Connecticut,2023,0,0.04896688802095617,0,0.23
A04047,Golden Valley Physician Network Collaborative,Texas,2023,1,0.1386951855381749,0,0.23
A04072,Community Physicians Partners,Tennessee,2023,0,0.16635034078846453,0,0.23
A04074,Golden Valley Health Network Association,Tennessee,2023,0,0.06602021290177916,0,0.23
A04075,Metro Care Network Physician Alliance,Georgia,2023,0,0.08171181243000529,0,0.23
A04087,Community Community Care Collaborative,New York,2023,0,0.06386628670884265,0,0.23
A04091,Green Valley Wellness Medical Center,New York,2023,0,0.05538638482274902,0,0.23
A04095,Horizon Care Health System,Florida,2023,0,0.06872738978784328,0,0.23
A04106,Riverbend Health Physician Alliance,New Jersey,2023,0,0.17051359866998791,0,0.23
A04111,Riverside Wellness Network,Connecticut,2023,1,0.05449650721495622,0,0.23
A04115,Golden Valley Care Group,Virginia,2023,0,0.17727887139490764,0,0.23
A04116,Pioneer Provider Alliance Collaborative,Georgia,2023,1,0.295867567761803,1,0.23
A04130,Heartland Provider Alliance Network,Massachusetts,2023,0,0.07681222453994861,0,0.23
A04131,Valley Integrated Health Physician Alliance,Indiana,2023,0,0.05531444067331926,0,0.23
A04137,Springfield Physician Network Physician Alliance,Tennessee,2023,0,0.09480650467783631,0,0.23
A04138,Pinnacle Physicians Health System,California,2023,1,0.14614291063341725,0,0.23
A04140,Evergreen Medical Group Network,Colorado,2023,0,0.03753431343753846,0,0.23
A04152,Summit Physician Network Physician Alliance,Massachusetts,2023,0,0.3454150364779195,1,0.23
A04154,Highland Health Medical Center,Oregon,2023,0,0.044969668684564236,0,0.23
A04155,Metro Medical Partners Care Network,California,2023,1,0.6142883616616982,1,0.23
A04161,Pinnacle Healthcare Health System,Missouri,2023,0,0.061346736028078046,0,0.23
A04171,Mountain View Provider Alliance Group,Ohio,2023,0,0.1314612485621157,0,0.23
A04174,Heartland Health Physician Alliance,Missouri,2023,1,0.2903913526090776,1,0.23
A04185,Riverbend Provider Alliance Care Network,Connecticut,2023,0,0.11465385050270865,0,0.23
A04196,Riverside Physicians Collaborative,New York,2023,0,0.18266574044730352,0,0.23
A04198,Maplewood Medical Partners Group,Minnesota,2023,0,0.034583669545436437,0,0.23
A04204,Eastgate Medical Group Care Network,Georgia,2023,0,0.052360029137240735,0,0.23
A04208,Blue Ridge Provider Alliance Partners,Tennessee,2023,0,0.12010372105878064,0,0.23
A04220,Silverstone Care Care Network,Connecticut,2023,1,0.20867157352966106,0,0.23
A04224,Pioneer Health Network Partners,Minnesota,2023,0,0.03968094130324808,0,0.23
A04227,Highland Care Alliance Network,California,2023,0,0.041204920144737006,0,0.23
A04241,Springfield Medical Network,North Carolina,2023,0,0.2575353945853084,1,0.23
A04246,Riverbend Care Partners Network,California,2023,0,0.07196398403615109,0,0.23
A04252,Riverside Care Network Alliance,Minnesota,2023,0,0.10515576594976875,0,0.23
A04255,Canyon Care Alliance Network,Colorado,2023,0,0.15638785864381935,0,0.23
A04267,Springfield Integrated Health Physician Alliance,Virginia,2023,0,0.1663096973415329,0,0.23
A04269,Brookside Provider Alliance Collaborative,Georgia,2023,0,0.06251838856755182,0,0.23
A04270,Redwood Clinical Partners Association,Minnesota,2023,0,0.03262336034012194,0,0.23
A04281,Riverbend Healthcare Medical Center,Texas,2023,0,0.14164198747681478,0,0.23
A04282,Oakridge Care Network Care Network,Indiana,2023,1,0.043115465418970024,0,0.23
A04289,Stonebridge Health Collaborative Network,Maryland,2023,1,0.130784584878288,0,0.23
A04291,Blue Ridge Clinical Partners Network,Texas,2023,0,0.02969899638178085,0,0.23
A04301,Heritage Healthcare Alliance,Ohio,2023,0,0.2981652603478094,1,0.23
A04304,Mountain View Health Partners Physician Alliance,North Carolina,2023,0,0.22616922774978232,0,0.23
A04307,Metro Health Partners,New Jersey,2023,0,0.08585797643214192,0,0.23
A04308,Pioneer Health Network Collaborative,Maryland,2023,0,0.13943113574814947,0,0.23
A04313,Metro Health Health System,Texas,2023,0,0.05834093648191759,0,0.23
A04316,Golden Valley Clinical Partners Physician Alliance,Indiana,2023,0,0.12094175978240691,0,0.23
A04327,Heartland Health Alliance Partners,Maryland,2023,1,0.197026232489435,0,0.23
A04331,Beacon Care Network Medical Center,Colorado,2023,0,0.13378868876643957,0,0.23
A04335,Evergreen Care Alliance Collaborative,Missouri,2023,0,0.11901312020408039,0,0.23
A04336,Pinnacle Care Medical Center,Florida,2023,0,0.13157326925848564,0,0.23
A04343,Community Community Care Partners,California,2023,0,0.058314830227182514,0,0.23
A04352,Heartland Medical Care Network,Virginia,2023,0,0.2915974941915717,1,0.23
A04356,Northstar Integrated Health Care Network,Georgia,2023,0,0.0449716321678494,0,0.23
A04371,Metro Medical Partners Partners,Pennsylvania,2023,0,0.06516081121872791,0,0.23
A04397,Gateway Health Collaborative,Texas,2023,0,0.11387945034412636,0,0.23
A04399,Silverstone Care Partners Physician Alliance,Connecticut,2023,0,0.08335878218758115,0,0.23
A04400,Cedar Community Care Physician Alliance,Maryland,2023,0,0.13522642184720335,0,0.23
A04404,Blue Ridge Community Care Network,Arizona,2023,0,0.41654896612030895,1,0.23
A04406,Blue Ridge Care Network Physician Alliance,Arizona,2023,0,0.2573554843478082,1,0.23
A04409,Evergreen Community Care Physician Alliance,Michigan,2023,0,0.18165982359767274,0,0.23
A04411,Valley Physician Network Medical Center,Tennessee,2023,0,0.10495749047909834,0,0.23
A04416,Stonebridge Physicians Association,Texas,2023,0,0.0554969457515919,0,0.23
A04420,Parkview Healthcare Health System,Florida,2023,0,0.24669266298875445,1,0.23
A04422,Canyon Health Network Alliance,Virginia,2023,0,0.10060247803163716,0,0.23
A04426,Grandview Medical Group Physician Alliance,New York,2023,1,0.1266467810828764,0,0.23
A04428,Cedar Clinical Partners Partners,Wisconsin,2023,0,0.22103824443322811,0,0.23
A04437,Metro Healthcare Care Network,Michigan,2023,0,0.04615979177708043,0,0.23
A04445,Eastgate Community Care Care Network,Ohio,2023,0,0.33605232839481325,1,0.23
A04447,Pinnacle Community Care Collaborative,Ohio,2023,0,0.14987906492158423,0,0.23
A04453,Metro Physicians Group,Maryland,2023,0,0.022027881425932625,0,0.23
A04455,Redwood Care Alliance Group,Georgia,2023,0,0.04728620310238049,0,0.23
A04463,Riverbend Clinical Partners Care Network,Colorado,2023,1,0.02634662736691148,0,0.23
A04465,Clearview Health Network Alliance,Florida,2023,0,0.14822198939682052,0,0.23
A04476,Cedar Care Partners,Florida,2023,0,0.13151422750078132,0,0.23
A04482,Eastgate Physician Network Alliance,Michigan,2023,0,0.05709676350948178,0,0.23
A04487,Maplewood Health Alliance Health System,New York,2023,0,0.10698214042370098,0,0.23
A04507,Community Clinical Partners Care Network,New Jersey,2023,1,0.22999745239699787,0,0.23
A04510,WellSpring Health Physician Alliance,Massachusetts,2023,0,0.03408738165389411,0,0.23
A04514,WellSpring Integrated Health Care Network,Arizona,2023,0,0.17522460902421857,0,0.23
A04516,Golden Valley Medical Partners Association,Minnesota,2023,0,0.35351307903247764,1,0.23
A04520,Valley Health Partners Alliance,Arizona,2023,0,0.18254835583885978,0,0.23
A04523,Maplewood Community Care Partners,Indiana,2023,0,0.5562741995149755,1,0.23
A04527,Heritage Care Association,North Carolina,2023,0,0.19916505152070166,0,0.23
A04529,Gateway Health Network Medical Center,Indiana,2023,0,0.1138431106768714,0,0.23
A04542,Beacon Health Partners Partners,Washington,2023,0,0.15655809067513038,0,0.23
A04548,Summit Physicians Group,Virginia,2023,0,0.05023121277404112,0,0.23
A04550,Redwood Health Partners Group,Missouri,2023,0,0.20276141574121112,0,0.23
A04556,Cedar Healthcare Association,Wisconsin,2023,0,0.12665530458578422,0,0.23
A04577,Horizon Health Network,Georgia,2023,0,0.11327246426133375,0,0.23
A04580,Springfield Health Alliance Association,Virginia,2023,1,0.24544053518336406,1,0.23
A04583,Blue Ridge Clinical Partners Alliance,Colorado,2023,1,0.18612437234361948,0,0.23
A04589,Highland Medical Partners Network,Minnesota,2023,0,0.1770180369843184,0,0.23
A04591,Summit Medical Health System,Virginia,2023,0,0.10863108749012236,0,0.23
A04608,Community Care Alliance Partners,Wisconsin,2023,0,0.05573937680781962,0,0.23
A04609,Northstar Provider Alliance Partners,Washington,2023,0,0.1137431030403042,0,0.23
A04623,Canyon Care Medical Center,Florida,2023,0,0.040744633037033066,0,0.23
A04630,Blue Ridge Health Collaborative Medical Center,Ohio,2023,0,0.013515171003647661,0,0.23
A04631,Canyon Clinical Partners Health System,Arizona,2023,0,0.23783464111823713,1,0.23
A04637,Cedar Health Partners Partners,Arizona,2023,0,0.1240599089157523,0,0.23
A04648,Parkview Health Collaborative Health System,Connecticut,2023,0,0.05238075665620853,0,0.23
A04655,Northstar Care Alliance Medical Center,Texas,2023,0,0.03433796943761644,0,0.23
A04658,Eastgate Care Network,Illinois,2023,1,0.45254705454547905,1,0.23
A04663,Maplewood Community Care Alliance,Florida,2023,0,0.16798169273348978,0,0.23
A04668,Pioneer Clinical Partners Health System,Maryland,2023,0,0.08763070007370334,0,0.23
A04674,WellSpring Physician Network Network,New Jersey,2023,0,0.0522241317237113,0,0.23
A04677,Lakeside Care Partners,Oregon,2023,0,0.16338299844848161,0,0.23
A04684,Pioneer Health Network Alliance,Pennsylvania,2023,0,0.10882684200287794,0,0.23
A04686,Metro Clinical Partners Medical Center,Tennessee,2023,0,0.05614882273232648,0,0.23
A04689,Clearview Health Partners Care Network,Wisconsin,2023,0,0.06909783565818936,0,0.23
A04699,Springfield Care Network Partners,North Carolina,2023,0,0.0721421751600999,0,0.23
A04700,Northstar Medical Physician Alliance,Minnesota,2023,0,0.27691262765893593,1,0.23
A04701,Summit Care Network Health System,Florida,2023,0,0.014757696852457525,0,0.23
A04704,Oakridge Health Alliance Collaborative,Washington,2023,0,0.14002481041355122,0,0.23
A04710,Crestview Health Alliance Alliance,Washington,2023,0,0.4278865220151026,1,0.23
A04715,Cedar Health Collaborative Group,Tennessee,2023,0,0.05198084065666688,0,0.23
A04720,Stonebridge Integrated Health Partners,Texas,2023,0,0.17935998544108445,0,0.23
A04754,Stonebridge Health Network Network,Missouri,2023,0,0.06983640387849689,0,0.23
A04755,Summit Clinical Partners Network,Connecticut,2023,0,0.12427182188652212,0,0.23
A04769,Green Valley Physicians Association,Arizona,2023,0,0.16327581075830885,0,0.23
A04770,Oakridge Community Care Health System,North Carolina,2023,1,0.646118724554082,1,0.23
A04771,Springfield Health Health System,Wisconsin,2023,0,0.10953646296336947,0,0.23
A04773,Maplewood Health Alliance Collaborative,Wisconsin,2023,1,0.28971657864661904,1,0.23
A04774,Silverstone Provider Alliance Physician Alliance,Illinois,2023,0,0.10041215793259632,0,0.23
A04777,Pinnacle Health Association,Washington,2023,0,0.04746976024609724,0,0.23
A04791,Pinnacle Health Alliance Partners,Arizona,2023,0,0.02579058842904579,0,0.23
A04794,Westfield Healthcare Network,Massachusetts,2023,0,0.0649823313889277,0,0.23
A04798,Lakeside Healthcare Medical Center,Connecticut,2023,0,0.09411062927507068,0,0.23
A04801,Eastgate Care Partners Association,New York,2023,0,0.08835961933743128,0,0.23
A04803,Redwood Integrated Health Collaborative,Minnesota,2023,0,0.07628207332529179,0,0.23
A04806,Maplewood Care Partners Collaborative,Texas,2023,0,0.06874655942200905,0,0.23
A04811,Silverstone Clinical Partners Alliance,Ohio,2023,0,0.12094175978240691,0,0.23
A04832,Lakeside Medical Alliance,Wisconsin,2023,0,0.12740093719489026,0,0.23
A04843,WellSpring Healthcare Association,New Jersey,2023,0,0.0654005744601008,0,0.23
A04856,Highland Clinical Partners Partners,Michigan,2023,0,0.07218056944470937,0,0.23
A04865,Lakeside Care Alliance Medical Center,Maryland,2023,0,0.13875576061076592,0,0.23
A04867,Summit Care Association,Virginia,2023,0,0.12004689458721131,0,0.23
A04868,Cedar Health Collaborative Association,Arizona,2023,0,0.10182083773085854,0,0.23
A04874,Cedar Care Partners Physician Alliance,Florida,2023,1,0.3927781198718072,1,0.23
A04876,Brookside Care Network Group,California,2023,0,0.1593850787951904,0,0.23
A04878,Grandview Health Partners Collaborative,Maryland,2023,0,0.16288107430729754,0,0.23
A04879,Northstar Provider Alliance Network,Illinois,2023,0,0.12124238039271042,0,0.23
A04880,Stonebridge Physicians Physician Alliance,Maryland,2023,0,0.10443001659701391,0,0.23
A04882,Summit Medical Association,Wisconsin,2023,0,0.07321509355996712,0,0.23
A04885,Heartland Health Alliance Alliance,Alabama,2023,1,0.16238653558270907,0,0.23
A04890,Community Health Collaborative Health System,North Carolina,2023,0,0.13160023304331261,0,0.23
A04905,Gateway Care Partners Medical Center,Texas,2023,0,0.6158891812502446,1,0.23
A04916,Oakridge Integrated Health Health System,Michigan,2023,0,0.06701001199641607,0,0.23
A04924,Summit Health Partners Group,North Carolina,2023,0,0.10946421668830401,0,0.23
A04937,WellSpring Health Partners Association,Colorado,2023,0,0.16282448541768207,0,0.23
A04940,Maplewood Health Alliance Partners,Oregon,2023,1,0.14274278765200765,0,0.23
A04942,Northstar Health Collaborative Physician Alliance,Maryland,2023,0,0.15186131384010848,0,0.23
A04945,Pinnacle Physician Network Medical Center,Texas,2023,0,0.10935222977801205,0,0.23
A04948,Eastgate Healthcare Alliance,Arizona,2023,0,0.15941495018507404,0,0.23
A04957,Gateway Health Partners Medical Center,Ohio,2023,0,0.04304002385405806,0,0.23
A04958,Heritage Medical Group Group,Minnesota,2023,0,0.03883325765459212,0,0.23
A04959,Horizon Wellness Group,Indiana,2023,0,0.0825071877566081,0,0.23
A04964,Mountain View Care Alliance Care Network,California,2023,0,0.19305446790994132,0,0.23
A04974,Canyon Physician Network Association,North Carolina,2023,0,0.24387928104490922,1,0.23
A04981,Springfield Physician Network Medical Center,Illinois,2023,0,0.09971650584124832,0,0.23
A04985,Northstar Medical Partners Alliance,Arizona,2023,0,0.1926092713765151,0,0.23
A04987,Oakridge Medical Partners Group,Connecticut,2023,0,0.05594502539835647,0,0.23
A04996,Evergreen Care Alliance Group,Indiana,2023,1,0.2171796534241232,0,0.23
A05001,Fairview Care Alliance Alliance,Missouri,2023,0,0.14706347252862892,0,0.23
A05006,Mountain View Community Care Alliance,Pennsylvania,2023,0,0.07158803167024388,0,0.23
A05014,Clearview Health Collaborative Physician Alliance,Georgia,2023,0,0.20144075272884174,0,0.23
A05027,Pinnacle Clinical Partners Partners,Arizona,2023,1,0.5412914619542658,1,0.23
A05029,Unity Health Collaborative,California,2023,0,0.30459222927781665,1,0.23
A05030,Riverbend Care Alliance Care Network,Maryland,2023,0,0.10872120519506351,0,0.23
A05031,Highland Health Alliance Group,Minnesota,2023,0,0.11134041140338463,0,0.23
A05035,Springfield Integrated Health Medical Center,North Carolina,2023,0,0.02592718272555891,0,0.23
A05043,Grandview Wellness Care Network,Missouri,2023,0,0.03179761485571594,0,0.23
A05046,Unity Health Partners Group,Wisconsin,2023,1,0.48470668657997046,1,0.23
A05047,Westfield Health Collaborative Medical Center,North Carolina,2023,0,0.055730449555141115,0,0.23
A05056,Pioneer Care Network Medical Center,Texas,2023,1,0.14098964087640328,0,0.23
A05058,Cedar Wellness Care Network,Arizona,2023,0,0.06143083849753991,0,0.23
A05059,Clearview Care Partners Group,Alabama,2023,0,0.04230052504149003,0,0.23
A05062,Evergreen Integrated Health Physician Alliance,Texas,2023,0,0.040277727517489,0,0.23
A05067,Mountain View Physician Network Association,Michigan,2023,0,0.061406221699990694,0,0.23
A05079,Springfield Health Network Alliance,Washington,2023,1,0.4259500526634787,1,0.23
A05083,Redwood Care Partners Alliance,Maryland,2023,0,0.05012327987004225,0,0.23
A05088,Cedar Medical Physician Alliance,Wisconsin,2023,0,0.22189066137509808,0,0.23
A05090,Pinnacle Medical Group,Missouri,2023,0,0.0359993487777469,0,0.23
A05092,Brookside Community Care Care Network,Ohio,2023,0,0.11529516389020199,0,0.23
A05093,Pinnacle Care Network Partners,Texas,2023,0,0.10854287744290422,0,0.23
A05094,Fairview Health Partners Collaborative,Georgia,2023,1,0.13734003485638313,0,0.23
A05095,Highland Health Physician Alliance,Oregon,2023,0,0.08170510196660484,0,0.23
A05108,Green Valley Wellness Partners,Georgia,2023,0,0.06002279216637835,0,0.23
A05109,Heritage Care Partners Association,Missouri,2023,0,0.10912677305320032,0,0.23
A05121,Fairview Medical Group Medical Center,Michigan,2023,0,0.07066893466175402,0,0.23
A05122,Mountain View Health Partners Care Network,Tennessee,2023,0,0.0720712046841849,0,0.23
A05123,Metro Health Partners Medical Center,New Jersey,2023,0,0.1574531819455813,0,0.23
A05126,Heartland Integrated Health Physician Alliance,Missouri,2023,0,0.08033113484726202,0,0.23
A05131,Evergreen Care Alliance Association,California,2023,0,0.07813006350294528,0,0.23
A05144,Redwood Health Partners Care Network,Texas,2023,0,0.22795442542073002,0,0.23
A05146,Grandview Wellness Group,Washington,2023,0,0.07468307393593925,0,0.23
A05152,Pioneer Medical Group Physician Alliance,Indiana,2023,1,0.15366984670012282,0,0.23
A05154,Blue Ridge Physicians Physician Alliance,Tennessee,2023,1,0.2100579595810763,0,0.23
A05156,Maplewood Health Partners Partners,Pennsylvania,2023,0,0.0709604008861919,0,0.23
A05162,Pioneer Medical Medical Center,Florida,2023,0,0.14972226657130475,0,0.23
A05163,Meadow Community Care Physician Alliance,Arizona,2023,0,0.11237900198707561,0,0.23
A05177,Redwood Physicians Group,Oregon,2023,1,0.07132174192367895,0,0.23
A05186,Valley Health Physician Alliance,Maryland,2023,0,0.06319227215590792,0,0.23
A05189,Westfield Community Care Network,Arizona,2023,0,0.17724429380486698,0,0.23
A05206,Metro Wellness Group,Indiana,2023,0,0.10944338175313478,0,0.23
A05209,Grandview Medical Group Care Network,Massachusetts,2023,0,0.051780271327120764,0,0.23
A05223,Silverstone Health Alliance Medical Center,Wisconsin,2023,0,0.04102242875865847,0,0.23
A05229,Oakridge Healthcare Collaborative,Maryland,2023,0,0.4513426043331077,1,0.23
A05234,Community Medical Group Physician Alliance,Illinois,2023,0,0.07698329442591573,0,0.23
A05235,Mountain View Medical Partners Collaborative,Missouri,2023,1,0.09728392185685214,0,0.23
A05248,Cedar Care Medical Center,Washington,2023,0,0.04475308991625036,0,0.23
A05275,Meadow Physicians Health System,Indiana,2023,0,0.42547165660312886,1,0.23
A05277,Meadow Integrated Health Alliance,New Jersey,2023,0,0.13769283997261947,0,0.23
A05285,Lakeside Care Association,Massachusetts,2023,0,0.09190047956403885,0,0.23
A05288,Heritage Care Network Association,Virginia,2023,0,0.03343179621107868,0,0.23
A05289,Riverbend Wellness Care Network,Texas,2023,0,0.32097119145932623,1,0.23
A05295,Clearview Health Alliance Health System,Georgia,2023,0,0.13046247149632995,0,0.23
A05296,Northstar Health Alliance Alliance,Maryland,2023,0,0.05725551039725902,0,0.23
A05299,Mountain View Healthcare Health System,Texas,2023,0,0.08452025313771286,0,0.23
A05301,Eastgate Medical Group Network,Alabama,2023,0,0.13575685207425406,0,0.23
A05304,Westfield Care Network Group,Ohio,2023,0,0.1300788319813836,0,0.23
A05310,Pinnacle Health Collaborative Alliance,Washington,2023,0,0.08180345089295228,0,0.23
A05313,Riverbend Clinical Partners Physician Alliance,Massachusetts,2023,0,0.16132523609645308,0,0.23
A05315,Parkview Care Partners Group,Illinois,2023,0,0.04193074644964416,0,0.23
A05332,Maplewood Health Partners Physician Alliance,Massachusetts,2023,1,0.17938013815176326,0,0.23
A05335,Springfield Wellness Care Network,New York,2023,0,0.062198276958575424,0,0.23
A05342,Horizon Health Partners Partners,Washington,2023,0,0.14936473744128237,0,0.23
A05349,Springfield Health Partners Network,Pennsylvania,2023,0,0.11822910321895706,0,0.23
A05354,Springfield Care Alliance Medical Center,Connecticut,2023,0,0.07712929172486571,0,0.23
A05357,Stonebridge Medical Physician Alliance,Florida,2023,1,0.12279145478938273,0,0.23
A05359,Crestview Medical Collaborative,Wisconsin,2023,0,0.16868131511456474,0,0.23
A05364,Redwood Health Collaborative Alliance,Connecticut,2023,1,0.033262437407984874,0,0.23
A05367,Heartland Care Partners Association,Michigan,2023,0,0.03134356422338419,0,0.23
A05371,Pioneer Clinical Partners Network,Missouri,2023,0,0.04368931673604457,0,0.23
A05374,Valley Health Partners Care Network,Indiana,2023,0,0.12475142215879222,0,0.23
A05375,Community Care Partners Network,Florida,2023,0,0.05244466706652034,0,0.23
A05378,Northstar Community Care Alliance,Ohio,2023,0,0.1615407422154313,0,0.23
A05387,Metro Healthcare Collaborative,Virginia,2023,0,0.18071489024729043,0,0.23
A05388,Gateway Care Partners Group,Florida,2023,1,0.7302197288221862,1,0.23
A05389,Highland Physician Network Network,Connecticut,2023,0,0.04402026128754949,0,0.23
A05392,Pinnacle Care Partners Medical Center,Colorado,2023,0,0.08646701323488996,0,0.23
A05401,Heritage Care Partners Physician Alliance,Oregon,2023,0,0.20297913282412627,0,0.23
A05408,Northstar Wellness Alliance,New Jersey,2023,0,0.09142845435168402,0,0.23
A05409,Riverside Care Network Health System,Texas,2023,0,0.16132523609645308,0,0.23
A05420,Silverstone Community Care Health System,Virginia,2023,0,0.08373334620144775,0,0.23
A05422,Beacon Medical Group Network,Connecticut,2023,0,0.030807491850730326,0,0.23
A05427,Northstar Care Network Health System,New York,2023,0,0.1610928909017787,0,0.23
A05430,Brookside Health Collaborative Group,Washington,2023,0,0.08444487371081316,0,0.23
A05431,Maplewood Care Network Network,Georgia,2023,0,0.04641517245954969,0,0.23
A05433,Pioneer Care Alliance Care Network,North Carolina,2023,0,0.049145750158647014,0,0.23
A05436,Maplewood Physician Network Care Network,New Jersey,2023,0,0.030373374094255317,0,0.23
A05441,Blue Ridge Medical Group Partners,Ohio,2023,0,0.08480534926687244,0,0.23
A05459,Community Care Alliance Care Network,Wisconsin,2023,0,0.126776292982108,0,0.23
A05462,Maplewood Medical Group,Minnesota,2023,0,0.10820688982894744,0,0.23
A05483,Blue Ridge Care Network,Maryland,2023,0,0.10202906719134816,0,0.23
A05485,Beacon Medical Group Association,New York,2023,0,0.07170845695289117,0,0.23
A05491,Westfield Medical Partners Alliance,Florida,2023,0,0.2672955539627033,1,0.23
A05492,Green Valley Community Care Physician Alliance,Maryland,2023,0,0.10574863937013683,0,0.23
A05495,Maplewood Health Partners,Indiana,2023,1,0.2557308894450117,1,0.23
A05505,Crestview Medical Partners Physician Alliance,Michigan,2023,0,0.15580843501898395,0,0.23
A05506,Horizon Health Collaborative Physician Alliance,Pennsylvania,2023,0,0.15791187616127528,0,0.23
A05512,Pinnacle Wellness Partners,Indiana,2023,0,0.14686865238385075,0,0.23
A05514,Westfield Medical Partners Care Network,North Carolina,2023,0,0.1431981845942162,0,0.23
A05517,Clearview Medical Alliance,Missouri,2023,1,0.18203704833827905,0,0.23
A05523,Mountain View Integrated Health Network,Oregon,2023,0,0.08197531077567519,0,0.23
A05526,Beacon Care Network Care Network,Georgia,2023,0,0.2192361399820542,0,0.23
A05529,Northstar Care Network Association,Michigan,2023,0,0.08650391836432245,0,0.23
A05532,Mountain View Integrated Health Alliance,New Jersey,2023,0,0.04955678145437333,0,0.23
A05534,WellSpring Medical Partners Health System,Virginia,2023,0,0.06275690334963664,0,0.23
A05541,Silverstone Health Alliance Collaborative,Indiana,2023,0,0.19411985175657626,0,0.23
A05544,Mountain View Medical Group Association,Pennsylvania,2023,0,0.10764883106985962,0,0.23
A05549,Meadow Community Care Association,Minnesota,2023,1,0.3669735339398175,1,0.23
A05561,Community Clinical Partners Medical Center,North Carolina,2023,0,0.1520431755697874,0,0.23
A05564,Redwood Integrated Health Health System,Tennessee,2023,0,0.1289688519000769,0,0.23
A05575,Canyon Medical Partners Network,California,2023,0,0.09615704856100185,0,0.23
A05579,Canyon Health Alliance Medical Center,Connecticut,2023,0,0.22666641788806444,0,0.23
A05588,Green Valley Health Partners Alliance,Pennsylvania,2023,0,0.13946291989045453,0,0.23
A05590,Gateway Medical Group Network,Wisconsin,2023,0,0.09253242821808005,0,0.23
A05597,Gateway Care Network Association,Connecticut,2023,1,0.14547602909146662,0,0.23
A05600,Crestview Healthcare Alliance,Colorado,2023,0,0.14179965859570884,0,0.23
A05604,Horizon Provider Alliance Partners,Pennsylvania,2023,0,0.12691095502451877,0,0.23
A05605,Riverside Care Alliance Care Network,Michigan,2023,0,0.04015523135680386,0,0.23
A05610,Blue Ridge Medical Group,Tennessee,2023,1,0.3270372288406357,1,0.23
A05611,Brookside Health Collaborative Association,Alabama,2023,0,0.06144586878313445,0,0.23
A05612,Riverside Medical Partners Physician Alliance,Georgia,2023,0,0.15447943542276443,0,0.23
A05616,Gateway Health Collaborative Care Network,Maryland,2023,0,0.32393259953700015,1,0.23
A05622,Green Valley Care Network Network,Tennessee,2023,0,0.11750469160089284,0,0.23
A05624,Green Valley Medical Medical Center,Connecticut,2023,1,0.1527449732024162,0,0.23
A05628,Stonebridge Care Network Collaborative,Tennessee,2023,0,0.02955595543605387,0,0.23
A05634,Evergreen Care Physician Alliance,Arizona,2023,0,0.12680603276093402,0,0.23
A05636,Pioneer Physician Network Association,New York,2023,1,0.26938037860185843,1,0.23
A05641,Eastgate Health Care Network,Florida,2023,0,0.07724187671734652,0,0.23
A05673,Canyon Healthcare Collaborative,California,2023,0,0.10799496067690863,0,0.23
A05675,Green Valley Physician Network Collaborative,Oregon,2023,0,0.10988043058646384,0,0.23
A05679,Green Valley Health Collaborative Medical Center,Georgia,2023,0,0.11598960524012647,0,0.23
A05683,Evergreen Integrated Health Care Network,Alabama,2023,0,0.040790726996757086,0,0.23
A05684,Gateway Community Care Association,North Carolina,2023,0,0.1030267855183667,0,0.23
A05690,WellSpring Care Partners Collaborative,Alabama,2023,0,0.4220361006552518,1,0.23
A05698,WellSpring Integrated Health Group,Ohio,2023,0,0.12740093719489026,0,0.23
A05702,Pioneer Health Collaborative Collaborative,Tennessee,2023,0,0.0450753691694479,0,0.23
A05703,Northstar Care Alliance Health System,Illinois,2023,0,0.0942934434958752,0,0.23
A05708,Pinnacle Care Network Physician Alliance,Washington,2023,1,0.17240606383536686,0,0.23
A05715,Heritage Healthcare Physician Alliance,Tennessee,2023,0,0.14276756767857923,0,0.23
A05719,Heartland Care Network Partners,Minnesota,2023,0,0.08067291850317135,0,0.23
A05720,Riverbend Health Alliance Alliance,New York,2023,0,0.04794114748434748,0,0.23
A05728,Northstar Community Care Network,Oregon,2023,0,0.040847229539169375,0,0.23
A05730,Community Health Partners Alliance,Maryland,2023,0,0.21642926435430393,0,0.23
A05731,Springfield Medical Partners Care Network,Virginia,2023,1,0.7926601072670801,1,0.23
A05752,Heartland Integrated Health Partners,Colorado,2023,0,0.13440802705759688,0,0.23
A05763,Riverbend Health Network Group,Connecticut,2023,0,0.18997333746688183,0,0.23
A05778,Community Health Physician Alliance,Alabama,2023,0,0.08074039258905535,0,0.23
A05780,Highland Provider Alliance Alliance,Minnesota,2023,0,0.09457469522129106,0,0.23
A05787,Heritage Community Care Collaborative,Minnesota,2023,0,0.31983514521044065,1,0.23
A05792,Redwood Medical Partners Network,New Jersey,2023,0,0.09050863127550211,0,0.23
A05801,Highland Care Group,Ohio,2023,1,0.11222091160471445,0,0.23
A05812,Gateway Community Care Medical Center,Washington,2023,0,0.11162053394279507,0,0.23
A05814,Oakridge Community Care Association,Tennessee,2023,0,0.03010315027967642,0,0.23
A05821,Northstar Health Partners Network,Wisconsin,2023,1,0.65907258926026,1,0.23
A05830,Westfield Physicians Health System,North Carolina,2023,0,0.024249723110652998,0,0.23
A05834,Pioneer Care Alliance,New Jersey,2023,1,0.12774288531988698,0,0.23
A05843,Clearview Provider Alliance Physician Alliance,Massachusetts,2023,0,0.09370294015881955,0,0.23
A05853,Pioneer Care Alliance Network,Massachusetts,2023,0,0.44436240137852506,1,0.23
A05857,Riverbend Health Group,Massachusetts,2023,0,0.05427922825098453,0,0.23
A05865,Canyon Community Care Partners,Indiana,2023,1,0.4966335014513285,1,0.23
A05867,Mountain View Healthcare Partners,Tennessee,2023,0,0.04771839068908366,0,0.23
A05871,Heartland Integrated Health Network,Colorado,2023,0,0.13942048700153264,0,0.23
A05873,Summit Health Partners Health System,Illinois,2023,0,0.17316116061935877,0,0.23
A05880,Cedar Health Network Group,Arizona,2023,0,0.045301420835707394,0,0.23
A05881,Evergreen Physician Network Health System,Missouri,2023,0,0.05909778245886464,0,0.23
A05882,Blue Ridge Health Collaborative Health System,Massachusetts,2023,1,0.05572494208632271,0,0.23
A05884,Golden Valley Clinical Partners Alliance,Ohio,2023,0,0.09301816076240073,0,0.23
A05886,Golden Valley Wellness Group,Illinois,2023,1,0.3013404406035608,1,0.23
A05895,Oakridge Care Health System,Virginia,2023,0,0.15770543673660883,0,0.23
A05902,Horizon Medical Group Care Network,Oregon,2023,0,0.16594798966156074,0,0.23
A05904,Beacon Physician Network Physician Alliance,Alabama,2023,0,0.11634991029030874,0,0.23
A05916,Northstar Physicians Network,Wisconsin,2023,0,0.11414880183834944,0,0.23
A05923,Summit Wellness Health System,Tennessee,2023,1,0.09128554028337126,0,0.23
A05924,Riverside Care Network Physician Alliance,Connecticut,2023,0,0.12106702510822696,0,0.23
A05928,Green Valley Physicians Partners,Oregon,2023,0,0.19431272720065804,0,0.23
A05931,Pinnacle Integrated Health Care Network,Washington,2023,0,0.047600011788891894,0,0.23
A05941,Blue Ridge Care Partners Medical Center,Missouri,2023,0,0.06223987904932819,0,0.23
A05942,Clearview Health Group,North Carolina,2023,1,0.5822847818856248,1,0.23
A05943,Green Valley Care Partners Network,Pennsylvania,2023,1,0.17172779028953472,0,0.23
A05944,Golden Valley Clinical Partners Care Network,Pennsylvania,2023,0,0.07321693107519174,0,0.23
A05950,Maplewood Care Alliance Alliance,Pennsylvania,2023,0,0.20297913282412627,0,0.23
A05952,Beacon Care Partners Medical Center,Oregon,2023,0,0.11299713211956641,0,0.23
A05972,Fairview Provider Alliance Group,Maryland,2023,0,0.1375212301787614,0,0.23
A05986,Oakridge Health Network Association,Virginia,2023,0,0.07067242744525658,0,0.23
A06000,Fairview Healthcare Health System,Pennsylvania,2023,1,0.16734540962767933,0,0.23
A06003,Fairview Care Network Network,Minnesota,2023,0,0.19821174961876697,0,0.23
A06009,Horizon Health Alliance Group,California,2023,0,0.04959738615177003,0,0.23
A06011,Unity Physicians Alliance,Florida,2023,0,0.05396562922955952,0,0.23
A06012,Northstar Health Collaborative Care Network,Maryland,2023,0,0.21405863031023015,0,0.23
A06013,Oakridge Care Partners Care Network,Wisconsin,2023,0,0.11729417095861444,0,0.23
A06017,Maplewood Medical Network,Georgia,2023,1,0.40825866040607556,1,0.23
A06018,Summit Health Alliance Alliance,California,2023,0,0.0738286401576833,0,0.23
A06020,Clearview Health Alliance Partners,Massachusetts,2023,0,0.059289022293552256,0,0.23
A06021,Horizon Care Group,Missouri,2023,0,0.038753450188296255,0,0.23
A06028,Highland Health Alliance Physician Alliance,Virginia,2023,0,0.17726215869281883,0,0.23
A06040,Redwood Physician Network Alliance,Tennessee,2023,0,0.10172589981775167,0,0.23
A06051,Cedar Wellness Network,Arizona,2023,0,0.09015662929257935,0,0.23
A06079,WellSpring Integrated Health Collaborative,Oregon,2023,0,0.3640963599517106,1,0.23
A06096,Metro Physician Network Care Network,Arizona,2023,0,0.04061450136820269,0,0.23
A06098,Crestview Clinical Partners Physician Alliance,Virginia,2023,0,0.08321663277328611,0,0.23
A06100,Eastgate Provider Alliance Alliance,Michigan,2023,0,0.03527599220278706,0,0.23
A06107,Heartland Health Partners Partners,Maryland,2023,0,0.14002733964580932,0,0.23
A06115,Eastgate Care Network Group,Oregon,2023,1,0.28800512682950075,1,0.23
A06119,Clearview Provider Alliance Association,Georgia,2023,1,0.5632012069667724,1,0.23
A06121,Evergreen Medical Network,Minnesota,2023,0,0.13748963590446409,0,0.23
A06126,Pinnacle Provider Alliance Alliance,Indiana,2023,0,0.04363909595372055,0,0.23
A06128,Pinnacle Physician Network Care Network,Tennessee,2023,1,0.031947411995011527,0,0.23
A06135,Metro Clinical Partners Group,Illinois,2023,0,0.22819558208720853,0,0.23
A06137,Clearview Physician Network Collaborative,Connecticut,2023,1,0.04844797875882736,0,0.23
A06140,Maplewood Health Partners Association,New York,2023,0,0.10160266067685844,0,0.23
A06142,Stonebridge Medical Group Alliance,California,2023,0,0.11640051788139588,0,0.23
A06144,WellSpring Medical Alliance,New York,2023,0,0.13173342926224416,0,0.23
A06148,Meadow Clinical Partners Alliance,New Jersey,2023,0,0.19579565565056575,0,0.23
A06149,Golden Valley Community Care Physician Alliance,Oregon,2023,0,0.14518840190658436,0,0.23
A06150,Valley Care Alliance Alliance,New Jersey,2023,0,0.059692894316000514,0,0.23
A06153,Riverbend Physician Network Collaborative,New Jersey,2023,0,0.0633211381512124,0,0.23
A06159,WellSpring Physicians Physician Alliance,Tennessee,2023,1,0.0725032110347763,0,0.23
A06165,Highland Medical Partners,Virginia,2023,0,0.09569474737547398,0,0.23
A06170,Parkview Integrated Health Partners,North Carolina,2023,0,0.2323417026632751,1,0.23
A06176,Green Valley Physician Network Health System,Georgia,2023,0,0.1346827705255647,0,0.23
A06178,Canyon Care Alliance Collaborative,Texas,2023,0,0.06633330688227661,0,0.23
A06179,Blue Ridge Care Partners Partners,Minnesota,2023,0,0.19824509761931872,0,0.23
A06180,Brookside Care Alliance Association,Indiana,2023,0,0.03968607215123419,0,0.23
A06193,Stonebridge Community Care Association,Minnesota,2023,0,0.20293059333022156,0,0.23
A06195,Meadow Community Care Care Network,Oregon,2023,0,0.06849052171900613,0,0.23
A06202,Blue Ridge Medical Group Association,Arizona,2023,1,0.23433246445330647,1,0.23
A06211,Stonebridge Care Alliance Physician Alliance,Indiana,2023,0,0.05856785853065065,0,0.23
A06214,Golden Valley Care Physician Alliance,Georgia,2023,0,0.08832361064962878,0,0.23
A06216,Maplewood Care Partners Partners,Georgia,2023,0,0.19473154946957025,0,0.23
A06225,Cedar Medical Partners,Michigan,2023,0,0.0557174512835554,0,0.23
A06231,Mountain View Health Health System,Tennessee,2023,0,0.04972985732180972,0,0.23
A06232,Lakeside Community Care Network,Georgia,2023,0,0.05517944307106967,0,0.23
A06233,Clearview Medical Partners Medical Center,Michigan,2023,0,0.13210824222322118,0,0.23
A06234,Golden Valley Clinical Partners Network,Florida,2023,0,0.1574167142608066,0,0.23
A06238,Grandview Health Collaborative Care Network,Tennessee,2023,0,0.08621998832962247,0,0.23
A06253,Beacon Care Collaborative,New York,2023,0,0.16024242384554957,0,0.23
A06257,Community Medical Group Association,Wisconsin,2023,0,0.3131892349826238,1,0.23
A06262,Evergreen Physician Network Physician Alliance,Maryland,2023,0,0.04212624980644178,0,0.23
A06266,Grandview Health Collaborative Medical Center,California,2023,0,0.19125865779451928,0,0.23
A06269,Westfield Wellness Partners,North Carolina,2023,0,0.11121149259750095,0,0.23
A06279,Lakeside Wellness Medical Center,Pennsylvania,2023,0,0.057913444466329685,0,0.23
A06303,Westfield Physicians Medical Center,Texas,2023,0,0.15000235299264086,0,0.23
A06315,Gateway Medical Group Association,California,2023,0,0.10218149639991364,0,0.23
A06316,Canyon Health Alliance Alliance,Missouri,2023,0,0.034340069496599804,0,0.23
A06319,Evergreen Integrated Health Collaborative,Tennessee,2023,0,0.16715204879646722,0,0.23
A06321,Silverstone Care Alliance Health System,North Carolina,2023,0,0.14063003542133526,0,0.23
A06322,Westfield Health Partners Medical Center,Colorado,2023,0,0.0435656408759392,0,0.23
A06328,Maplewood Care Network Health System,Massachusetts,2023,0,0.06936801439367639,0,0.23
A06332,Fairview Physician Network Collaborative,Illinois,2023,0,0.040689714728413026,0,0.23
A06343,Riverbend Care Partners Collaborative,Michigan,2023,0,0.18794827484449633,0,0.23
A06345,Riverside Physicians Alliance,Michigan,2023,1,0.23349997876152315,1,0.23
A06357,Eastgate Medical Group Group,Minnesota,2023,0,0.11019451069549177,0,0.23
A06362,Eastgate Medical Partners Association,Minnesota,2023,0,0.09738476739152108,0,0.23
A06363,Valley Health Alliance Association,Washington,2023,0,0.11080062820979113,0,0.23
A06367,Mountain View Health Partners Group,Washington,2023,0,0.06731737158547675,0,0.23
A06369,Meadow Care Alliance Care Network,Ohio,2023,0,0.05994156794415972,0,0.23
A06370,Brookside Healthcare Partners,Indiana,2023,0,0.10218149639991364,0,0.23
A06377,Springfield Health Collaborative Association,Minnesota,2023,0,0.1970553794193763,0,0.23
A06378,Stonebridge Health Physician Alliance,Missouri,2023,0,0.09354297904918261,0,0.23
A06382,Springfield Medical Group Association,Texas,2023,0,0.03851526822841609,0,0.23
A06383,Valley Care Alliance Network,Massachusetts,2023,1,0.14640836074336058,0,0.23
A06388,Grandview Healthcare Network,Virginia,2023,0,0.1549256261608789,0,0.23
A06392,Eastgate Medical Group Association,New Jersey,2023,0,0.0896846678195603,0,0.23
A06393,WellSpring Health Network Care Network,Indiana,2023,0,0.05062788774253121,0,0.23
A06394,Meadow Care Network,Ohio,2023,0,0.05010086820035155,0,0.23
A06395,Golden Valley Physicians Group,Virginia,2023,0,0.13414369096624526,0,0.23
A06410,Brookside Care Network Care Network,Alabama,2023,0,0.24012409054164668,1,0.23
A06415,Highland Health Collaborative Care Network,Texas,2023,0,0.07326806571043959,0,0.23
A06425,Brookside Care Alliance Group,Indiana,2023,0,0.09306449561014522,0,0.23
A06436,Horizon Community Care Medical Center,Massachusetts,2023,1,0.3711257321216735,1,0.23
A06447,Beacon Provider Alliance Group,Arizona,2023,0,0.1338686472977662,0,0.23
A06449,Highland Health Alliance Network,Missouri,2023,1,0.1624412827256953,0,0.23
A06457,Springfield Care Care Network,Wisconsin,2023,0,0.10891388305451011,0,0.23
A06464,Pioneer Wellness Collaborative,Maryland,2023,0,0.11956376212396443,0,0.23
A06466,Cedar Care Network Alliance,Michigan,2023,0,0.06178654747023193,0,0.23
A06472,Gateway Integrated Health Care Network,Georgia,2023,0,0.02861019247266759,0,0.23
A06473,Mountain View Community Care Care Network,Ohio,2023,0,0.06730219784635275,0,0.23
A06474,Lakeside Integrated Health Health System,Colorado,2023,0,0.07402550985528922,0,0.23
A06478,Heartland Health Alliance Medical Center,Connecticut,2023,1,0.34057772503064654,1,0.23
A06479,Cedar Health Alliance Medical Center,Georgia,2023,0,0.16353976268539924,0,0.23
A06485,Parkview Medical Partners Physician Alliance,Tennessee,2023,0,0.03940247601019667,0,0.23
A06498,Green Valley Care Alliance Association,California,2023,1,0.31653896411748694,1,0.23
A06517,Highland Provider Alliance Care Network,Missouri,2023,1,0.09553115331808229,0,0.23
A06530,Crestview Health Physician Alliance,Georgia,2023,0,0.12956846870661187,0,0.23
A06531,Crestview Care Partners,North Carolina,2023,0,0.04482194802416963,0,0.23
A06551,WellSpring Care Network Association,California,2023,0,0.018264997999453657,0,0.23
A06556,Blue Ridge Care Network Collaborative,New York,2023,1,0.20625897932924273,0,0.23
A06566,Crestview Health Network Medical Center,Indiana,2023,0,0.10748523515226781,0,0.23
A06570,Crestview Clinical Partners Association,Illinois,2023,1,0.18806596993301053,0,0.23
A06572,Heritage Care Alliance Network,New Jersey,2023,0,0.031060863745083454,0,0.23
A06579,Highland Physician Network Group,North Carolina,2023,1,0.13960650228268412,0,0.23
A06583,Beacon Medical Partners Health System,Minnesota,2023,1,0.39249812785548316,1,0.23
A06584,Fairview Care Alliance Care Network,Illinois,2023,0,0.04402353034350336,0,0.23
A06585,Community Wellness Collaborative,Arizona,2023,0,0.2038378327986825,0,0.23
A06597,Summit Medical Network,Florida,2023,0,0.23640445602162796,1,0.23
A06601,Pinnacle Provider Alliance Health System,Michigan,2023,0,0.0948479079283586,0,0.23
A06604,Summit Health Partners Physician Alliance,California,2023,0,0.06887754727027716,0,0.23
A06609,Clearview Health Alliance Network,Michigan,2023,0,0.18566311621959877,0,0.23
A06610,Westfield Clinical Partners Care Network,Alabama,2023,0,0.23944517236292384,1,0.23
A06615,Heritage Wellness Medical Center,Washington,2023,0,0.2071116447390525,0,0.23
A06616,Riverside Health Physician Alliance,Connecticut,2023,0,0.08218868423995776,0,0.23
A06617,Crestview Integrated Health Group,Arizona,2023,1,0.21516549313790675,0,0.23
A06633,Gateway Wellness Group,Pennsylvania,2023,0,0.05096831745667359,0,0.23
A06638,Cedar Medical Group Alliance,Ohio,2023,0,0.06777557947565103,0,0.23
A06639,Westfield Provider Alliance Physician Alliance,Washington,2023,0,0.03183511433805478,0,0.23
A06641,Lakeside Clinical Partners Association,Maryland,2023,0,0.07597352709401649,0,0.23
A06642,Silverstone Community Care Collaborative,Wisconsin,2023,0,0.14275186517522434,0,0.23
A06665,Stonebridge Health Medical Center,Pennsylvania,2023,0,0.1698285811944455,0,0.23
A06667,Green Valley Community Care Care Network,Arizona,2023,0,0.04387847772912698,0,0.23
A06668,Green Valley Integrated Health Medical Center,Illinois,2023,0,0.061129501733056174,0,0.23
A06673,Mountain View Health Partners Partners,Alabama,2023,0,0.39591180657577346,1,0.23
A06677,Lakeside Medical Partners Physician Alliance,Washington,2023,0,0.07859622530906621,0,0.23
A06678,Cedar Clinical Partners Health System,Illinois,2023,0,0.16368432896680019,0,0.23
A06692,Grandview Care Network Network,Missouri,2023,0,0.10128229453263404,0,0.23
A06701,Evergreen Medical Alliance,Indiana,2023,0,0.0654170717592437,0,0.23
A06703,Beacon Health Collaborative,Alabama,2023,0,0.14063003542133526,0,0.23
A06705,Silverstone Care Collaborative,Texas,2023,0,0.06618001180984055,0,0.23
A06709,Eastgate Integrated Health Group,Colorado,2023,0,0.11355061630014297,0,0.23
A06711,Redwood Care Network Partners,Oregon,2023,0,0.13496724815396463,0,0.23
A06712,Green Valley Health Alliance Medical Center,Connecticut,2023,0,0.049081051681045734,0,0.23
A06716,Clearview Medical Group Partners,Massachusetts,2023,0,0.1331163901485959,0,0.23
A06730,Community Healthcare Alliance,Virginia,2023,1,0.04889361366374723,0,0.23
A06731,Golden Valley Medical Association,Connecticut,2023,1,0.27383214862812305,1,0.23
A06740,Fairview Care Partners Network,New York,2023,0,0.07205260879393632,0,0.23
A06744,Beacon Clinical Partners Collaborative,Colorado,2023,0,0.07388501137110313,0,0.23
A06745,Oakridge Medical Medical Center,Minnesota,2023,0,0.053588939789783484,0,0.23
A06753,Pioneer Provider Alliance Medical Center,Oregon,2023,0,0.049653164551749826,0,0.23
A06765,Meadow Clinical Partners Medical Center,Florida,2023,0,0.10739456945198782,0,0.23
A06768,Silverstone Care Network Association,Minnesota,2023,0,0.1134743011595143,0,0.23
A06785,Evergreen Physicians Collaborative,Maryland,2023,0,0.045769524264662104,0,0.23
A06786,Evergreen Medical Group Health System,Wisconsin,2023,0,0.056825635776151906,0,0.23
A06789,Canyon Care Network Alliance,Florida,2023,1,0.758401458916555,1,0.23
A06795,Silverstone Health Collaborative Group,Missouri,2023,0,0.043766217668077353,0,0.23
A06796,Cedar Community Care Care Network,Maryland,2023,0,0.06502599290474703,0,0.23
A06801,Unity Medical Partners,Minnesota,2023,1,0.22843978230038867,0,0.23
A06806,Golden Valley Wellness Collaborative,Illinois,2023,0,0.3689927964279491,1,0.23
A06807,Brookside Health Physician Alliance,Alabama,2023,0,0.34599243146585656,1,0.23
A06809,Maplewood Care Group,Washington,2023,0,0.06309415550251721,0,0.23
A06814,Stonebridge Healthcare Group,Minnesota,2023,0,0.14796572331491065,0,0.23
A06817,Meadow Medical Partners Association,Minnesota,2023,0,0.1346441242185039,0,0.23
A06823,Evergreen Provider Alliance Collaborative,Michigan,2023,0,0.07569849359949764,0,0.23
A06831,Community Wellness Alliance,Michigan,2023,0,0.19276624715857515,0,0.23
A06832,Beacon Health Network Collaborative,Georgia,2023,0,0.012171476534925446,0,0.23
A06833,Fairview Community Care Collaborative,New York,2023,0,0.03431081729769039,0,0.23
A06835,Clearview Physicians Alliance,New Jersey,2023,0,0.1617517927144876,0,0.23
A06837,Summit Health Network Physician Alliance,Tennessee,2023,0,0.07701596445384543,0,0.23
A06842,Lakeside Care Alliance Physician Alliance,Pennsylvania,2023,0,0.051796956906512454,0,0.23
A06844,Blue Ridge Clinical Partners Group,Illinois,2023,0,0.05223800280871291,0,0.23
A06863,Meadow Medical Partners Physician Alliance,Tennessee,2023,1,0.3688693231471701,1,0.23
A06868,Metro Healthcare Network,Missouri,2023,0,0.1257620270422361,0,0.23
A06874,Horizon Care Partners Partners,Connecticut,2023,1,0.31236023201286955,1,0.23
A06878,Redwood Wellness Association,New Jersey,2023,0,0.1298857611021782,0,0.23
A06881,Pinnacle Care Network Network,New York,2023,0,0.22905196583843307,0,0.23
A06882,Evergreen Healthcare Network,Michigan,2023,0,0.17636475564684648,0,0.23
A06886,Northstar Health Partners Collaborative,Texas,2023,0,0.1626343943130698,0,0.23
A06894,Brookside Health Medical Center,Texas,2023,0,0.11856010740683659,0,0.23
A06896,Valley Medical Group Partners,Ohio,2023,0,0.0785544439987702,0,0.23
A06897,Community Health Alliance,Missouri,2023,0,0.16010858877622078,0,0.23
A06900,Westfield Care Partners Association,Alabama,2023,0,0.047200274134315684,0,0.23
A06911,Highland Healthcare Physician Alliance,Indiana,2023,0,0.05939628142192041,0,0.23
A06916,Unity Care Network Partners,Connecticut,2023,0,0.08699512350007281,0,0.23
A06922,Riverside Care Alliance Collaborative,Tennessee,2023,0,0.11466311674323951,0,0.23
A06931,Brookside Clinical Partners Network,Tennessee,2023,0,0.06047346141068835,0,0.23
A06937,Beacon Medical Partners Medical Center,Oregon,2023,0,0.14299983257514612,0,0.23
A06942,Maplewood Care Medical Center,Indiana,2023,0,0.1352159900690148,0,0.23
A06943,Riverside Physicians Partners,Connecticut,2023,0,0.08579533786647561,0,0.23
A06945,Golden Valley Clinical Partners Group,Massachusetts,2023,0,0.07026101954376472,0,0.23
A06946,Evergreen Clinical Partners Care Network,Massachusetts,2023,0,0.19021238430429718,0,0.23
A06955,Green Valley Provider Alliance Alliance,Connecticut,2023,0,0.18566311621959877,0,0.23
A06963,Golden Valley Wellness Partners,Wisconsin,2023,1,0.19077922050452886,0,0.23
A06974,Gateway Health Partners Partners,Michigan,2023,0,0.026672998229278936,0,0.23
A06980,Horizon Medical Group Alliance,Texas,2023,0,0.10123425728404666,0,0.23
A06981,Beacon Care Partners,Michigan,2023,0,0.043971418629658324,0,0.23
A06986,Crestview Care Partners Group,Texas,2023,0,0.14337246158229086,0,0.23
A06999,Fairview Health Care Network,Minnesota,2023,0,0.09386817876948633,0,0.23
A07007,Eastgate Provider Alliance Care Network,Wisconsin,2023,0,0.0907482393638274,0,0.23
A07008,Mountain View Wellness Care Network,Florida,2023,0,0.21512062675357752,0,0.23
A07016,Riverbend Care Medical Center,Massachusetts,2023,0,0.19425396825626776,0,0.23
A07017,Lakeside Provider Alliance Partners,Florida,2023,0,0.0833605120890266,0,0.23
A07023,Springfield Health Network Health System,Texas,2023,0,0.10185584522031992,0,0.23
A07024,Heritage Care Group,Indiana,2023,0,0.04406899436885265,0,0.23
A07036,Highland Clinical Partners Physician Alliance,Pennsylvania,2023,0,0.12565777174581466,0,0.23
A07063,Riverside Provider Alliance Alliance,Massachusetts,2023,1,0.35459524995157643,1,0.23
A07074,Community Medical Partners Collaborative,Florida,2023,0,0.09402952632670608,0,0.23
A07083,Riverbend Physician Network Association,Virginia,2023,0,0.1260990782308448,0,0.23
A07089,Riverbend Health Collaborative Network,Ohio,2023,0,0.047970521740272457,0,0.23
A07092,Valley Health Network,Indiana,2023,0,0.11473878141204645,0,0.23
A07095,Riverbend Healthcare Group,Arizona,2023,1,0.15600719203017502,0,0.23
A07110,Riverside Health Collaborative Association,Michigan,2023,0,0.2333966830997384,1,0.23
A07115,Cedar Medical Group Collaborative,Pennsylvania,2023,0,0.1431237677389866,0,0.23
A07121,Heritage Medical Medical Center,New Jersey,2023,0,0.052761125183974154,0,0.23
A07126,Stonebridge Care Association,Minnesota,2023,0,0.21526626476767163,0,0.23
A07128,Clearview Health Partners Association,Alabama,2023,0,0.02658291740890647,0,0.23
A07135,Summit Physician Network Association,Indiana,2023,0,0.185204777634734,0,0.23
A07139,Redwood Care Medical Center,Maryland,2023,0,0.1417347237739564,0,0.23
A07149,Beacon Health Partners Health System,Virginia,2023,0,0.06758857878107843,0,0.23
A07150,Maplewood Physicians Collaborative,New York,2023,0,0.1177531656063234,0,0.23
A07158,Golden Valley Medical Group Health System,Florida,2023,0,0.11030923129874497,0,0.23
A07159,Northstar Care Collaborative,Texas,2023,0,0.07254166811173313,0,0.23
A07161,Pioneer Clinical Partners Care Network,Massachusetts,2023,0,0.023053554756379335,0,0.23
A07164,Summit Medical Partners Alliance,Alabama,2023,0,0.13341030127377,0,0.23
A07166,Riverbend Health Collaborative Collaborative,Michigan,2023,1,0.49374673595826724,1,0.23
A07171,Horizon Integrated Health Alliance,Oregon,2023,0,0.07942207309127543,0,0.23
A07184,Lakeside Health Collaborative Alliance,Texas,2023,0,0.10698214042370098,0,0.23
A07194,Beacon Health Network Partners,Pennsylvania,2023,0,0.05157973424898305,0,0.23
A07203,Summit Provider Alliance Care Network,Oregon,2023,0,0.02702636408423479,0,0.23
A07207,Oakridge Medical Partners Partners,North Carolina,2023,0,0.16269673103418256,0,0.23
A07208,Heritage Medical Group Collaborative,Washington,2023,0,0.031185885886950353,0,0.23
A07209,Silverstone Health Partners Care Network,New Jersey,2023,0,0.10403815441635071,0,0.23
A07215,Horizon Health Collaborative Collaborative,Arizona,2023,0,0.2828164371714295,1,0.23
A07217,Oakridge Medical Partners Medical Center,Virginia,2023,0,0.1573631742468159,0,0.23
A07221,Maplewood Physician Network Collaborative,Minnesota,2023,1,0.16038369448994103,0,0.23
A07231,Community Health Network Care Network,New Jersey,2023,1,0.2976645504103599,1,0.23
A07233,Silverstone Health Health System,New York,2023,1,0.22329086721369013,0,0.23
A07244,Springfield Clinical Partners Network,Illinois,2023,0,0.04101556879685913,0,0.23
A07249,Cedar Care Alliance Collaborative,Tennessee,2023,0,0.025920491780219695,0,0.23
A07251,Gateway Community Care Group,Tennessee,2023,0,0.06513840332805515,0,0.23
A07256,Evergreen Healthcare Health System,Virginia,2023,0,0.22069194414377102,0,0.23
A07265,Springfield Health Partners Alliance,Missouri,2023,0,0.07458105189603863,0,0.23
A07273,Mountain View Wellness Association,Georgia,2023,0,0.08301358928866488,0,0.23
A07287,Brookside Care Alliance Collaborative,Oregon,2023,0,0.15348602130241162,0,0.23
A07290,Golden Valley Provider Alliance Medical Center,Washington,2023,0,0.06275696670463857,0,0.23
A07294,Redwood Medical Collaborative,Minnesota,2023,1,0.10052671872245945,0,0.23
A07295,Heritage Health Collaborative Network,Tennessee,2023,1,0.046762381679837164,0,0.23
A07298,Lakeside Physician Network Collaborative,Pennsylvania,2023,0,0.048521856370832464,0,0.23
A07299,Gateway Health Alliance Association,Texas,2023,0,0.04245297448920539,0,0.23
A07340,Gateway Health Partners Care Network,New York,2023,0,0.05305420894117914,0,0.23
A07341,Northstar Care Network Alliance,New Jersey,2023,1,0.13613101906093378,0,0.23
A07342,Valley Health Partners Collaborative,Maryland,2023,0,0.06783057281556966,0,0.23
A07343,Oakridge Clinical Partners Care Network,Florida,2023,0,0.19006982677666073,0,0.23
A07349,Community Physicians Group,New York,2023,0,0.1394983858705806,0,0.23
A07351,Northstar Medical Group Medical Center,Missouri,2023,0,0.08285527852229667,0,0.23
A07358,Golden Valley Wellness Health System,Illinois,2023,0,0.10297970019617991,0,0.23
A07363,Evergreen Clinical Partners Medical Center,Texas,2023,0,0.053261552326139744,0,0.23
A07367,Clearview Health Network Group,North Carolina,2023,0,0.03986212196542942,0,0.23
A07371,Heartland Medical Partners Health System,Indiana,2023,0,0.05439465971237522,0,0.23
A07373,Pioneer Care Partners Health System,Texas,2023,0,0.1413567789516706,0,0.23
A07378,Gateway Provider Alliance Health System,Tennessee,2023,0,0.059036326091190146,0,0.23
A07379,Springfield Community Care Association,Pennsylvania,2023,0,0.09485658561621647,0,0.23
A07413,Beacon Health Network Physician Alliance,Tennessee,2023,0,0.050175211043339,0,0.23
A07414,Westfield Medical Partners,Ohio,2023,0,0.147425043962029,0,0.23
A07415,Eastgate Clinical Partners Collaborative,North Carolina,2023,1,0.43118058476887006,1,0.23
A07424,Heartland Care Alliance,Oregon,2023,0,0.37743872360687164,1,0.23
A07428,Grandview Care Network Physician Alliance,Alabama,2023,0,0.18233828217702375,0,0.23
A07429,Golden Valley Physicians Collaborative,Minnesota,2023,1,0.21701392510698622,0,0.23
A07430,Silverstone Physician Network Health System,Washington,2023,0,0.13563446391488213,0,0.23
A07433,Stonebridge Medical Network,Georgia,2023,0,0.1484129741173264,0,0.23
A07439,Clearview Care Alliance Alliance,Pennsylvania,2023,0,0.1629574107788012,0,0.23
A07445,Clearview Medical Group Medical Center,Missouri,2023,0,0.19797410277344935,0,0.23
A07446,Lakeside Care Alliance Partners,Connecticut,2023,1,0.6155741846192938,1,0.23
A07449,Metro Community Care Physician Alliance,Texas,2023,0,0.09101939200637094,0,0.23
A07458,Cedar Care Network,Wisconsin,2023,0,0.16522050455669907,0,0.23
A07459,Unity Health Collaborative Partners,Connecticut,2023,0,0.38486200901696144,1,0.23
A07478,Riverbend Health Alliance Medical Center,Maryland,2023,0,0.11083378127481498,0,0.23
A07480,Valley Wellness Medical Center,Indiana,2023,0,0.07140583721430836,0,0.23
A07482,Eastgate Medical Partners,Texas,2023,1,0.13644822989754649,0,0.23
A07484,Canyon Health Network Care Network,Oregon,2023,0,0.1874066782992924,0,0.23
A07498,Parkview Wellness Network,Florida,2023,1,0.14183723163314937,0,0.23
