ACO_ID,ACO_NAME,STATE,YEAR,ACTUAL_RISK,PREDICTED_RISK,RISK_PROBABILITY
A00002,Brookside Care Network Network,Massachusetts,2018,0,0,0.026135541107016592
A00012,Unity Provider Alliance Association,Florida,2018,0,0,0.10231187673149605
A00019,Cedar Care Group,Pennsylvania,2018,1,1,0.8206589416996697
A00021,Northstar Integrated Health Partners,Wisconsin,2018,0,0,0.053684692059324225
A00024,Valley Health Partners Association,Arizona,2018,0,0,0.1499867268826457
A00068,Grandview Medical Group Partners,Missouri,2018,0,0,0.33964649786915563
A00077,Lakeside Medical Group Physician Alliance,Georgia,2018,0,0,0.20106582217187044
A00083,Heritage Wellness Health System,Pennsylvania,2018,0,0,0.14186013906490944
A00084,Meadow Medical Physician Alliance,Tennessee,2018,0,0,0.20415918551429738
A00095,Oakridge Physician Network Collaborative,Wisconsin,2018,0,0,0.0129213444856889
A00100,Golden Valley Integrated Health Association,Georgia,2018,0,0,0.18762312111053808
A00117,Evergreen Care Alliance Health System,Florida,2018,0,0,0.18146267628575427
A00125,Clearview Physician Network Care Network,Indiana,2018,0,0,0.019572932947713374
A00128,Blue Ridge Health Partners Medical Center,Texas,2018,1,0,0.15923348283588903
A00135,Highland Medical Physician Alliance,Illinois,2018,0,0,0.054684804726760385
A00141,Stonebridge Provider Alliance Network,New York,2018,0,0,0.07290676027413148
A00142,Heritage Integrated Health Network,Missouri,2018,0,0,0.15317041475033638
A00147,Eastgate Care Health System,Virginia,2018,1,1,0.6666966594204752
A00150,Maplewood Provider Alliance Care Network,Indiana,2018,0,0,0.03207464616172396
A00152,Crestview Health Collaborative Physician Alliance,New Jersey,2018,0,0,0.2342028507700769
A00162,Mountain View Care Network Care Network,Arizona,2018,0,0,0.23260527270114376
A00164,Maplewood Provider Alliance Group,Alabama,2018,0,0,0.1652857737405236
A00167,Summit Medical Alliance,Pennsylvania,2018,1,0,0.1410436058521895
A00168,Cedar Care Partners Partners,Oregon,2018,0,0,0.06351243484275969
A00170,Pioneer Health Group,Maryland,2018,0,0,0.03518578235964548
A00172,Silverstone Provider Alliance Association,California,2018,0,0,0.25211783545786637
A00180,Highland Physician Network Care Network,New York,2018,0,0,0.3600783745517572
A00183,WellSpring Physician Network Group,Arizona,2018,0,0,0.28416660235051905
A00184,Westfield Medical Group Network,Maryland,2018,0,0,0.12793669874088212
A00185,Riverbend Wellness Health System,Maryland,2018,0,0,0.1700665654711577
A00186,Canyon Medical Collaborative,Illinois,2018,0,0,0.11279502718626988
A00191,Eastgate Care Alliance,Virginia,2018,0,0,0.08171989933440113
A00195,Pioneer Community Care Association,California,2018,0,0,0.020651029588018777
A00196,Canyon Provider Alliance Care Network,Oregon,2018,0,0,0.016074263384560174
A00197,Springfield Physicians Alliance,Indiana,2018,0,0,0.4514458306902112
A00207,Gateway Health Partners Network,Washington,2018,0,0,0.1133759116284153
A00209,Parkview Care Partners Collaborative,Virginia,2018,0,0,0.07523801573161759
A00213,Summit Care Medical Center,Colorado,2018,0,0,0.011403058611112953
A00224,Westfield Care Care Network,Maryland,2018,0,0,0.08466847520196108
A00225,Summit Community Care Group,Massachusetts,2018,0,0,0.2898492440642362
A00227,Golden Valley Care Network Group,New York,2018,0,0,0.109373958185709
A00228,Highland Care Alliance Physician Alliance,Indiana,2018,0,0,0.2549951493751088
A00229,Heartland Health Alliance,Alabama,2018,1,1,0.60213180752908
A00230,Blue Ridge Care Partners Association,Massachusetts,2018,0,0,0.003834519827465622
A00236,Pinnacle Medical Association,Connecticut,2018,0,0,0.10245543872616986
A00237,Grandview Health Alliance Health System,Pennsylvania,2018,1,0,0.17405513865208877
A00238,Valley Health Care Network,Missouri,2018,0,0,0.3676048389488086
A00244,Community Care Alliance,Pennsylvania,2018,0,0,0.05584938565367769
A00246,Unity Healthcare Alliance,Virginia,2018,1,1,0.6508524048090335
A00248,Community Healthcare Care Network,North Carolina,2018,0,0,0.10002287938003741
A00249,Highland Integrated Health Collaborative,Florida,2018,0,0,0.09938490002053349
A00261,Community Physicians Collaborative,New Jersey,2018,0,0,0.30482782974485223
A00262,Pinnacle Wellness Physician Alliance,Massachusetts,2018,1,1,0.9236853900993819
A00270,Valley Care Partners Medical Center,Colorado,2018,0,0,0.07080007573731027
A00280,Gateway Health Collaborative Health System,California,2018,0,0,0.09468344243143713
A00290,Riverside Physician Network Collaborative,Virginia,2018,0,0,0.03591244644664552
A00295,Highland Care Alliance Care Network,Michigan,2018,0,0,0.2447883145190891
A00297,Fairview Medical Partners Physician Alliance,New Jersey,2018,0,0,0.2532577104707554
A00302,Redwood Healthcare Group,New York,2018,0,0,0.06848587866813492
A00303,Blue Ridge Care Alliance Health System,New Jersey,2018,1,0,0.35073525371039693
A00309,Heartland Health Collaborative Association,California,2018,0,0,0.11154607311035397
A00319,Riverside Health Partners Partners,Missouri,2018,0,0,0.09091546856529535
A00323,Riverbend Care Network,Georgia,2018,0,0,0.17109890465201677
A00333,Highland Care Medical Center,Georgia,2018,0,0,0.09691304575387778
A00338,Beacon Care Network Group,North Carolina,2018,0,0,0.04951838470398757
A00339,Clearview Physicians Network,Washington,2018,0,0,0.08197872384420046
A00344,WellSpring Care Alliance,Missouri,2018,0,0,0.04818632845400135
A00345,Pioneer Care Partners Partners,Indiana,2018,0,0,0.05592367757442883
A00351,Riverside Clinical Partners Physician Alliance,New York,2018,0,0,0.14163172543294902
A00363,Horizon Integrated Health Physician Alliance,Florida,2018,0,0,0.12613341299563452
A00364,Fairview Community Care Physician Alliance,Ohio,2018,0,0,0.13694592725336258
A00368,Evergreen Care Network Health System,Wisconsin,2018,0,0,0.050594889058584405
A00369,Green Valley Health Association,Connecticut,2018,0,0,0.07887141675565429
A00372,Unity Provider Alliance Group,Ohio,2018,0,0,0.06114310773913338
A00374,Stonebridge Health Collaborative Partners,California,2018,0,0,0.1114313611496563
A00387,Pinnacle Health Collaborative Physician Alliance,Virginia,2018,0,0,0.08251350493087674
A00391,Brookside Medical Partners Medical Center,Alabama,2018,0,0,0.14909168459910388
A00411,Green Valley Health Alliance Network,New York,2018,0,0,0.05812609339678872
A00413,Redwood Health Collaborative Health System,Illinois,2018,0,0,0.16511578915746505
A00416,Cedar Care Partners Medical Center,Washington,2018,0,0,0.21158747840827405
A00430,Mountain View Care Care Network,Tennessee,2018,0,0,0.16831334645900803
A00435,Riverside Community Care Partners,Connecticut,2018,0,0,0.10565319502934548
A00440,Redwood Physicians Health System,Minnesota,2018,0,0,0.09761157484256032
A00441,Gateway Medical Partners Collaborative,Wisconsin,2018,0,0,0.35838164636913616
A00442,Clearview Integrated Health Collaborative,Maryland,2018,0,0,0.12538061978107223
A00449,Fairview Care Alliance Health System,Connecticut,2018,0,0,0.12647444058281987
A00450,Summit Wellness Association,Alabama,2018,1,0,0.31853819812808193
A00454,Cedar Medical Collaborative,Colorado,2018,0,0,0.03565576420022707
A00464,Redwood Integrated Health Partners,Tennessee,2018,0,0,0.06342452724085658
A00471,Riverside Care Alliance Partners,Wisconsin,2018,0,0,0.03418288406611972
A00472,Oakridge Physician Network Network,New York,2018,0,0,0.22796791389680415
A00474,Westfield Wellness Health System,Ohio,2018,1,0,0.18071841865514834
A00488,Community Physician Network Network,Oregon,2018,0,0,0.06295600254049134
A00489,Pioneer Provider Alliance Network,California,2018,0,0,0.1687326473188276
A00490,Westfield Medical Health System,Colorado,2018,0,0,0.16714247368238386
A00492,Lakeside Wellness Health System,Minnesota,2018,0,0,0.04451891979179158
A00501,Riverside Care Network Network,Missouri,2018,0,0,0.12297497391972283
A00506,Pinnacle Medical Partners Collaborative,Colorado,2018,0,0,0.08654514534646662
A00513,Grandview Provider Alliance Collaborative,Wisconsin,2018,0,0,0.08096698969200591
A00529,Highland Health Group,Wisconsin,2018,1,0,0.34951178623556944
A00541,Canyon Clinical Partners Partners,New York,2018,0,0,0.16782624994780046
A00554,Silverstone Care Alliance Collaborative,Arizona,2018,1,0,0.27722917704499894
A00560,Mountain View Physicians Health System,Massachusetts,2018,0,0,0.09621849214445907
A00583,Crestview Medical Group Collaborative,Texas,2018,0,0,0.13741022542052014
A00593,Blue Ridge Community Care Physician Alliance,Georgia,2018,0,0,0.03393507089761065
A00594,Riverbend Health Collaborative Medical Center,California,2018,0,0,0.09469352847604628
A00596,Riverbend Integrated Health Medical Center,Michigan,2018,0,0,0.052450688171884856
A00598,Eastgate Health Alliance,Missouri,2018,0,0,0.030452489426153296
A00601,Canyon Medical Partners Alliance,Colorado,2018,0,0,0.09136265651913146
A00604,Brookside Community Care Health System,Michigan,2018,0,0,0.07956348137811962
A00605,Brookside Medical Group Collaborative,Ohio,2018,1,1,0.6276341179218072
A00612,Northstar Physicians Health System,Oregon,2018,0,0,0.08889403747555776
A00617,Blue Ridge Care Alliance Physician Alliance,Tennessee,2018,0,0,0.08095490726803531
A00621,Meadow Physicians Medical Center,Colorado,2018,1,1,0.5618783053428046
A00627,Fairview Care Collaborative,Missouri,2018,0,0,0.16760518404016905
A00632,Maplewood Health Partners Medical Center,Texas,2018,1,0,0.1296212543247092
A00636,Beacon Medical Network,Pennsylvania,2018,0,0,0.04680496342607771
A00639,Silverstone Medical Partners Partners,Connecticut,2018,0,0,0.062024865236959534
A00641,Riverbend Health Network Care Network,Indiana,2018,0,0,0.014071887703546036
A00649,Evergreen Health Alliance Care Network,Illinois,2018,0,0,0.4105053075908664
A00656,Evergreen Community Care Partners,New York,2018,0,0,0.0989111540602714
A00660,Canyon Health Partners Partners,Pennsylvania,2018,0,0,0.055660040257156894
A00672,Brookside Integrated Health Network,California,2018,0,0,0.13208266812096917
A00673,Clearview Health Collaborative,Texas,2018,0,0,0.11970169142840971
A00686,Mountain View Health Network Network,Pennsylvania,2018,0,0,0.04782516795920617
A00687,Springfield Medical Medical Center,Tennessee,2018,0,0,0.03816604903378171
A00697,Redwood Clinical Partners Group,New York,2018,0,0,0.10660328684487595
A00712,Riverbend Medical Group Group,Georgia,2018,0,0,0.15025199087162705
A00714,Stonebridge Health Network Health System,Illinois,2018,0,0,0.04228562801698741
A00722,Brookside Health Alliance Group,Georgia,2018,1,0,0.04258610170854807
A00725,Pioneer Physician Network Health System,Alabama,2018,0,0,0.06884043036552849
A00736,Parkview Health Collaborative Partners,Maryland,2018,0,0,0.0346593854332599
A00743,Oakridge Healthcare Care Network,Florida,2018,0,0,0.18581088383907168
A00745,Heartland Health Collaborative,Arizona,2018,0,0,0.0809909391829454
A00750,Riverbend Clinical Partners Medical Center,Florida,2018,0,0,0.16336914882436504
A00759,Crestview Medical Group,Texas,2018,0,0,0.25041933837984315
A00768,Grandview Health Alliance Physician Alliance,Tennessee,2018,1,1,0.8924360417825531
A00773,Northstar Health Collaborative Collaborative,Connecticut,2018,0,0,0.010801736663266321
A00785,Redwood Health Medical Center,Pennsylvania,2018,0,0,0.12849554585126852
A00796,Cedar Wellness Medical Center,Tennessee,2018,0,0,0.05758407521890592
A00805,Northstar Healthcare Physician Alliance,North Carolina,2018,0,0,0.16750269014524796
A00807,Community Medical Partners Physician Alliance,North Carolina,2018,0,0,0.14858489190418853
A00810,Beacon Health Collaborative Network,Minnesota,2018,0,0,0.09219726019764453
A00811,Gateway Care Partners Physician Alliance,Pennsylvania,2018,0,0,0.028025682639363537
A00814,Pioneer Health Network Group,Alabama,2018,0,0,0.0511841593427035
A00815,Evergreen Medical Partners Alliance,Alabama,2018,0,0,0.21173285573227374
A00819,Valley Medical Collaborative,Massachusetts,2018,1,1,0.6086476054009361
A00825,Springfield Integrated Health Association,New York,2018,0,0,0.17187079731798507
A00829,Metro Health Collaborative Health System,Florida,2018,0,0,0.18537428010227625
A00838,Oakridge Integrated Health Collaborative,Connecticut,2018,0,0,0.04816650857671118
A00842,Summit Care Partners Health System,Arizona,2018,0,0,0.05932712539871262
A00843,Mountain View Medical Alliance,Missouri,2018,0,0,0.1014185420365083
A00844,Brookside Clinical Partners Physician Alliance,California,2018,0,0,0.09251563201409552
A00851,Blue Ridge Health Collaborative Group,Oregon,2018,0,0,0.01889179661455446
A00852,WellSpring Health Care Network,Alabama,2018,0,0,0.2581364337215392
A00857,Riverside Care Network Group,Alabama,2018,1,0,0.15027645817648505
A00860,Lakeside Clinical Partners Partners,New Jersey,2018,0,0,0.20888805963803983
A00864,Blue Ridge Wellness Network,New Jersey,2018,0,0,0.13249997081768283
A00873,Stonebridge Health Collaborative Association,Connecticut,2018,0,0,0.056245218892032434
A00883,Westfield Provider Alliance Collaborative,Tennessee,2018,1,1,0.9426832872957033
A00884,Mountain View Healthcare Network,Colorado,2018,0,0,0.10409646004988515
A00886,Springfield Medical Partners Health System,Oregon,2018,0,0,0.13124636575990445
A00890,Blue Ridge Health Network Partners,Indiana,2018,0,0,0.09120187083756665
A00898,Fairview Health Network Alliance,North Carolina,2018,0,0,0.02173993902569147
A00900,Valley Health Collaborative Alliance,Ohio,2018,0,0,0.13587111173675165
A00917,Riverbend Provider Alliance Group,Tennessee,2018,0,0,0.0913481854257982
A00919,WellSpring Health Alliance Care Network,Alabama,2018,1,1,0.6538666881064671
A00936,Fairview Provider Alliance Medical Center,Florida,2018,0,0,0.11252508070180771
A00941,Redwood Physician Network Health System,Tennessee,2018,0,0,0.0776415460558627
A00946,Pinnacle Clinical Partners Medical Center,Ohio,2018,0,0,0.18625474030027328
A00949,Mountain View Provider Alliance Physician Alliance,Washington,2018,0,0,0.049488629246514655
A00954,Gateway Medical Group Collaborative,Washington,2018,0,0,0.08200972849243227
A00955,Metro Community Care Partners,California,2018,0,0,0.05571672830965142
A00957,Green Valley Care Partners Medical Center,Texas,2018,0,0,0.11857693884592323
A00958,Beacon Care Alliance Association,Maryland,2018,0,0,0.05802359791307283
A00969,Golden Valley Provider Alliance Association,Michigan,2018,0,0,0.07078873489392926
A00980,Fairview Integrated Health Partners,Connecticut,2018,0,0,0.20278226326247817
A00981,Riverside Medical Health System,Illinois,2018,0,0,0.162109772783963
A00982,Lakeside Physician Network Group,Michigan,2018,0,0,0.2095775011757423
A00990,Grandview Medical Group Association,Colorado,2018,0,0,0.10390110934193934
A01002,Canyon Care Network,Arizona,2018,0,0,0.0235175985802285
A01015,Crestview Health Alliance Medical Center,Tennessee,2018,0,0,0.1003745758961803
A01029,Parkview Provider Alliance Collaborative,North Carolina,2018,0,0,0.07115541542961322
A01030,Eastgate Healthcare Care Network,North Carolina,2018,0,0,0.030382572556620056
A01035,Stonebridge Medical Group Medical Center,New Jersey,2018,0,0,0.47001996043320365
A01038,Oakridge Medical Group Alliance,Arizona,2018,0,0,0.13713436489517486
A01044,Springfield Wellness Group,Georgia,2018,0,0,0.2537118840782551
A01045,Beacon Integrated Health Medical Center,Massachusetts,2018,0,0,0.057392329393378266
A01052,Green Valley Health Collaborative Health System,Washington,2018,0,0,0.05693625328227948
A01056,Heritage Health Alliance,Illinois,2018,0,0,0.08410474113127131
A01059,Pioneer Provider Alliance Care Network,Georgia,2018,0,0,0.04354384991409413
A01060,Valley Community Care Partners,Alabama,2018,1,1,0.6391834486663689
A01061,Pioneer Provider Alliance Group,New York,2018,0,0,0.31399234017732747
A01070,Summit Wellness Alliance,Michigan,2018,0,0,0.07925160518428734
A01071,Redwood Health Collaborative Physician Alliance,Alabama,2018,0,0,0.042367716692029996
A01076,Riverbend Integrated Health Group,Washington,2018,0,0,0.08027955497092812
A01080,Lakeside Health Partners Partners,Florida,2018,0,0,0.1877154457623792
A01081,Blue Ridge Physician Network Collaborative,Arizona,2018,0,0,0.12144326538133758
A01092,Summit Medical Group Group,Alabama,2018,0,0,0.23265574199354586
A01098,Springfield Health Care Network,Missouri,2018,0,0,0.056181325240785805
A01100,Mountain View Physicians Collaborative,Indiana,2018,0,0,0.01766255048362749
A01103,Fairview Care Partners Association,Florida,2018,0,0,0.1560261255771057
A01111,Grandview Medical Group,Indiana,2018,1,0,0.2737992350584166
A01119,Northstar Wellness Network,North Carolina,2018,0,0,0.09378737644029084
A01120,Maplewood Health Network Association,Michigan,2018,0,0,0.13280290908525058
A01125,Meadow Care Network Care Network,Arizona,2018,0,0,0.10001159534927347
A01126,Riverbend Health Collaborative Physician Alliance,Alabama,2018,1,1,0.8639636176151503
A01127,Parkview Physicians Group,Michigan,2018,0,0,0.25793175015646524
A01128,Gateway Clinical Partners Care Network,New Jersey,2018,0,0,0.10650518283204657
A01133,Green Valley Community Care Group,Washington,2018,0,0,0.1346370653672203
A01135,Lakeside Health Network Partners,Texas,2018,0,0,0.19842616342136574
A01141,Brookside Wellness Collaborative,New York,2018,0,0,0.1329615927158085
A01148,Parkview Health Partners Network,New York,2018,0,0,0.10440190605986578
A01150,Community Physician Network Collaborative,Missouri,2018,0,0,0.07049980517761228
A01156,Cedar Medical Group Group,Alabama,2018,0,0,0.02183746677072616
A01165,Highland Health Partners Health System,Illinois,2018,0,0,0.22848243426721965
A01168,Lakeside Care Partners Group,Pennsylvania,2018,0,0,0.0709348903110309
A01185,Pinnacle Health Partners Medical Center,Michigan,2018,0,0,0.27681010478476015
A01191,Redwood Wellness Network,Missouri,2018,1,0,0.3207957954846936
A01205,Mountain View Provider Alliance Partners,Michigan,2018,0,1,0.5020636606995137
A01210,Eastgate Healthcare Medical Center,Georgia,2018,0,0,0.1277009210358617
A01211,Silverstone Physician Network Medical Center,California,2018,0,0,0.11751245262521538
A01214,Eastgate Integrated Health Network,Alabama,2018,0,0,0.06998722543479385
A01220,Green Valley Care Alliance Partners,Tennessee,2018,0,0,0.08657633168081726
A01224,Northstar Physician Network Association,Florida,2018,0,0,0.07687514008898941
A01225,Golden Valley Health Partners Association,Tennessee,2018,1,1,0.6630281041113939
A01231,WellSpring Care Alliance Network,Indiana,2018,0,0,0.04511877702122925
A01239,Pinnacle Medical Partners Alliance,Illinois,2018,0,0,0.09109059458841974
A01240,Canyon Health Partners,North Carolina,2018,0,0,0.08618640669750743
A01241,Northstar Health Network Group,Pennsylvania,2018,0,0,0.21897476631388987
A01242,Summit Care Partners Group,Georgia,2018,0,0,0.07311435646866489
A01246,Riverside Care Network Partners,California,2018,1,1,0.6317057099313587
A01248,Grandview Health Alliance Partners,Michigan,2018,0,0,0.13758977594957075
A01257,Westfield Medical Group Medical Center,Arizona,2018,1,1,0.9585403875508292
A01259,Maplewood Physicians Care Network,Minnesota,2018,0,0,0.3525702096265036
A01266,Riverside Community Care Physician Alliance,Tennessee,2018,0,0,0.20477581686654067
A01273,Unity Physician Network Partners,Arizona,2018,1,0,0.28338067585267573
A01281,Beacon Health Network Group,North Carolina,2018,0,0,0.12155692111396195
A01284,Westfield Health Collaborative Group,New Jersey,2018,0,0,0.11892045803802316
A01292,Golden Valley Medical Group Partners,Florida,2018,0,0,0.055884993644965394
A01297,Evergreen Health Care Network,New York,2018,0,0,0.041087667197832876
A01306,Riverside Care Partners Medical Center,New York,2018,0,0,0.20566366898990476
A01309,Blue Ridge Medical Network,Ohio,2018,0,0,0.13540974670321626
A01315,Meadow Health Partners Health System,Oregon,2018,0,0,0.07782355991790188
A01316,Parkview Health Partners Group,North Carolina,2018,1,1,0.7259073654174628
A01318,Community Care Health System,Massachusetts,2018,0,0,0.03621325963653654
A01326,Horizon Care Partners,Massachusetts,2018,0,0,0.2723584393450352
A01327,Eastgate Physicians Care Network,Pennsylvania,2018,0,0,0.1311614390663391
A01332,Heartland Physicians Group,Virginia,2018,0,0,0.03653987270424234
A01333,Fairview Physician Network Health System,Connecticut,2018,0,0,0.10197850426292555
A01336,Unity Health Network Care Network,Pennsylvania,2018,1,1,0.6363284171679718
A01339,Brookside Health Collaborative Collaborative,Washington,2018,0,0,0.16356883623610016
A01347,Maplewood Medical Partners Care Network,California,2018,0,0,0.10464655121838211
A01359,Cedar Care Partners Care Network,Massachusetts,2018,0,0,0.12562391547269003
A01363,Eastgate Provider Alliance Medical Center,Wisconsin,2018,0,0,0.1263949830734543
A01371,Heritage Care Partners,New Jersey,2018,0,0,0.038139708994801146
A01375,Brookside Health Alliance Care Network,New York,2018,0,0,0.06680062506348564
A01376,Cedar Health Medical Center,Ohio,2018,0,0,0.37791241549922744
A01380,Northstar Health Partners Alliance,Illinois,2018,0,0,0.11993866338725373
A01383,Pinnacle Medical Group Group,Maryland,2018,0,0,0.1737991129468089
A01386,Northstar Health Collaborative,Connecticut,2018,0,0,0.05250143845852869
A01390,Meadow Medical Care Network,Connecticut,2018,0,0,0.14171345989099848
A01391,Unity Integrated Health Group,Oregon,2018,0,0,0.14958819950471416
A01402,Beacon Care Network Collaborative,Maryland,2018,0,0,0.07758362644544685
A01408,Springfield Health Collaborative Collaborative,Georgia,2018,0,0,0.12499639109620403
A01416,Riverbend Care Alliance Physician Alliance,Colorado,2018,0,0,0.044596596718619645
A01420,Highland Wellness Health System,Colorado,2018,0,0,0.33666345342022796
A01423,Riverbend Community Care Care Network,Florida,2018,0,0,0.16250725513475534
A01424,Heritage Healthcare Collaborative,Indiana,2018,0,0,0.05838761174448984
A01426,Clearview Health Network Partners,Connecticut,2018,0,0,0.3499355872764568
A01428,Heritage Provider Alliance Care Network,Missouri,2018,0,0,0.11549020832391121
A01429,Meadow Medical Partners Alliance,Alabama,2018,0,0,0.23172328157501787
A01430,Parkview Provider Alliance Partners,Wisconsin,2018,0,0,0.0662851569635871
A01434,Grandview Care Network Collaborative,Ohio,2018,0,0,0.20169287105341704
A01438,Summit Medical Care Network,Missouri,2018,0,0,0.07891633404468089
A01441,Canyon Health Health System,New Jersey,2018,0,0,0.18566818178823133
A01449,Brookside Provider Alliance Medical Center,Wisconsin,2018,0,0,0.06561797401723649
A01455,Brookside Care Partners Health System,Illinois,2018,0,0,0.03593099632012589
A01459,Redwood Medical Physician Alliance,Wisconsin,2018,0,0,0.11409566450615188
A01464,Heartland Physicians Medical Center,New York,2018,0,0,0.03903858152016297
A01468,Pioneer Physician Network Alliance,Pennsylvania,2018,0,0,0.19677916238354407
A01472,Northstar Community Care Physician Alliance,Michigan,2018,0,0,0.12174102167031726
A01474,Parkview Care Alliance Group,Virginia,2018,1,0,0.1908832258165878
A01475,Beacon Health Partners Medical Center,Michigan,2018,0,0,0.19395942338340627
A01496,Canyon Physicians Group,Maryland,2018,0,0,0.26340465789390527
A01497,Valley Care Partners Care Network,California,2018,1,1,0.6089868918110524
A01508,Grandview Care Alliance Association,Illinois,2018,0,0,0.3016583447859068
A01528,Redwood Wellness Partners,Georgia,2018,0,0,0.08898544987000426
A01537,Northstar Health Alliance Care Network,Indiana,2018,0,0,0.19336626009408694
A01539,Canyon Care Network Association,Virginia,2018,0,0,0.423544739975149
A01544,Stonebridge Care Network Care Network,New York,2018,0,0,0.12793669874088212
A01545,Eastgate Medical Network,Florida,2018,0,0,0.11922388587308456
A01546,Blue Ridge Health Collaborative Care Network,Alabama,2018,0,0,0.13874373999260897
A01550,Maplewood Wellness Partners,Michigan,2018,0,0,0.20559832810116016
A01558,Stonebridge Wellness Network,Minnesota,2018,0,0,0.12751030422740733
A01563,Clearview Care Network Group,Washington,2018,0,0,0.2169995399243261
A01572,Silverstone Medical Network,Michigan,2018,1,1,0.6316574345159295
A01582,Clearview Physician Network Alliance,Minnesota,2018,0,0,0.071235369490259
A01584,Westfield Provider Alliance Group,Georgia,2018,0,0,0.07284530079880593
A01589,Crestview Physicians Collaborative,Pennsylvania,2018,0,0,0.35496496178274456
A01590,Crestview Care Partners Partners,Michigan,2018,1,1,0.6202414359771248
A01592,Evergreen Medical Partners Health System,California,2018,0,0,0.23414620933920882
A01603,Mountain View Medical Partners Group,New Jersey,2018,0,0,0.11112338884767016
A01604,Pioneer Physicians Partners,New Jersey,2018,0,0,0.044076497546153476
A01614,Grandview Medical Group Group,New Jersey,2018,0,0,0.0742068861972442
A01631,Redwood Provider Alliance Partners,Washington,2018,0,0,0.16573688011933235
A01633,Community Health Partners Network,California,2018,0,0,0.3025478486355416
A01652,Golden Valley Physicians Health System,California,2018,0,0,0.1061668354430208
A01654,Evergreen Wellness Association,Oregon,2018,0,0,0.029232815567005587
A01655,Brookside Health Partners Medical Center,Wisconsin,2018,0,0,0.07905389131107846
A01659,Maplewood Care Physician Alliance,Alabama,2018,0,0,0.036573651701387
A01669,WellSpring Community Care Care Network,Wisconsin,2018,0,0,0.02200298543978241
A01670,Summit Community Care Health System,Illinois,2018,0,0,0.01722257601033072
A01672,Canyon Care Partners Physician Alliance,New York,2018,0,0,0.08006312269749064
A01675,Silverstone Care Alliance Association,Minnesota,2018,0,0,0.04784032001708941
A01676,Summit Provider Alliance Partners,Wisconsin,2018,0,0,0.033509751152370766
A01678,Clearview Wellness Partners,Missouri,2018,0,0,0.03665452931230271
A01686,Silverstone Physician Network Physician Alliance,Ohio,2018,0,0,0.15586691657899832
A01687,Brookside Care Network Collaborative,Pennsylvania,2018,0,0,0.13163436564867867
A01699,Blue Ridge Integrated Health Association,Michigan,2018,0,0,0.030620575942263403
A01703,Oakridge Health Network Collaborative,Texas,2018,0,0,0.23776377623610592
A01708,Parkview Wellness Health System,Alabama,2018,0,0,0.1761233636786234
A01711,Oakridge Physician Network Physician Alliance,Georgia,2018,0,0,0.14072423410369309
A01727,WellSpring Healthcare Care Network,Washington,2018,1,0,0.3543834794438171
A01728,Mountain View Medical Network,New Jersey,2018,0,0,0.2582700042302663
A01735,Metro Wellness Physician Alliance,Oregon,2018,0,0,0.21948296328959607
A01740,Meadow Care Alliance Physician Alliance,Illinois,2018,0,0,0.14683916757907325
A01741,Clearview Clinical Partners Collaborative,Massachusetts,2018,0,0,0.07974814506837198
A01750,Evergreen Medical Group Physician Alliance,Michigan,2018,0,0,0.044267327997090336
A01753,Meadow Care Alliance Health System,Arizona,2018,0,0,0.02291423640358846
A01755,Pinnacle Medical Group Care Network,Texas,2018,0,0,0.08770133930868924
A01771,Parkview Clinical Partners Physician Alliance,Washington,2018,0,0,0.06464964578078393
A01773,Horizon Provider Alliance Care Network,New York,2018,1,1,0.6561563530458132
A01775,Cedar Medical Group Medical Center,Ohio,2018,1,0,0.37766200229537183
A01777,Oakridge Physicians Medical Center,Ohio,2018,0,0,0.05628751656480521
A01778,Highland Care Alliance Association,Washington,2018,0,0,0.2276799125841481
A01790,Cedar Care Association,Indiana,2018,0,0,0.08666275960534207
A01793,Clearview Medical Physician Alliance,Alabama,2018,0,0,0.1323149858420362
A01797,Crestview Provider Alliance Collaborative,California,2018,1,0,0.1617721217867457
A01805,Stonebridge Healthcare Network,Arizona,2018,0,0,0.020388200113143934
A01818,Community Medical Group Alliance,Indiana,2018,1,1,0.6735400229420424
A01819,Unity Wellness Medical Center,Texas,2018,0,0,0.1323149858420362
A01823,Heritage Healthcare Medical Center,Missouri,2018,0,0,0.12015764318741368
A01834,Horizon Health Group,Tennessee,2018,0,0,0.21963187403820797
A01838,Fairview Health Partners Physician Alliance,Ohio,2018,0,0,0.0656322299750635
A01839,Redwood Care Network,Missouri,2018,0,0,0.1422777028621374
A01840,Grandview Health Network Alliance,Indiana,2018,1,1,0.6713678542273064
A01845,Horizon Health Collaborative Partners,California,2018,0,0,0.05164297222509783
A01851,Riverside Provider Alliance Physician Alliance,Texas,2018,0,0,0.15894762026492057
A01853,Maplewood Medical Physician Alliance,Wisconsin,2018,0,0,0.02818486569061447
A01860,Golden Valley Health Medical Center,Michigan,2018,0,0,0.026621419661122768
A01861,Highland Care Partners,Virginia,2018,0,0,0.018162387599765357
A01862,Fairview Care Network Group,Oregon,2018,0,0,0.052213697199568074
A01866,Brookside Integrated Health Alliance,Minnesota,2018,0,0,0.1684622958683667
A01872,Parkview Care Network Association,Connecticut,2018,0,0,0.039952777060935495
A01875,Canyon Physicians Network,Texas,2018,0,0,0.06815892331586242
A01878,Eastgate Care Medical Center,Michigan,2018,0,0,0.07850469535457537
A01879,Meadow Physicians Physician Alliance,Arizona,2018,0,0,0.0960194366052469
A01887,Crestview Physicians Association,Connecticut,2018,0,0,0.033247051959117174
A01889,Redwood Wellness Health System,Missouri,2018,1,1,0.7730808731593274
A01895,Eastgate Health Network,Pennsylvania,2018,0,0,0.05410996574167102
A01910,Cedar Health Collaborative,Wisconsin,2018,0,0,0.11399170728714417
A01919,Crestview Community Care Association,Connecticut,2018,0,1,0.5112954727359054
A01922,Community Medical Group Partners,Arizona,2018,0,0,0.09003564346689444
A01925,Valley Medical Group Network,Maryland,2018,0,0,0.23713127604248382
A01927,Summit Health Network,Virginia,2018,0,0,0.10579840257786632
A01946,Parkview Healthcare Group,New Jersey,2018,0,0,0.051744131457681156
A01950,Pioneer Care Alliance Physician Alliance,Washington,2018,1,0,0.2206177664568758
A01951,Riverside Medical Group Partners,New York,2018,0,0,0.04957874640881999
A01956,Highland Care Partners Care Network,Ohio,2018,1,1,0.7617039751146762
A01961,Lakeside Medical Health System,Florida,2018,1,1,0.6713678542273064
A01964,Heritage Care Partners Care Network,Washington,2018,0,0,0.0523806884676173
A01967,Evergreen Health Medical Center,Alabama,2018,0,0,0.21421299607654848
A01973,Parkview Health Alliance Collaborative,New Jersey,2018,0,0,0.09304151274732268
A01975,Evergreen Care Partners Partners,New Jersey,2018,0,0,0.07218317105744926
A01977,WellSpring Care Alliance Association,Michigan,2018,0,0,0.01273992172865223
A01980,Unity Clinical Partners Health System,Indiana,2018,0,0,0.11386300681513031
A01984,Silverstone Health Network Partners,Pennsylvania,2018,0,0,0.059667830543689286
A01985,Valley Care Network Health System,Wisconsin,2018,0,0,0.04567366154812119
A01989,Riverbend Care Partners Medical Center,Connecticut,2018,0,0,0.13621251312197985
A01990,Highland Health Alliance,Connecticut,2018,1,1,0.8509328708582454
A01995,Crestview Care Partners Physician Alliance,Minnesota,2018,0,0,0.0514289952343011
A02002,Summit Health Collaborative Physician Alliance,Virginia,2018,0,0,0.20446744474246434
A02003,Westfield Medical Care Network,Virginia,2018,0,0,0.1584665708886885
A02008,Pinnacle Health Network Physician Alliance,Texas,2018,0,0,0.10925111375260231
A02020,Meadow Care Alliance Collaborative,Arizona,2018,0,0,0.22795398295647487
A02027,Springfield Medical Group Collaborative,California,2018,0,0,0.10073898970162375
A02031,Oakridge Health Alliance Association,North Carolina,2018,1,1,0.8515711380661085
A02032,Meadow Physicians Care Network,Pennsylvania,2018,0,0,0.11577722513555773
A02033,Gateway Medical Partners Medical Center,Wisconsin,2018,0,0,0.035965296493478974
A02039,Highland Integrated Health Association,North Carolina,2018,0,0,0.1347369609379262
A02043,Valley Medical Association,Minnesota,2018,0,0,0.00770947601678218
A02046,Westfield Wellness Medical Center,Illinois,2018,1,0,0.14895235545045732
A02051,Green Valley Provider Alliance Medical Center,Pennsylvania,2018,0,0,0.21497733228318253
A02057,Unity Clinical Partners Partners,Wisconsin,2018,0,0,0.14815048476116072
A02063,Northstar Physicians Medical Center,Connecticut,2018,0,0,0.16049354966417728
A02065,Redwood Care Care Network,Arizona,2018,0,0,0.2794622917038603
A02083,Riverside Health Partners Association,Washington,2018,0,0,0.24516174895005055
A02084,Clearview Health Association,Colorado,2018,0,0,0.0968886064934156
A02087,Metro Care Partners Collaborative,New York,2018,0,0,0.1483184344610319
A02094,Eastgate Medical Medical Center,Virginia,2018,0,1,0.5152451616694225
A02104,Eastgate Physicians Association,Arizona,2018,0,0,0.18167535934120732
A02112,Westfield Medical Partners Physician Alliance,Ohio,2018,0,0,0.2367800428736955
A02121,Heritage Physician Network Network,Maryland,2018,0,0,0.3311942863055492
A02123,Riverbend Community Care Medical Center,Minnesota,2018,0,0,0.09695263014055369
A02127,Blue Ridge Wellness Group,California,2018,1,1,0.6472765230648098
A02128,Gateway Health Collaborative Network,Texas,2018,0,0,0.052427709460657265
A02130,Westfield Health Partners Group,Texas,2018,1,0,0.11985431264496092
A02136,Green Valley Community Care Alliance,Minnesota,2018,1,1,0.9179741809096036
A02153,Springfield Community Care Medical Center,Connecticut,2018,1,1,0.6519193481062995
A02156,Brookside Health Group,Oregon,2018,0,0,0.1260585118372794
A02171,Crestview Health Network Group,Ohio,2018,0,0,0.06988485569441023
A02172,Stonebridge Care Network Group,Wisconsin,2018,0,0,0.08423251115710315
A02177,Green Valley Health Collaborative Network,Washington,2018,0,0,0.07631171902883176
A02185,Metro Care Network,Pennsylvania,2018,0,0,0.1393829157321742
A02188,Golden Valley Physician Network Association,Illinois,2018,0,0,0.07552429984181636
A02189,Oakridge Community Care Care Network,California,2018,0,0,0.21374038918038515
A02199,Gateway Health Network Network,Pennsylvania,2018,0,0,0.07612265212598004
A02204,Highland Healthcare Network,Texas,2018,1,1,0.5702591655191458
A02206,Stonebridge Wellness Alliance,Washington,2018,1,0,0.13489076816573864
A02209,Cedar Care Alliance Association,Wisconsin,2018,0,0,0.20686362546088394
A02230,Pinnacle Health Alliance Group,California,2018,0,0,0.1771412704425008
A02232,Metro Provider Alliance Medical Center,Ohio,2018,1,1,0.8661837601687209
A02233,Oakridge Provider Alliance Network,Missouri,2018,0,0,0.2582700042302663
A02238,Meadow Integrated Health Health System,Connecticut,2018,0,0,0.06536337287764898
A02245,Riverside Health Collaborative,New York,2018,0,0,0.03720402537005168
A02254,Grandview Care Network Group,Colorado,2018,0,0,0.06978885457046297
A02267,Northstar Health Alliance Physician Alliance,Missouri,2018,0,0,0.22509892551054514
A02273,Meadow Health Alliance Association,Minnesota,2018,0,0,0.04034225075491229
A02274,Parkview Health Network Medical Center,Missouri,2018,0,0,0.11623013253991775
A02286,Crestview Care Partners Network,Wisconsin,2018,0,0,0.03975186193933014
A02290,Meadow Medical Partners,Michigan,2018,1,1,0.8015174113084167
A02294,Silverstone Medical Group Medical Center,Minnesota,2018,0,0,0.12105437740656132
A02295,Evergreen Health Alliance Medical Center,Florida,2018,0,0,0.3235331885144482
A02304,Clearview Healthcare Partners,Michigan,2018,0,0,0.08259229229729485
A02305,Redwood Health Collaborative Care Network,Connecticut,2018,0,0,0.16685540987465994
A02307,Community Medical Partners,Indiana,2018,0,0,0.15848242556505546
A02313,Crestview Health Partners Medical Center,Virginia,2018,0,0,0.014607149822661132
A02317,Parkview Medical Partners Collaborative,Georgia,2018,0,0,0.05953779902598765
A02321,Brookside Wellness Group,Florida,2018,0,0,0.21828483330031223
A02326,Westfield Provider Alliance Partners,Colorado,2018,0,0,0.2263224998946795
A02328,Clearview Health Partners Partners,Wisconsin,2018,0,0,0.1672872812290174
A02335,Redwood Clinical Partners Partners,Alabama,2018,0,0,0.1176630769648547
A02340,Blue Ridge Community Care Care Network,New Jersey,2018,0,0,0.16695405441766042
A02351,Cedar Medical Group Physician Alliance,New York,2018,1,1,0.8529657785340354
A02364,Heritage Physician Network Partners,North Carolina,2018,0,0,0.2010709648326009
A02366,Oakridge Integrated Health Care Network,Pennsylvania,2018,0,0,0.029111105762650174
A02368,Maplewood Physician Network Network,Missouri,2018,0,0,0.13250589646265432
A02370,Horizon Health Partners Care Network,Michigan,2018,0,0,0.2799715324001992
A02379,Northstar Health Partners Group,Massachusetts,2018,0,0,0.14704842769826826
A02380,Westfield Health Group,North Carolina,2018,0,0,0.2581578505203652
A02391,Stonebridge Care Physician Alliance,Missouri,2018,0,0,0.09346227207193564
A02395,Canyon Health Alliance Care Network,Massachusetts,2018,1,1,0.7350353877330223
A02397,Maplewood Physician Network Association,North Carolina,2018,0,0,0.016728891954350785
A02398,Grandview Care Partners Partners,Ohio,2018,0,0,0.2704388693651818
A02399,WellSpring Healthcare Network,Colorado,2018,0,0,0.31715475113099345
A02400,Riverbend Health Collaborative Association,Wisconsin,2018,0,0,0.028567699931214316
A02402,Heartland Healthcare Medical Center,California,2018,0,0,0.06526759384953051
A02408,WellSpring Physicians Group,Massachusetts,2018,0,0,0.019708137103871568
A02409,Pioneer Medical Partners Group,Indiana,2018,0,0,0.10915496746118557
A02411,Heritage Health Partners Network,Connecticut,2018,0,0,0.05506210473780276
A02421,Gateway Care Alliance Health System,Colorado,2018,0,0,0.1512546012102975
A02426,Redwood Integrated Health Network,Tennessee,2018,0,0,0.1937687716378934
A02429,Silverstone Care Partners Association,Pennsylvania,2018,0,0,0.08096077001556548
A02432,Heartland Health Network Group,Texas,2018,0,0,0.07188698752519734
A02437,Eastgate Medical Partners Medical Center,Wisconsin,2018,1,1,0.8426222428654725
A02440,Pioneer Care Alliance Health System,Ohio,2018,0,0,0.0962967345202458
A02445,Cedar Provider Alliance Collaborative,Washington,2018,0,0,0.14692646809325247
A02446,Pinnacle Health Collaborative Association,New York,2018,1,0,0.41201685711166447
A02451,Community Health Alliance Alliance,Florida,2018,0,0,0.1742414746619919
A02452,Stonebridge Community Care Partners,Alabama,2018,1,1,0.6168982830306076
A02454,Evergreen Care Network Partners,Pennsylvania,2018,0,0,0.0659929736638
A02457,Clearview Healthcare Group,Virginia,2018,0,0,0.05818242101691814
A02460,Maplewood Physician Network Medical Center,Massachusetts,2018,0,0,0.06796334781358412
A02462,Unity Integrated Health Collaborative,Maryland,2018,1,1,0.8691110292538827
A02466,Parkview Health Partners,Minnesota,2018,0,0,0.13307217262626211
A02469,Valley Medical Group Physician Alliance,Minnesota,2018,0,0,0.15243176790386934
A02470,Cedar Integrated Health Partners,Maryland,2018,1,1,0.6928741873950582
A02475,Crestview Care Group,Georgia,2018,0,0,0.17775458802549732
A02476,Fairview Provider Alliance Collaborative,Washington,2018,1,0,0.2981900041866005
A02477,Horizon Care Partners Medical Center,Tennessee,2018,0,0,0.10059677261214142
A02479,Silverstone Integrated Health Partners,Virginia,2018,0,0,0.3736325122347586
A02489,Stonebridge Medical Group Health System,Washington,2018,1,1,0.861978655286636
A02497,Unity Provider Alliance Medical Center,Texas,2018,0,0,0.11115753277691048
A02499,Gateway Clinical Partners Association,Connecticut,2018,0,0,0.1042635954210979
A02502,Parkview Medical Care Network,North Carolina,2018,1,1,0.7077681126286692
A02504,Riverside Healthcare Alliance,Massachusetts,2018,0,0,0.16227957658516837
A02514,Pinnacle Health Partners,Ohio,2018,0,0,0.08147266744819648
A02515,Heritage Clinical Partners Partners,Arizona,2018,0,0,0.09775189303107937
A02518,Northstar Integrated Health Physician Alliance,Tennessee,2018,0,0,0.33265392372364516
A02521,Horizon Wellness Medical Center,Texas,2018,0,0,0.09720016136142005
A02537,Crestview Health Collaborative Medical Center,Virginia,2018,0,0,0.06629104371008462
A02540,Springfield Health Partners Physician Alliance,California,2018,0,0,0.2692437277173594
A02543,Parkview Physician Network Physician Alliance,Arizona,2018,0,0,0.00662024721397014
A02548,Riverbend Integrated Health Health System,North Carolina,2018,0,0,0.16452762751597386
A02552,Summit Integrated Health Alliance,Ohio,2018,0,0,0.14920210399086456
A02555,Fairview Community Care Partners,Florida,2018,0,0,0.04377545688780615
A02556,Brookside Provider Alliance Group,Virginia,2018,0,0,0.048407503079933474
A02557,Summit Medical Partners Health System,Tennessee,2018,1,1,0.9511330930268431
A02566,Grandview Health Association,Alabama,2018,1,0,0.1722688787154537
A02569,Canyon Health Collaborative Health System,Oregon,2018,0,0,0.33014607159090903
A02574,Springfield Physicians Care Network,Indiana,2018,0,0,0.05999729704382519
A02579,Horizon Health Alliance Physician Alliance,Illinois,2018,0,0,0.1622002306585251
A02581,Beacon Care Partners Partners,North Carolina,2018,0,0,0.022903241366504075
A02583,Clearview Health Alliance Group,Colorado,2018,0,0,0.2668008776756141
A02585,Redwood Physician Network Medical Center,Massachusetts,2018,1,1,0.6908966046738221
A02591,Golden Valley Care Collaborative,Maryland,2018,0,0,0.13174772981806032
A02601,Redwood Medical Group Medical Center,Tennessee,2018,0,0,0.12881035514508815
A02611,WellSpring Care Alliance Collaborative,Georgia,2018,0,0,0.11561714870130338
A02618,Mountain View Physicians Alliance,Missouri,2018,0,0,0.12552581641422955
A02619,Summit Healthcare Group,Illinois,2018,0,0,0.2341788529440293
A02622,Crestview Clinical Partners Medical Center,Minnesota,2018,0,0,0.0946756518753114
A02627,Grandview Wellness Partners,Alabama,2018,0,0,0.09049669237023393
A02632,Evergreen Care Alliance,Pennsylvania,2018,0,0,0.022665983048301627
A02633,Unity Medical Group Medical Center,Ohio,2018,1,0,0.12055563630193655
A02636,Fairview Physicians Partners,Washington,2018,0,0,0.1326134213136457
A02640,Redwood Medical Group Group,Illinois,2018,0,0,0.021680005702643126
A02643,Meadow Provider Alliance Physician Alliance,Florida,2018,0,0,0.1719670865474433
A02645,Beacon Clinical Partners Health System,Indiana,2018,0,0,0.23033491883414087
A02652,Maplewood Integrated Health Association,Ohio,2018,0,0,0.14928515458537223
A02658,Redwood Health Alliance Partners,Michigan,2018,0,0,0.08891271969155527
A02666,Heritage Integrated Health Care Network,Arizona,2018,0,0,0.06220440390298413
A02668,Parkview Medical Alliance,Massachusetts,2018,0,0,0.33298810595671163
A02672,Mountain View Clinical Partners Alliance,Minnesota,2018,0,0,0.06887055832756438
A02682,Fairview Care Partners Health System,Colorado,2018,0,0,0.04945309592881765
A02688,Parkview Physicians Association,Florida,2018,0,0,0.08916034209783455
A02690,Riverside Health Network Physician Alliance,Michigan,2018,0,0,0.07039935686075541
A02693,Pinnacle Provider Alliance Medical Center,Virginia,2018,1,0,0.290275019845112
A02696,Oakridge Medical Network,Oregon,2018,0,0,0.03546088583325215
A02703,Maplewood Medical Care Network,Wisconsin,2018,0,0,0.0885646037797748
A02716,Lakeside Medical Collaborative,Massachusetts,2018,0,0,0.29255450548492984
A02717,Pinnacle Integrated Health Group,Massachusetts,2018,0,0,0.1046844934203245
A02721,Springfield Physician Network Partners,Michigan,2018,0,0,0.19618030633560818
A02727,Canyon Physician Network Alliance,Wisconsin,2018,0,0,0.22722062340036256
A02732,Canyon Care Partners Health System,New Jersey,2018,0,0,0.19375787975136496
A02737,Redwood Medical Partners Medical Center,Georgia,2018,0,1,0.5751186852330252
A02741,Maplewood Health Group,New York,2018,1,0,0.1513693037554404
A02751,Eastgate Clinical Partners Partners,Ohio,2018,1,1,0.8218947168833677
A02753,Highland Community Care Care Network,Florida,2018,1,1,0.7491180200274168
A02763,Unity Integrated Health Physician Alliance,Connecticut,2018,0,0,0.08516837157759766
A02765,Canyon Physician Network Network,Wisconsin,2018,1,1,0.6671277264499146
A02767,Canyon Health Collaborative Partners,Arizona,2018,0,0,0.06864570486743196
A02790,Riverside Integrated Health Health System,Arizona,2018,0,0,0.044768348918706714
A02794,Riverbend Integrated Health Alliance,Florida,2018,1,1,0.8471600232149499
A02800,Pioneer Health Health System,New York,2018,0,0,0.177865205156578
A02811,Fairview Care Care Network,Maryland,2018,0,0,0.02931197067936862
A02817,Summit Health Partners Association,Maryland,2018,0,0,0.0855865809290949
A02828,Canyon Care Alliance Care Network,Arizona,2018,1,0,0.4073560245117898
A02829,Cedar Care Health System,Florida,2018,1,0,0.3260745840918788
A02830,Redwood Medical Group Health System,Illinois,2018,0,0,0.11446696215886557
A02844,Fairview Wellness Health System,North Carolina,2018,0,0,0.08499444933736106
A02853,Cedar Care Partners Group,Washington,2018,0,0,0.05362421908748992
A02854,Cedar Wellness Association,Colorado,2018,0,0,0.2522545466511558
A02858,Maplewood Health Partners Group,Florida,2018,1,1,0.6175175193119713
A02859,WellSpring Integrated Health Association,Pennsylvania,2018,0,0,0.051580361005632264
A02873,Redwood Health Physician Alliance,New York,2018,0,0,0.04243159618626067
A02880,Crestview Health Collaborative Health System,Colorado,2018,0,0,0.16936857181089215
A02884,Pioneer Integrated Health Association,Minnesota,2018,0,0,0.06148360388190254
A02890,Crestview Medical Group Association,Virginia,2018,0,0,0.10934948593536153
A02892,Meadow Integrated Health Collaborative,Indiana,2018,0,0,0.2395366457094363
A02897,Evergreen Medical Group Collaborative,Georgia,2018,0,0,0.08079417056302227
A02899,Westfield Care Health System,Ohio,2018,0,0,0.12699634739232055
A02909,Valley Physician Network Partners,Minnesota,2018,1,0,0.1891425469659932
A02913,Community Health Partners Association,Colorado,2018,0,0,0.10491364812487214
A02914,Meadow Medical Group Collaborative,Tennessee,2018,0,0,0.15965252987302558
A02923,Valley Medical Partners Partners,Georgia,2018,0,0,0.162079071471062
A02932,Crestview Care Alliance Group,Tennessee,2018,0,0,0.11321205326699578
A02938,Horizon Health Alliance Medical Center,Indiana,2018,0,0,0.05939065194521895
A02942,Unity Care Partners Physician Alliance,Georgia,2018,0,0,0.17822090857806747
A02945,Riverbend Care Network Health System,Massachusetts,2018,0,0,0.26535953504188375
A02952,Fairview Health Collaborative Medical Center,Texas,2018,0,0,0.09035701700079361
A02955,Pioneer Clinical Partners Physician Alliance,Oregon,2018,0,0,0.16199825814644161
A02959,Lakeside Health Partners,Minnesota,2018,0,0,0.07659190947965684
A02967,Riverside Care Alliance Medical Center,Connecticut,2018,0,0,0.021697344870666324
A02970,Pinnacle Integrated Health Network,Connecticut,2018,0,0,0.05171103252447702
A02981,Canyon Health Partners Association,Illinois,2018,0,0,0.17863596205349871
A02988,Crestview Clinical Partners Partners,California,2018,0,0,0.08171663477972654
A02989,Highland Provider Alliance Collaborative,Missouri,2018,0,0,0.1346255704366774
A02991,Horizon Provider Alliance Association,Texas,2018,0,0,0.0933597924293958
A02998,Crestview Care Network Physician Alliance,Ohio,2018,1,0,0.39740750303046546
A03000,Meadow Wellness Association,Washington,2018,0,0,0.28966642100935264
A03004,Maplewood Physicians Network,New York,2018,0,0,0.054267597945723244
A03008,Westfield Care Alliance Medical Center,Illinois,2018,0,0,0.15803726958638634
A03019,Heritage Integrated Health Medical Center,Arizona,2018,0,0,0.04364147438162922
A03027,Community Community Care Care Network,Colorado,2018,0,0,0.19639567197007834
A03029,Springfield Healthcare Association,Michigan,2018,0,0,0.1137291454497349
A03051,Riverside Integrated Health Group,Virginia,2018,1,1,0.8735779966097148
A03053,Community Health Association,Illinois,2018,1,0,0.025818497613570447
A03068,Silverstone Care Health System,Ohio,2018,0,0,0.20686362546088394
A03069,Silverstone Health Partners Group,Colorado,2018,0,0,0.24054813050806043
A03074,Mountain View Health Alliance Partners,Arizona,2018,0,0,0.09665464576965613
A03088,Golden Valley Community Care Network,Oregon,2018,0,0,0.1641575798485336
A03090,Gateway Medical Care Network,Wisconsin,2018,0,0,0.1407594448190716
A03100,Eastgate Health Partners Partners,Oregon,2018,0,0,0.05305422011911427
A03104,Horizon Medical Alliance,Missouri,2018,0,0,0.00871570626808949
A03110,Gateway Healthcare Group,Texas,2018,1,0,0.37330512947902894
A03113,WellSpring Medical Partners Group,Colorado,2018,0,0,0.13410195943897926
A03117,Green Valley Medical Group Collaborative,Virginia,2018,0,0,0.1815057962637119
A03122,Community Physicians Association,Ohio,2018,0,0,0.07853083317827028
A03125,Clearview Care Alliance Association,Minnesota,2018,0,0,0.10715519554298072
A03127,Metro Medical Health System,Texas,2018,0,0,0.08680932575914539
A03128,Redwood Health Partners Collaborative,Pennsylvania,2018,0,0,0.07691344021086052
A03134,Eastgate Health Collaborative Partners,Virginia,2018,0,0,0.043781674827012375
A03135,Meadow Medical Health System,Maryland,2018,0,0,0.09126280954161661
A03137,Canyon Care Alliance Physician Alliance,Florida,2018,0,0,0.09570379741362559
A03142,Brookside Medical Group Group,Arizona,2018,0,0,0.4699575777395903
A03143,Silverstone Clinical Partners Partners,New York,2018,0,0,0.013755412553623296
A03149,Parkview Physician Network Association,Alabama,2018,1,1,0.6208210616979223
A03155,Metro Health Network Health System,Connecticut,2018,0,0,0.32664024112222784
A03158,Brookside Physicians Collaborative,California,2018,0,0,0.0015174730906172182
A03162,Gateway Clinical Partners Group,Wisconsin,2018,0,0,0.0015174730906172182
A03165,Fairview Care Alliance Group,Florida,2018,0,0,0.035787086117124826
A03166,Stonebridge Medical Group Group,Texas,2018,0,0,0.09213952097881738
A03169,Stonebridge Healthcare Medical Center,Missouri,2018,0,0,0.26029152844297454
A03173,Pioneer Wellness Association,Colorado,2018,0,0,0.04274819485387593
A03176,Maplewood Provider Alliance Collaborative,Maryland,2018,0,0,0.0588150459196112
A03178,Heritage Medical Group Network,Pennsylvania,2018,0,0,0.1281436206983855
A03184,Heritage Care Partners Network,North Carolina,2018,0,0,0.06336101346922796
A03190,Unity Care Partners Medical Center,Florida,2018,0,0,0.12068339546636342
A03197,Lakeside Medical Group Care Network,Arizona,2018,0,0,0.16470360058530023
A03199,Springfield Wellness Health System,Alabama,2018,1,0,0.12228503514765544
A03206,Parkview Integrated Health Care Network,Missouri,2018,0,0,0.17071154632876648
A03211,Brookside Care Physician Alliance,Pennsylvania,2018,0,0,0.01693651233644882
A03212,Green Valley Clinical Partners Group,California,2018,0,0,0.035296008563000573
A03215,Parkview Health Collaborative Association,Pennsylvania,2018,0,0,0.06870290295680126
A03224,Golden Valley Health Collaborative Health System,Arizona,2018,0,0,0.11924976934678697
A03227,Highland Medical Care Network,Washington,2018,1,1,0.7473780542879487
A03231,Pinnacle Provider Alliance Care Network,Wisconsin,2018,0,0,0.09674945130020637
A03236,WellSpring Physician Network Alliance,Maryland,2018,0,0,0.06115000874973967
A03246,Riverbend Health Alliance Care Network,New Jersey,2018,0,0,0.010178121980059192
A03257,Evergreen Health Network Care Network,Connecticut,2018,0,0,0.0989017372813195
A03266,Westfield Integrated Health Alliance,Virginia,2018,0,0,0.06170394084779726
A03269,Parkview Physician Network Care Network,Massachusetts,2018,0,0,0.05083822799352251
A03271,Cedar Health Alliance Association,Indiana,2018,0,0,0.16916295249956476
A03283,Stonebridge Medical Group Association,New York,2018,0,1,0.6182620624885867
A03285,Silverstone Health Partners Collaborative,Michigan,2018,0,0,0.1867711505620606
A03288,Unity Medical Partners Collaborative,New York,2018,0,0,0.0460967506581392
A03294,Horizon Health Collaborative Medical Center,Wisconsin,2018,0,0,0.05462408634014871
A03295,Community Health Health System,Wisconsin,2018,0,1,0.5914717445898571
A03297,Valley Health Collaborative Care Network,Missouri,2018,0,0,0.0627371663262941
A03301,Valley Health Partners Physician Alliance,Arizona,2018,0,0,0.0208003247126399
A03325,Redwood Health Network Association,Alabama,2018,0,0,0.09729860738555449
A03330,Green Valley Care Network Partners,Alabama,2018,0,0,0.12185785153114802
A03332,Silverstone Health Collaborative,Oregon,2018,0,0,0.15577548654075365
A03345,Pinnacle Care Group,Colorado,2018,0,0,0.04493306135768955
A03352,Silverstone Care Medical Center,Oregon,2018,1,1,0.6310110146616377
A03353,WellSpring Medical Partners Association,Arizona,2018,0,0,0.2775157519182534
A03363,Metro Healthcare Group,Minnesota,2018,0,0,0.17428548110625408
A03365,Eastgate Integrated Health Collaborative,California,2018,0,0,0.04588190551465134
A03366,Northstar Care Alliance Partners,Colorado,2018,0,0,0.10125694528458401
A03370,Eastgate Integrated Health Health System,Virginia,2018,0,0,0.1490097451893535
A03376,Heartland Community Care Collaborative,New York,2018,0,0,0.1990783161498558
A03378,Oakridge Care Network Group,Ohio,2018,0,0,0.07039083180364115
A03386,Community Integrated Health Care Network,Maryland,2018,1,1,0.8165312910450789
A03389,Eastgate Provider Alliance Network,Alabama,2018,0,0,0.041502924586028486
A03395,Maplewood Integrated Health Group,New York,2018,0,0,0.06648301900916294
A03406,Stonebridge Care Care Network,Washington,2018,0,0,0.07367152721558225
A03407,Stonebridge Care Network Health System,Florida,2018,0,0,0.28606411408812127
A03409,Community Care Network Physician Alliance,Washington,2018,0,0,0.13643133292299264
A03415,Heritage Health Collaborative Physician Alliance,Massachusetts,2018,0,0,0.014241671876608906
A03427,Blue Ridge Care Alliance Alliance,Texas,2018,1,0,0.09424634496455092
A03434,Eastgate Health Collaborative Association,Illinois,2018,0,0,0.05336312098502531
A03435,Community Health Partners Physician Alliance,Massachusetts,2018,0,0,0.009813236115368183
A03437,WellSpring Medical Group Physician Alliance,California,2018,0,0,0.02255107985088362
A03443,Silverstone Integrated Health Collaborative,Connecticut,2018,0,0,0.01466109381994129
A03445,Mountain View Health Network Collaborative,Ohio,2018,0,0,0.023357889227381832
A03448,Lakeside Physician Network Association,Maryland,2018,0,0,0.026209715483962368
A03454,Community Wellness Group,Missouri,2018,0,0,0.23758126205983246
A03457,Parkview Health Partners Association,North Carolina,2018,0,0,0.09401156382673535
A03473,Beacon Care Partners Health System,Indiana,2018,1,0,0.13532680611535658
A03475,Green Valley Health Network Partners,Virginia,2018,0,0,0.059316475079101594
A03479,Riverbend Physicians Care Network,Colorado,2018,0,0,0.02769437966635434
A03482,Mountain View Physician Network Medical Center,Oregon,2018,0,0,0.006495627781044717
A03491,Beacon Integrated Health Collaborative,North Carolina,2018,0,0,0.19367382815742146
A03492,Redwood Care Partners Association,North Carolina,2018,0,0,0.04186260849784532
A03494,Gateway Clinical Partners Partners,Florida,2018,0,1,0.6240992368752714
A03497,Metro Care Partners Care Network,Virginia,2018,0,0,0.1418173243829925
A03498,Mountain View Care Alliance Medical Center,New Jersey,2018,0,0,0.46250592281166303
A03501,Canyon Medical Partners Group,California,2018,0,0,0.022665983048301627
A03505,Springfield Provider Alliance Association,Ohio,2018,0,0,0.08750823414186656
A03508,Metro Physicians Health System,Texas,2018,0,0,0.12122865125074421
A03527,Clearview Care Group,Virginia,2018,0,0,0.08962366434569026
A03531,Community Provider Alliance Alliance,Indiana,2018,0,0,0.09891055061599742
A03535,Meadow Clinical Partners Physician Alliance,Florida,2018,0,0,0.08989224679255456
A03538,Golden Valley Care Alliance,Arizona,2018,0,0,0.05489371955848181
A03544,Stonebridge Medical Partners,North Carolina,2018,1,0,0.050523035322627544
A03546,Heritage Care Network Alliance,New York,2018,0,0,0.20557696292841132
A03552,Riverbend Community Care Network,Oregon,2018,0,0,0.2309257822720061
A03554,Community Physician Network Physician Alliance,Indiana,2018,0,0,0.10948838460585658
A03557,Silverstone Health Collaborative Network,Pennsylvania,2018,0,0,0.08531616661034121
A03560,Crestview Medical Group Network,North Carolina,2018,0,0,0.027128732033105906
A03563,Redwood Health Network Network,Massachusetts,2018,0,0,0.1256904211491877
A03573,Green Valley Health Network Collaborative,Massachusetts,2018,0,0,0.07430673526395397
A03580,Meadow Healthcare Physician Alliance,Maryland,2018,1,0,0.20599013603691219
A03589,Highland Health Network Care Network,Florida,2018,0,0,0.09523783396359255
A03590,Canyon Clinical Partners Alliance,Arizona,2018,1,1,0.9348333260668046
A03591,Riverside Medical Network,Alabama,2018,0,0,0.0332707310886176
A03595,Parkview Health Network Network,Indiana,2018,0,0,0.09358502015714659
A03602,Oakridge Integrated Health Physician Alliance,Texas,2018,0,0,0.13624747385009953
A03609,Westfield Provider Alliance Health System,Pennsylvania,2018,1,1,0.7719605490246988
A03616,Parkview Wellness Group,New Jersey,2018,0,0,0.03773158940405236
A03618,Community Health Medical Center,Maryland,2018,0,0,0.17211154005938042
A03621,Northstar Medical Group Network,Oregon,2018,0,0,0.046304777455142034
A03630,Maplewood Physician Network Partners,Illinois,2018,0,0,0.11653514383480601
A03650,Eastgate Health Network Medical Center,Indiana,2018,0,0,0.22049213502720902
A03651,Westfield Health Alliance,Missouri,2018,0,0,0.13855141342454125
A03665,Beacon Medical Group Group,New York,2018,0,0,0.15637168824874487
A03691,Pinnacle Health Partners Partners,Tennessee,2018,0,0,0.0753248867465262
A03693,Green Valley Health Network Care Network,Washington,2018,0,0,0.10498880804104452
A03696,Horizon Medical Collaborative,California,2018,0,0,0.10629151634241106
A03704,Highland Wellness Care Network,Massachusetts,2018,0,0,0.1447757962689642
A03711,Oakridge Wellness Collaborative,Oregon,2018,0,0,0.11112338884767016
A03720,Fairview Health Medical Center,Missouri,2018,1,1,0.6506191556696664
A03738,Community Care Network Partners,New Jersey,2018,0,0,0.21588386145505836
A03740,Gateway Physician Network Medical Center,Florida,2018,0,0,0.07404148449948371
A03742,Horizon Care Physician Alliance,Wisconsin,2018,0,0,0.07521027872672588
A03743,Grandview Community Care Medical Center,Connecticut,2018,1,1,0.7194727258154626
A03744,Northstar Care Alliance Collaborative,Georgia,2018,0,0,0.12518418978543866
A03748,Canyon Wellness Association,Oregon,2018,0,0,0.17009855045131805
A03752,Valley Medical Medical Center,Florida,2018,0,0,0.035327074806669564
A03754,Evergreen Physicians Medical Center,Ohio,2018,0,0,0.07718687617603079
A03778,Springfield Medical Partners Physician Alliance,Georgia,2018,0,0,0.2727353171748213
A03780,Highland Integrated Health Group,Maryland,2018,0,0,0.1888350028101936
A03788,Crestview Health Partners Association,California,2018,0,0,0.231902441302177
A03791,Springfield Health Alliance Physician Alliance,New York,2018,0,0,0.21868927516722195
A03794,Mountain View Care Health System,Ohio,2018,0,0,0.3120249634682173
A03796,Gateway Care Alliance Partners,Florida,2018,0,0,0.24488075528820333
A03803,Summit Clinical Partners Partners,Pennsylvania,2018,0,0,0.4149984825170325
A03806,Gateway Medical Partners Network,Colorado,2018,0,0,0.2137978183177103
A03809,Maplewood Clinical Partners Association,Virginia,2018,1,0,0.09487424124317903
A03810,Pinnacle Health Network Care Network,Maryland,2018,0,0,0.04555745655264001
A03814,Beacon Care Alliance Alliance,Wisconsin,2018,0,0,0.06028450021255924
A03819,Unity Healthcare Health System,Georgia,2018,0,0,0.1706805407879218
A03820,Community Health Collaborative Partners,Georgia,2018,0,0,0.06793832598383087
A03822,Parkview Care Network Network,Virginia,2018,0,0,0.12574004127832927
A03824,Crestview Healthcare Association,Arizona,2018,0,0,0.2249086383339132
A03829,Brookside Health Network Collaborative,Georgia,2018,0,0,0.08405250930822719
A03830,Brookside Care Partners Alliance,Colorado,2018,0,0,0.05866472673128371
A03832,Silverstone Wellness Physician Alliance,Illinois,2018,0,0,0.09363513002738934
A03833,Riverbend Integrated Health Physician Alliance,Missouri,2018,1,0,0.1999296562955057
A03836,Maplewood Medical Partners Physician Alliance,Texas,2018,0,0,0.09467003793104131
A03840,Blue Ridge Community Care Association,North Carolina,2018,0,0,0.21086683087888033
A03847,Pinnacle Care Partners Alliance,New York,2018,0,0,0.03772871682745832
A03852,Springfield Care Health System,Virginia,2018,0,0,0.11594454049860226
A03869,Metro Healthcare Medical Center,Pennsylvania,2018,0,0,0.07852681921379241
A03879,Clearview Clinical Partners Health System,Illinois,2018,0,0,0.026629249153919128
A03884,Northstar Health Network,Arizona,2018,0,0,0.05669445673060952
A03894,Eastgate Medical Partners Group,Ohio,2018,1,1,0.8221546741028755
A03909,Valley Health Partners Health System,New Jersey,2018,0,0,0.07269829733754363
A03910,Maplewood Medical Association,New York,2018,0,0,0.12520119561329132
A03913,Westfield Care Partners Network,Alabama,2018,0,0,0.13529478757349994
A03923,Heritage Medical Group Physician Alliance,Oregon,2018,0,0,0.1472369717847674
A03927,Eastgate Health Alliance Group,Washington,2018,0,0,0.36831086891147163
A03939,Cedar Healthcare Partners,Connecticut,2018,0,0,0.010035823560650381
A03942,Maplewood Medical Health System,Missouri,2018,0,0,0.06660509612977322
A03947,Green Valley Medical Group Association,Illinois,2018,0,0,0.12035691054693703
A03954,Springfield Provider Alliance Network,Indiana,2018,0,0,0.02231598969371107
A03959,Westfield Care Partners Partners,Colorado,2018,0,0,0.1722669535892903
A03966,Springfield Community Care Collaborative,Colorado,2018,0,0,0.20750817984272046
A03971,Westfield Care Alliance Physician Alliance,Maryland,2018,0,0,0.04314756759719973
A03985,Crestview Health Partners Alliance,Missouri,2018,0,0,0.04502477967443566
A03993,Golden Valley Healthcare Care Network,Missouri,2018,0,0,0.19625320357415404
A03997,Evergreen Wellness Care Network,Arizona,2018,0,0,0.03403012437499961
A03999,Eastgate Health Network Physician Alliance,California,2018,0,0,0.2008680533439682
A04003,Mountain View Physician Network Alliance,Wisconsin,2018,0,0,0.15314687050474152
A04005,Heritage Healthcare Care Network,Texas,2018,0,0,0.10046730167932376
A04014,Oakridge Health Partners Collaborative,New York,2018,0,0,0.21256682241063704
A04019,Redwood Integrated Health Group,Colorado,2018,0,0,0.46356541022061953
A04025,Westfield Medical Group Health System,Alabama,2018,0,0,0.04313848484852625
A04026,Green Valley Medical Group Care Network,Illinois,2018,0,0,0.17933342980628977
A04029,WellSpring Care Partners Partners,Florida,2018,0,0,0.057803923849700754
A04031,Blue Ridge Health Alliance Group,Illinois,2018,0,0,0.06953762972801475
A04040,Cedar Clinical Partners Network,Pennsylvania,2018,0,0,0.11031009011821719
A04043,Clearview Health Network Collaborative,Washington,2018,0,0,0.08701596811553168
A04044,Pioneer Physician Network Network,Colorado,2018,0,0,0.4262886630179413
A04060,Heritage Provider Alliance Physician Alliance,New York,2018,0,0,0.04926568998736177
A04061,WellSpring Community Care Association,Georgia,2018,0,0,0.08973382314739467
A04067,Valley Health Collaborative Physician Alliance,Colorado,2018,0,0,0.37033799976448967
A04068,Grandview Medical Partners Medical Center,Ohio,2018,0,0,0.005120746493421947
A04069,Highland Medical Group Health System,Tennessee,2018,0,0,0.272741486352692
A04072,Community Physicians Partners,Tennessee,2018,0,0,0.1612303177141987
A04077,Gateway Provider Alliance Care Network,Oregon,2018,0,1,0.6834822816994784
A04078,Springfield Medical Group Health System,Arizona,2018,0,0,0.010800903525554574
A04085,Community Clinical Partners Group,Alabama,2018,0,0,0.3584543241624166
A04094,Grandview Wellness Network,Indiana,2018,0,0,0.0929287153615279
A04099,Heartland Care Alliance Partners,Wisconsin,2018,0,0,0.08223445471955113
A04101,Crestview Medical Partners,New Jersey,2018,0,0,0.2224687857422451
A04103,WellSpring Integrated Health Physician Alliance,Alabama,2018,0,0,0.2196720689199986
A04108,WellSpring Healthcare Group,North Carolina,2018,0,0,0.13882925214183625
A04111,Riverside Wellness Network,Connecticut,2018,1,1,0.7240725858755325
A04120,Canyon Medical Group Partners,Washington,2018,0,0,0.1649301658648986
A04121,Gateway Community Care Health System,Maryland,2018,0,0,0.048003355353977796
A04136,Unity Health Alliance Physician Alliance,Illinois,2018,0,0,0.020193292718961572
A04150,Fairview Provider Alliance Physician Alliance,New Jersey,2018,0,0,0.1706805407879218
A04152,Summit Physician Network Physician Alliance,Massachusetts,2018,1,0,0.37101634254573085
A04155,Metro Medical Partners Care Network,California,2018,0,0,0.05347734748660329
A04159,Golden Valley Medical Partners Group,Oregon,2018,1,0,0.14325316861419712
A04162,Green Valley Healthcare Partners,Massachusetts,2018,0,0,0.3267163313090827
A04165,Riverside Provider Alliance Care Network,Texas,2018,0,0,0.20332711516699697
A04169,Green Valley Health Medical Center,Oregon,2018,0,0,0.01885712686975531
A04182,Oakridge Health Partners,Virginia,2018,0,0,0.08429992991363554
A04205,Crestview Integrated Health Medical Center,Colorado,2018,0,0,0.38710329882531697
A04223,Riverside Health Alliance Physician Alliance,Washington,2018,1,1,0.5735479576554904
A04232,Community Wellness Association,Ohio,2018,1,1,0.76107621462675
A04233,Blue Ridge Healthcare Physician Alliance,Illinois,2018,0,0,0.1754547090033369
A04256,Meadow Health Group,Ohio,2018,0,0,0.06746665424710505
A04267,Springfield Integrated Health Physician Alliance,Virginia,2018,0,0,0.3551507846742461
A04273,Redwood Clinical Partners Network,New York,2018,1,0,0.14994113107401102
A04294,Unity Care Partners Alliance,Virginia,2018,0,0,0.12216542353989102
A04308,Pioneer Health Network Collaborative,Maryland,2018,0,0,0.0500724899118489
A04312,Pioneer Health Collaborative Group,North Carolina,2018,0,0,0.13988043743027775
A04313,Metro Health Health System,Texas,2018,0,0,0.10088613281660072
A04315,Meadow Health Collaborative Collaborative,Arizona,2018,0,0,0.019278831206063104
A04316,Golden Valley Clinical Partners Physician Alliance,Indiana,2018,0,0,0.10059569049142741
A04319,Metro Medical Group Group,New Jersey,2018,0,0,0.08526106272049741
A04323,Silverstone Health Collaborative Alliance,Oregon,2018,0,0,0.14828546479450286
A04326,Riverside Healthcare Medical Center,Washington,2018,1,1,0.762364858298995
A04335,Evergreen Care Alliance Collaborative,Missouri,2018,0,0,0.10895677774949064
A04345,Green Valley Care Group,Indiana,2018,0,0,0.02867237461981739
A04348,Stonebridge Health Collaborative Health System,Missouri,2018,0,0,0.009803975424627149
A04349,Cedar Care Alliance,Maryland,2018,0,0,0.04728569047751909
A04352,Heartland Medical Care Network,Virginia,2018,0,0,0.14350488202267697
A04360,Mountain View Healthcare Association,Massachusetts,2018,0,0,0.024491742058757725
A04371,Metro Medical Partners Partners,Pennsylvania,2018,0,0,0.09613565359586035
A04387,Meadow Care Partners Network,Arizona,2018,0,0,0.019503793056513376
A04395,Oakridge Physician Network Health System,Missouri,2018,0,0,0.07331783600591078
A04397,Gateway Health Collaborative,Texas,2018,0,0,0.26385890796971007
A04401,Silverstone Health Alliance Alliance,Texas,2018,0,0,0.09317480285175027
A04403,Grandview Health Network Health System,Massachusetts,2018,0,0,0.0840987351479421
A04408,Summit Clinical Partners Group,Arizona,2018,0,0,0.09946827313849785
A04409,Evergreen Community Care Physician Alliance,Michigan,2018,0,0,0.040419558548859494
A04417,Redwood Care Alliance Care Network,Ohio,2018,0,0,0.24003666526170062
A04422,Canyon Health Network Alliance,Virginia,2018,1,1,0.8141066253490217
A04427,Highland Health Alliance Alliance,Massachusetts,2018,0,0,0.1427502626978532
A04434,Lakeside Physician Network Medical Center,Ohio,2018,1,1,0.5758191053691283
A04437,Metro Healthcare Care Network,Michigan,2018,0,0,0.3133319903895683
A04440,Blue Ridge Health Network Physician Alliance,Florida,2018,1,1,0.7478728855879226
A04444,Northstar Health Association,Virginia,2018,0,0,0.07302144594588598
A04452,Grandview Medical Partners,California,2018,0,0,0.20985696747908272
A04464,Oakridge Physician Network Partners,Ohio,2018,0,0,0.1082446851248215
A04471,Golden Valley Healthcare Physician Alliance,Colorado,2018,0,0,0.32481751850504204
A04489,Fairview Physician Network Partners,Massachusetts,2018,0,0,0.04760548127884903
A04503,Springfield Care Partners,Illinois,2018,0,0,0.21228817343364853
A04506,Horizon Clinical Partners Association,Michigan,2018,0,0,0.17686297659878167
A04508,Heartland Clinical Partners Alliance,Ohio,2018,0,0,0.11736999535478802
A04510,WellSpring Health Physician Alliance,Massachusetts,2018,0,0,0.10096548684824815
A04511,Mountain View Clinical Partners Partners,California,2018,0,0,0.20298478872408418
A04515,Fairview Medical Partners Health System,Indiana,2018,0,0,0.031064645406642458
A04517,Silverstone Medical Health System,Michigan,2018,0,0,0.046731330541186555
A04522,Highland Care Alliance Collaborative,New York,2018,0,0,0.33075853679948736
A04525,Canyon Integrated Health Group,Virginia,2018,0,0,0.10761376180930933
A04527,Heritage Care Association,North Carolina,2018,0,0,0.08659677351878074
A04534,Stonebridge Health Alliance,Michigan,2018,0,0,0.1594800523723264
A04540,Unity Medical Group Care Network,Minnesota,2018,0,0,0.05827854167192858
A04544,Valley Clinical Partners Health System,North Carolina,2018,1,0,0.45497421519198333
A04545,Riverbend Health Alliance,Tennessee,2018,0,0,0.10486498238850768
A04547,Pioneer Care Alliance Association,Georgia,2018,0,0,0.05575110515912197
A04552,Eastgate Physicians Medical Center,North Carolina,2018,0,0,0.012198982812283616
A04554,Green Valley Health Network Physician Alliance,California,2018,0,0,0.08206531438092464
A04558,Blue Ridge Wellness Medical Center,Georgia,2018,0,0,0.15643354027163725
A04561,Westfield Care Alliance Collaborative,Alabama,2018,1,0,0.43681970679959037
A04562,Pioneer Health Alliance Group,Tennessee,2018,0,0,0.21705019168886908
A04566,Fairview Health Alliance Medical Center,Florida,2018,0,0,0.33940799780304987
A04567,Stonebridge Wellness Medical Center,Florida,2018,0,0,0.1426685627169118
A04570,Parkview Healthcare Association,Maryland,2018,0,0,0.27176970209376816
A04571,Heartland Care Network Association,Georgia,2018,1,0,0.2838452599118911
A04580,Springfield Health Alliance Association,Virginia,2018,0,0,0.17152786243412335
A04584,Mountain View Care Partners Physician Alliance,Colorado,2018,0,0,0.2536370648471246
A04589,Highland Medical Partners Network,Minnesota,2018,0,0,0.17370874589698565
A04593,Mountain View Health Alliance Health System,Maryland,2018,0,0,0.28524451904323317
A04599,Gateway Health Partners,Florida,2018,0,0,0.04022132535834157
A04601,Highland Health Association,Wisconsin,2018,0,0,0.11608051085932541
A04605,Silverstone Physician Network Care Network,New Jersey,2018,0,0,0.18711690929161875
A04610,Northstar Health Care Network,Missouri,2018,0,0,0.06826283314010083
A04613,Lakeside Medical Partners Care Network,Ohio,2018,0,0,0.10154019613447197
A04617,Silverstone Health Network,Washington,2018,0,0,0.020524091501757723
A04619,Redwood Physician Network Association,North Carolina,2018,0,0,0.18306584822568367
A04621,Clearview Health Alliance,Pennsylvania,2018,0,0,0.2497848185295299
A04624,WellSpring Medical Group Health System,Missouri,2018,0,0,0.1012383401513492
A04625,Blue Ridge Community Care Health System,Colorado,2018,0,0,0.014260867402887754
A04637,Cedar Health Partners Partners,Arizona,2018,0,0,0.26262494472934644
A04642,Highland Health Partners Care Network,Michigan,2018,0,0,0.07535092541484881
A04646,Brookside Health Partners Alliance,New Jersey,2018,0,0,0.45006596746336636
A04668,Pioneer Clinical Partners Health System,Maryland,2018,0,0,0.21967506725100971
A04674,WellSpring Physician Network Network,New Jersey,2018,0,0,0.09560571595684288
A04683,Pinnacle Physicians Group,Indiana,2018,0,0,0.08919759398197359
A04684,Pioneer Health Network Alliance,Pennsylvania,2018,1,1,0.6063190292869354
A04688,Grandview Healthcare Alliance,Illinois,2018,0,0,0.1161288241877657
A04689,Clearview Health Partners Care Network,Wisconsin,2018,0,0,0.2876158113601536
A04698,Northstar Physician Network Medical Center,Virginia,2018,0,0,0.08612846616000912
A04704,Oakridge Health Alliance Collaborative,Washington,2018,0,0,0.3124777101571084
A04717,Canyon Health Partners Group,Washington,2018,0,0,0.03573059792232702
A04737,Eastgate Health Partners Care Network,Missouri,2018,0,0,0.24543062949302732
A04738,WellSpring Medical Partners Partners,Washington,2018,0,0,0.0789705430536818
A04744,Unity Wellness Association,Wisconsin,2018,0,0,0.060617337323872596
A04751,Meadow Wellness Medical Center,Arizona,2018,0,0,0.3309730603076382
A04752,Fairview Medical Partners Group,Massachusetts,2018,0,0,0.15646623935211382
A04759,Maplewood Medical Group Partners,Connecticut,2018,0,0,0.15346906576124322
A04762,WellSpring Health Network Health System,Arizona,2018,0,0,0.08604937188257246
A04782,Heritage Care Partners Medical Center,Ohio,2018,0,0,0.06856936087367248
A04785,Westfield Health Health System,Wisconsin,2018,0,0,0.14126276078461056
A04797,Blue Ridge Health Partners Physician Alliance,North Carolina,2018,1,0,0.2427457132988805
A04799,Cedar Health Alliance,New Jersey,2018,0,0,0.06255287036796309
A04806,Maplewood Care Partners Collaborative,Texas,2018,0,0,0.08612314501241869
A04807,Redwood Health Partners Medical Center,Florida,2018,0,0,0.06349202608350556
A04813,Meadow Provider Alliance Medical Center,Michigan,2018,0,0,0.04215298389581756
A04814,Metro Health Alliance Partners,Georgia,2018,0,0,0.06462622475560634
A04817,Evergreen Health Association,Michigan,2018,0,0,0.15743244463831155
A04826,Redwood Health Alliance Care Network,Indiana,2018,0,0,0.2211114574856979
A04828,Mountain View Care Partners Collaborative,Illinois,2018,0,0,0.220058894151476
A04829,Highland Care Alliance Medical Center,Pennsylvania,2018,0,0,0.3171422846772087
A04832,Lakeside Medical Alliance,Wisconsin,2018,0,0,0.2789707687352849
A04836,Stonebridge Care Network Medical Center,Massachusetts,2018,0,0,0.03827049492584651
A04839,Fairview Health Network Association,Wisconsin,2018,0,0,0.21669027838719346
A04851,Pioneer Health Network Care Network,Texas,2018,0,0,0.018927309675734715
A04853,Eastgate Health Collaborative Medical Center,Minnesota,2018,0,0,0.10886685783048457
A04857,WellSpring Medical Group Group,Ohio,2018,0,0,0.07499383270412509
A04864,Riverside Care Alliance Association,Michigan,2018,0,0,0.04694749113656073
A04867,Summit Care Association,Virginia,2018,0,0,0.16389382241968126
A04870,Valley Physician Network Network,Florida,2018,0,0,0.17067942395495464
A04871,Clearview Medical Partners Association,Minnesota,2018,0,0,0.01927882251958056
A04876,Brookside Care Network Group,California,2018,0,0,0.029824559477322835
A04879,Northstar Provider Alliance Network,Illinois,2018,0,0,0.04493945432904395
A04889,Meadow Care Partners Alliance,Connecticut,2018,0,0,0.05923090299126276
A04899,Springfield Provider Alliance Alliance,Minnesota,2018,0,0,0.18379119051920745
A04912,Stonebridge Health Health System,Indiana,2018,0,0,0.07442602494285254
A04914,Golden Valley Community Care Collaborative,New York,2018,0,0,0.07619678484967049
A04929,Meadow Wellness Care Network,Ohio,2018,1,1,0.7786311069296843
A04942,Northstar Health Collaborative Physician Alliance,Maryland,2018,0,0,0.04443206298249705
A04943,Riverside Health Group,Indiana,2018,0,0,0.03686166935488361
A04952,Pinnacle Care Alliance Group,Michigan,2018,0,0,0.05392486080352133
A04955,Lakeside Health Alliance Care Network,Maryland,2018,0,0,0.1547098057924317
A04957,Gateway Health Partners Medical Center,Ohio,2018,0,0,0.04995156947497392
A04962,Stonebridge Community Care Physician Alliance,Indiana,2018,0,0,0.10685036742355299
A04973,Clearview Community Care Association,Minnesota,2018,0,0,0.045284593023865505
A04979,Evergreen Care Network Collaborative,Virginia,2018,0,0,0.4550234875238865
A04987,Oakridge Medical Partners Group,Connecticut,2018,0,0,0.35498871914159147
A04990,Oakridge Integrated Health Network,Wisconsin,2018,0,0,0.13344514300526175
A05006,Mountain View Community Care Alliance,Pennsylvania,2018,0,0,0.02168989576466205
A05010,Grandview Health Network Partners,Pennsylvania,2018,0,0,0.07296053280532544
A05012,Canyon Care Network Care Network,Virginia,2018,0,0,0.016356809520533876
A05013,Stonebridge Integrated Health Health System,Alabama,2018,0,0,0.0660287244563544
A05014,Clearview Health Collaborative Physician Alliance,Georgia,2018,0,0,0.15446600073199168
A05015,Eastgate Community Care Network,Indiana,2018,0,0,0.030505650788919092
A05019,Parkview Care Partners Partners,Missouri,2018,0,0,0.03653987270424234
A05023,Riverside Care Medical Center,Washington,2018,0,0,0.3211685264566198
A05028,Cedar Medical Care Network,Michigan,2018,0,0,0.04321942099621828
A05030,Riverbend Care Alliance Care Network,Maryland,2018,0,0,0.1533796735700339
A05038,Metro Medical Physician Alliance,Minnesota,2018,0,0,0.47408374208416876
A05043,Grandview Wellness Care Network,Missouri,2018,0,0,0.16482304117803395
A05056,Pioneer Care Network Medical Center,Texas,2018,0,0,0.21561220195645223
A05057,Oakridge Community Care Physician Alliance,Florida,2018,0,0,0.13109802305607668
A05058,Cedar Wellness Care Network,Arizona,2018,0,0,0.05856848364126566
A05063,Pioneer Community Care Care Network,Maryland,2018,0,0,0.06935287894022625
A05068,Golden Valley Physician Network Group,Michigan,2018,0,0,0.02332836701160257
A05074,Stonebridge Care Partners Association,Colorado,2018,0,1,0.5695286257180595
A05080,Eastgate Care Network Collaborative,Minnesota,2018,1,0,0.26164379071420535
A05084,Beacon Community Care Association,Oregon,2018,1,0,0.43570020753477096
A05088,Cedar Medical Physician Alliance,Wisconsin,2018,0,0,0.018239541853931472
A05104,Summit Health Group,Indiana,2018,1,1,0.7791093240077945
A05109,Heritage Care Partners Association,Missouri,2018,0,0,0.059198489489895624
A05121,Fairview Medical Group Medical Center,Michigan,2018,1,0,0.420470713654688
A05122,Mountain View Health Partners Care Network,Tennessee,2018,0,0,0.13144580194574634
A05132,Springfield Health Alliance Collaborative,Indiana,2018,0,0,0.12440668048579802
A05134,Beacon Health Alliance Collaborative,Tennessee,2018,0,0,0.24272413966719975
A05139,WellSpring Medical Care Network,Pennsylvania,2018,0,0,0.2049088542328318
A05147,Highland Provider Alliance Physician Alliance,Massachusetts,2018,0,0,0.13609263741291353
A05153,Heritage Integrated Health Partners,Georgia,2018,0,0,0.11489135029848242
A05155,Mountain View Healthcare Collaborative,Massachusetts,2018,0,0,0.36145504416635954
A05156,Maplewood Health Partners Partners,Pennsylvania,2018,0,0,0.07864532298327676
A05163,Meadow Community Care Physician Alliance,Arizona,2018,0,0,0.17111964063889015
A05164,Westfield Community Care Partners,Missouri,2018,1,1,0.6299783685850486
A05174,Gateway Wellness Physician Alliance,Oregon,2018,0,0,0.10990740027439004
A05177,Redwood Physicians Group,Oregon,2018,0,0,0.10055490481346709
A05181,Maplewood Health Alliance Medical Center,Florida,2018,0,0,0.3188480340453073
A05184,Maplewood Health Partners Collaborative,Texas,2018,0,0,0.1647227906635736
A05189,Westfield Community Care Network,Arizona,2018,1,1,0.6350620314963906
A05190,Canyon Care Health System,Michigan,2018,0,0,0.022525358805535505
A05198,Crestview Health Partners Health System,Minnesota,2018,0,0,0.08599778691459246
A05214,Northstar Wellness Association,Michigan,2018,0,0,0.17657085979313927
A05216,Grandview Physicians Care Network,Pennsylvania,2018,0,0,0.02291423640358846
A05235,Mountain View Medical Partners Collaborative,Missouri,2018,1,1,0.5846729969102623
A05241,Metro Community Care Group,Florida,2018,0,0,0.11285778103483
A05243,Riverbend Medical Partners,Indiana,2018,1,0,0.24880775514333411
A05244,Oakridge Care Group,Connecticut,2018,0,0,0.40032403905246683
A05248,Cedar Care Medical Center,Washington,2018,0,0,0.11399203361505916
A05266,Clearview Wellness Collaborative,Massachusetts,2018,0,0,0.10542100715123622
A05281,Horizon Medical Group Health System,Maryland,2018,0,0,0.1889228271476167
A05286,Green Valley Medical Group Network,Indiana,2018,0,0,0.25020570557814237
A05288,Heritage Care Network Association,Virginia,2018,1,1,0.7978670794948161
A05289,Riverbend Wellness Care Network,Texas,2018,0,0,0.1761361492470839
A05297,Evergreen Health Collaborative Health System,Connecticut,2018,1,0,0.2516601026823033
A05299,Mountain View Healthcare Health System,Texas,2018,0,0,0.21569484099092726
A05301,Eastgate Medical Group Network,Alabama,2018,0,0,0.3601305715645961
A05312,Riverbend Physicians Health System,Missouri,2018,0,0,0.21919579432904912
A05313,Riverbend Clinical Partners Physician Alliance,Massachusetts,2018,0,0,0.11569414470589505
A05320,Community Provider Alliance Health System,Missouri,2018,0,0,0.01652416849328444
A05334,Community Care Care Network,North Carolina,2018,0,0,0.08701596811553168
A05347,Blue Ridge Care Network Partners,Minnesota,2018,1,1,0.6278178959113291
A05369,Riverbend Physician Network Physician Alliance,Tennessee,2018,1,0,0.24302402995321945
A05370,Parkview Health Physician Alliance,Maryland,2018,0,0,0.19032222179522
A05371,Pioneer Clinical Partners Network,Missouri,2018,0,0,0.15584528591551502
A05374,Valley Health Partners Care Network,Indiana,2018,0,0,0.19293580704518973
A05377,Springfield Care Alliance,Georgia,2018,0,0,0.11541773028079261
A05379,Pioneer Care Alliance Medical Center,Connecticut,2018,0,0,0.05776004888215362
A05383,Canyon Community Care Collaborative,Ohio,2018,1,0,0.1333760541282398
A05384,Mountain View Community Care Physician Alliance,Illinois,2018,0,0,0.054021639502662255
A05385,Westfield Healthcare Care Network,Indiana,2018,1,1,0.6679238045133458
A05386,Green Valley Integrated Health Collaborative,Florida,2018,0,0,0.03226202575040167
A05389,Highland Physician Network Network,Connecticut,2018,0,0,0.09251447866860812
A05413,Silverstone Care Network Alliance,Tennessee,2018,0,0,0.03662124358689132
A05426,Redwood Care Alliance Partners,Alabama,2018,0,0,0.06676601987141845
A05434,Clearview Health Partners Medical Center,Indiana,2018,0,0,0.052683478504577955
A05436,Maplewood Physician Network Care Network,New Jersey,2018,0,0,0.19188875529603208
A05439,Golden Valley Medical Group Association,Michigan,2018,0,0,0.09944665813806944
A05443,Heritage Community Care Network,North Carolina,2018,0,0,0.45147446855959655
A05453,Springfield Health Alliance Alliance,Indiana,2018,0,0,0.0451950039083066
A05454,Eastgate Clinical Partners Medical Center,Pennsylvania,2018,0,0,0.05030932602016554
A05455,Clearview Integrated Health Alliance,Colorado,2018,0,0,0.03912070360334661
A05456,Westfield Healthcare Health System,Arizona,2018,0,0,0.053804572647645
A05458,Pioneer Wellness Group,Ohio,2018,0,0,0.09304151274732268
A05461,Riverside Health Alliance Group,Tennessee,2018,0,0,0.08935311559231929
A05462,Maplewood Medical Group,Minnesota,2018,0,0,0.06756683273365381
A05492,Green Valley Community Care Physician Alliance,Maryland,2018,0,0,0.008364692153274912
A05498,Heartland Physician Network Health System,Connecticut,2018,0,0,0.06486458376889213
A05499,Pinnacle Clinical Partners Care Network,Tennessee,2018,0,0,0.09763364284392674
A05500,Grandview Healthcare Medical Center,Colorado,2018,0,0,0.21948224135180797
A05513,Clearview Health Partners Group,Washington,2018,0,0,0.26802734962173935
A05522,Community Care Alliance Alliance,Minnesota,2018,0,0,0.11075041630722389
A05525,Westfield Health Partners Physician Alliance,Missouri,2018,0,0,0.18885252311298664
A05527,Canyon Health Alliance Physician Alliance,North Carolina,2018,0,0,0.1762072592285598
A05536,Pinnacle Health Partners Association,Virginia,2018,0,0,0.2820327146375564
A05538,Meadow Health Network Care Network,Maryland,2018,0,0,0.016946345017554307
A05540,Clearview Care Network Care Network,Colorado,2018,1,1,0.6376961750609719
A05547,Metro Health Alliance Collaborative,California,2018,0,0,0.0347777048579399
A05549,Meadow Community Care Association,Minnesota,2018,0,0,0.2581224436943974
A05550,Meadow Integrated Health Network,Missouri,2018,0,0,0.05831143721940519
A05558,Heartland Care Health System,Oregon,2018,0,0,0.09640455121826705
A05559,Unity Care Partners Group,Virginia,2018,0,0,0.014381688136151049
A05562,Riverside Health Partners Collaborative,Oregon,2018,0,0,0.027684400427348703
A05564,Redwood Integrated Health Health System,Tennessee,2018,0,0,0.01874137348329442
A05570,Golden Valley Care Alliance Physician Alliance,Tennessee,2018,0,0,0.11289121944654021
A05576,Grandview Physicians Association,California,2018,0,0,0.22067242683756821
A05578,Community Physicians Health System,Connecticut,2018,0,0,0.09325803675624492
A05582,Meadow Health Collaborative Medical Center,California,2018,0,0,0.09399195637056444
A05592,Golden Valley Healthcare Health System,Illinois,2018,0,0,0.13713928154727723
A05599,Lakeside Medical Partners Group,Colorado,2018,0,0,0.30804221376166685
A05605,Riverside Care Alliance Care Network,Michigan,2018,0,0,0.037117067050228825
A05606,Gateway Medical Association,California,2018,0,0,0.044223396486269294
A05610,Blue Ridge Medical Group,Tennessee,2018,0,0,0.05850152545511692
A05612,Riverside Medical Partners Physician Alliance,Georgia,2018,0,0,0.06198000426411375
A05613,Highland Medical Group Network,Minnesota,2018,0,0,0.09885031764190559
A05619,Oakridge Physicians Alliance,Georgia,2018,0,0,0.09053459435069751
A05620,Riverbend Community Care Group,New York,2018,0,1,0.5312271075868997
A05621,Green Valley Health Network Medical Center,Illinois,2018,0,0,0.08879541810653585
A05625,Cedar Medical Partners Medical Center,Washington,2018,0,0,0.02742415085306914
A05638,Unity Medical Partners Network,Wisconsin,2018,0,0,0.1756499147113046
A05641,Eastgate Health Care Network,Florida,2018,0,0,0.17371255000196736
A05642,Community Health Collaborative Collaborative,California,2018,0,0,0.13181856034736358
A05646,Heritage Health Network Care Network,New Jersey,2018,0,0,0.27989231318311714
A05647,Mountain View Health Network Association,Illinois,2018,1,0,0.2525525963798046
A05650,Pioneer Medical Alliance,Colorado,2018,0,0,0.20578625394961814
A05651,Redwood Provider Alliance Group,Colorado,2018,0,0,0.08028109774256922
A05659,WellSpring Health Partners Medical Center,Indiana,2018,0,0,0.3686472881109353
A05661,Lakeside Health Medical Center,Minnesota,2018,1,0,0.14688489379611633
A05662,Brookside Physician Network Physician Alliance,Missouri,2018,0,0,0.007874817030923605
A05669,Northstar Physician Network Care Network,Massachusetts,2018,0,0,0.0056784418858033614
A05677,Pinnacle Medical Alliance,New Jersey,2018,0,0,0.13000755822019244
A05683,Evergreen Integrated Health Care Network,Alabama,2018,0,0,0.09246292374763032
A05703,Northstar Care Alliance Health System,Illinois,2018,0,0,0.08122323235002676
A05714,Parkview Physician Network Health System,Indiana,2018,0,0,0.22415238545971758
A05715,Heritage Healthcare Physician Alliance,Tennessee,2018,0,0,0.2638290183236738
A05731,Springfield Medical Partners Care Network,Virginia,2018,0,0,0.05869805893947123
A05732,Metro Provider Alliance Care Network,New York,2018,0,0,0.2536370648471246
A05738,Pioneer Healthcare Alliance,Michigan,2018,0,0,0.050343812150406425
A05739,Blue Ridge Medical Group Group,Maryland,2018,0,0,0.15918687479960075
A05741,Parkview Medical Partners Alliance,Michigan,2018,1,0,0.1997353834061952
A05742,Riverbend Health Care Network,Virginia,2018,0,0,0.1029969966138884
A05759,Oakridge Health Network Alliance,Tennessee,2018,0,0,0.050763555176200716
A05765,Valley Physician Network Alliance,Georgia,2018,0,0,0.05893610111011234
A05769,Green Valley Medical Group Physician Alliance,Georgia,2018,0,0,0.022708372979928924
A05770,WellSpring Health Alliance Collaborative,Florida,2018,0,0,0.1870484151570705
A05772,Horizon Physician Network Physician Alliance,Massachusetts,2018,0,0,0.2886438272796559
A05775,Evergreen Health Alliance Alliance,Washington,2018,0,0,0.11721193522383197
A05778,Community Health Physician Alliance,Alabama,2018,0,0,0.04363012588608348
A05784,Beacon Health Alliance Care Network,New York,2018,0,0,0.10637951192659316
A05795,Golden Valley Health Collaborative Partners,Massachusetts,2018,1,0,0.14086019876231592
A05797,Valley Care Alliance Collaborative,Connecticut,2018,0,0,0.05534918417838542
A05800,Stonebridge Care Alliance Health System,California,2018,0,0,0.2185190936958443
A05812,Gateway Community Care Medical Center,Washington,2018,0,0,0.04751484302261944
A05820,Lakeside Care Alliance Group,Maryland,2018,0,0,0.0930013971291096
A05823,Pinnacle Medical Partners Partners,Texas,2018,0,0,0.10683123828578171
A05829,Unity Care Partners Network,Texas,2018,0,0,0.063603978382232
A05831,Parkview Health Network Partners,Illinois,2018,0,0,0.17246271725151416
A05835,Lakeside Health Network Physician Alliance,Indiana,2018,0,0,0.3596551449925105
A05841,Summit Clinical Partners Health System,Minnesota,2018,0,0,0.2485444676031509
A05844,Fairview Health Partners Association,Texas,2018,0,0,0.16875287419675442
A05851,Summit Provider Alliance Health System,New Jersey,2018,0,0,0.2299278490502493
A05856,Green Valley Health Partners Group,Wisconsin,2018,0,0,0.2567781490635028
A05865,Canyon Community Care Partners,Indiana,2018,0,0,0.016074659971293995
A05867,Mountain View Healthcare Partners,Tennessee,2018,0,0,0.08235329993334385
A05886,Golden Valley Wellness Group,Illinois,2018,0,0,0.1548182350694195
A05887,Oakridge Healthcare Alliance,Georgia,2018,0,0,0.034699424449353374
A05890,Springfield Care Partners Partners,Connecticut,2018,0,0,0.17313866635438835
A05891,Stonebridge Physician Network Health System,Wisconsin,2018,1,0,0.09666071372467502
A05896,Pinnacle Health Network Group,North Carolina,2018,1,1,0.9648244682566243
A05909,Grandview Physician Network Group,North Carolina,2018,0,0,0.03225034991801064
A05911,Beacon Clinical Partners Care Network,Maryland,2018,0,0,0.028631409940452802
A05924,Riverside Care Network Physician Alliance,Connecticut,2018,0,0,0.05212622475818774
A05925,Riverbend Health Alliance Health System,North Carolina,2018,0,1,0.6738384947902969
A05930,Springfield Clinical Partners Health System,Minnesota,2018,0,0,0.17543260802824517
A05932,Westfield Care Alliance Partners,Minnesota,2018,0,0,0.11514804278591423
A05934,Heritage Wellness Care Network,New York,2018,0,0,0.18432548379540634
A05936,Beacon Care Network Health System,Arizona,2018,0,0,0.061974122136804845
A05947,Horizon Care Partners Care Network,Minnesota,2018,0,0,0.11077651640137624
A05950,Maplewood Care Alliance Alliance,Pennsylvania,2018,1,1,0.8392146023819245
A05953,Springfield Healthcare Alliance,New York,2018,0,0,0.1232763234201526
A05954,Crestview Care Alliance Collaborative,Indiana,2018,0,0,0.12638459469417496
A05959,Evergreen Health Alliance,Maryland,2018,0,0,0.25262855021490355
A05962,Golden Valley Medical Partners Alliance,Massachusetts,2018,0,0,0.3103219376804447
A05966,Horizon Wellness Health System,Maryland,2018,0,0,0.30939445351207384
A05972,Fairview Provider Alliance Group,Maryland,2018,0,0,0.22915618685492511
A05974,Canyon Physician Network Group,Maryland,2018,0,0,0.06319704469916596
A05982,Pioneer Physicians Alliance,Texas,2018,0,0,0.027528584128608057
A05985,Blue Ridge Care Collaborative,New York,2018,0,0,0.16978367213022078
A05993,Community Care Alliance Network,Indiana,2018,0,0,0.22211060601476137
A05995,Northstar Medical Group Group,Arizona,2018,0,0,0.09335903136922034
A05997,Lakeside Health Alliance Alliance,New Jersey,2018,0,0,0.06394521999885366
A05998,Gateway Health Partners Collaborative,New Jersey,2018,0,0,0.06115000874973967
A05999,Riverbend Physician Network Alliance,Massachusetts,2018,0,0,0.29143989418469823
A06002,Parkview Health Network Collaborative,Georgia,2018,0,0,0.06741678667276602
A06007,Stonebridge Integrated Health Collaborative,California,2018,0,0,0.18212360089605567
A06012,Northstar Health Collaborative Care Network,Maryland,2018,0,0,0.3135735413267251
A06017,Maplewood Medical Network,Georgia,2018,0,0,0.2666816770393371
A06023,Crestview Physicians Partners,Missouri,2018,0,0,0.051217794218216685
A06027,Clearview Care Health System,Pennsylvania,2018,0,0,0.13638163151689764
A06045,Pioneer Medical Group Collaborative,Massachusetts,2018,0,0,0.024339151689957025
A06052,Oakridge Health Health System,Tennessee,2018,0,0,0.08946961894722083
A06054,Springfield Medical Alliance,Ohio,2018,0,0,0.1766678374546575
A06056,Clearview Health Collaborative Partners,California,2018,0,0,0.1036699172627376
A06057,Meadow Physicians Network,Texas,2018,0,0,0.1577427897887689
A06062,Pinnacle Care Partners Physician Alliance,Minnesota,2018,0,0,0.025777887500789368
A06076,Gateway Care Partners Collaborative,California,2018,0,0,0.21961324533514492
A06081,Parkview Health Alliance Alliance,Alabama,2018,0,0,0.11484977007287206
A06087,Metro Health Network,Colorado,2018,0,0,0.0561244192131357
A06102,Evergreen Medical Group Association,Connecticut,2018,0,0,0.10302111813540187
A06107,Heartland Health Partners Partners,Maryland,2018,0,0,0.049851929800485896
A06109,Evergreen Care Partners Care Network,Alabama,2018,1,1,0.5024293361848813
A06110,Crestview Care Partners Health System,Florida,2018,0,0,0.34885356727384964
A06123,Summit Physicians Care Network,North Carolina,2018,0,0,0.18324709903711142
A06124,Northstar Care Alliance Association,Missouri,2018,0,0,0.3217527156422895
A06129,Parkview Care Medical Center,Illinois,2018,0,0,0.1133759116284153
A06133,Riverside Care Group,Maryland,2018,0,0,0.10208108585940666
A06136,Maplewood Clinical Partners Collaborative,Michigan,2018,1,1,0.6445276384587436
A06143,Fairview Health Collaborative Collaborative,California,2018,0,0,0.12429254274101682
A06157,Blue Ridge Wellness Partners,New York,2018,0,0,0.05753457257102994
A06158,Evergreen Clinical Partners Physician Alliance,Ohio,2018,0,0,0.12521141949254397
A06160,Mountain View Health Collaborative Alliance,Georgia,2018,0,0,0.4121400058154305
A06167,Unity Health Group,Arizona,2018,0,0,0.193005346882108
A06175,Highland Health Collaborative Collaborative,Pennsylvania,2018,0,0,0.0961956024220489
A06190,Parkview Medical Collaborative,Florida,2018,1,1,0.7138761046784748
A06191,Fairview Clinical Partners Care Network,North Carolina,2018,0,0,0.09452139569690277
A06193,Stonebridge Community Care Association,Minnesota,2018,0,0,0.12054414061866264
A06194,Clearview Healthcare Network,Arizona,2018,0,0,0.22509892551054514
A06200,Summit Care Care Network,Tennessee,2018,0,0,0.1752629658139686
A06202,Blue Ridge Medical Group Association,Arizona,2018,0,0,0.09142299521647777
A06203,WellSpring Clinical Partners Care Network,Michigan,2018,0,0,0.20761359755398107
A06216,Maplewood Care Partners Partners,Georgia,2018,0,0,0.04176060669977561
A06220,Crestview Health Network Partners,Illinois,2018,0,0,0.0572343448688058
A06222,Brookside Care Alliance Partners,Michigan,2018,0,0,0.04378337504470287
A06238,Grandview Health Collaborative Care Network,Tennessee,2018,1,1,0.7292086433240529
A06239,Evergreen Physicians Network,Michigan,2018,0,0,0.2803479995886091
A06261,Parkview Provider Alliance Alliance,Washington,2018,0,0,0.21707689399829516
A06273,Maplewood Medical Medical Center,Ohio,2018,0,0,0.19621002146341457
A06276,Silverstone Community Care Care Network,Texas,2018,1,0,0.1199301943403613
A06282,WellSpring Medical Partners Care Network,Tennessee,2018,0,0,0.19278661971035557
A06284,Brookside Health Network Association,Missouri,2018,1,0,0.3633273261887482
A06290,Highland Health Collaborative Partners,Massachusetts,2018,0,0,0.08056488584546603
A06291,Pinnacle Physicians Network,Illinois,2018,0,0,0.045119228832366784
A06296,Meadow Health Alliance Alliance,New Jersey,2018,0,0,0.08784363644385648
A06297,Golden Valley Provider Alliance Group,Tennessee,2018,1,1,0.7979762258924059
A06305,Summit Medical Group Physician Alliance,Virginia,2018,1,0,0.14470360221452716
A06306,Blue Ridge Care Network Health System,Oregon,2018,0,0,0.03184512770407613
A06316,Canyon Health Alliance Alliance,Missouri,2018,0,0,0.1087808387238909
A06317,Evergreen Integrated Health Network,California,2018,1,0,0.3220423010326142
A06321,Silverstone Care Alliance Health System,North Carolina,2018,0,0,0.10649271194675465
A06322,Westfield Health Partners Medical Center,Colorado,2018,0,0,0.2078145920807371
A06326,Silverstone Physicians Association,Virginia,2018,0,0,0.1333193224884651
A06346,Mountain View Physicians Physician Alliance,New Jersey,2018,0,0,0.18567536649907457
A06347,Valley Provider Alliance Care Network,Michigan,2018,1,0,0.12260446128173148
A06350,Mountain View Healthcare Physician Alliance,California,2018,0,0,0.05607950245028251
A06351,Beacon Health Alliance Physician Alliance,Florida,2018,0,0,0.2510283286198502
A06356,Pioneer Integrated Health Group,Oregon,2018,0,0,0.027045771060620904
A06360,Northstar Physician Network Collaborative,New Jersey,2018,0,0,0.06937277524364421
A06367,Mountain View Health Partners Group,Washington,2018,0,0,0.08998851020781747
A06370,Brookside Healthcare Partners,Indiana,2018,0,0,0.074658413607602
A06378,Stonebridge Health Physician Alliance,Missouri,2018,1,0,0.2425383572169006
A06379,Oakridge Wellness Network,Texas,2018,0,0,0.08250653687468903
A06381,Silverstone Community Care Physician Alliance,New York,2018,0,0,0.07694936306980178
A06393,WellSpring Health Network Care Network,Indiana,2018,0,0,0.052170731553562
A06400,Beacon Integrated Health Group,Oregon,2018,0,0,0.04322868292167805
A06408,Pioneer Care Network Care Network,Wisconsin,2018,1,0,0.10833454143616135
A06411,Riverside Integrated Health Network,Oregon,2018,0,0,0.140718174863672
A06413,Pinnacle Medical Partners Network,Minnesota,2018,0,0,0.16224576760686593
A06415,Highland Health Collaborative Care Network,Texas,2018,0,0,0.01815530914868103
A06425,Brookside Care Alliance Group,Indiana,2018,1,0,0.2871614921761122
A06427,Pinnacle Health Partners Alliance,Ohio,2018,0,0,0.2017699194694254
A06428,Redwood Provider Alliance Care Network,Ohio,2018,0,0,0.04762337840147721
A06432,Beacon Healthcare Physician Alliance,Massachusetts,2018,0,0,0.49566867248248836
A06441,Westfield Health Alliance Health System,Maryland,2018,1,1,0.6463071535326044
A06442,Maplewood Provider Alliance Network,Alabama,2018,0,0,0.14312524381803107
A06446,Green Valley Care Collaborative,Tennessee,2018,0,0,0.13885865116006835
A06449,Highland Health Alliance Network,Missouri,2018,0,0,0.13945190495163856
A06451,Gateway Healthcare Medical Center,Florida,2018,0,0,0.03547747491878691
A06452,Summit Physicians Collaborative,Washington,2018,0,0,0.2672950440347053
A06455,Brookside Wellness Partners,New York,2018,0,0,0.009346245789053244
A06477,Stonebridge Health Partners Health System,Virginia,2018,0,0,0.2167135308292989
A06482,Riverside Health Network Care Network,Tennessee,2018,1,1,0.8362019493674245
A06490,Cedar Provider Alliance Health System,New York,2018,0,0,0.02258859306845821
A06495,WellSpring Health Partners Group,Tennessee,2018,1,0,0.3853820397835527
A06501,Redwood Wellness Medical Center,Ohio,2018,0,0,0.06603976470989835
A06514,Parkview Healthcare Physician Alliance,Washington,2018,0,0,0.08185675516146841
A06516,Summit Medical Partners Association,Indiana,2018,0,0,0.2303023684881654
A06524,Heartland Physician Network Collaborative,North Carolina,2018,0,0,0.1493118337399112
A06553,Mountain View Care Partners Medical Center,Connecticut,2018,0,0,0.05849659359183934
A06558,Canyon Integrated Health Collaborative,New York,2018,0,0,0.07710590640474226
A06567,Brookside Wellness Care Network,Florida,2018,0,0,0.0898657100810171
A06571,Parkview Health Partners Medical Center,Alabama,2018,0,0,0.13642524895544836
A06577,Heritage Health Partners,Michigan,2018,0,0,0.013763746945895557
A06579,Highland Physician Network Group,North Carolina,2018,1,1,0.8015174113084167
A06580,Clearview Care Alliance Network,Illinois,2018,0,0,0.2628870541372883
A06582,Valley Physician Network Group,New Jersey,2018,1,0,0.24206607602397426
A06595,Blue Ridge Care Partners Collaborative,Tennessee,2018,0,0,0.1347956678520295
A06599,Cedar Physicians Health System,Pennsylvania,2018,0,0,0.06473507910784097
A06600,Brookside Medical Medical Center,Florida,2018,0,0,0.04299389701640924
A06602,Valley Wellness Collaborative,New York,2018,0,0,0.0919973407823319
A06607,Unity Health Network Association,California,2018,0,0,0.03986411905582274
A06610,Westfield Clinical Partners Care Network,Alabama,2018,1,0,0.1240218147808778
A06616,Riverside Health Physician Alliance,Connecticut,2018,0,0,0.12846647163566113
A06619,Gateway Care Medical Center,Georgia,2018,0,0,0.13193727009608
A06621,Springfield Health Network Group,California,2018,0,0,0.18671980007222025
A06622,Eastgate Care Group,New York,2018,0,0,0.11768397079607111
A06624,Evergreen Health Network Partners,Wisconsin,2018,0,0,0.12344836822776367
A06627,Fairview Clinical Partners Collaborative,Ohio,2018,0,0,0.2176585976788533
A06639,Westfield Provider Alliance Physician Alliance,Washington,2018,0,0,0.16941820202263438
A06647,Gateway Medical Health System,Alabama,2018,0,0,0.06553762432929756
A06649,Green Valley Health Collaborative Physician Alliance,Georgia,2018,0,0,0.05028147012702605
A06650,Golden Valley Care Partners Association,Florida,2018,0,0,0.03377763318139089
A06651,Eastgate Health Network Collaborative,New York,2018,1,1,0.8630954260501713
A06658,Canyon Care Association,Tennessee,2018,0,0,0.2323625735737234
A06662,WellSpring Care Network Group,Michigan,2018,0,0,0.11796671224415073
A06664,Meadow Medical Group Partners,California,2018,0,0,0.0671317752523071
A06669,Heritage Health Network Collaborative,North Carolina,2018,0,0,0.03135048590819591
A06675,Mountain View Medical Group Health System,Tennessee,2018,0,0,0.44245681776874934
A06680,Oakridge Medical Group Health System,Indiana,2018,0,0,0.19784475784172453
A06682,Metro Physicians Association,Virginia,2018,0,0,0.03868447741420792
A06683,Pinnacle Medical Collaborative,Wisconsin,2018,0,0,0.0716722284204532
A06684,Evergreen Care Network Alliance,Texas,2018,0,0,0.01590248195937961
A06692,Grandview Care Network Network,Missouri,2018,0,0,0.27709473631251497
A06696,Grandview Physicians Partners,Minnesota,2018,1,1,0.9281837361460877
A06698,Highland Care Network Group,Arizona,2018,0,0,0.08212467056683816
A06706,Community Healthcare Collaborative,Missouri,2018,0,0,0.33869064522293046
A06708,Horizon Health Collaborative Association,Colorado,2018,0,0,0.08403041045551378
A06711,Redwood Care Network Partners,Oregon,2018,1,0,0.20520699308760906
A06713,Valley Wellness Health System,Illinois,2018,0,0,0.15742700308647306
A06725,Highland Medical Medical Center,Oregon,2018,0,0,0.0646492681416872
A06727,Green Valley Integrated Health Partners,Pennsylvania,2018,0,0,0.08841634788765544
A06731,Golden Valley Medical Association,Connecticut,2018,1,1,0.7742167897071129
A06745,Oakridge Medical Medical Center,Minnesota,2018,0,0,0.1926850786909201
A06746,Clearview Wellness Care Network,Illinois,2018,0,0,0.15739929737201933
A06749,Unity Health Collaborative Care Network,Massachusetts,2018,0,0,0.0990766840625038
A06751,Canyon Medical Group Network,Virginia,2018,0,0,0.19841264858522925
A06761,Highland Medical Health System,New Jersey,2018,0,0,0.2715481445132432
A06765,Meadow Clinical Partners Medical Center,Florida,2018,0,0,0.04926568998736177
A06768,Silverstone Care Network Association,Minnesota,2018,0,0,0.1257331702605205
A06769,Pinnacle Medical Physician Alliance,North Carolina,2018,1,1,0.5590377380865721
A06771,Brookside Wellness Physician Alliance,Ohio,2018,0,0,0.12802181858542577
A06773,Blue Ridge Health Collaborative Partners,Florida,2018,1,0,0.40138530818441104
A06778,Gateway Care Network,Florida,2018,0,0,0.1572351705631807
A06782,Golden Valley Care Partners Medical Center,Maryland,2018,0,0,0.07577320322742007
A06785,Evergreen Physicians Collaborative,Maryland,2018,0,0,0.20142791576432958
A06787,Horizon Care Network,Alabama,2018,0,0,0.06434236192058801
A06792,Blue Ridge Health Collaborative Association,Alabama,2018,0,0,0.06553192388348467
A06795,Silverstone Health Collaborative Group,Missouri,2018,0,0,0.089803263847955
A06796,Cedar Community Care Care Network,Maryland,2018,0,0,0.2850113774326924
A06798,Crestview Health Collaborative Network,Indiana,2018,1,1,0.5482494774500863
A06799,Silverstone Medical Group Partners,Connecticut,2018,0,0,0.18882760315542105
A06802,Horizon Medical Care Network,Georgia,2018,0,0,0.2571897913038903
A06803,Canyon Medical Partners,Wisconsin,2018,0,0,0.18830964011126286
A06808,Metro Health Network Alliance,California,2018,0,0,0.03902598975770216
A06810,Stonebridge Physician Network Association,California,2018,0,0,0.09637947587805881
A06812,Eastgate Health Health System,Michigan,2018,0,0,0.0627371663262941
A06813,Riverbend Physician Network Care Network,New Jersey,2018,1,1,0.6221567493976036
A06815,Mountain View Health Partners,Arizona,2018,0,0,0.06378155389311674
A06818,Maplewood Health Alliance Physician Alliance,New Jersey,2018,0,0,0.05129379712107229
A06819,Pinnacle Health Collaborative Network,Texas,2018,0,0,0.017891965373226897
A06822,Canyon Provider Alliance Physician Alliance,Massachusetts,2018,0,0,0.1748595201357875
A06823,Evergreen Provider Alliance Collaborative,Michigan,2018,0,0,0.13370714710893733
A06826,Evergreen Health Network Collaborative,Connecticut,2018,0,0,0.1762072592285598
A06834,Cedar Health Care Network,Illinois,2018,1,0,0.268022335788621
A06841,Heartland Clinical Partners Health System,Virginia,2018,0,0,0.18019831101071368
A06843,Brookside Care Group,Wisconsin,2018,0,0,0.014607149822661132
A06844,Blue Ridge Clinical Partners Group,Illinois,2018,0,0,0.24138846897789418
A06847,Riverside Health Partners Physician Alliance,Washington,2018,0,0,0.13476510354007615
A06853,Stonebridge Medical Partners Alliance,Wisconsin,2018,0,0,0.023585854420794763
A06856,Westfield Medical Group Alliance,Tennessee,2018,0,0,0.20956084031341085
A06864,Fairview Care Network Care Network,Michigan,2018,0,0,0.10661062354083072
A06872,Green Valley Medical Partners Collaborative,Missouri,2018,0,0,0.15117828619087004
A06877,WellSpring Health Collaborative Network,Tennessee,2018,0,0,0.1593599515931934
A06878,Redwood Wellness Association,New Jersey,2018,0,0,0.04724120155652118
A06883,Westfield Integrated Health Health System,Virginia,2018,0,1,0.5141785437709838
A06884,Cedar Health Collaborative Network,Illinois,2018,0,0,0.14070087329759598
A06889,Horizon Community Care Alliance,Washington,2018,0,0,0.11698127692189207
A06896,Valley Medical Group Partners,Ohio,2018,0,0,0.14748157247009727
A06898,Maplewood Physicians Alliance,Colorado,2018,0,0,0.14123094110136167
A06900,Westfield Care Partners Association,Alabama,2018,0,0,0.15406293179015565
A06905,Pioneer Health Partners Alliance,Washington,2018,0,0,0.06571253005084145
A06911,Highland Healthcare Physician Alliance,Indiana,2018,0,0,0.14021659837307762
A06913,Clearview Health Network Physician Alliance,Missouri,2018,0,0,0.055132812254603154
A06918,Mountain View Care Network Group,New Jersey,2018,1,0,0.365022601342138
A06928,Summit Physicians Association,Pennsylvania,2018,0,0,0.0935092934520764
A06930,Community Medical Group Medical Center,Illinois,2018,0,0,0.12467655854831489
A06931,Brookside Clinical Partners Network,Tennessee,2018,0,0,0.2386539907998239
A06933,Valley Health Partners Medical Center,Virginia,2018,0,0,0.09630189487673892
A06942,Maplewood Care Medical Center,Indiana,2018,0,0,0.029767505395018365
A06948,Unity Physician Network Alliance,Colorado,2018,0,0,0.06733614441029898
A06952,Lakeside Health Alliance Medical Center,Wisconsin,2018,0,0,0.1828297236983464
A06965,Clearview Medical Partners Physician Alliance,Colorado,2018,0,0,0.27374249683637447
A06968,Westfield Health Alliance Partners,Washington,2018,0,0,0.16576563171522662
A06975,Oakridge Health Collaborative Alliance,Arizona,2018,0,0,0.2194932659298065
A06981,Beacon Care Partners,Michigan,2018,1,0,0.3563996899221895
A06982,Green Valley Healthcare Alliance,Georgia,2018,1,1,0.5977208220033489
A06987,Evergreen Health Collaborative,Pennsylvania,2018,0,0,0.1265967461088406
A06988,Silverstone Wellness Partners,Ohio,2018,0,0,0.19158768649901983
A06989,Mountain View Provider Alliance Care Network,North Carolina,2018,0,0,0.01575895595612488
A06991,Community Health Collaborative Alliance,Indiana,2018,0,0,0.14227227213250548
A06996,Golden Valley Care Network Collaborative,Maryland,2018,0,0,0.11538118280311957
A07003,Maplewood Wellness Alliance,Michigan,2018,0,0,0.18705821319470783
A07006,WellSpring Wellness Alliance,Virginia,2018,0,0,0.049768726079764826
A07008,Mountain View Wellness Care Network,Florida,2018,0,0,0.24081587780188496
A07012,Mountain View Care Alliance Alliance,North Carolina,2018,1,1,0.6746047132894529
A07015,Brookside Physician Network Partners,New York,2018,0,0,0.3986260739973407
A07026,Clearview Wellness Alliance,Indiana,2018,1,0,0.16285895857292065
A07033,Pioneer Care Network Physician Alliance,Ohio,2018,0,0,0.04448557265653375
A07035,Riverbend Health Medical Center,Texas,2018,0,0,0.14810868372763458
A07037,Blue Ridge Physicians Alliance,Pennsylvania,2018,0,0,0.037522421638545474
A07042,Unity Physician Network Association,New York,2018,0,0,0.1593599515931934
A07045,Parkview Wellness Alliance,Alabama,2018,0,0,0.08875573295874543
A07051,Valley Clinical Partners Physician Alliance,Ohio,2018,1,0,0.19743169254199575
A07053,Summit Care Alliance Group,Michigan,2018,0,0,0.09195908308574757
A07058,Highland Medical Group Partners,Michigan,2018,0,0,0.3107143012486121
A07064,Stonebridge Health Collaborative Care Network,New York,2018,0,0,0.06536337287764898
A07067,WellSpring Health Network,Oregon,2018,1,1,0.9919192954428633
A07068,WellSpring Physicians Collaborative,Virginia,2018,0,0,0.08085403822945483
A07075,Silverstone Medical Group Group,Massachusetts,2018,0,0,0.08821959446297127
A07081,Westfield Care Network Alliance,Alabama,2018,0,0,0.03163948402524929
A07088,Parkview Care Network Health System,Massachusetts,2018,0,0,0.09542398215844809
A07094,Stonebridge Medical Medical Center,Ohio,2018,0,0,0.13703875907986393
A07098,WellSpring Care Partners Group,Wisconsin,2018,0,0,0.020607117160546546
A07100,Meadow Health Health System,Virginia,2018,1,1,0.6360743618030703
A07104,Beacon Medical Group Care Network,Michigan,2018,0,0,0.04644410431337402
A07105,Canyon Health Partners Collaborative,Arizona,2018,0,0,0.03610493862465787
A07116,Heritage Wellness Association,California,2018,0,0,0.1726394638759437
A07118,Silverstone Medical Group Association,New Jersey,2018,0,0,0.04469432776998979
A07121,Heritage Medical Medical Center,New Jersey,2018,0,0,0.07595805317154572
A07126,Stonebridge Care Association,Minnesota,2018,0,0,0.2405175009345311
A07127,Metro Medical Partners Association,Florida,2018,0,0,0.1454948612899719
A07147,Redwood Wellness Alliance,Michigan,2018,0,0,0.0714332381207232
A07158,Golden Valley Medical Group Health System,Florida,2018,0,0,0.12273381834053192
A07166,Riverbend Health Collaborative Collaborative,Michigan,2018,0,0,0.049032304731921786
A07173,Pioneer Medical Group Partners,Minnesota,2018,1,1,0.5320712749805923
A07174,Riverside Community Care Alliance,Georgia,2018,1,0,0.2055158209638627
A07176,Green Valley Care Physician Alliance,Minnesota,2018,0,0,0.3182177205923602
A07185,Blue Ridge Medical Partners Association,Illinois,2018,0,0,0.1388058434450609
A07190,Stonebridge Physicians Collaborative,Texas,2018,0,0,0.02629323796678074
A07193,Fairview Clinical Partners Network,Wisconsin,2018,0,0,0.18705918570740424
A07197,Lakeside Medical Association,Connecticut,2018,0,0,0.0346593854332599
A07199,Summit Physicians Medical Center,Washington,2018,0,0,0.03715590329786716
A07204,WellSpring Physicians Association,Massachusetts,2018,1,1,0.9075952547048626
A07206,Clearview Care Physician Alliance,Florida,2018,0,0,0.04274467784564349
A07209,Silverstone Health Partners Care Network,New Jersey,2018,1,0,0.39987493839942156
A07216,Cedar Health Alliance Group,North Carolina,2018,0,0,0.3706796276241986
A07223,Summit Care Partners Collaborative,Maryland,2018,1,0,0.06230546035455212
A07225,Parkview Medical Partners Health System,Texas,2018,1,1,0.8735779966097148
A07227,Eastgate Wellness Alliance,Alabama,2018,0,0,0.019823692930222323
A07231,Community Health Network Care Network,New Jersey,2018,0,0,0.15684784725489193
A07237,Riverside Care Partners Partners,Texas,2018,1,1,0.8498639525640101
A07242,Lakeside Integrated Health Partners,Oregon,2018,0,0,0.03860264261935613
A07254,Beacon Medical Group,Washington,2018,0,0,0.07937538203841292
A07256,Evergreen Healthcare Health System,Virginia,2018,0,0,0.045319092104337065
A07262,Northstar Healthcare Group,Pennsylvania,2018,0,0,0.07467359537105275
A07269,Northstar Medical Medical Center,California,2018,0,0,0.05928212345402074
A07270,Westfield Physician Network Partners,Tennessee,2018,1,1,0.8548547179207695
A07278,Fairview Medical Partners,Oregon,2018,0,0,0.15218741844407685
A07281,Riverside Care Association,Georgia,2018,0,0,0.19565729906905566
A07286,Oakridge Care Alliance Alliance,Minnesota,2018,0,0,0.13533735738036556
A07293,Green Valley Care Association,Florida,2018,0,0,0.03721304138192953
A07298,Lakeside Physician Network Collaborative,Pennsylvania,2018,0,0,0.03621432183955514
A07300,Pinnacle Healthcare Collaborative,New Jersey,2018,0,0,0.12680871861227103
A07313,Maplewood Community Care Collaborative,Colorado,2018,0,0,0.13874686177453555
A07319,Community Care Alliance Medical Center,Massachusetts,2018,0,0,0.02424430976645771
A07324,Springfield Healthcare Physician Alliance,Washington,2018,0,0,0.11733336668856113
A07332,Northstar Care Partners,Texas,2018,0,0,0.142233560690047
A07333,Clearview Health Network Network,Massachusetts,2018,0,0,0.06148360388190254
A07336,Riverside Wellness Physician Alliance,New Jersey,2018,0,0,0.1114852776217999
A07348,Springfield Physicians Collaborative,California,2018,0,0,0.08299914080570306
A07357,Oakridge Medical Partners Association,Missouri,2018,1,0,0.1507435868021417
A07358,Golden Valley Wellness Health System,Illinois,2018,0,0,0.23540155287515924
A07360,Unity Health Care Network,Pennsylvania,2018,0,0,0.08220436450186674
A07367,Clearview Health Network Group,North Carolina,2018,0,0,0.08804966013211547
A07369,Evergreen Health Collaborative Collaborative,Washington,2018,1,1,0.7011103043800463
A07385,Unity Medical Alliance,Michigan,2018,0,0,0.05388741225389464
A07411,Oakridge Care Network Collaborative,Illinois,2018,0,0,0.05575728390679365
A07416,Clearview Integrated Health Group,Indiana,2018,0,0,0.09231509037166602
A07426,Unity Integrated Health Care Network,Oregon,2018,0,0,0.07957502404095491
A07427,Blue Ridge Integrated Health Network,Texas,2018,0,0,0.092896309284004
A07437,Redwood Medical Group Physician Alliance,Oregon,2018,0,0,0.1198707528940652
A07440,Unity Medical Group Network,Michigan,2018,0,0,0.22148127843541715
A07441,Beacon Care Alliance Partners,New York,2018,0,0,0.23043669033295433
A07456,Redwood Medical Partners Partners,Arizona,2018,1,0,0.20730861016611224
A07457,Evergreen Health Collaborative Alliance,Tennessee,2018,0,0,0.2014990936624359
A07459,Unity Health Collaborative Partners,Connecticut,2018,0,0,0.24730048190052328
A07461,Pinnacle Provider Alliance Network,Georgia,2018,1,0,0.06404797812199013
A07468,Heritage Wellness Physician Alliance,Massachusetts,2018,0,0,0.10281145603611554
A07474,Lakeside Health Network,Ohio,2018,0,0,0.13125786056153976
A07480,Valley Wellness Medical Center,Indiana,2018,0,0,0.18607199420706932
A07486,Clearview Community Care Medical Center,Michigan,2018,0,0,0.0970922490297445
A07489,Crestview Health Alliance Health System,Illinois,2018,0,0,0.043069926505520766
A07496,Blue Ridge Medical Partners Medical Center,Arizona,2018,0,0,0.011049604935725897
A07500,Unity Wellness Collaborative,Tennessee,2018,0,0,0.08740208741215337
A00005,Mountain View Care Alliance Collaborative,Ohio,2019,0,0,0.36115299979386456
A00007,Metro Health Alliance Medical Center,Missouri,2019,0,0,0.056643083737238385
A00012,Unity Provider Alliance Association,Florida,2019,0,0,0.29650868941859426
A00013,Beacon Health Collaborative Health System,Michigan,2019,0,0,0.08009645052647263
A00021,Northstar Integrated Health Partners,Wisconsin,2019,1,0,0.12003625308666105
A00022,Riverside Care Alliance Health System,Maryland,2019,0,0,0.15739929737201933
A00025,Northstar Healthcare Alliance,Oregon,2019,0,0,0.1603669906307859
A00026,Pinnacle Wellness Group,New York,2019,0,0,0.24654374127038228
A00037,WellSpring Care Network Network,Maryland,2019,1,1,0.6797439324770496
A00042,Brookside Integrated Health Partners,New York,2019,1,1,0.5870368083853095
A00044,Mountain View Clinical Partners Group,Massachusetts,2019,0,0,0.07876941172373814
A00051,Parkview Care Group,Colorado,2019,0,0,0.04283708457173148
A00052,Pinnacle Wellness Association,Florida,2019,0,0,0.26163427675399875
A00056,Silverstone Physicians Network,New Jersey,2019,1,1,0.8305155124789317
A00061,Brookside Physicians Physician Alliance,New York,2019,0,0,0.1360950042751561
A00064,Metro Clinical Partners Physician Alliance,Michigan,2019,0,0,0.08684920338045626
A00089,Brookside Care Network Alliance,New York,2019,0,0,0.25722525942348784
A00090,Lakeside Medical Group Health System,Tennessee,2019,0,0,0.061643817115371355
A00094,Metro Care Care Network,Massachusetts,2019,0,0,0.051862768659037196
A00098,Stonebridge Care Collaborative,Arizona,2019,0,0,0.1755823860272866
A00110,Evergreen Health Collaborative Physician Alliance,Texas,2019,0,0,0.2067890018366783
A00112,Pinnacle Wellness Network,North Carolina,2019,0,0,0.21961324533514492
A00130,Cedar Community Care Group,Missouri,2019,0,0,0.07073586351370588
A00132,WellSpring Health Network Medical Center,Minnesota,2019,0,0,0.21203855880119657
A00144,Evergreen Care Health System,Connecticut,2019,0,0,0.3649203447006146
A00153,Springfield Care Medical Center,Michigan,2019,0,0,0.21028660740783423
A00156,Blue Ridge Health Partners,Connecticut,2019,0,0,0.4530925191244789
A00177,Parkview Integrated Health Network,Indiana,2019,0,0,0.17438823087310354
A00179,Heartland Health Partners Group,Connecticut,2019,0,0,0.03302592256868767
A00180,Highland Physician Network Care Network,New York,2019,0,0,0.12959843471309412
A00189,Mountain View Health Collaborative Partners,Texas,2019,0,0,0.0687827337628293
A00192,Mountain View Integrated Health Association,New York,2019,0,0,0.0427503284735816
A00198,Northstar Integrated Health Network,Arizona,2019,0,0,0.32037944445322053
A00201,Metro Physician Network Partners,Tennessee,2019,0,0,0.18518405524256354
A00206,Parkview Health Partners Partners,Missouri,2019,0,0,0.41293320251164173
A00207,Gateway Health Partners Network,Washington,2019,0,0,0.05688173330553047
A00217,Valley Healthcare Alliance,New Jersey,2019,0,0,0.3790272636778175
A00223,Golden Valley Clinical Partners Association,Wisconsin,2019,0,0,0.19811812338441237
A00243,Evergreen Medical Medical Center,Connecticut,2019,0,0,0.12727380068441874
A00255,Pioneer Physician Network Collaborative,Washington,2019,0,0,0.10164109104496552
A00261,Community Physicians Collaborative,New Jersey,2019,0,0,0.30958583130407324
A00262,Pinnacle Wellness Physician Alliance,Massachusetts,2019,1,0,0.06378492120596334
A00263,Mountain View Clinical Partners Collaborative,New Jersey,2019,0,0,0.21969549868211216
A00268,Grandview Health Alliance,Indiana,2019,0,0,0.08956685055285192
A00269,Metro Health Partners Health System,Virginia,2019,0,0,0.10225976441063078
A00272,Gateway Health Alliance Medical Center,Pennsylvania,2019,0,0,0.191238908389963
A00274,Crestview Health Network Association,North Carolina,2019,0,0,0.09909714785815815
A00275,WellSpring Medical Group Alliance,Ohio,2019,0,0,0.18043181528018393
A00279,Heritage Physicians Medical Center,Oregon,2019,0,0,0.14375756686432253
A00283,Golden Valley Care Partners,Oregon,2019,0,0,0.296613536365851
A00287,Community Health Network,Wisconsin,2019,0,0,0.10294211017820563
A00292,Stonebridge Care Partners,Michigan,2019,1,0,0.3202153109486342
A00301,Gateway Medical Group Alliance,Missouri,2019,0,0,0.2003593725693724
A00307,Beacon Care Group,California,2019,0,0,0.044282847363778154
A00308,Eastgate Care Partners Care Network,Illinois,2019,0,0,0.038107706148201845
A00313,Valley Physician Network Physician Alliance,New Jersey,2019,0,0,0.08476226958567841
A00319,Riverside Health Partners Partners,Missouri,2019,0,0,0.032245933618890714
A00324,Evergreen Provider Alliance Group,Alabama,2019,0,0,0.14015450819256967
A00327,Golden Valley Wellness Physician Alliance,Wisconsin,2019,0,0,0.17832089825700373
A00329,Parkview Health Collaborative,Illinois,2019,0,0,0.09531655335030255
A00345,Pioneer Care Partners Partners,Indiana,2019,0,0,0.026395088060588892
A00354,Pinnacle Medical Health System,Washington,2019,0,0,0.36090453013447543
A00356,Lakeside Health Network Health System,Pennsylvania,2019,0,0,0.0847675604542769
A00362,Silverstone Provider Alliance Network,Massachusetts,2019,0,0,0.23338383092673445
A00364,Fairview Community Care Physician Alliance,Ohio,2019,0,0,0.1978367550496573
A00365,Heritage Clinical Partners Association,Washington,2019,0,0,0.2035846840752952
A00366,Parkview Healthcare Care Network,Tennessee,2019,1,1,0.5604932121022372
A00383,Canyon Community Care Alliance,Georgia,2019,0,0,0.08013720828649332
A00387,Pinnacle Health Collaborative Physician Alliance,Virginia,2019,0,0,0.0898657100810171
A00388,Unity Health Partners Collaborative,Florida,2019,0,0,0.012384005852329922
A00389,Riverbend Medical Network,Alabama,2019,0,0,0.03621152279120332
A00390,Green Valley Care Partners,Florida,2019,0,0,0.09129598674740524
A00392,Green Valley Medical Network,Massachusetts,2019,1,1,0.8172544921778896
A00394,Pinnacle Health Alliance Health System,Minnesota,2019,0,0,0.08939642503577225
A00397,Eastgate Community Care Health System,Texas,2019,0,0,0.2112024921272656
A00398,Meadow Provider Alliance Group,Texas,2019,0,0,0.20289646852841056
A00400,Highland Community Care Health System,New York,2019,0,0,0.06208009913124904
A00414,Parkview Care Alliance Alliance,North Carolina,2019,0,0,0.1375737684667189
A00422,WellSpring Integrated Health Network,Alabama,2019,0,0,0.13521376702794616
A00423,Cedar Health Group,New York,2019,1,1,0.6201130712213869
A00441,Gateway Medical Partners Collaborative,Wisconsin,2019,0,0,0.2579728406311812
A00443,Metro Care Medical Center,Oregon,2019,0,0,0.2663150345554795
A00453,Highland Integrated Health Health System,Connecticut,2019,0,0,0.16053944767525682
A00454,Cedar Medical Collaborative,Colorado,2019,0,0,0.29698254764097337
A00458,Lakeside Care Collaborative,California,2019,0,0,0.06416049858993138
A00466,Green Valley Health Network Alliance,Illinois,2019,0,0,0.08092183961219689
A00469,Pinnacle Health Collaborative Group,Connecticut,2019,0,0,0.059275373530985435
A00477,Grandview Physician Network Alliance,Alabama,2019,0,0,0.1936667699393291
A00480,Oakridge Health Collaborative Partners,Texas,2019,1,0,0.13618608352194791
A00481,Brookside Medical Partners Health System,Washington,2019,0,0,0.06915292580297487
A00490,Westfield Medical Health System,Colorado,2019,0,0,0.06341720450341931
A00492,Lakeside Wellness Health System,Minnesota,2019,0,0,0.25355278425998995
A00497,Green Valley Medical Care Network,Washington,2019,0,0,0.047703300127412335
A00504,Brookside Health Collaborative Physician Alliance,North Carolina,2019,0,0,0.09861810616476775
A00510,Redwood Clinical Partners Collaborative,Maryland,2019,0,0,0.05257443636246378
A00512,Heartland Health Network Physician Alliance,California,2019,0,0,0.04206716093651657
A00514,Canyon Medical Group Medical Center,Florida,2019,0,0,0.10462463665024416
A00515,Redwood Integrated Health Medical Center,New York,2019,0,0,0.06651422640301487
A00517,Redwood Care Partners Physician Alliance,Texas,2019,0,0,0.03573933912400156
A00519,Riverside Health Collaborative Partners,Washington,2019,0,0,0.20662286458690396
A00529,Highland Health Group,Wisconsin,2019,0,0,0.16146331565805128
A00532,Meadow Medical Partners Collaborative,Michigan,2019,0,0,0.06170394084779726
A00538,Eastgate Physician Network Association,Ohio,2019,0,0,0.18347748609561165
A00539,Brookside Medical Network,Indiana,2019,0,0,0.11434101981137065
A00540,Valley Integrated Health Alliance,Indiana,2019,0,0,0.05439020581588161
A00542,Fairview Care Partners Group,Tennessee,2019,0,0,0.039603869382286244
A00566,Evergreen Medical Association,Colorado,2019,0,0,0.0687449478283523
A00571,Stonebridge Clinical Partners Health System,Alabama,2019,0,0,0.011213745412484719
A00574,Heritage Clinical Partners Group,Florida,2019,0,0,0.16197255720767584
A00589,Unity Provider Alliance Alliance,Colorado,2019,0,0,0.1337154989795655
A00596,Riverbend Integrated Health Medical Center,Michigan,2019,0,0,0.3686810125926382
A00597,Pinnacle Health Partners Physician Alliance,Illinois,2019,0,0,0.12546579825372
A00598,Eastgate Health Alliance,Missouri,2019,0,0,0.2163562057698151
A00600,Cedar Physician Network Care Network,Massachusetts,2019,0,0,0.4042959586587839
A00607,Heartland Medical Partners Medical Center,Alabama,2019,0,0,0.10085935999909046
A00608,Horizon Health Alliance Association,Massachusetts,2019,0,0,0.05743864169345459
A00609,Valley Care Care Network,New York,2019,0,0,0.07958029841219191
A00621,Meadow Physicians Medical Center,Colorado,2019,1,0,0.2703868329016121
A00623,WellSpring Health Network Partners,Colorado,2019,0,0,0.2749209504602061
A00626,Clearview Care Partners Medical Center,Washington,2019,0,0,0.03884021628834158
A00637,Canyon Community Care Medical Center,Massachusetts,2019,0,0,0.09267203674603847
A00638,Grandview Physicians Network,Texas,2019,0,0,0.16660193487140107
A00643,Community Wellness Care Network,Maryland,2019,0,0,0.2795370501839661
A00653,Eastgate Care Alliance Health System,Oregon,2019,0,0,0.17375651300648992
A00664,Evergreen Provider Alliance Health System,California,2019,0,0,0.11002835918301113
A00675,WellSpring Physician Network Association,Illinois,2019,0,0,0.04167610540236089
A00678,Eastgate Care Partners,Pennsylvania,2019,0,0,0.0500456337022317
A00684,Highland Physician Network Medical Center,Maryland,2019,0,0,0.11825260961897775
A00690,Heartland Healthcare Care Network,North Carolina,2019,0,0,0.03531228025846673
A00693,Cedar Health Collaborative Partners,New York,2019,0,0,0.19202871795984724
A00695,Fairview Health Health System,Michigan,2019,0,0,0.0877613776075815
A00697,Redwood Clinical Partners Group,New York,2019,0,0,0.24042480252430387
A00702,Valley Integrated Health Collaborative,Minnesota,2019,0,0,0.12781142087215736
A00707,Stonebridge Health Collaborative Collaborative,Missouri,2019,0,0,0.03137094225389495
A00713,Summit Medical Partners Medical Center,Colorado,2019,0,0,0.209487864950145
A00714,Stonebridge Health Network Health System,Illinois,2019,0,0,0.04779980155233196
A00719,Beacon Health Partners Alliance,Tennessee,2019,0,0,0.13745792128157286
A00726,Westfield Health Medical Center,Arizona,2019,0,0,0.12038341926741464
A00730,Evergreen Health Partners,Pennsylvania,2019,0,0,0.027872843893667863
A00732,Heartland Health Alliance Collaborative,North Carolina,2019,0,0,0.2577348491934941
A00744,Highland Medical Partners Group,Connecticut,2019,0,0,0.10469707503359564
A00745,Heartland Health Collaborative,Arizona,2019,1,0,0.372176958873676
A00750,Riverbend Clinical Partners Medical Center,Florida,2019,0,0,0.42747711454208004
A00751,Fairview Clinical Partners Alliance,Alabama,2019,0,0,0.3769497857139907
A00754,Clearview Medical Association,Tennessee,2019,0,0,0.0739399986170163
A00756,Green Valley Care Network Medical Center,Indiana,2019,0,0,0.11685759661381065
A00757,Brookside Integrated Health Health System,Indiana,2019,0,0,0.11467493080929561
A00761,Mountain View Integrated Health Group,Missouri,2019,0,0,0.03885509726327246
A00767,Riverside Clinical Partners Medical Center,Georgia,2019,0,0,0.019017187482948558
A00768,Grandview Health Alliance Physician Alliance,Tennessee,2019,0,0,0.14178791669922436
A00769,Cedar Integrated Health Association,Minnesota,2019,0,0,0.08362975031598965
A00770,Golden Valley Medical Group Group,Florida,2019,0,0,0.2260055422773131
A00779,Heartland Community Care Health System,Missouri,2019,0,0,0.025303066755587137
A00782,Stonebridge Integrated Health Network,New Jersey,2019,0,0,0.07598047032982076
A00783,Grandview Health Partners Medical Center,North Carolina,2019,0,0,0.24763214093204314
A00785,Redwood Health Medical Center,Pennsylvania,2019,1,1,0.6779068096102167
A00788,Cedar Provider Alliance Partners,Tennessee,2019,0,0,0.127576568925219
A00789,Westfield Healthcare Alliance,Alabama,2019,1,0,0.21350293822103453
A00792,Northstar Physicians Alliance,Ohio,2019,0,0,0.03987673650411236
A00810,Beacon Health Collaborative Network,Minnesota,2019,0,0,0.1601082216635457
A00814,Pioneer Health Network Group,Alabama,2019,0,0,0.05347734748660329
A00818,Valley Care Partners Health System,Pennsylvania,2019,0,0,0.018091291837423883
A00823,Lakeside Community Care Care Network,Illinois,2019,0,0,0.09598803258152376
A00828,Riverside Health Partners Care Network,New York,2019,0,0,0.45045092122616226
A00832,Unity Clinical Partners Physician Alliance,Tennessee,2019,0,0,0.47001538430632955
A00833,Horizon Integrated Health Medical Center,Florida,2019,0,0,0.033126095606125984
A00841,Gateway Health Network Alliance,Virginia,2019,0,0,0.0566446730608044
A00848,Westfield Community Care Association,New York,2019,0,0,0.11144128779810661
A00850,Parkview Community Care Care Network,Illinois,2019,0,0,0.27605711184154574
A00853,Riverside Care Partners Alliance,Indiana,2019,0,0,0.055546739540219055
A00858,Canyon Health Network Association,Florida,2019,0,0,0.06843511468624525
A00859,Highland Care Network Association,Virginia,2019,0,0,0.1146669926284611
A00866,Clearview Care Medical Center,Minnesota,2019,1,0,0.38457986942588634
A00872,Unity Care Network Association,Illinois,2019,0,0,0.31106161687186396
A00876,Gateway Medical Group,Virginia,2019,0,0,0.08459909733316615
A00896,Blue Ridge Health Partners Network,Colorado,2019,1,0,0.26989643736963564
A00898,Fairview Health Network Alliance,North Carolina,2019,0,0,0.1163940295096996
A00899,Gateway Integrated Health Group,New Jersey,2019,1,1,0.7145829051994126
A00900,Valley Health Collaborative Alliance,Ohio,2019,0,0,0.08784363644385648
A00902,Heritage Health Partners Collaborative,Minnesota,2019,1,0,0.2589335311425701
A00904,Brookside Provider Alliance Care Network,New Jersey,2019,1,1,0.6685310678412775
A00911,Beacon Clinical Partners Network,Alabama,2019,0,0,0.20466217618361188
A00923,Valley Provider Alliance Health System,Michigan,2019,0,0,0.09565044444231484
A00929,Stonebridge Medical Group Collaborative,Illinois,2019,0,0,0.33921696584553984
A00937,Maplewood Health Collaborative Medical Center,North Carolina,2019,0,0,0.0342556156941623
A00940,Grandview Clinical Partners Physician Alliance,Michigan,2019,0,0,0.1053320561544187
A00944,Lakeside Medical Group Network,Missouri,2019,0,0,0.16850889411017542
A00954,Gateway Medical Group Collaborative,Washington,2019,0,0,0.019021620915300245
A00955,Metro Community Care Partners,California,2019,0,0,0.3036129824864357
A00958,Beacon Care Alliance Association,Maryland,2019,0,0,0.2515587353934397
A00967,Redwood Care Partners Group,Pennsylvania,2019,0,0,0.14282401947197892
A00970,Highland Clinical Partners Collaborative,Alabama,2019,1,0,0.07820632953131627
A00973,Westfield Care Network Care Network,Oregon,2019,0,0,0.18122730620767397
A00979,Maplewood Integrated Health Medical Center,Texas,2019,0,0,0.3328784474566131
A00983,Silverstone Integrated Health Network,Tennessee,2019,0,0,0.13744801935925474
A00992,Cedar Clinical Partners Medical Center,Missouri,2019,0,0,0.08827399548323606
A00994,Evergreen Physician Network Care Network,Alabama,2019,0,0,0.010879357989506434
A00995,Canyon Healthcare Health System,Massachusetts,2019,0,0,0.10211969860454533
A01004,Heritage Medical Partners Care Network,Connecticut,2019,0,0,0.14772379547253764
A01005,Heritage Health Alliance Alliance,Minnesota,2019,1,1,0.6033205037324152
A01006,Summit Community Care Physician Alliance,Georgia,2019,0,0,0.14434807118621967
A01009,Oakridge Health Collaborative Association,Ohio,2019,0,0,0.08863898050635179
A01012,Heritage Medical Partners Group,Washington,2019,0,0,0.021168860891507716
A01018,Eastgate Physician Network Network,Connecticut,2019,0,0,0.168899435116629
A01019,Riverside Community Care Network,Wisconsin,2019,1,1,0.7319940497052265
A01023,Fairview Health Alliance Network,Virginia,2019,1,1,0.7619579431152624
A01025,Cedar Health Partners Care Network,Wisconsin,2019,1,0,0.2760966060507275
A01028,Mountain View Health Partners Medical Center,Oregon,2019,1,1,0.8008994673844281
A01031,Canyon Physician Network Care Network,Illinois,2019,0,0,0.09012475219181709
A01032,Oakridge Care Alliance Network,North Carolina,2019,0,0,0.141791683028197
A01033,Oakridge Wellness Physician Alliance,Virginia,2019,1,0,0.24828260140146718
A01040,Heartland Health Collaborative Partners,Georgia,2019,1,1,0.7431327760351839
A01043,Horizon Healthcare Medical Center,New York,2019,0,0,0.323685772718493
A01044,Springfield Wellness Group,Georgia,2019,0,0,0.08363792905325015
A01046,Fairview Provider Alliance Care Network,New York,2019,0,0,0.17902447338368144
A01047,Horizon Care Network Partners,Georgia,2019,0,0,0.2492304768190947
A01050,Metro Provider Alliance Network,New York,2019,1,1,0.6410705671056433
A01051,Unity Care Network Medical Center,Virginia,2019,0,0,0.043270677615424157
A01056,Heritage Health Alliance,Illinois,2019,0,0,0.1928538965592285
A01065,Brookside Medical Health System,New Jersey,2019,0,0,0.20433517053790198
A01074,WellSpring Clinical Partners Collaborative,Georgia,2019,0,0,0.07605415761184403
A01079,Metro Physicians Care Network,Georgia,2019,0,0,0.18788755461657353
A01080,Lakeside Health Partners Partners,Florida,2019,0,0,0.06682186591364167
A01099,Blue Ridge Health Health System,Texas,2019,0,0,0.08417294241724477
A01101,Crestview Physician Network Physician Alliance,North Carolina,2019,0,0,0.061941018219056544
A01103,Fairview Care Partners Association,Florida,2019,0,0,0.1526796286127282
A01106,Unity Health Partners Alliance,Texas,2019,0,0,0.2164195322938121
A01107,Riverside Health Alliance Health System,Connecticut,2019,0,0,0.15298688866783366
A01116,Maplewood Integrated Health Care Network,Florida,2019,0,0,0.12415638902333939
A01118,Brookside Community Care Partners,Illinois,2019,0,0,0.14883758127738125
A01129,Stonebridge Health Alliance Care Network,Tennessee,2019,0,0,0.11863455216682112
A01131,Valley Medical Partners Alliance,Pennsylvania,2019,0,0,0.20064725787691415
A01132,Evergreen Community Care Health System,Ohio,2019,0,0,0.07215600962601512
A01133,Green Valley Community Care Group,Washington,2019,0,0,0.12299226636586384
A01152,Blue Ridge Physician Network Group,Washington,2019,0,0,0.04604492012870205
A01162,Grandview Care Partners Association,Virginia,2019,0,0,0.1368797527226896
A01168,Lakeside Care Partners Group,Pennsylvania,2019,0,0,0.019021620915300245
A01172,Heartland Health Association,Massachusetts,2019,0,0,0.04357591947030535
A01174,Golden Valley Physician Network Care Network,Illinois,2019,0,0,0.015022289693068252
A01175,Evergreen Health Alliance Association,Texas,2019,0,0,0.3617230443591415
A01186,Gateway Physician Network Partners,Oregon,2019,0,0,0.19057515124408902
A01190,Oakridge Clinical Partners Alliance,Massachusetts,2019,0,0,0.08527590268535504
A01196,Blue Ridge Provider Alliance Association,New York,2019,0,0,0.040368794469699806
A01201,Green Valley Health Partners Care Network,Indiana,2019,1,0,0.09414785252072826
A01211,Silverstone Physician Network Medical Center,California,2019,0,0,0.12718976855784334
A01213,Westfield Physician Network Physician Alliance,Ohio,2019,1,0,0.25991932561846
A01216,Crestview Physician Network Medical Center,Illinois,2019,1,1,0.9040896596733873
A01217,Silverstone Healthcare Collaborative,Pennsylvania,2019,0,0,0.1934031464095055
A01224,Northstar Physician Network Association,Florida,2019,0,0,0.08589070255522363
A01226,WellSpring Health Association,Pennsylvania,2019,0,0,0.08642522168489172
A01230,Metro Health Collaborative Alliance,Maryland,2019,0,0,0.1003616542002974
A01232,Horizon Community Care Care Network,Illinois,2019,0,0,0.07779765841844866
A01234,Unity Health Alliance Health System,Minnesota,2019,0,0,0.30787934626947755
A01240,Canyon Health Partners,North Carolina,2019,1,0,0.09083460020793664
A01252,Mountain View Clinical Partners Care Network,Pennsylvania,2019,0,0,0.1441740418854358
A01263,Fairview Health Collaborative Partners,Wisconsin,2019,1,1,0.7188886473093451
A01267,Redwood Provider Alliance Association,Georgia,2019,0,0,0.004303411445413955
A01268,Valley Medical Group Alliance,Minnesota,2019,0,0,0.053400466196066525
A01272,Metro Clinical Partners Alliance,Florida,2019,0,0,0.06450725974419745
A01289,Mountain View Community Care Medical Center,Alabama,2019,0,0,0.09479190010088427
A01294,Oakridge Health Alliance Physician Alliance,Illinois,2019,0,0,0.08515798759394658
A01298,Clearview Physicians Medical Center,Ohio,2019,0,0,0.06260915134874902
A01315,Meadow Health Partners Health System,Oregon,2019,0,0,0.02106104055780708
A01316,Parkview Health Partners Group,North Carolina,2019,0,0,0.14082225137260027
A01320,Metro Care Alliance,Michigan,2019,0,0,0.10085426631054166
A01327,Eastgate Physicians Care Network,Pennsylvania,2019,0,0,0.13629541005931742
A01329,Oakridge Health Partners Group,New York,2019,0,0,0.09813168423937249
A01332,Heartland Physicians Group,Virginia,2019,0,0,0.061877821239827435
A01335,Brookside Care Alliance Care Network,Colorado,2019,0,0,0.018695835848127663
A01336,Unity Health Network Care Network,Pennsylvania,2019,0,0,0.03927256571674925
A01338,Clearview Healthcare Physician Alliance,Georgia,2019,1,0,0.10978801300569438
A01348,Blue Ridge Medical Partners Collaborative,Texas,2019,0,0,0.23277515693755593
A01352,Eastgate Wellness Health System,North Carolina,2019,0,0,0.045293336222697995
A01360,Blue Ridge Physician Network Care Network,Connecticut,2019,0,0,0.13884981315468045
A01368,Grandview Provider Alliance Network,Ohio,2019,0,0,0.09651418863066759
A01389,Maplewood Community Care Medical Center,California,2019,0,0,0.11738215872826824
A01390,Meadow Medical Care Network,Connecticut,2019,0,0,0.16622414820299602
A01394,Heritage Wellness Alliance,Michigan,2019,0,0,0.07199091087780812
A01398,Canyon Integrated Health Medical Center,Massachusetts,2019,0,0,0.03713392003411466
A01400,Beacon Wellness Collaborative,New York,2019,0,0,0.43501134226515725
A01401,Unity Provider Alliance Health System,Texas,2019,0,0,0.027872843893667863
A01403,Valley Physicians Health System,Illinois,2019,0,0,0.14928515458537223
A01415,WellSpring Health Collaborative Collaborative,Connecticut,2019,0,0,0.19613615027755849
A01419,Eastgate Clinical Partners Physician Alliance,Michigan,2019,0,0,0.09928045185960359
A01431,Clearview Physician Network Network,Virginia,2019,1,1,0.6954386210874057
A01440,Stonebridge Integrated Health Physician Alliance,Ohio,2019,0,0,0.13271334784473068
A01458,Fairview Physicians Medical Center,New York,2019,0,0,0.0987289470584077
A01460,Community Medical Network,Illinois,2019,0,0,0.02059727784047756
A01462,Grandview Health Partners Network,Virginia,2019,0,0,0.11628931613939628
A01465,Green Valley Healthcare Care Network,Illinois,2019,1,0,0.10483463168735994
A01467,Northstar Health Collaborative Health System,Wisconsin,2019,0,0,0.06980856815299048
A01471,Northstar Integrated Health Alliance,Ohio,2019,0,0,0.22590597868783133
A01474,Parkview Care Alliance Group,Virginia,2019,0,0,0.08659696036924906
A01479,Beacon Medical Partners Association,New Jersey,2019,0,0,0.2836883674972436
A01483,Evergreen Care Network,New York,2019,0,0,0.05613077462331567
A01484,Parkview Care Network Medical Center,Wisconsin,2019,0,0,0.13932545978927574
A01485,Fairview Clinical Partners Association,California,2019,0,0,0.34996126906535835
A01487,Grandview Health Collaborative,Pennsylvania,2019,0,0,0.16315272307019557
A01488,Brookside Physician Network Care Network,Ohio,2019,1,1,0.5508253141021056
A01489,Riverside Wellness Partners,Florida,2019,0,0,0.08174375979036895
A01492,Gateway Health Collaborative Collaborative,California,2019,0,0,0.06624965297836842
A01504,Stonebridge Care Medical Center,Minnesota,2019,0,0,0.2552037768477649
A01505,Redwood Clinical Partners Physician Alliance,North Carolina,2019,0,0,0.07909251782524404
A01508,Grandview Care Alliance Association,Illinois,2019,0,0,0.19030841615181796
A01514,Riverbend Provider Alliance Health System,Florida,2019,0,0,0.25589267082118317
A01518,Blue Ridge Care Network Care Network,Oregon,2019,0,0,0.0404142287866259
A01522,Springfield Healthcare Group,Arizona,2019,0,0,0.025079590882648405
A01526,Gateway Physician Network Physician Alliance,Wisconsin,2019,1,1,0.7156905581630743
A01527,Crestview Medical Partners Network,Virginia,2019,0,0,0.12898150242753664
A01529,Valley Care Alliance Care Network,Alabama,2019,0,0,0.0053519929180828405
A01546,Blue Ridge Health Collaborative Care Network,Alabama,2019,0,0,0.08802811289726234
A01549,Metro Medical Collaborative,Virginia,2019,0,0,0.09535592514462421
A01550,Maplewood Wellness Partners,Michigan,2019,0,0,0.023895554718724298
A01552,Gateway Health Health System,California,2019,0,0,0.12568308084961013
A01559,Grandview Care Partners,Ohio,2019,0,0,0.06947814126861006
A01574,Fairview Medical Care Network,Michigan,2019,0,0,0.26448619967793674
A01576,Brookside Health Partners Network,Virginia,2019,0,0,0.23670061535162684
A01586,Oakridge Physicians Care Network,Maryland,2019,0,0,0.0898657100810171
A01588,Pinnacle Care Care Network,Minnesota,2019,0,0,0.28055199199208397
A01593,Community Care Network,Texas,2019,0,0,0.05846026546994257
A01596,Golden Valley Health Alliance Group,Texas,2019,0,0,0.3266259223949862
A01597,Stonebridge Medical Health System,Georgia,2019,0,0,0.05788377542845694
A01606,Community Health Alliance Care Network,Ohio,2019,0,0,0.24496759114224337
A01611,Meadow Health Partners Group,Massachusetts,2019,0,0,0.24068957784047587
A01629,Stonebridge Medical Group Care Network,Pennsylvania,2019,0,0,0.2188723193972132
A01634,Meadow Community Care Medical Center,Minnesota,2019,0,0,0.08111122364016769
A01637,Pinnacle Wellness Alliance,Washington,2019,1,1,0.8946726811571933
A01640,Beacon Medical Health System,Colorado,2019,0,0,0.14615526786489247
A01642,Brookside Physicians Medical Center,California,2019,0,0,0.04597206293155282
A01644,Gateway Medical Network,Massachusetts,2019,0,0,0.03239395709791127
A01649,Valley Care Partners Partners,North Carolina,2019,0,0,0.09560129753427651
A01660,Community Care Partners Collaborative,Pennsylvania,2019,0,0,0.1810766357436703
A01671,Clearview Medical Health System,Minnesota,2019,1,1,0.6851961888825963
A01673,Summit Medical Partners,Alabama,2019,0,0,0.056518185236384196
A01685,Riverbend Health Collaborative Partners,Wisconsin,2019,0,0,0.17250670344410857
A01688,Mountain View Healthcare Medical Center,New York,2019,0,0,0.054819739652331896
A01703,Oakridge Health Network Collaborative,Texas,2019,0,0,0.055467891137271456
A01709,Summit Physicians Physician Alliance,Washington,2019,0,0,0.04844797829232936
A01719,Springfield Integrated Health Network,Pennsylvania,2019,1,0,0.09487424124317903
A01720,Evergreen Medical Physician Alliance,New York,2019,0,0,0.08500799619934965
A01724,Pinnacle Physician Network Partners,Washington,2019,0,0,0.06717311756025707
A01728,Mountain View Medical Network,New Jersey,2019,0,0,0.13030914338016777
A01730,Pioneer Community Care Network,Florida,2019,0,0,0.062035112981818574
A01756,Blue Ridge Health Network Alliance,Oregon,2019,1,0,0.12134177078943065
A01764,WellSpring Integrated Health Health System,Florida,2019,0,0,0.09438702216089263
A01768,Lakeside Health Collaborative Partners,Ohio,2019,0,0,0.09952189371545274
A01779,Springfield Care Network Collaborative,Washington,2019,0,0,0.11458248957955698
A01790,Cedar Care Association,Indiana,2019,1,0,0.22142092572232755
A01792,Golden Valley Health Alliance Partners,Texas,2019,0,0,0.03196731251084888
A01793,Clearview Medical Physician Alliance,Alabama,2019,0,0,0.10373762272160393
A01803,Silverstone Wellness Group,Minnesota,2019,1,1,0.8646091195898623
A01807,Mountain View Wellness Network,Missouri,2019,0,0,0.2796216296749249
A01826,Heartland Health Care Network,Indiana,2019,0,0,0.07767118456083748
A01829,Mountain View Medical Group Group,Maryland,2019,1,1,0.7764525122090907
A01830,Valley Medical Partners,Colorado,2019,1,0,0.2239453210234559
A01842,Highland Care Partners Network,North Carolina,2019,0,0,0.052431302667703183
A01844,Horizon Provider Alliance Health System,Virginia,2019,0,0,0.10837168434533417
A01846,Northstar Care Partners Health System,Georgia,2019,1,1,0.5702591655191458
A01857,Valley Health Alliance Group,Massachusetts,2019,0,0,0.08397659000042046
A01863,Canyon Physicians Medical Center,North Carolina,2019,0,0,0.1147469940602674
A01879,Meadow Physicians Physician Alliance,Arizona,2019,0,0,0.03654554043280552
A01885,Heartland Health Partners Network,Maryland,2019,0,0,0.07469454416113437
A01891,Riverside Health Medical Center,North Carolina,2019,0,0,0.11931866650773383
A01896,Riverside Physician Network Care Network,Maryland,2019,0,0,0.3932105238015505
A01901,Fairview Medical Partners Partners,Connecticut,2019,0,0,0.09073004422574266
A01909,Brookside Care Partners Group,Texas,2019,0,0,0.08783490817341512
A01912,Cedar Health Alliance Partners,Connecticut,2019,0,0,0.10782732670441154
A01930,Golden Valley Medical Partners Collaborative,Indiana,2019,1,1,0.9786185205960493
A01931,Horizon Wellness Care Network,Arizona,2019,0,0,0.11225440138735403
A01942,Cedar Care Alliance Medical Center,Minnesota,2019,0,0,0.06961567402345573
A01953,Clearview Health Alliance Association,New Jersey,2019,0,0,0.14160116130714967
A01961,Lakeside Medical Health System,Florida,2019,0,0,0.10557413832746723
A01965,Mountain View Healthcare Alliance,Arizona,2019,0,0,0.1237832054747195
A01970,Springfield Provider Alliance Collaborative,Tennessee,2019,0,0,0.06182401997241459
A01979,Parkview Health Collaborative Alliance,Oregon,2019,0,0,0.05312824578517552
A01984,Silverstone Health Network Partners,Pennsylvania,2019,0,0,0.023827173724476805
A01987,Summit Care Health System,Connecticut,2019,0,0,0.24469340414258542
A01994,Meadow Care Partners Collaborative,Wisconsin,2019,0,0,0.13242107547809542
A01999,Lakeside Health Alliance Partners,New Jersey,2019,0,0,0.06310659235320806
A02000,Canyon Health Physician Alliance,Alabama,2019,0,0,0.061595680288024035
A02006,Northstar Community Care Health System,New York,2019,1,0,0.19048410612212258
A02011,WellSpring Provider Alliance Network,Pennsylvania,2019,0,0,0.1742414746619919
A02013,Stonebridge Integrated Health Group,Virginia,2019,0,0,0.1613261684595436
A02014,Silverstone Medical Partners Physician Alliance,Washington,2019,0,0,0.0933597924293958
A02020,Meadow Care Alliance Collaborative,Arizona,2019,0,0,0.10240905884187403
A02021,Heritage Health Alliance Medical Center,Illinois,2019,0,0,0.10448188811034126
A02029,Clearview Health Collaborative Alliance,Pennsylvania,2019,0,0,0.12309450552203423
A02030,Mountain View Health Collaborative Health System,Oregon,2019,0,0,0.06907481407464158
A02052,Blue Ridge Care Network Network,New York,2019,0,0,0.126172278743459
A02058,Evergreen Care Partners Association,Arizona,2019,0,0,0.04421738302761452
A02065,Redwood Care Care Network,Arizona,2019,0,0,0.17154842374283524
A02068,Evergreen Health Partners Collaborative,Arizona,2019,0,0,0.08625254978374236
A02071,Parkview Clinical Partners Medical Center,Washington,2019,0,0,0.2939333462722787
A02074,Pinnacle Physician Network Alliance,Missouri,2019,0,0,0.24554726810361072
A02076,Mountain View Medical Partners Health System,Illinois,2019,0,0,0.07347247848156999
A02082,Beacon Integrated Health Alliance,Florida,2019,0,0,0.16332825735241227
A02091,Pioneer Medical Partners Alliance,Texas,2019,0,0,0.07398357281722752
A02092,Riverside Physicians Health System,Washington,2019,0,0,0.022126322460934614
A02094,Eastgate Medical Medical Center,Virginia,2019,0,0,0.12768506395435456
A02095,Gateway Health Network Group,Pennsylvania,2019,0,0,0.2341788529440293
A02103,Clearview Clinical Partners Partners,Arizona,2019,0,0,0.08599577354088257
A02120,Meadow Integrated Health Care Network,Wisconsin,2019,0,0,0.14592818231593724
A02125,Summit Health Alliance Health System,Missouri,2019,0,0,0.00829903922645867
A02130,Westfield Health Partners Group,Texas,2019,1,0,0.09637518153817969
A02135,Clearview Care Partners,Indiana,2019,0,0,0.22857462904667503
A02136,Green Valley Community Care Alliance,Minnesota,2019,0,0,0.09012475219181709
A02139,Parkview Clinical Partners Alliance,Tennessee,2019,0,0,0.057905769431985554
A02159,Blue Ridge Medical Group Care Network,Connecticut,2019,0,0,0.3609446025539518
A02161,Silverstone Care Alliance Group,Pennsylvania,2019,0,0,0.17401484148603313
A02166,Mountain View Medical Partners Partners,Massachusetts,2019,0,0,0.020216260693599733
A02173,Eastgate Health Alliance Association,Georgia,2019,0,0,0.2891558846718445
A02174,Westfield Care Network Partners,Virginia,2019,0,0,0.11713302100985955
A02176,Parkview Medical Association,Washington,2019,0,0,0.2211114574856979
A02184,Parkview Community Care Group,North Carolina,2019,0,0,0.2741517740653535
A02185,Metro Care Network,Pennsylvania,2019,0,0,0.05672041258051375
A02188,Golden Valley Physician Network Association,Illinois,2019,0,0,0.24033933845578226
A02192,Mountain View Provider Alliance Collaborative,California,2019,0,0,0.04259903551776663
A02202,Beacon Medical Association,California,2019,1,0,0.1106966894990145
A02203,Heartland Physician Network Care Network,Maryland,2019,0,0,0.27304324016812725
A02204,Highland Healthcare Network,Texas,2019,0,0,0.11530715426764196
A02207,WellSpring Health Partners Alliance,Arizona,2019,0,0,0.47295692296201736
A02210,Unity Integrated Health Health System,Pennsylvania,2019,0,0,0.23300955060742595
A02214,WellSpring Community Care Physician Alliance,Connecticut,2019,0,0,0.08353074660271814
A02226,Pinnacle Care Network Collaborative,New Jersey,2019,0,0,0.20610542477681723
A02234,Parkview Medical Partners Group,Indiana,2019,0,0,0.19124283313262985
A02237,Beacon Community Care Group,California,2019,0,0,0.32353962332908204
A02238,Meadow Integrated Health Health System,Connecticut,2019,0,0,0.06145506078264818
A02242,Maplewood Health Medical Center,Arizona,2019,0,0,0.0748958464871744
A02246,Heartland Health Collaborative Physician Alliance,Alabama,2019,0,0,0.05608092640963992
A02247,Clearview Community Care Health System,New Jersey,2019,0,0,0.10162925600629472
A02248,Community Provider Alliance Network,Washington,2019,0,0,0.17183693975084646
A02251,Gateway Medical Partners Alliance,Ohio,2019,0,0,0.050589721314954164
A02256,Brookside Health Association,Virginia,2019,1,1,0.7153966294193208
A02261,Grandview Health Care Network,Tennessee,2019,0,0,0.05481797316336008
A02262,Brookside Health Network Medical Center,California,2019,0,0,0.09007743970046808
A02269,Golden Valley Physician Network Health System,Ohio,2019,0,0,0.12019002189858244
A02272,Stonebridge Health Partners Alliance,North Carolina,2019,0,0,0.06295600254049134
A02279,Heritage Health Collaborative Health System,Washington,2019,0,0,0.14591116790415726
A02280,Meadow Wellness Physician Alliance,Pennsylvania,2019,0,0,0.16482304117803395
A02283,Blue Ridge Physician Network Alliance,Massachusetts,2019,0,0,0.05105691064881071
A02286,Crestview Care Partners Network,Wisconsin,2019,1,0,0.161478041822424
A02295,Evergreen Health Alliance Medical Center,Florida,2019,0,0,0.03269905981387134
A02308,Community Healthcare Partners,New York,2019,0,1,0.5247121815183814
A02315,Community Medical Partners Care Network,New Jersey,2019,0,0,0.15348171478497893
A02316,Westfield Integrated Health Care Network,Maryland,2019,0,0,0.06493784619363761
A02324,Canyon Health Alliance Collaborative,Ohio,2019,0,0,0.07235636288495324
A02327,Oakridge Physician Network Association,Maryland,2019,0,0,0.35183731201107393
A02330,Gateway Care Partners Alliance,Texas,2019,0,0,0.12468781558614919
A02332,Brookside Integrated Health Care Network,California,2019,0,0,0.06476130730681935
A02338,Golden Valley Health Network Physician Alliance,Washington,2019,0,0,0.11420173813156857
A02342,Blue Ridge Health Network Care Network,Colorado,2019,0,0,0.109543980203806
A02349,Riverside Healthcare Physician Alliance,New Jersey,2019,1,0,0.10359246314429671
A02352,Clearview Care Partners Care Network,Missouri,2019,0,0,0.29522760204328324
A02355,Valley Physicians Collaborative,North Carolina,2019,0,0,0.20264300260426563
A02358,Stonebridge Care Partners Care Network,Missouri,2019,0,0,0.1100165503293387
A02363,Horizon Physicians Alliance,Washington,2019,0,0,0.03868307134516334
A02367,Green Valley Physician Network Association,Georgia,2019,0,0,0.18452093237424103
A02369,Unity Health Collaborative Medical Center,California,2019,0,0,0.1207104948814761
A02373,Lakeside Integrated Health Network,Oregon,2019,0,0,0.453865671007961
A02376,Parkview Physicians Alliance,Texas,2019,0,0,0.02567685704661617
A02384,Pioneer Care Partners,Wisconsin,2019,0,0,0.0851981659793584
A02389,Golden Valley Community Care Association,North Carolina,2019,0,0,0.10079685799071818
A02395,Canyon Health Alliance Care Network,Massachusetts,2019,0,0,0.07297207717033742
A02399,WellSpring Healthcare Network,Colorado,2019,0,0,0.08079417056302227
A02419,Heartland Medical Association,Indiana,2019,0,0,0.12331826622924211
A02422,Evergreen Care Alliance Physician Alliance,Colorado,2019,0,0,0.05352249304839673
A02424,Summit Physicians Partners,California,2019,0,0,0.11005018292267707
A02426,Redwood Integrated Health Network,Tennessee,2019,0,0,0.06043415351458441
A02433,Oakridge Care Alliance Group,Indiana,2019,0,0,0.30804221376166685
A02438,Metro Care Alliance Network,Washington,2019,0,0,0.0919436459289151
A02450,Clearview Physicians Association,Massachusetts,2019,0,0,0.06358455968654536
A02452,Stonebridge Community Care Partners,Alabama,2019,0,0,0.04782516795920617
A02455,Highland Health Collaborative Alliance,Texas,2019,0,0,0.13861104567559393
A02473,WellSpring Wellness Health System,Illinois,2019,0,0,0.03548437706013783
A02483,Brookside Health Alliance Health System,Michigan,2019,0,0,0.12297317773734776
A02484,Golden Valley Wellness Alliance,Texas,2019,0,0,0.02810078048421743
A02488,Grandview Medical Alliance,Connecticut,2019,0,0,0.19213044694925674
A02500,Riverside Health Alliance Care Network,Texas,2019,0,0,0.02989023103882955
A02503,Springfield Care Partners Physician Alliance,Pennsylvania,2019,1,0,0.1027936169958616
A02509,Springfield Health Network Association,Connecticut,2019,0,0,0.05582148671710782
A02514,Pinnacle Health Partners,Ohio,2019,1,0,0.3865662739623073
A02521,Horizon Wellness Medical Center,Texas,2019,0,0,0.190649138733145
A02523,Eastgate Health Alliance Care Network,New Jersey,2019,0,0,0.1699274090636758
A02531,Blue Ridge Health Network Association,Virginia,2019,0,0,0.1136447774076499
A02532,Brookside Health Partners Physician Alliance,California,2019,0,0,0.23949428609084908
A02533,Valley Health Alliance Care Network,California,2019,0,0,0.10110973781224665
A02541,Heartland Care Alliance Network,Florida,2019,0,0,0.36263913500520445
A02549,Pioneer Medical Group Alliance,Wisconsin,2019,0,0,0.15066129281134708
A02550,Oakridge Health Association,California,2019,0,0,0.05548898768583598
A02551,Brookside Health Network Alliance,Washington,2019,0,0,0.08204419249882669
A02555,Fairview Community Care Partners,Florida,2019,0,0,0.03034751376454556
A02556,Brookside Provider Alliance Group,Virginia,2019,0,0,0.05682492213010446
A02561,Unity Care Health System,Illinois,2019,0,0,0.4003442079222922
A02569,Canyon Health Collaborative Health System,Oregon,2019,0,0,0.06508219983081635
A02582,Green Valley Health Collaborative Alliance,Arizona,2019,0,0,0.21545085650902862
A02608,Springfield Care Partners Collaborative,Minnesota,2019,0,0,0.1906181879629538
A02609,Golden Valley Medical Partners Network,Maryland,2019,0,0,0.040209918555722285
A02612,Canyon Care Network Partners,Indiana,2019,0,0,0.18582500516967582
A02614,Evergreen Health Network Group,Florida,2019,0,1,0.5919803470755924
A02617,Parkview Medical Partners Medical Center,New Jersey,2019,0,0,0.026149734102861158
A02623,Heritage Health Partners Association,New Jersey,2019,0,0,0.3024767899338462
A02632,Evergreen Care Alliance,Pennsylvania,2019,0,0,0.1326484854598349
A02635,Summit Care Alliance Medical Center,Virginia,2019,0,0,0.06734726545914835
A02636,Fairview Physicians Partners,Washington,2019,0,0,0.12109043554481444
A02640,Redwood Medical Group Group,Illinois,2019,0,0,0.13562997798101126
A02641,Highland Care Network Collaborative,Texas,2019,0,0,0.16033897558856303
A02642,Horizon Wellness Association,Alabama,2019,0,0,0.1765676965433143
A02646,Canyon Medical Group,Minnesota,2019,0,0,0.08382419527132623
A02654,Parkview Health Care Network,Georgia,2019,0,0,0.09146514994856236
A02655,Parkview Community Care Health System,Minnesota,2019,0,0,0.08397673093593751
A02678,Mountain View Medical Group Collaborative,Alabama,2019,0,0,0.07275932527167056
A02679,Clearview Provider Alliance Network,Arizona,2019,0,0,0.057325186867540553
A02682,Fairview Care Partners Health System,Colorado,2019,0,0,0.04673297086994471
A02691,Pioneer Provider Alliance Partners,California,2019,0,0,0.1388674606181238
A02699,Beacon Care Network,Washington,2019,0,0,0.041496251505425165
A02706,Fairview Community Care Alliance,Illinois,2019,0,0,0.1463298594906334
A02713,Maplewood Health Collaborative Physician Alliance,Florida,2019,0,0,0.11826875551270001
A02718,Fairview Physicians Association,Minnesota,2019,0,0,0.06314616106095991
A02730,Metro Integrated Health Partners,Ohio,2019,0,0,0.04161173462199521
A02734,Riverside Medical Partners Group,California,2019,0,0,0.07111807800891741
A02736,Horizon Physician Network Health System,Illinois,2019,0,0,0.07294713455445219
A02737,Redwood Medical Partners Medical Center,Georgia,2019,0,0,0.42715877225012394
A02745,Redwood Provider Alliance Health System,Texas,2019,1,0,0.2134753141720599
A02755,Springfield Provider Alliance Group,New York,2019,0,0,0.09533618394122495
A02757,Brookside Health Partners Partners,Oregon,2019,0,0,0.040534638375257115
A02758,Stonebridge Health Alliance Partners,Massachusetts,2019,0,0,0.20158550479752102
A02762,Eastgate Care Alliance Alliance,Colorado,2019,0,0,0.3168786577428532
A02765,Canyon Physician Network Network,Wisconsin,2019,0,0,0.05912338905932632
A02766,Heritage Wellness Group,Georgia,2019,0,0,0.10492659950882617
A02769,Meadow Care Network Association,Washington,2019,0,0,0.1480001109669008
A02777,Summit Health Alliance Association,California,2019,0,0,0.14548895597949357
A02779,Metro Care Network Collaborative,New York,2019,0,0,0.05431409832335552
A02782,Brookside Physician Network Alliance,Virginia,2019,0,0,0.17889635770450685
A02798,Eastgate Health Network Care Network,Pennsylvania,2019,0,0,0.0673652456336868
A02812,Silverstone Integrated Health Group,Connecticut,2019,0,0,0.12944030966726117
A02820,Meadow Healthcare Alliance,Arizona,2019,0,0,0.11232546367263199
A02823,Fairview Physicians Health System,Connecticut,2019,1,1,0.7305068502842816
A02831,Crestview Health Network,Illinois,2019,0,0,0.0947493332447181
A02834,Heartland Health Partners Medical Center,Arizona,2019,0,0,0.12250793854489914
A02835,Golden Valley Care Alliance Collaborative,Connecticut,2019,1,1,0.6176110269073707
A02844,Fairview Wellness Health System,North Carolina,2019,0,0,0.09072329281987851
A02847,Beacon Care Alliance Physician Alliance,Missouri,2019,0,0,0.12645942847861483
A02848,Metro Care Alliance Alliance,New York,2019,0,0,0.15738547966320932
A02859,WellSpring Integrated Health Association,Pennsylvania,2019,0,0,0.22873872793547306
A02861,Green Valley Physicians Physician Alliance,Illinois,2019,0,0,0.13238515830648212
A02866,Springfield Medical Partners Network,Alabama,2019,0,0,0.09500653889323686
A02868,Stonebridge Wellness Health System,Ohio,2019,1,0,0.41983383024599896
A02869,Highland Health Collaborative Network,Wisconsin,2019,0,0,0.10287579507508564
A02872,Oakridge Care Association,Michigan,2019,1,0,0.13259603293406744
A02883,Pioneer Health Collaborative Physician Alliance,Texas,2019,0,0,0.1391451910277605
A02885,Unity Physicians Partners,Pennsylvania,2019,0,0,0.03164660430036382
A02888,Valley Medical Alliance,Arizona,2019,0,0,0.09198451576253723
A02890,Crestview Medical Group Association,Virginia,2019,0,0,0.08375244291040954
A02891,Maplewood Provider Alliance Physician Alliance,Wisconsin,2019,0,0,0.14571496602897693
A02892,Meadow Integrated Health Collaborative,Indiana,2019,1,0,0.09716758806623765
A02900,Riverside Healthcare Health System,Wisconsin,2019,0,0,0.015791784185449232
A02904,Mountain View Medical Partners Physician Alliance,North Carolina,2019,0,0,0.029039072307214774
A02906,Eastgate Care Partners Physician Alliance,California,2019,0,0,0.09000999019022554
A02909,Valley Physician Network Partners,Minnesota,2019,1,0,0.11811831869282281
A02915,Riverbend Medical Partners Health System,Massachusetts,2019,0,0,0.06519574462653059
A02928,Brookside Integrated Health Physician Alliance,Oregon,2019,0,0,0.026243033887553738
A02929,Clearview Care Partners Partners,Arizona,2019,0,0,0.05987964580898569
A02931,Heritage Community Care Care Network,Minnesota,2019,0,0,0.10284398359425306
A02933,Green Valley Care Alliance Alliance,Colorado,2019,0,0,0.04623364685051492
A02941,Springfield Medical Association,Washington,2019,0,0,0.058286253833600074
A02944,Silverstone Medical Partners Health System,Connecticut,2019,0,0,0.11488634108790176
A02955,Pioneer Clinical Partners Physician Alliance,Oregon,2019,1,0,0.13404872548353772
A02965,Golden Valley Health Collaborative Physician Alliance,Missouri,2019,0,0,0.0130359249845027
A02967,Riverside Care Alliance Medical Center,Connecticut,2019,0,0,0.09297449847356835
A02972,Canyon Medical Network,Colorado,2019,0,0,0.24042759840103833
A02974,Heritage Care Partners Alliance,Ohio,2019,1,0,0.10336955409285283
A02978,Parkview Community Care Medical Center,Minnesota,2019,0,0,0.32405247883308347
A02982,Pinnacle Wellness Health System,New Jersey,2019,0,0,0.16523157855517392
A02987,Gateway Integrated Health Physician Alliance,Georgia,2019,0,0,0.02352216209613015
A03001,Cedar Integrated Health Health System,Georgia,2019,0,0,0.15035898259674987
A03004,Maplewood Physicians Network,New York,2019,0,0,0.0827231898715499
A03012,Maplewood Physicians Group,Alabama,2019,0,0,0.0691259002649407
A03014,Pioneer Care Network Partners,Washington,2019,1,1,0.6425098256500925
A03015,Canyon Health Network Partners,Alabama,2019,0,0,0.032796484142005554
A03017,Maplewood Wellness Group,Florida,2019,1,0,0.4041622282749462
A03018,Beacon Provider Alliance Health System,Indiana,2019,0,0,0.016479933406899
A03023,Golden Valley Medical Group Care Network,Maryland,2019,0,0,0.028370290448068224
A03030,Unity Care Alliance Partners,Minnesota,2019,0,0,0.06308982449365304
A03056,Beacon Provider Alliance Network,Illinois,2019,0,0,0.09899614989343246
A03061,Beacon Healthcare Alliance,New Jersey,2019,0,0,0.02399482907949074
A03062,Maplewood Health Collaborative,Wisconsin,2019,1,0,0.21196733419500402
A03064,Crestview Healthcare Care Network,Wisconsin,2019,0,0,0.06384204969114263
A03075,Silverstone Health Alliance Partners,Ohio,2019,0,0,0.2729199610457282
A03076,Cedar Care Physician Alliance,Missouri,2019,0,0,0.06054206281803177
A03077,Maplewood Health Partners Care Network,Minnesota,2019,0,0,0.1262926943031985
A03079,Crestview Healthcare Health System,Tennessee,2019,0,0,0.493884581749946
A03089,Mountain View Medical Group Partners,Washington,2019,0,0,0.19972444677210427
A03091,Beacon Care Alliance Care Network,Oregon,2019,0,0,0.05751467863199641
A03098,Valley Wellness Alliance,New York,2019,0,0,0.035944096938423105
A03101,Parkview Care Network Alliance,Georgia,2019,0,0,0.045705531068240386
A03102,Eastgate Medical Group Partners,Illinois,2019,0,0,0.05573330146366908
A03110,Gateway Healthcare Group,Texas,2019,0,0,0.08551204051393761
A03111,Lakeside Wellness Partners,Michigan,2019,1,0,0.13788163274106527
A03112,Riverbend Medical Group Association,New Jersey,2019,0,0,0.08411207419246494
A03117,Green Valley Medical Group Collaborative,Virginia,2019,0,0,0.15647126372694284
A03119,Horizon Care Network Medical Center,Massachusetts,2019,0,0,0.1293614875070952
A03120,Community Clinical Partners Partners,Illinois,2019,1,1,0.7240725858755325
A03121,Canyon Physician Network Medical Center,Missouri,2019,0,0,0.010575599041041404
A03123,Blue Ridge Medical Health System,Massachusetts,2019,0,0,0.054084226745784336
A03141,Evergreen Medical Partners Network,Maryland,2019,0,0,0.12593139406232745
A03144,Gateway Integrated Health Collaborative,Wisconsin,2019,0,0,0.10037913079291273
A03145,Northstar Wellness Group,Tennessee,2019,0,0,0.08486014032785541
A03153,Beacon Physicians Group,Washington,2019,0,0,0.2356823807965981
A03155,Metro Health Network Health System,Connecticut,2019,0,0,0.08059661259542068
A03158,Brookside Physicians Collaborative,California,2019,0,0,0.31092257030225484
A03161,Grandview Provider Alliance Partners,New Jersey,2019,1,0,0.18138455864701197
A03163,Grandview Integrated Health Network,Alabama,2019,0,1,0.627899065475835
A03176,Maplewood Provider Alliance Collaborative,Maryland,2019,0,0,0.09828895438125887
A03179,Beacon Physicians Alliance,Texas,2019,0,0,0.14245306232785807
A03185,Springfield Physicians Group,North Carolina,2019,1,0,0.28338067585267573
A03195,Redwood Care Partners Medical Center,Indiana,2019,0,0,0.10759144473539349
A03196,Highland Community Care Network,Missouri,2019,0,0,0.13497274557417044
A03200,Stonebridge Medical Group Partners,Washington,2019,0,0,0.09649236016023463
A03203,WellSpring Health Alliance,Maryland,2019,1,1,0.6041736103340881
A03206,Parkview Integrated Health Care Network,Missouri,2019,0,0,0.08161655868180304
A03220,Grandview Physician Network Health System,Florida,2019,0,0,0.15483247018716664
A03232,Green Valley Community Care Network,Connecticut,2019,1,1,0.9372977615285119
A03234,Stonebridge Health Alliance Group,Tennessee,2019,0,0,0.15135606271035185
A03245,Blue Ridge Physician Network Partners,Wisconsin,2019,0,0,0.179364124579422
A03271,Cedar Health Alliance Association,Indiana,2019,0,0,0.11100336387908709
A03277,Westfield Care Partners,Washington,2019,0,0,0.11322553786626947
A03287,Maplewood Care Alliance Physician Alliance,California,2019,1,0,0.4914539316152493
A03299,Highland Care Alliance Alliance,Tennessee,2019,1,1,0.974040442153404
A03304,Silverstone Care Alliance Alliance,Georgia,2019,0,0,0.10654899601961511
A03311,Crestview Wellness Partners,New York,2019,0,0,0.020428034508380256
A03317,Westfield Care Network Medical Center,Connecticut,2019,0,0,0.16190737286853488
A03337,Blue Ridge Wellness Alliance,North Carolina,2019,0,0,0.05188671080969987
A03345,Pinnacle Care Group,Colorado,2019,0,0,0.18600773231991902
A03351,Westfield Physicians Alliance,Michigan,2019,0,0,0.22217210442913138
A03352,Silverstone Care Medical Center,Oregon,2019,0,0,0.2860174349398383
A03357,Oakridge Physician Network Medical Center,Arizona,2019,0,0,0.09618087218213046
A03367,Highland Health Network Medical Center,Florida,2019,0,0,0.03521632852964758
A03370,Eastgate Integrated Health Health System,Virginia,2019,0,0,0.19919383092481446
A03372,Silverstone Health Collaborative Care Network,Alabama,2019,0,0,0.04762080325319442
A03373,Metro Care Partners Medical Center,Ohio,2019,0,0,0.09302408327005311
A03393,Fairview Healthcare Physician Alliance,North Carolina,2019,0,0,0.059935057116942234
A03398,Parkview Care Collaborative,Arizona,2019,0,0,0.1065154077538228
A03399,Clearview Care Network Network,Missouri,2019,0,0,0.10084772830247987
A03401,Horizon Health Alliance Alliance,Florida,2019,0,0,0.44045886955741376
A03417,Northstar Medical Partners Medical Center,Connecticut,2019,1,1,0.6557567405822199
A03418,Oakridge Healthcare Network,Tennessee,2019,0,0,0.086303347839626
A03420,Highland Care Partners Partners,Wisconsin,2019,1,0,0.24364094110439521
A03433,WellSpring Physician Network Collaborative,North Carolina,2019,0,0,0.3174356664852127
A03440,Valley Health Network Health System,California,2019,0,0,0.019449693425188434
A03442,Pinnacle Health Network Partners,Texas,2019,0,0,0.1557141406004706
A03454,Community Wellness Group,Missouri,2019,0,0,0.06298009559965326
A03456,Golden Valley Health Association,Colorado,2019,0,0,0.03917831212983661
A03459,Clearview Care Partners Collaborative,New York,2019,1,1,0.6376811123804805
A03468,Fairview Care Network Partners,Connecticut,2019,0,0,0.0633785918130968
A03471,Riverbend Medical Group Medical Center,Arizona,2019,0,0,0.07262160394208425
A03479,Riverbend Physicians Care Network,Colorado,2019,0,0,0.042024352996829994
A03480,Riverbend Medical Group,Florida,2019,0,0,0.20555488512257825
A03481,Horizon Medical Partners Collaborative,Arizona,2019,1,0,0.1333760541282398
A03484,Horizon Medical Group Partners,Tennessee,2019,0,0,0.051495583303150017
A03494,Gateway Clinical Partners Partners,Florida,2019,0,0,0.02611886811977875
A03495,Mountain View Care Alliance Association,Oregon,2019,0,0,0.039353290989819774
A03500,Silverstone Care Network Health System,Wisconsin,2019,0,0,0.11645485252145303
A03509,Highland Medical Group Medical Center,Ohio,2019,0,0,0.061699015784004815
A03517,Oakridge Health Network Care Network,Massachusetts,2019,0,0,0.09731254536014095
A03526,Golden Valley Care Alliance Care Network,Massachusetts,2019,1,0,0.15751245652941204
A03531,Community Provider Alliance Alliance,Indiana,2019,1,1,0.6127901025265875
A03533,Stonebridge Medical Partners Network,Alabama,2019,0,0,0.03532632048932398
A03535,Meadow Clinical Partners Physician Alliance,Florida,2019,0,0,0.024824586629851195
A03543,Green Valley Medical Partners Partners,Virginia,2019,0,0,0.2126750215029587
A03545,Pinnacle Medical Group Collaborative,New York,2019,0,0,0.14494992432560072
A03546,Heritage Care Network Alliance,New York,2019,0,1,0.6159433552888768
A03547,Metro Clinical Partners Collaborative,Illinois,2019,0,1,0.5652836624029928
A03551,Riverbend Care Alliance Health System,New Jersey,2019,1,1,0.9288280586405878
A03553,Heartland Healthcare Network,Alabama,2019,0,0,0.07336832875676992
A03554,Community Physician Network Physician Alliance,Indiana,2019,0,0,0.22372135185415626
A03558,Golden Valley Health Alliance Care Network,Tennessee,2019,1,1,0.8608531723197511
A03560,Crestview Medical Group Network,North Carolina,2019,0,0,0.12332399336096043
A03569,Heartland Health Partners Collaborative,Connecticut,2019,0,0,0.0735203598500176
A03576,Lakeside Health Alliance Health System,New York,2019,0,0,0.013204303185387116
A03579,Riverbend Clinical Partners Network,California,2019,0,0,0.0824685404466139
A03585,Gateway Community Care Alliance,Wisconsin,2019,0,1,0.705844032337533
A03588,Riverbend Health Network Physician Alliance,Massachusetts,2019,0,0,0.23597534199926976
A03589,Highland Health Network Care Network,Florida,2019,0,0,0.08610146877980002
A03592,Summit Clinical Partners Physician Alliance,Illinois,2019,1,0,0.2819580173920136
A03595,Parkview Health Network Network,Indiana,2019,1,1,0.7319434948712724
A03598,Springfield Care Network Alliance,Florida,2019,0,0,0.01800941169445265
A03604,Pioneer Health Collaborative Health System,Virginia,2019,0,0,0.30988605228221455
A03605,Stonebridge Care Partners Group,Michigan,2019,0,0,0.11824398304399315
A03610,Oakridge Health Care Network,North Carolina,2019,0,0,0.06025331819489105
A03613,Pioneer Wellness Partners,Minnesota,2019,0,0,0.13984036608515166
A03621,Northstar Medical Group Network,Oregon,2019,0,0,0.06651028907428669
A03627,Beacon Health Collaborative Care Network,Tennessee,2019,0,0,0.041725931923991606
A03628,Beacon Care Physician Alliance,Colorado,2019,0,0,0.17391282420863408
A03631,Oakridge Health Group,Texas,2019,0,0,0.1141563521133481
A03643,Evergreen Health Partners Care Network,Massachusetts,2019,0,0,0.0769953357618051
A03647,Pioneer Health Partners Health System,Tennessee,2019,0,0,0.02707888826554221
A03650,Eastgate Health Network Medical Center,Indiana,2019,0,0,0.2755905031709529
A03654,Heartland Health Collaborative Collaborative,Massachusetts,2019,0,0,0.10053668999090494
A03659,Westfield Wellness Collaborative,Virginia,2019,0,0,0.1087513707083368
A03661,Green Valley Health Alliance Collaborative,Texas,2019,0,0,0.01012429598144513
A03662,Eastgate Health Collaborative Physician Alliance,Colorado,2019,1,1,0.8336321998775894
A03663,Horizon Health Partners Medical Center,New Jersey,2019,0,0,0.08784363644385648
A03667,Horizon Health Partners Health System,Michigan,2019,0,0,0.29967847267646
A03668,Heartland Physicians Association,California,2019,0,0,0.11769326339254112
A03678,Golden Valley Physicians Physician Alliance,Tennessee,2019,0,0,0.16518595484332363
A03680,Beacon Health Alliance Network,Wisconsin,2019,0,0,0.010906754612787749
A03686,Pinnacle Medical Care Network,Wisconsin,2019,0,0,0.16370277328699953
A03692,Silverstone Health Partners Health System,Missouri,2019,0,0,0.05888587562983728
A03696,Horizon Medical Collaborative,California,2019,0,0,0.05031824005666334
A03699,Heartland Community Care Partners,Missouri,2019,1,0,0.20427917603271395
A03701,Pioneer Physicians Physician Alliance,California,2019,0,0,0.15425660089556925
A03702,Canyon Healthcare Network,North Carolina,2019,0,0,0.2738787102550812
A03706,Evergreen Health Partners Medical Center,Oregon,2019,0,0,0.19535363802323422
A03709,Clearview Care Alliance Collaborative,Washington,2019,0,0,0.05366248001680557
A03715,Golden Valley Medical Medical Center,Wisconsin,2019,0,0,0.07151861163969399
A03719,Crestview Health Alliance,Missouri,2019,0,0,0.0790319151995039
A03721,Heritage Wellness Collaborative,Indiana,2019,0,0,0.1954259158758471
A03726,Stonebridge Care Partners Partners,North Carolina,2019,0,0,0.046915926828513525
A03728,Parkview Medical Partners Network,Illinois,2019,0,0,0.34159402358329494
A03735,Green Valley Medical Partners Group,New York,2019,1,0,0.05057408231557669
A03763,Horizon Wellness Network,Tennessee,2019,1,1,0.850761101864337
A03764,WellSpring Health Collaborative Association,Wisconsin,2019,0,0,0.1442991892658645
A03766,Clearview Physician Network Partners,Georgia,2019,0,0,0.3277548438597984
A03769,Highland Provider Alliance Association,California,2019,0,0,0.28011636461553263
A03771,Crestview Healthcare Group,Massachusetts,2019,0,0,0.04587537747390836
A03777,WellSpring Physicians Partners,Illinois,2019,0,0,0.23274207039167616
A03781,Silverstone Healthcare Network,Illinois,2019,1,0,0.38922519564419145
A03782,Oakridge Care Physician Alliance,New Jersey,2019,0,0,0.15256577762898238
A03783,Silverstone Physicians Group,Michigan,2019,0,1,0.656761481540808
A03785,Mountain View Provider Alliance Health System,Texas,2019,0,0,0.12549616028339497
A03790,Redwood Care Alliance Network,Wisconsin,2019,0,0,0.1988409229189033
A03792,Fairview Wellness Care Network,Connecticut,2019,0,0,0.24706292599623014
A03796,Gateway Care Alliance Partners,Florida,2019,0,0,0.10794332162056844
A03797,Pioneer Health Partners Physician Alliance,Texas,2019,0,0,0.06295806131768238
A03800,Unity Healthcare Care Network,Florida,2019,0,0,0.23249886699680417
A03807,Evergreen Provider Alliance Alliance,Alabama,2019,0,0,0.0883578984738929
A03818,Northstar Healthcare Network,Connecticut,2019,0,0,0.0447458553680968
A03830,Brookside Care Partners Alliance,Colorado,2019,0,0,0.2933622231239256
A03836,Maplewood Medical Partners Physician Alliance,Texas,2019,0,0,0.11238630798027559
A03841,Gateway Health Collaborative Association,Virginia,2019,0,0,0.055701079205483686
A03850,Unity Care Network Care Network,California,2019,0,0,0.10127606923832148
A03854,Northstar Health Partners,Minnesota,2019,0,0,0.08055038109877957
A03855,Meadow Clinical Partners Group,Georgia,2019,1,1,0.8396552451031489
A03866,Oakridge Care Partners Alliance,New York,2019,0,0,0.051860546613838786
A03868,Metro Care Network Alliance,Tennessee,2019,1,1,0.8661837601687209
A03872,Stonebridge Wellness Partners,Virginia,2019,0,0,0.23446075120910614
A03873,Green Valley Care Alliance Care Network,Indiana,2019,0,0,0.1571890644493945
A03874,Metro Medical Partners Alliance,Colorado,2019,0,0,0.13005508230546003
A03877,Beacon Medical Group Alliance,Alabama,2019,0,0,0.19242665348360094
A03879,Clearview Clinical Partners Health System,Illinois,2019,0,0,0.08297018818866839
A03893,Horizon Health Partners Association,Wisconsin,2019,0,0,0.14683916757907325
A03897,Summit Medical Collaborative,Wisconsin,2019,1,1,0.6347112444405963
A03900,Silverstone Care Network Group,Texas,2019,0,0,0.06610214206710686
A03904,Westfield Physicians Care Network,Alabama,2019,0,0,0.09698653139072037
A03911,Springfield Medical Partners Collaborative,Ohio,2019,0,0,0.22105308236729734
A03915,Parkview Care Alliance Medical Center,Alabama,2019,1,0,0.1365658945745637
A03936,Eastgate Wellness Network,Wisconsin,2019,1,0,0.23324431697867104
A03960,Evergreen Wellness Medical Center,Ohio,2019,0,0,0.08693014748781054
A03967,Canyon Care Partners Partners,Georgia,2019,0,0,0.037604942590882935
A03971,Westfield Care Alliance Physician Alliance,Maryland,2019,0,0,0.021883805839421865
A03972,Clearview Integrated Health Partners,New York,2019,0,0,0.15535237370516738
A03979,Cedar Health Collaborative Physician Alliance,Tennessee,2019,0,0,0.043371222525129136
A03982,Lakeside Physician Network Health System,Alabama,2019,1,1,0.814282717182857
A03993,Golden Valley Healthcare Care Network,Missouri,2019,0,0,0.19087649770949852
A04004,Cedar Health Network Collaborative,Tennessee,2019,0,0,0.022262507066911696
A04006,Evergreen Medical Partners,Maryland,2019,0,0,0.1585948605885391
A04012,Oakridge Care Partners,Ohio,2019,0,0,0.1129877172447563
A04014,Oakridge Health Partners Collaborative,New York,2019,0,0,0.08309231779944172
A04017,Riverside Physician Network Alliance,Massachusetts,2019,0,0,0.12454964837145409
A04028,Springfield Physicians Network,Minnesota,2019,0,0,0.09295380048645399
A04033,Canyon Care Partners Association,Connecticut,2019,1,1,0.7111607375493009
A04041,Heartland Community Care Group,Connecticut,2019,0,0,0.16780197124002977
A04043,Clearview Health Network Collaborative,Washington,2019,0,0,0.15501538167257337
A04045,Valley Care Partners Alliance,Illinois,2019,0,0,0.29838542047643224
A04051,Riverside Community Care Association,Wisconsin,2019,0,0,0.13713090517075732
A04053,Riverside Health Collaborative Alliance,Minnesota,2019,0,0,0.05185521234585113
A04055,Heartland Provider Alliance Partners,New York,2019,0,0,0.1669227803403086
A04057,Evergreen Care Alliance Medical Center,Georgia,2019,0,0,0.19732441076971466
A04061,WellSpring Community Care Association,Georgia,2019,0,0,0.14110250650638606
A04062,Metro Care Partners Physician Alliance,Tennessee,2019,1,1,0.5977208220033489
A04072,Community Physicians Partners,Tennessee,2019,0,0,0.07875994835673908
A04076,Fairview Health Association,North Carolina,2019,0,0,0.05671422683499808
A04080,Springfield Health Network Partners,Alabama,2019,0,0,0.10759028089570015
A04082,Beacon Physicians Partners,New York,2019,0,0,0.16315479535769664
A04085,Community Clinical Partners Group,Alabama,2019,1,1,0.6750551325144278
A04087,Community Community Care Collaborative,New York,2019,0,0,0.17472918389161524
A04090,Oakridge Medical Collaborative,California,2019,0,0,0.10437370897749626
A04095,Horizon Care Health System,Florida,2019,0,0,0.24005791507104018
A04101,Crestview Medical Partners,New Jersey,2019,0,0,0.18874216666149732
A04110,Meadow Health Partners Physician Alliance,Colorado,2019,1,0,0.34412095042297947
A04111,Riverside Wellness Network,Connecticut,2019,0,0,0.029081200515710462
A04118,Heartland Health Alliance Health System,New Jersey,2019,1,0,0.08087005097917105
A04121,Gateway Community Care Health System,Maryland,2019,1,0,0.07765760668114145
A04123,Lakeside Medical Partners Health System,Texas,2019,0,0,0.036042322909848254
A04124,Brookside Physician Network Network,Massachusetts,2019,0,0,0.08726104611792977
A04132,Crestview Health Collaborative Alliance,Michigan,2019,0,0,0.0844878400156358
A04137,Springfield Physician Network Physician Alliance,Tennessee,2019,0,0,0.09220821293696384
A04144,Stonebridge Health Collaborative Group,New Jersey,2019,0,0,0.06627626687572184
A04155,Metro Medical Partners Care Network,California,2019,1,0,0.235773114515517
A04160,Valley Medical Group Medical Center,Ohio,2019,0,0,0.03120503840174568
A04165,Riverside Provider Alliance Care Network,Texas,2019,0,0,0.024530218923993773
A04167,Oakridge Care Collaborative,Ohio,2019,0,0,0.008165774442253016
A04177,Valley Care Physician Alliance,Wisconsin,2019,0,0,0.04316077949079374
A04181,Fairview Community Care Care Network,Connecticut,2019,0,0,0.10004995231729615
A04186,Lakeside Medical Care Network,Missouri,2019,0,1,0.5353129645166974
A04195,Fairview Medical Partners Care Network,Wisconsin,2019,0,0,0.12072813080378414
A04198,Maplewood Medical Partners Group,Minnesota,2019,1,1,0.8261224002810446
A04199,Meadow Care Alliance Network,Alabama,2019,0,0,0.116174407168922
A04205,Crestview Integrated Health Medical Center,Colorado,2019,1,0,0.1649986496470105
A04206,Community Medical Partners Health System,North Carolina,2019,1,0,0.09432787727966853
A04210,Evergreen Clinical Partners Partners,North Carolina,2019,1,1,0.5179975778104233
A04214,Crestview Care Alliance Network,Tennessee,2019,0,0,0.10091222420874996
A04221,Mountain View Medical Partners Alliance,Massachusetts,2019,1,0,0.10546366629050646
A04231,Eastgate Health Alliance Network,Texas,2019,0,0,0.2980084529611812
A04238,Clearview Care Partners Alliance,Missouri,2019,0,0,0.2437181068056883
A04245,Evergreen Care Group,Alabama,2019,0,0,0.18834678939372027
A04249,Springfield Medical Physician Alliance,Virginia,2019,1,0,0.4796928809740124
A04250,Summit Care Physician Alliance,Pennsylvania,2019,0,0,0.21432145213909326
A04257,Mountain View Medical Health System,Maryland,2019,0,0,0.11925281817573322
A04258,Valley Care Network Care Network,New York,2019,0,0,0.01922892605722031
A04259,Heartland Community Care Care Network,Maryland,2019,0,0,0.09541944115988049
A04261,Stonebridge Provider Alliance Partners,Virginia,2019,1,1,0.7241636065107656
A04271,Highland Care Network Medical Center,Arizona,2019,0,0,0.17353636905453404
A04285,WellSpring Wellness Physician Alliance,Florida,2019,1,0,0.10779053301441976
A04287,Green Valley Care Partners Group,Arizona,2019,0,0,0.201417278310087
A04291,Blue Ridge Clinical Partners Network,Texas,2019,0,0,0.1291972373022174
A04295,Heritage Health Partners Medical Center,New Jersey,2019,0,0,0.1100165503293387
A04297,Highland Wellness Medical Center,Washington,2019,0,0,0.13678826980875
A04298,Stonebridge Medical Partners Collaborative,Colorado,2019,1,1,0.9820595296529626
A04306,WellSpring Community Care Alliance,Connecticut,2019,0,0,0.20782023972562144
A04311,Metro Integrated Health Association,New York,2019,0,0,0.10517487413359293
A04320,Cedar Physician Network Network,Alabama,2019,0,0,0.08996596553499346
A04321,Maplewood Medical Group Medical Center,Wisconsin,2019,0,0,0.05085879092263272
A04322,Parkview Medical Group Collaborative,Georgia,2019,0,0,0.046882507478445794
A04336,Pinnacle Care Medical Center,Florida,2019,0,0,0.08299430705001697
A04337,Heartland Physicians Health System,Michigan,2019,1,0,0.10280709733474662
A04342,Gateway Care Association,Oregon,2019,1,0,0.20152375339327006
A04344,Blue Ridge Care Alliance Care Network,Minnesota,2019,1,0,0.32469565491779834
A04355,Green Valley Provider Alliance Network,Texas,2019,0,0,0.22093568646337236
A04357,Northstar Physician Network Group,Oregon,2019,0,0,0.2595810366275963
A04366,Heritage Provider Alliance Association,Connecticut,2019,0,0,0.3020461267950976
A04379,Fairview Care Alliance Association,Pennsylvania,2019,0,0,0.06800752773658904
A04380,Mountain View Provider Alliance Association,New Jersey,2019,0,0,0.11894900131278413
A04383,Lakeside Care Network,Ohio,2019,0,0,0.07662280414930085
A04387,Meadow Care Partners Network,Arizona,2019,0,0,0.2864584061425165
A04390,Lakeside Health Physician Alliance,North Carolina,2019,0,0,0.12762280526586814
A04400,Cedar Community Care Physician Alliance,Maryland,2019,0,0,0.09823687230742584
A04401,Silverstone Health Alliance Alliance,Texas,2019,0,0,0.028059232305427183
A04403,Grandview Health Network Health System,Massachusetts,2019,1,0,0.22771710895312658
A04408,Summit Clinical Partners Group,Arizona,2019,0,0,0.07259387811854187
A04416,Stonebridge Physicians Association,Texas,2019,0,0,0.028482710969989937
A04441,Redwood Health Partners Physician Alliance,Oregon,2019,1,0,0.14653072865508332
A04447,Pinnacle Community Care Collaborative,Ohio,2019,0,0,0.12395398321571705
A04452,Grandview Medical Partners,California,2019,1,1,0.7319940497052265
A04453,Metro Physicians Group,Maryland,2019,0,0,0.07533317970104358
A04455,Redwood Care Alliance Group,Georgia,2019,0,0,0.18669986749849332
A04459,Cedar Medical Partners Health System,Georgia,2019,0,0,0.0847519220396754
A04466,Heartland Care Association,Alabama,2019,0,0,0.05754595300709579
A04469,Beacon Health Network Care Network,Maryland,2019,0,0,0.23438666346955817
A04473,Stonebridge Health Association,North Carolina,2019,0,0,0.04585158756933269
A04482,Eastgate Physician Network Alliance,Michigan,2019,0,0,0.11561362711749018
A04483,Westfield Health Partners Alliance,North Carolina,2019,0,0,0.21468549295476919
A04488,Heartland Health Collaborative Care Network,California,2019,0,0,0.0332707310886176
A04492,Pioneer Integrated Health Network,Maryland,2019,0,0,0.4587517090548881
A04496,Crestview Provider Alliance Network,Tennessee,2019,0,0,0.2303023684881654
A04500,Meadow Health Alliance Collaborative,Maryland,2019,1,0,0.18151438189150196
A04503,Springfield Care Partners,Illinois,2019,0,0,0.02222758799212325
A04504,Green Valley Integrated Health Network,Minnesota,2019,0,0,0.33263987266466905
A04505,Clearview Health Partners,Florida,2019,0,0,0.10312016049076085
A04511,Mountain View Clinical Partners Partners,California,2019,0,0,0.3465634717504116
A04516,Golden Valley Medical Partners Association,Minnesota,2019,0,0,0.06623382097814291
A04518,Horizon Health Network Collaborative,Connecticut,2019,0,0,0.28331608646289574
A04521,Unity Health Alliance Network,Illinois,2019,0,0,0.37931151703634586
A04524,Oakridge Medical Association,New Jersey,2019,0,0,0.07086373109872021
A04526,Pioneer Care Partners Network,Massachusetts,2019,1,0,0.09713991925492377
A04529,Gateway Health Network Medical Center,Indiana,2019,1,0,0.29319158138721413
A04531,Beacon Health Partners Care Network,Washington,2019,0,0,0.10292322012724607
A04544,Valley Clinical Partners Health System,North Carolina,2019,0,0,0.461192186942441
A04545,Riverbend Health Alliance,Tennessee,2019,1,0,0.4466117688116328
A04549,Grandview Medical Partners Alliance,Maryland,2019,0,0,0.05202438466167396
A04559,Redwood Health Partners Association,Alabama,2019,0,0,0.12413326452341594
A04561,Westfield Care Alliance Collaborative,Alabama,2019,0,0,0.2149696670359411
A04562,Pioneer Health Alliance Group,Tennessee,2019,0,0,0.02265274102941309
A04570,Parkview Healthcare Association,Maryland,2019,1,1,0.9324117005526423
A04575,Fairview Health Alliance Health System,Washington,2019,0,0,0.13289618450936413
A04588,Maplewood Care Alliance Partners,Ohio,2019,0,0,0.07585267302364594
A04590,Valley Clinical Partners Group,Texas,2019,0,0,0.10284412964461427
A04591,Summit Medical Health System,Virginia,2019,1,0,0.23402634810256873
A04594,Grandview Wellness Association,Arizona,2019,0,0,0.05622242887368969
A04599,Gateway Health Partners,Florida,2019,1,1,0.7667857721227116
A04601,Highland Health Association,Wisconsin,2019,0,0,0.03180056183063527
A04603,Heartland Integrated Health Association,North Carolina,2019,0,0,0.023914924092006195
A04605,Silverstone Physician Network Care Network,New Jersey,2019,0,0,0.01181310794600471
A04611,Oakridge Community Care Network,Pennsylvania,2019,0,0,0.2308552637852334
A04626,WellSpring Care Partners Care Network,Missouri,2019,0,0,0.07697012526847524
A04635,Brookside Health Care Network,Illinois,2019,0,0,0.00974090174805528
A04640,Heritage Clinical Partners Collaborative,Colorado,2019,0,0,0.06297170638147968
A04642,Highland Health Partners Care Network,Michigan,2019,1,1,0.6372705792996811
A04647,Blue Ridge Provider Alliance Network,Arizona,2019,0,0,0.09261344682788321
A04657,Pinnacle Health Care Network,Indiana,2019,0,0,0.09409561298679842
A04660,WellSpring Clinical Partners Network,Indiana,2019,0,0,0.23331294263337152
A04670,Westfield Care Network Association,Illinois,2019,0,0,0.10623387544460584
A04673,Redwood Community Care Partners,Ohio,2019,0,0,0.16069534065433191
A04676,Silverstone Medical Partners Medical Center,Georgia,2019,1,1,0.6608087497357766
A04684,Pioneer Health Network Alliance,Pennsylvania,2019,0,0,0.2308552637852334
A04688,Grandview Healthcare Alliance,Illinois,2019,1,1,0.7035926806845034
A04695,Riverbend Community Care Health System,Indiana,2019,0,0,0.16643331279559134
A04699,Springfield Care Network Partners,North Carolina,2019,1,0,0.05508970766757433
A04700,Northstar Medical Physician Alliance,Minnesota,2019,0,0,0.053751358452927056
A04722,Maplewood Health Network Care Network,Florida,2019,0,0,0.08964796729655719
A04726,Oakridge Physicians Association,North Carolina,2019,0,0,0.10326570181719597
A04735,Grandview Integrated Health Group,Georgia,2019,0,0,0.22368841668523248
A04742,Golden Valley Care Network,Michigan,2019,0,0,0.09961545983885037
A04743,Cedar Care Network Association,Wisconsin,2019,0,0,0.059328748897214734
A04744,Unity Wellness Association,Wisconsin,2019,0,0,0.030362753317881165
A04746,Meadow Clinical Partners Collaborative,Virginia,2019,0,0,0.03382271247526617
A04752,Fairview Medical Partners Group,Massachusetts,2019,0,0,0.07310122066085623
A04759,Maplewood Medical Group Partners,Connecticut,2019,0,0,0.06312981220497713
A04773,Maplewood Health Alliance Collaborative,Wisconsin,2019,1,0,0.36181174208013867
A04776,Metro Medical Care Network,California,2019,0,0,0.06602135397092407
A04778,Summit Healthcare Alliance,Washington,2019,0,0,0.0478043718132115
A04786,Green Valley Wellness Physician Alliance,Arizona,2019,0,0,0.1987036814897154
A04789,Highland Care Collaborative,Virginia,2019,0,0,0.10549422738535322
A04792,Clearview Care Partners Physician Alliance,Wisconsin,2019,0,0,0.016834513145191105
A04822,Evergreen Medical Partners Partners,Michigan,2019,1,1,0.7005128733721019
A04823,Highland Physician Network Association,Ohio,2019,0,0,0.2092390958182906
A04826,Redwood Health Alliance Care Network,Indiana,2019,0,0,0.10983662894087075
A04829,Highland Care Alliance Medical Center,Pennsylvania,2019,0,0,0.21085706006377858
A04832,Lakeside Medical Alliance,Wisconsin,2019,0,0,0.03268950446988612
A04836,Stonebridge Care Network Medical Center,Massachusetts,2019,0,0,0.0306351660789984
A04841,Pioneer Physicians Health System,Maryland,2019,0,0,0.1679632655299987
A04853,Eastgate Health Collaborative Medical Center,Minnesota,2019,0,0,0.13870387091564879
A04857,WellSpring Medical Group Group,Ohio,2019,0,0,0.3248339004644498
A04861,Beacon Physicians Care Network,Wisconsin,2019,0,0,0.025113328574652188
A04866,Unity Physicians Collaborative,California,2019,0,0,0.13917673729942026
A04873,Clearview Health Collaborative Group,Indiana,2019,0,0,0.04313848484852625
A04875,Brookside Care Network Medical Center,Virginia,2019,0,0,0.06381762289186384
A04876,Brookside Care Network Group,California,2019,1,1,0.6085744856693052
A04879,Northstar Provider Alliance Network,Illinois,2019,0,0,0.07797875915089264
A04885,Heartland Health Alliance Alliance,Alabama,2019,0,0,0.24925999172989144
A04891,Stonebridge Health Alliance Network,Alabama,2019,1,1,0.8962977178842166
A04899,Springfield Provider Alliance Alliance,Minnesota,2019,0,0,0.1561391678988701
A04917,Unity Health Partners Physician Alliance,Colorado,2019,0,0,0.28808776244512235
A04919,Grandview Care Alliance Network,Arizona,2019,0,0,0.20661742722416496
A04922,Horizon Care Association,Colorado,2019,0,0,0.1640158531397652
A04926,Westfield Health Alliance Alliance,Wisconsin,2019,0,0,0.1058776412149969
A04927,Oakridge Care Medical Center,North Carolina,2019,0,0,0.0015174730906172182
A04935,Meadow Care Partners Health System,Pennsylvania,2019,0,0,0.05463166758217313
A04938,Community Physician Network Group,Connecticut,2019,0,0,0.4021591556329177
A04944,Golden Valley Provider Alliance Physician Alliance,Missouri,2019,1,0,0.16073848544621094
A04948,Eastgate Healthcare Alliance,Arizona,2019,0,0,0.036892506747987136
A04950,Parkview Health Alliance Medical Center,Florida,2019,0,0,0.10185109874538095
A04951,Eastgate Physicians Group,Illinois,2019,0,0,0.07788144287511285
A04952,Pinnacle Care Alliance Group,Michigan,2019,0,0,0.07202013103416884
A04959,Horizon Wellness Group,Indiana,2019,0,0,0.07043456452814736
A04965,Redwood Wellness Group,Wisconsin,2019,1,1,0.8838304691446551
A04966,Pinnacle Health Medical Center,North Carolina,2019,1,0,0.09046287484172591
A04984,Springfield Care Alliance Collaborative,Oregon,2019,0,0,0.1355711673795202
A04994,Northstar Care Network Group,Indiana,2019,0,0,0.14826802058117752
A05000,Stonebridge Physicians Health System,North Carolina,2019,0,0,0.11041374582103888
A05007,Heritage Health Care Network,Georgia,2019,0,0,0.2744312692021017
A05012,Canyon Care Network Care Network,Virginia,2019,0,0,0.08190141839577889
A05013,Stonebridge Integrated Health Health System,Alabama,2019,1,1,0.9735747030578362
A05016,Grandview Integrated Health Partners,Illinois,2019,1,1,0.86458055780455
A05024,Mountain View Healthcare Group,Georgia,2019,0,0,0.12966298329214707
A05026,Westfield Physicians Collaborative,Colorado,2019,0,0,0.05459905180837866
A05029,Unity Health Collaborative,California,2019,0,0,0.07258007375906925
A05032,Pinnacle Health Collaborative Care Network,North Carolina,2019,0,0,0.04719065471318073
A05039,WellSpring Medical Group Care Network,Indiana,2019,0,0,0.05957007527885005
A05046,Unity Health Partners Group,Wisconsin,2019,0,0,0.04501982490384416
A05049,Redwood Physician Network Group,Colorado,2019,0,0,0.09778316462384737
A05065,Community Care Alliance Health System,Texas,2019,0,0,0.15542787662393773
A05071,Westfield Provider Alliance Care Network,Alabama,2019,0,0,0.10957796234079897
A05074,Stonebridge Care Partners Association,Colorado,2019,0,0,0.1433020878356864
A05077,Northstar Physicians Care Network,Arizona,2019,0,0,0.04721969454668243
A05087,Grandview Healthcare Health System,Arizona,2019,0,0,0.026921051104514072
A05088,Cedar Medical Physician Alliance,Wisconsin,2019,0,0,0.13346437343025522
A05092,Brookside Community Care Care Network,Ohio,2019,0,0,0.3511433256759174
A05095,Highland Health Physician Alliance,Oregon,2019,0,0,0.006966426452555879
A05101,WellSpring Medical Group Partners,Connecticut,2019,0,0,0.017346655526506726
A05104,Summit Health Group,Indiana,2019,0,0,0.05106544687236194
A05107,Pioneer Health Collaborative Medical Center,Maryland,2019,1,0,0.2974793425510969
A05108,Green Valley Wellness Partners,Georgia,2019,0,0,0.2176987473810964
A05111,Unity Health Association,Alabama,2019,0,0,0.1885646140991086
A05123,Metro Health Partners Medical Center,New Jersey,2019,0,0,0.08319773624679244
A05127,Blue Ridge Health Collaborative Physician Alliance,Minnesota,2019,0,0,0.1395146704913441
A05130,Parkview Health Alliance Care Network,Oregon,2019,0,0,0.07633543067614214
A05132,Springfield Health Alliance Collaborative,Indiana,2019,0,0,0.04311858892480901
A05137,Canyon Wellness Medical Center,Florida,2019,0,0,0.22532896138569578
A05142,Riverbend Community Care Partners,Tennessee,2019,0,0,0.06208302527999782
A05147,Highland Provider Alliance Physician Alliance,Massachusetts,2019,0,0,0.09288638931382476
A05149,Highland Health Partners Group,Maryland,2019,0,0,0.1082426507346481
A05153,Heritage Integrated Health Partners,Georgia,2019,0,0,0.25438787462587575
A05155,Mountain View Healthcare Collaborative,Massachusetts,2019,0,0,0.1593599515931934
A05158,Silverstone Health Network Association,Massachusetts,2019,0,0,0.0035334215182956812
A05165,Springfield Care Alliance Network,Michigan,2019,0,0,0.10976935237081391
A05168,Oakridge Health Partners Network,Missouri,2019,0,0,0.18279889072771233
A05186,Valley Health Physician Alliance,Maryland,2019,0,0,0.1397780946460743
A05192,Gateway Medical Alliance,Tennessee,2019,1,0,0.4903672375249944
A05194,Heartland Clinical Partners Partners,Illinois,2019,0,0,0.036117490404395436
A05204,Evergreen Care Partners Health System,Washington,2019,0,0,0.06013750147964873
A05212,Westfield Health Alliance Care Network,Missouri,2019,0,0,0.07872592586641881
A05213,Metro Care Partners Association,Georgia,2019,0,0,0.08091574570277123
A05214,Northstar Wellness Association,Michigan,2019,0,0,0.10752207136070498
A05221,Blue Ridge Health Network Group,Illinois,2019,0,0,0.2176585976788533
A05222,Mountain View Health Collaborative Association,Pennsylvania,2019,0,0,0.3038201727755086
A05238,Meadow Integrated Health Association,Indiana,2019,0,0,0.0905190876170342
A05245,Maplewood Healthcare Partners,Arizona,2019,0,0,0.08133202319493847
A05252,Highland Health Network Collaborative,Colorado,2019,0,0,0.07022711507909574
A05254,Clearview Wellness Physician Alliance,Florida,2019,0,0,0.24469620430459763
A05255,Lakeside Wellness Physician Alliance,North Carolina,2019,0,0,0.03529368934735794
A05256,Stonebridge Health Care Network,Virginia,2019,0,0,0.293166637608232
A05258,Lakeside Medical Partners,Texas,2019,0,0,0.2883475436885702
A05263,Unity Healthcare Collaborative,Virginia,2019,0,0,0.02766047551199058
A05275,Meadow Physicians Health System,Indiana,2019,1,1,0.5711763794559074
A05278,Eastgate Medical Physician Alliance,Ohio,2019,0,0,0.12971998336963797
A05289,Riverbend Wellness Care Network,Texas,2019,0,0,0.09940707415619177
A05292,Silverstone Care Network Physician Alliance,Alabama,2019,0,0,0.05422335314954949
A05296,Northstar Health Alliance Alliance,Maryland,2019,1,1,0.7184670432726226
A05300,Maplewood Community Care Care Network,North Carolina,2019,0,0,0.06593504925832311
A05306,Horizon Care Alliance Physician Alliance,Maryland,2019,0,0,0.11733336668856113
A05312,Riverbend Physicians Health System,Missouri,2019,0,0,0.031281881500638486
A05314,Canyon Medical Partners Physician Alliance,New Jersey,2019,0,0,0.1304466213025451
A05322,Pinnacle Medical Group Health System,Michigan,2019,1,1,0.7599145846490901
A05327,Cedar Health Partners,Illinois,2019,0,0,0.2581639033927806
A05343,Pinnacle Medical Partners,Maryland,2019,0,0,0.009472165250748692
A05344,Crestview Healthcare Medical Center,Alabama,2019,0,0,0.19661919753803553
A05351,Parkview Health Alliance Physician Alliance,Ohio,2019,0,0,0.23459172913273496
A05356,Blue Ridge Health Collaborative Network,Georgia,2019,0,0,0.09538009796010641
A05357,Stonebridge Medical Physician Alliance,Florida,2019,0,0,0.21156652480796137
A05361,Clearview Physicians Physician Alliance,Florida,2019,0,0,0.08244479497986759
A05369,Riverbend Physician Network Physician Alliance,Tennessee,2019,0,0,0.13365644396157156
A05371,Pioneer Clinical Partners Network,Missouri,2019,0,0,0.09256729796187914
A05375,Community Care Partners Network,Florida,2019,0,0,0.034700119584393646
A05382,Pinnacle Medical Partners Group,Connecticut,2019,0,0,0.0609424943229256
A05414,Brookside Health Partners Care Network,Pennsylvania,2019,0,0,0.04358373278937935
A05415,Valley Wellness Partners,Alabama,2019,0,0,0.19270416353598727
A05421,Unity Physician Network Group,Indiana,2019,0,0,0.014468218039782868
A05427,Northstar Care Network Health System,New York,2019,0,0,0.016513811891600044
A05428,Metro Health Network Network,Missouri,2019,0,0,0.10926646660544355
A05429,Beacon Physician Network Alliance,Maryland,2019,0,0,0.05322958673219978
A05439,Golden Valley Medical Group Association,Michigan,2019,0,0,0.06025331819489105
A05440,Metro Health Partners Care Network,Pennsylvania,2019,0,0,0.04161655371583435
A05442,Golden Valley Physician Network Alliance,Alabama,2019,0,0,0.05139266482428607
A05454,Eastgate Clinical Partners Medical Center,Pennsylvania,2019,0,0,0.094006080784453
A05459,Community Care Alliance Care Network,Wisconsin,2019,0,0,0.1471944468808463
A05465,Pinnacle Care Partners Partners,Oregon,2019,0,0,0.09065729770815001
A05472,Cedar Community Care Association,Pennsylvania,2019,1,1,0.9950149193865745
A05486,Highland Physician Network Partners,New York,2019,0,0,0.11138437306499338
A05492,Green Valley Community Care Physician Alliance,Maryland,2019,0,0,0.04154028632109411
A05496,Green Valley Health Alliance,Georgia,2019,0,0,0.24528580596399116
A05497,Community Healthcare Network,Missouri,2019,0,0,0.03829161679333703
A05498,Heartland Physician Network Health System,Connecticut,2019,0,0,0.13623824198072818
A05502,Pioneer Integrated Health Partners,Massachusetts,2019,0,0,0.019014895493665862
A05503,Highland Integrated Health Partners,Virginia,2019,0,0,0.13436175328398617
A05509,Pioneer Community Care Medical Center,Texas,2019,0,0,0.10779392721415773
A05510,Riverside Medical Group Medical Center,North Carolina,2019,0,0,0.0
A05511,Golden Valley Physicians Association,Virginia,2019,0,0,0.3091457620941053
A05518,Pioneer Health Partners Care Network,Illinois,2019,0,0,0.058617714774992107
A05519,Gateway Health Network Collaborative,Pennsylvania,2019,0,0,0.0573502674850205
A05523,Mountain View Integrated Health Network,Oregon,2019,0,0,0.2116480501853218
A05524,Westfield Medical Group Association,New York,2019,0,0,0.1672728536746823
A05526,Beacon Care Network Care Network,Georgia,2019,0,0,0.0275330050426957
A05534,WellSpring Medical Partners Health System,Virginia,2019,0,0,0.268645494312368
A05539,Gateway Community Care Care Network,Ohio,2019,0,0,0.2629276070357573
A05542,Silverstone Integrated Health Medical Center,Illinois,2019,0,0,0.17109890465201677
A05546,WellSpring Health Collaborative Care Network,California,2019,0,0,0.06941945497555492
A05547,Metro Health Alliance Collaborative,California,2019,0,0,0.047698530916539604
A05551,Redwood Health Network Care Network,Minnesota,2019,0,0,0.013991522016682438
A05552,Brookside Health Network Care Network,Tennessee,2019,0,0,0.058468361211345285
A05559,Unity Care Partners Group,Virginia,2019,1,0,0.22970341648153692
A05561,Community Clinical Partners Medical Center,North Carolina,2019,0,0,0.2872211712026149
A05563,Redwood Medical Group Partners,Virginia,2019,0,0,0.1331856569785774
A05565,Beacon Health Collaborative Association,Oregon,2019,0,0,0.27238981420899533
A05569,Silverstone Healthcare Care Network,Indiana,2019,0,0,0.07243413718445767
A05575,Canyon Medical Partners Network,California,2019,0,0,0.2297820256639846
A05576,Grandview Physicians Association,California,2019,0,0,0.04982033649768591
A05578,Community Physicians Health System,Connecticut,2019,0,0,0.07784380859933746
A05581,Pioneer Health Collaborative Association,Illinois,2019,0,0,0.08051471075260488
A05583,Crestview Medical Group Care Network,Georgia,2019,0,0,0.04676700272710519
A05586,Pinnacle Care Health System,Tennessee,2019,0,0,0.02124491914773734
A05591,Meadow Health Network Network,Florida,2019,0,0,0.08870641416123243
A05592,Golden Valley Healthcare Health System,Illinois,2019,0,0,0.09288638931382476
A05599,Lakeside Medical Partners Group,Colorado,2019,0,0,0.05512353842348544
A05600,Crestview Healthcare Alliance,Colorado,2019,0,0,0.04227817913486816
A05606,Gateway Medical Association,California,2019,0,0,0.13156895650621997
A05607,Valley Care Network,Oregon,2019,0,0,0.15354974123791815
A05608,Valley Health Network Collaborative,Michigan,2019,1,1,0.936876638671675
A05617,Heartland Medical Alliance,Missouri,2019,0,0,0.32190053109766414
A05619,Oakridge Physicians Alliance,Georgia,2019,0,0,0.02028117640412571
A05621,Green Valley Health Network Medical Center,Illinois,2019,0,0,0.14841152169649965
A05626,Valley Medical Partners Network,Virginia,2019,0,0,0.019684453662837192
A05632,Beacon Wellness Medical Center,New York,2019,0,0,0.2128238180720499
A05635,Beacon Integrated Health Network,Georgia,2019,0,0,0.12522839611229694
A05642,Community Health Collaborative Collaborative,California,2019,0,0,0.10267709458448993
A05645,Riverbend Clinical Partners Collaborative,Oregon,2019,0,0,0.4647327293868557
A05653,Highland Healthcare Care Network,Michigan,2019,0,0,0.12512408681227571
A05658,Community Provider Alliance Care Network,New Jersey,2019,1,0,0.08765368162311127
A05664,Pioneer Care Network Group,Ohio,2019,0,0,0.16592391061335768
A05667,Heartland Health Network Care Network,New Jersey,2019,0,0,0.02255464692955771
A05670,Riverbend Medical Partners Physician Alliance,Minnesota,2019,0,0,0.14142075139324098
A05672,Mountain View Physician Network Partners,Wisconsin,2019,0,0,0.08723418202377509
A05673,Canyon Healthcare Collaborative,California,2019,0,0,0.13629541005931742
A05679,Green Valley Health Collaborative Medical Center,Georgia,2019,0,0,0.10244060990259583
A05688,Metro Medical Group Care Network,Connecticut,2019,0,0,0.05323083043207629
A05690,WellSpring Care Partners Collaborative,Alabama,2019,0,0,0.11380887377091216
A05691,Lakeside Health Partners Network,Texas,2019,0,0,0.05936682923696538
A05692,Maplewood Care Collaborative,Virginia,2019,0,0,0.402805239728409
A05704,Riverside Health Alliance Network,Arizona,2019,0,0,0.0372315166679547
A05723,Clearview Care Network Association,Illinois,2019,0,0,0.07766353838749693
A05727,Stonebridge Physician Network Care Network,Illinois,2019,0,0,0.03349391054957444
A05736,Pioneer Health Partners Network,Pennsylvania,2019,0,0,0.24103538336201413
A05743,Community Medical Partners Group,Colorado,2019,0,0,0.06383271340052284
A05745,Mountain View Health Collaborative Group,Tennessee,2019,0,0,0.3159078123141732
A05753,Lakeside Clinical Partners Care Network,Washington,2019,0,0,0.12245219868543691
A05758,Highland Health Alliance Care Network,Georgia,2019,0,0,0.04416110293322287
A05761,Mountain View Health Partners Collaborative,Arizona,2019,1,0,0.16433198207182023
A05767,Silverstone Care Alliance Care Network,Maryland,2019,1,1,0.5782578837178057
A05770,WellSpring Health Alliance Collaborative,Florida,2019,0,0,0.058086170868158316
A05773,Meadow Health Collaborative Care Network,Florida,2019,0,0,0.14776695150405014
A05780,Highland Provider Alliance Alliance,Minnesota,2019,0,0,0.037941666233146404
A05792,Redwood Medical Partners Network,New Jersey,2019,0,0,0.1226044166628363
A05797,Valley Care Alliance Collaborative,Connecticut,2019,0,0,0.22897835072801584
A05798,Grandview Wellness Health System,California,2019,0,0,0.034227074588279754
A05816,Westfield Health Alliance Collaborative,New Jersey,2019,0,0,0.022640085494800868
A05818,Parkview Physicians Partners,Colorado,2019,0,0,0.12384362657801756
A05824,Redwood Medical Network,Illinois,2019,0,0,0.018084976096931948
A05828,Horizon Wellness Alliance,Maryland,2019,0,0,0.06404068731171889
A05829,Unity Care Partners Network,Texas,2019,0,0,0.31317095977632764
A05838,Eastgate Care Alliance Group,Connecticut,2019,0,0,0.08980753333656244
A05841,Summit Clinical Partners Health System,Minnesota,2019,0,0,0.014381688136151049
A05853,Pioneer Care Alliance Network,Massachusetts,2019,1,0,0.457996771508019
A05855,Springfield Care Partners Group,Virginia,2019,0,0,0.10242154008572733
A05860,Highland Healthcare Alliance,Michigan,2019,1,0,0.27787504228063564
A05861,Parkview Care Partners,Connecticut,2019,0,0,0.021366026951106804
A05871,Heartland Integrated Health Network,Colorado,2019,0,0,0.08553361662571034
A05872,Westfield Community Care Health System,Washington,2019,0,0,0.06620107208266057
A05875,Northstar Wellness Health System,Florida,2019,0,0,0.13289486298996006
A05877,Oakridge Care Alliance Collaborative,Illinois,2019,0,0,0.20689471500626314
A05878,Summit Healthcare Health System,Indiana,2019,0,0,0.030936830952383806
A05880,Cedar Health Network Group,Arizona,2019,0,0,0.15841258886260678
A05893,Parkview Wellness Physician Alliance,Florida,2019,0,0,0.08055530122380666
A05894,Silverstone Healthcare Medical Center,Massachusetts,2019,1,0,0.13701018696527667
A05895,Oakridge Care Health System,Virginia,2019,0,0,0.15305798717401817
A05901,Beacon Healthcare Care Network,Minnesota,2019,0,0,0.15593022402988935
A05902,Horizon Medical Group Care Network,Oregon,2019,0,0,0.07698711878812632
A05913,Northstar Health Network Care Network,Michigan,2019,0,0,0.07473914282224305
A05930,Springfield Clinical Partners Health System,Minnesota,2019,0,0,0.13500732371781052
A05933,Grandview Medical Care Network,New York,2019,1,0,0.14138203833183105
A05935,WellSpring Health Group,Texas,2019,0,0,0.13370573003671907
A05940,Unity Community Care Physician Alliance,Indiana,2019,0,0,0.16600448969249507
A05948,Unity Integrated Health Association,Missouri,2019,0,0,0.021700064038810175
A05954,Crestview Care Alliance Collaborative,Indiana,2019,0,0,0.23468922541842116
A05976,Cedar Healthcare Collaborative,Michigan,2019,0,0,0.05315355849821625
A05978,Springfield Health Physician Alliance,Wisconsin,2019,0,0,0.1761233636786234
A05980,Horizon Healthcare Collaborative,New York,2019,0,0,0.2315880101547258
A05981,Highland Health Network Partners,Connecticut,2019,0,0,0.22920645663884343
A05982,Pioneer Physicians Alliance,Texas,2019,1,1,0.8446868503521634
A05988,Highland Clinical Partners Alliance,Georgia,2019,0,0,0.010876784977124515
A05989,Stonebridge Health Partners Collaborative,Colorado,2019,0,0,0.1267414351834933
A05997,Lakeside Health Alliance Alliance,New Jersey,2019,1,0,0.19169057326717606
A05998,Gateway Health Partners Collaborative,New Jersey,2019,0,0,0.08450073822656558
A06006,Blue Ridge Provider Alliance Physician Alliance,Indiana,2019,0,0,0.03502794402322131
A06010,Pinnacle Provider Alliance Physician Alliance,Maryland,2019,0,0,0.0952797012484339
A06011,Unity Physicians Alliance,Florida,2019,0,0,0.06890917331832908
A06012,Northstar Health Collaborative Care Network,Maryland,2019,0,0,0.055880052590531644
A06013,Oakridge Care Partners Care Network,Wisconsin,2019,0,0,0.14272745351335123
A06018,Summit Health Alliance Alliance,California,2019,0,0,0.06894750773093093
A06023,Crestview Physicians Partners,Missouri,2019,1,0,0.07935788421134879
A06024,Pinnacle Medical Group Medical Center,Wisconsin,2019,0,0,0.10666402334248748
A06026,Heartland Medical Group Group,Michigan,2019,0,0,0.1736812346202546
A06032,Beacon Medical Physician Alliance,Massachusetts,2019,0,0,0.16022025786318078
A06036,Highland Health Collaborative Association,Arizona,2019,0,0,0.1975119670479633
A06045,Pioneer Medical Group Collaborative,Massachusetts,2019,0,0,0.038300382839147565
A06061,Metro Wellness Collaborative,Oregon,2019,0,0,0.029899533071475175
A06064,Parkview Medical Group Partners,New Jersey,2019,0,0,0.07932341273840357
A06066,Springfield Health Collaborative Alliance,Florida,2019,0,0,0.09183055282925608
A06074,Riverside Care Network Care Network,Wisconsin,2019,0,0,0.10364938493602263
A06081,Parkview Health Alliance Alliance,Alabama,2019,0,0,0.2924424111703578
A06082,Highland Care Health System,Connecticut,2019,0,0,0.07011955752391791
A06085,Maplewood Clinical Partners Physician Alliance,Missouri,2019,0,0,0.0012682542958873005
A06087,Metro Health Network,Colorado,2019,0,0,0.11664503512276575
A06099,Summit Health Alliance Partners,Tennessee,2019,0,0,0.05774616275818728
A06102,Evergreen Medical Group Association,Connecticut,2019,0,0,0.3993046418744667
A06110,Crestview Care Partners Health System,Florida,2019,0,0,0.11151160435930006
A06119,Clearview Provider Alliance Association,Georgia,2019,0,0,0.3207353844934554
A06120,Cedar Integrated Health Network,Wisconsin,2019,0,0,0.2765531451572542
A06124,Northstar Care Alliance Association,Missouri,2019,1,1,0.6925435670746073
A06129,Parkview Care Medical Center,Illinois,2019,0,0,0.12406945404042785
A06131,Lakeside Physician Network Physician Alliance,Michigan,2019,0,0,0.18240910305408128
A06135,Metro Clinical Partners Group,Illinois,2019,0,0,0.1479995350247771
A06145,Riverbend Health Partners,Arizona,2019,0,0,0.1417406631441171
A06150,Valley Care Alliance Alliance,New Jersey,2019,1,1,0.6882573347774061
A06165,Highland Medical Partners,Virginia,2019,1,0,0.1891425469659932
A06174,Stonebridge Community Care Alliance,Michigan,2019,0,0,0.10838608868992342
A06176,Green Valley Physician Network Health System,Georgia,2019,0,0,0.03579859671576293
A06181,Maplewood Medical Group Group,New Jersey,2019,0,0,0.04732585943522274
A06193,Stonebridge Community Care Association,Minnesota,2019,0,0,0.0719469677244745
A06202,Blue Ridge Medical Group Association,Arizona,2019,0,0,0.15559673015643352
A06208,Green Valley Healthcare Group,New York,2019,0,0,0.029039072307214774
A06209,Westfield Care Group,Texas,2019,0,0,0.13969512679635954
A06224,Unity Clinical Partners Network,New Jersey,2019,0,0,0.34647737985355476
A06226,Community Medical Collaborative,Colorado,2019,0,0,0.1341851529784635
A06227,Maplewood Health Alliance Alliance,Ohio,2019,1,0,0.1213817508629733
A06231,Mountain View Health Health System,Tennessee,2019,0,0,0.03822962848818673
A06232,Lakeside Community Care Network,Georgia,2019,0,0,0.25281337904383416
A06245,Brookside Physician Network Medical Center,New Jersey,2019,0,0,0.17253865908321933
A06250,Blue Ridge Health Association,Illinois,2019,0,0,0.11099423041886312
A06255,Springfield Care Association,Texas,2019,0,0,0.05083822799352251
A06256,Crestview Physicians Group,Florida,2019,0,0,0.10732813515092125
A06259,Brookside Provider Alliance Association,North Carolina,2019,1,0,0.08335356564843881
A06262,Evergreen Physician Network Physician Alliance,Maryland,2019,0,0,0.06389028296839354
A06271,Metro Care Partners Group,Oregon,2019,0,0,0.009662187930123464
A06273,Maplewood Medical Medical Center,Ohio,2019,0,0,0.10590184777752087
A06278,Canyon Physicians Health System,New York,2019,1,1,0.6443932509561123
A06289,Valley Health Alliance Physician Alliance,Tennessee,2019,0,0,0.056034658473296445
A06294,Beacon Physicians Health System,Washington,2019,0,0,0.24572039765614537
A06299,Lakeside Care Partners Alliance,New York,2019,0,0,0.13794885065892892
A06301,Riverbend Care Network Network,New Jersey,2019,0,0,0.04077716024108273
A06307,Clearview Physician Network Medical Center,Missouri,2019,1,0,0.11846307213042159
A06310,Springfield Wellness Physician Alliance,Pennsylvania,2019,0,0,0.23913660853098065
A06313,Valley Medical Partners Medical Center,Florida,2019,0,0,0.03772196263683724
A06314,Blue Ridge Clinical Partners Collaborative,Wisconsin,2019,0,0,0.08097634747317876
A06315,Gateway Medical Group Association,California,2019,0,0,0.10389293944908042
A06316,Canyon Health Alliance Alliance,Missouri,2019,0,0,0.02250945093869053
A06327,Beacon Physicians Association,Colorado,2019,0,0,0.050056666597302894
A06330,Community Healthcare Physician Alliance,New York,2019,0,0,0.02861788330562901
A06332,Fairview Physician Network Collaborative,Illinois,2019,0,0,0.08064201677054184
A06338,Grandview Medical Group Network,Tennessee,2019,1,1,0.7796690928813877
A06348,Valley Care Network Partners,Missouri,2019,0,0,0.16079853351832898
A06358,Northstar Clinical Partners Health System,Wisconsin,2019,0,0,0.1822114388663668
A06359,Fairview Health Alliance Partners,Indiana,2019,0,0,0.05310529135148018
A06360,Northstar Physician Network Collaborative,New Jersey,2019,0,0,0.16968137262110136
A06361,Eastgate Provider Alliance Health System,Wisconsin,2019,0,0,0.16002972029465964
A06369,Meadow Care Alliance Care Network,Ohio,2019,0,0,0.2744312692021017
A06372,Grandview Health Alliance Association,Virginia,2019,1,0,0.05884929626664257
A06375,Unity Care Alliance Medical Center,Oregon,2019,0,0,0.06285561553419207
A06378,Stonebridge Health Physician Alliance,Missouri,2019,0,0,0.2026588290269281
A06386,Community Health Partners Medical Center,Massachusetts,2019,0,0,0.11604562335823067
A06389,Springfield Community Care Partners,Wisconsin,2019,0,0,0.22155280157983237
A06392,Eastgate Medical Group Association,New Jersey,2019,0,0,0.08908399595945822
A06393,WellSpring Health Network Care Network,Indiana,2019,0,0,0.23210076954046038
A06396,Oakridge Integrated Health Medical Center,Illinois,2019,0,0,0.058302620930834416
A06399,Oakridge Health Partners Health System,New York,2019,1,0,0.3295046396960576
A06406,Northstar Care Network Collaborative,North Carolina,2019,0,0,0.09805867795704405
A06407,Fairview Care Network,Georgia,2019,0,0,0.09921243518921039
A06410,Brookside Care Network Care Network,Alabama,2019,0,0,0.09504623269610396
A06416,Northstar Care Medical Center,Massachusetts,2019,1,1,0.9557576967468866
A06426,Valley Medical Care Network,Washington,2019,0,0,0.008344396636805732
A06431,Redwood Health Alliance Group,Ohio,2019,0,0,0.14681541863237826
A06432,Beacon Healthcare Physician Alliance,Massachusetts,2019,0,0,0.017935739367100818
A06434,Parkview Health Group,Pennsylvania,2019,0,0,0.08499444933736106
A06437,Heritage Health Collaborative Care Network,Tennessee,2019,0,0,0.033377070657203904
A06444,Valley Clinical Partners Association,Alabama,2019,0,0,0.19029070545028104
A06446,Green Valley Care Collaborative,Tennessee,2019,0,0,0.12404360915940808
A06452,Summit Physicians Collaborative,Washington,2019,0,0,0.13445483565556526
A06453,Oakridge Care Network Alliance,Florida,2019,0,0,0.08863594858857743
A06455,Brookside Wellness Partners,New York,2019,0,0,0.16971364082699192
A06460,Eastgate Integrated Health Alliance,Wisconsin,2019,0,0,0.0698828732439723
A06461,Blue Ridge Care Association,Oregon,2019,0,0,0.16584007097185455
A06467,Horizon Healthcare Association,Tennessee,2019,0,0,0.010906754612787749
A06479,Cedar Health Alliance Medical Center,Georgia,2019,1,0,0.33259502221765275
A06480,Unity Care Alliance Care Network,North Carolina,2019,0,0,0.17111964063889015
A06492,Golden Valley Health Collaborative Group,Missouri,2019,0,0,0.04199355539454583
A06508,Gateway Health Network Health System,Arizona,2019,1,0,0.16632675632525395
A06516,Summit Medical Partners Association,Indiana,2019,1,1,0.9905668584452617
A06523,Fairview Wellness Collaborative,Maryland,2019,0,0,0.020397106723991854
A06530,Crestview Health Physician Alliance,Georgia,2019,0,0,0.19016472643072888
A06537,Highland Health Care Network,Pennsylvania,2019,0,0,0.10324753491466213
A06538,Meadow Provider Alliance Care Network,Wisconsin,2019,0,0,0.17723712987122023
A06540,Pioneer Health Alliance,Tennessee,2019,0,1,0.5519777965357268
A06542,Eastgate Care Alliance Partners,Pennsylvania,2019,0,0,0.08698698440911254
A06544,Valley Medical Network,Virginia,2019,0,0,0.18904806826466708
A06546,Heartland Health Collaborative Network,New York,2019,0,0,0.07745601590454904
A06549,Gateway Care Alliance Physician Alliance,Tennessee,2019,0,0,0.1375085497987308
A06561,Blue Ridge Wellness Collaborative,California,2019,1,1,0.6510265577554888
A06562,Northstar Health Partners Health System,Connecticut,2019,0,0,0.23862634629598303
A06568,Maplewood Healthcare Physician Alliance,Alabama,2019,0,0,0.10454050991124075
A06569,Highland Care Network Alliance,Washington,2019,0,0,0.4435527655770741
A06572,Heritage Care Alliance Network,New Jersey,2019,0,0,0.07637306046300366
A06574,Crestview Physician Network Association,Missouri,2019,0,0,0.10673179181975533
A06576,Metro Integrated Health Physician Alliance,New Jersey,2019,0,0,0.06823489818682693
A06578,Evergreen Community Care Group,Connecticut,2019,1,0,0.37252886563678095
A06584,Fairview Care Alliance Care Network,Illinois,2019,0,0,0.17795145034949444
A06587,Grandview Clinical Partners Network,Texas,2019,0,0,0.019537569607388925
A06595,Blue Ridge Care Partners Collaborative,Tennessee,2019,0,0,0.3107919801040999
A06598,Heritage Provider Alliance Group,Missouri,2019,0,0,0.11687948115999816
A06604,Summit Health Partners Physician Alliance,California,2019,0,0,0.17192811558848814
A06608,Valley Physicians Care Network,Wisconsin,2019,0,0,0.1424898210007018
A06612,Green Valley Wellness Collaborative,Wisconsin,2019,1,1,0.6006222663655294
A06614,Parkview Wellness Association,Arizona,2019,0,0,0.1200879025927592
A06616,Riverside Health Physician Alliance,Connecticut,2019,0,0,0.05870527316320482
A06626,Riverbend Health Network Partners,Missouri,2019,0,0,0.3107484565462873
A06632,Redwood Physicians Medical Center,Washington,2019,1,1,0.7536293571111051
A06646,Horizon Provider Alliance Collaborative,Minnesota,2019,0,0,0.15601998460158556
A06651,Eastgate Health Network Collaborative,New York,2019,0,0,0.16638873285301142
A06652,Stonebridge Clinical Partners Network,Florida,2019,0,1,0.5271767640594509
A06653,Brookside Community Care Medical Center,North Carolina,2019,0,0,0.20036513056887142
A06657,Highland Care Partners Alliance,Alabama,2019,1,1,0.8607386938786454
A06666,WellSpring Care Alliance Medical Center,Oregon,2019,0,0,0.028981111912576383
A06674,Fairview Medical Medical Center,Missouri,2019,0,0,0.25722525942348784
A06677,Lakeside Medical Partners Physician Alliance,Washington,2019,0,0,0.14919112682754387
A06685,Riverside Health Network Medical Center,Oregon,2019,0,0,0.1161272696823101
A06693,Meadow Care Alliance,Colorado,2019,0,0,0.1715204203499646
A06704,Summit Physicians Health System,Minnesota,2019,0,0,0.06491495137691414
A06710,Heritage Health Alliance Collaborative,Texas,2019,0,0,0.15962402648889487
A06713,Valley Wellness Health System,Illinois,2019,0,0,0.05204683531991982
A06716,Clearview Medical Group Partners,Massachusetts,2019,0,0,0.06658051259378178
A06719,Mountain View Health Partners Association,Michigan,2019,0,0,0.109516789440885
A06723,Unity Health Partners Care Network,Michigan,2019,1,1,0.540514718478933
A06726,Golden Valley Care Health System,Arizona,2019,1,1,0.6015876237243376
A06729,Meadow Health Partners Medical Center,Florida,2019,0,0,0.2224687857422451
A06737,Pinnacle Health Physician Alliance,North Carolina,2019,0,0,0.27066544816873445
A06740,Fairview Care Partners Network,New York,2019,0,0,0.09330865077871837
A06741,Springfield Health Group,Connecticut,2019,0,0,0.1507306388741779
A06746,Clearview Wellness Care Network,Illinois,2019,0,0,0.06926245529077643
A06749,Unity Health Collaborative Care Network,Massachusetts,2019,0,0,0.080544310364295
A06750,Green Valley Health Collaborative Partners,Minnesota,2019,1,0,0.18726247517978514
A06752,Lakeside Care Medical Center,Virginia,2019,0,0,0.23559100241940045
A06753,Pioneer Provider Alliance Medical Center,Oregon,2019,0,0,0.31627236595197566
A06755,Fairview Health Alliance Collaborative,California,2019,0,0,0.12269077851306295
A06757,Springfield Wellness Association,North Carolina,2019,0,0,0.06817809108281997
A06758,Riverbend Wellness Physician Alliance,Colorado,2019,0,0,0.11575194196684128
A06777,Brookside Physician Network Group,Florida,2019,0,0,0.15386105934011451
A06779,Silverstone Wellness Health System,North Carolina,2019,1,1,0.8195780276061781
A06796,Cedar Community Care Care Network,Maryland,2019,0,0,0.19418746197550196
A06797,Summit Community Care Network,Michigan,2019,0,0,0.01746419052179241
A06799,Silverstone Medical Group Partners,Connecticut,2019,0,0,0.05846026546994257
A06806,Golden Valley Wellness Collaborative,Illinois,2019,0,0,0.03873516712307033
A06818,Maplewood Health Alliance Physician Alliance,New Jersey,2019,1,1,0.8937260175618481
A06827,Crestview Medical Physician Alliance,Virginia,2019,0,0,0.028588486056365256
A06830,Oakridge Medical Group Group,Georgia,2019,1,0,0.029441932464795362
A06840,Cedar Health Collaborative Medical Center,Colorado,2019,0,0,0.2501215281541979
A06842,Lakeside Care Alliance Physician Alliance,Pennsylvania,2019,1,0,0.1796354959927019
A06846,Heritage Community Care Association,Arizona,2019,0,0,0.04890758871589616
A06849,Grandview Medical Physician Alliance,Georgia,2019,0,0,0.1430273362839398
A06850,Lakeside Community Care Partners,Alabama,2019,0,0,0.0437942001541711
A06860,Unity Health Partners Partners,Connecticut,2019,0,0,0.24995300525946004
A06866,Cedar Medical Alliance,Wisconsin,2019,0,0,0.0606798109302866
A06886,Northstar Health Partners Collaborative,Texas,2019,0,0,0.15636227421613877
A06890,Canyon Health Partners Network,Virginia,2019,0,0,0.09280037110137242
A06897,Community Health Alliance,Missouri,2019,0,0,0.2169936319220194
A06904,Evergreen Care Alliance Network,Wisconsin,2019,0,0,0.305412065543505
A06907,Highland Medical Collaborative,Missouri,2019,0,0,0.20291589635027255
A06913,Clearview Health Network Physician Alliance,Missouri,2019,0,0,0.03964724457203747
A06917,Clearview Healthcare Collaborative,Maryland,2019,0,0,0.034506000678652574
A06919,Heritage Community Care Medical Center,Colorado,2019,0,0,0.03873516712307033
A06952,Lakeside Health Alliance Medical Center,Wisconsin,2019,0,0,0.006147333503751695
A06955,Green Valley Provider Alliance Alliance,Connecticut,2019,0,0,0.1630398681495382
A06958,Crestview Care Network Health System,Georgia,2019,1,1,0.9239860008541976
A06961,Silverstone Care Partners Group,California,2019,0,0,0.14947070251319422
A06963,Golden Valley Wellness Partners,Wisconsin,2019,0,0,0.23464419231079475
A06964,Westfield Health Network Collaborative,Virginia,2019,1,1,0.7993750245491965
A06965,Clearview Medical Partners Physician Alliance,Colorado,2019,0,0,0.4135018662941396
A06966,Green Valley Healthcare Physician Alliance,Indiana,2019,0,0,0.10564485942041751
A06974,Gateway Health Partners Partners,Michigan,2019,1,1,0.9322697697944853
A06980,Horizon Medical Group Alliance,Texas,2019,1,0,0.06404797812199013
A06984,Heritage Physicians Alliance,Tennessee,2019,0,0,0.05921233138828301
A06987,Evergreen Health Collaborative,Pennsylvania,2019,0,0,0.09673213903627569
A07006,WellSpring Wellness Alliance,Virginia,2019,0,0,0.07500049628727451
A07016,Riverbend Care Medical Center,Massachusetts,2019,0,0,0.11875229595063252
A07018,Westfield Integrated Health Association,Virginia,2019,0,0,0.0383649816651383
A07029,Grandview Medical Partners Physician Alliance,Virginia,2019,0,0,0.08509088272147017
A07031,Golden Valley Care Partners Physician Alliance,Washington,2019,0,0,0.18025953085570864
A07041,Fairview Physicians Group,Georgia,2019,0,0,0.1517602987070362
A07042,Unity Physician Network Association,New York,2019,0,0,0.027841593690295752
A07050,Northstar Physicians Partners,California,2019,0,0,0.0037771829615020113
A07055,Valley Provider Alliance Alliance,Michigan,2019,0,0,0.21091080385779537
A07056,Meadow Care Partners Group,Pennsylvania,2019,0,0,0.14749604612474465
A07057,Mountain View Wellness Alliance,New York,2019,0,0,0.2088875707240836
A07061,Oakridge Health Network Partners,Washington,2019,0,0,0.11742419989791614
A07065,Valley Health Alliance Network,North Carolina,2019,0,0,0.10638685997684696
A07072,Valley Physicians Partners,Michigan,2019,0,0,0.038546418813734405
A07079,Oakridge Health Alliance Network,Washington,2019,1,1,0.8738250120615786
A07083,Riverbend Physician Network Association,Virginia,2019,0,0,0.07621119565995867
A07085,Green Valley Care Care Network,Texas,2019,0,0,0.030129288253613766
A07088,Parkview Care Network Health System,Massachusetts,2019,1,1,0.846914741866872
A07091,Horizon Health Network Partners,Alabama,2019,0,0,0.220483271830309
A07103,Brookside Care Partners Care Network,Connecticut,2019,0,0,0.056720096591924535
A07106,Heartland Integrated Health Medical Center,Indiana,2019,0,0,0.13209979491764112
A07108,Highland Wellness Alliance,Arizona,2019,0,0,0.11265435230924735
A07110,Riverside Health Collaborative Association,Michigan,2019,0,0,0.17930672769202308
A07112,Blue Ridge Care Partners Care Network,Tennessee,2019,1,0,0.13937853357494737
A07120,Unity Health Network Medical Center,Texas,2019,0,0,0.2833821420784482
A07121,Heritage Medical Medical Center,New Jersey,2019,0,0,0.12649411662988885
A07126,Stonebridge Care Association,Minnesota,2019,0,0,0.07170114551851796
A07131,Unity Clinical Partners Group,Maryland,2019,0,0,0.13945875208658787
A07142,Mountain View Care Partners Partners,Michigan,2019,0,0,0.020830392322937517
A07146,Summit Health Collaborative Association,Virginia,2019,0,0,0.025299564612639224
A07150,Maplewood Physicians Collaborative,New York,2019,0,0,0.2508258553970322
A07171,Horizon Integrated Health Alliance,Oregon,2019,0,0,0.02190312093006307
A07172,Eastgate Health Partners,Alabama,2019,0,0,0.08628765907374428
A07179,Fairview Medical Partners Medical Center,Virginia,2019,1,0,0.05118544931254396
A07181,Riverside Medical Partners Association,Connecticut,2019,0,1,0.603582535179769
A07182,Lakeside Physicians Collaborative,North Carolina,2019,1,0,0.3782483852688921
A07194,Beacon Health Network Partners,Pennsylvania,2019,0,0,0.03974044822690611
A07207,Oakridge Medical Partners Partners,North Carolina,2019,0,0,0.27745748574699525
A07210,Gateway Care Partners Care Network,North Carolina,2019,0,0,0.06719641693086192
A07220,Highland Health Collaborative Health System,Colorado,2019,1,1,0.662634600814832
A07233,Silverstone Health Health System,New York,2019,0,0,0.0966083431468909
A07251,Gateway Community Care Group,Tennessee,2019,0,0,0.18108406890649079
A07261,Redwood Health Care Network,Illinois,2019,1,0,0.36135233494488744
A07263,Grandview Physicians Alliance,Texas,2019,0,0,0.0186315050360207
A07266,Maplewood Care Network Medical Center,Indiana,2019,0,0,0.14774450298503397
A07269,Northstar Medical Medical Center,California,2019,0,0,0.23173642007784107
A07272,Blue Ridge Healthcare Association,Texas,2019,0,0,0.06538754135557308
A07282,Beacon Health Alliance Medical Center,Tennessee,2019,0,0,0.31614445793359597
A07300,Pinnacle Healthcare Collaborative,New Jersey,2019,0,0,0.21190166340962865
A07302,Westfield Care Network Physician Alliance,Arizona,2019,1,1,0.5944433764205251
A07304,Horizon Care Network Health System,Indiana,2019,0,0,0.10071738805532006
A07308,Metro Health Alliance Alliance,Minnesota,2019,0,0,0.23339843740988875
A07312,Stonebridge Provider Alliance Health System,Michigan,2019,0,0,0.18892668390136114
A07315,Heritage Integrated Health Association,North Carolina,2019,0,0,0.09186003873139673
A07317,Maplewood Physicians Health System,Colorado,2019,0,0,0.14441760450194036
A07320,Highland Community Care Medical Center,New Jersey,2019,0,0,0.12461590398801904
A07332,Northstar Care Partners,Texas,2019,0,0,0.16998979264414882
A07334,Unity Health Health System,Tennessee,2019,0,0,0.24630698599815828
A07336,Riverside Wellness Physician Alliance,New Jersey,2019,0,0,0.10734421234761914
A07339,Heartland Health Collaborative Medical Center,Minnesota,2019,0,0,0.029627126601115727
A07340,Gateway Health Partners Care Network,New York,2019,0,0,0.019823692930222323
A07342,Valley Health Partners Collaborative,Maryland,2019,0,0,0.02265274102941309
A07345,Highland Care Network Care Network,Missouri,2019,0,0,0.21843520148828044
A07346,Northstar Provider Alliance Care Network,Alabama,2019,0,0,0.2276252875699866
A07348,Springfield Physicians Collaborative,California,2019,0,0,0.2755660477059257
A07359,Community Integrated Health Physician Alliance,Arizona,2019,0,0,0.13904731324922656
A07364,Pinnacle Community Care Medical Center,Tennessee,2019,0,0,0.029277196553969258
A07366,Mountain View Medical Group Care Network,Texas,2019,0,0,0.06551384196248787
A07368,Cedar Care Partners Health System,Alabama,2019,0,0,0.0706721953864274
A07372,Eastgate Physicians Partners,Oregon,2019,0,0,0.12019002189858244
A07374,Oakridge Care Network Health System,Michigan,2019,0,0,0.1687548180967968
A07379,Springfield Community Care Association,Pennsylvania,2019,0,0,0.00357140558550965
A07386,Summit Medical Group Medical Center,Illinois,2019,0,0,0.24532341887300643
A07394,Silverstone Care Partners Care Network,Washington,2019,0,0,0.15055744796897108
A07406,Heritage Health Partners Partners,Wisconsin,2019,0,0,0.0063345198274656215
A07407,Eastgate Medical Group Collaborative,Colorado,2019,0,0,0.011350898140772002
A07413,Beacon Health Network Physician Alliance,Tennessee,2019,0,0,0.19032222179522
A07422,Community Care Alliance Physician Alliance,Minnesota,2019,0,0,0.011261428744843866
A07425,Cedar Medical Partners Care Network,Ohio,2019,0,0,0.20449460487122986
A07426,Unity Integrated Health Care Network,Oregon,2019,0,0,0.22004938141646657
A07431,Heritage Care Alliance Group,Texas,2019,0,0,0.08152229595842002
A07440,Unity Medical Group Network,Michigan,2019,0,0,0.07029934075958008
A07448,Riverbend Health Collaborative Care Network,Massachusetts,2019,0,0,0.2237777238346005
A07453,Brookside Community Care Collaborative,Colorado,2019,0,0,0.18919897966503624
A07456,Redwood Medical Partners Partners,Arizona,2019,0,0,0.09769160873143154
A07468,Heritage Wellness Physician Alliance,Massachusetts,2019,0,0,0.08901116775689177
A07478,Riverbend Health Alliance Medical Center,Maryland,2019,1,1,0.7005128733721019
A07480,Valley Wellness Medical Center,Indiana,2019,0,0,0.03598159160056599
A07481,Riverside Health Partners Medical Center,Wisconsin,2019,0,0,0.17200191759464173
A07490,Canyon Care Alliance Health System,Minnesota,2019,0,0,0.11188742699800151
A00003,Oakridge Health Physician Alliance,Arizona,2020,1,1,0.7319434948712724
A00004,Eastgate Medical Group Health System,Michigan,2020,0,0,0.11192965069924413
A00011,Heritage Wellness Network,Maryland,2020,0,0,0.02813521048672714
A00017,Parkview Care Network,Indiana,2020,0,0,0.27566868135662975
A00018,Grandview Health Network Network,Michigan,2020,0,0,0.23172328157501787
A00025,Northstar Healthcare Alliance,Oregon,2020,0,0,0.06511512604722268
A00032,Heartland Medical Partners Partners,Alabama,2020,0,0,0.13789312755128455
A00044,Mountain View Clinical Partners Group,Massachusetts,2020,0,0,0.1365034670429094
A00049,Community Health Partners Health System,Missouri,2020,0,0,0.06866962805948008
A00055,Westfield Medical Partners Network,Illinois,2020,0,0,0.16389394425116344
A00069,Fairview Health Partners Health System,Connecticut,2020,0,0,0.038645651483553374
A00072,Crestview Health Alliance Network,Indiana,2020,0,0,0.09173473187606994
A00078,Heartland Clinical Partners Medical Center,Colorado,2020,0,0,0.18905379878543233
A00080,Maplewood Community Care Health System,Arizona,2020,1,1,0.7240305453347681
A00081,Pioneer Medical Health System,New York,2020,1,0,0.09912452608196017
A00090,Lakeside Medical Group Health System,Tennessee,2020,0,0,0.04039998576204412
A00092,Parkview Medical Partners,Pennsylvania,2020,0,0,0.3253004078968683
A00093,Gateway Provider Alliance Alliance,Ohio,2020,0,0,0.1551632477083261
A00094,Metro Care Care Network,Massachusetts,2020,0,0,0.12199885855819118
A00109,Eastgate Care Alliance Association,Texas,2020,1,0,0.42276784979191667
A00114,Westfield Community Care Medical Center,Missouri,2020,0,0,0.33665863646044164
A00115,Blue Ridge Care Alliance Collaborative,Minnesota,2020,0,0,0.26606098210669704
A00117,Evergreen Care Alliance Health System,Florida,2020,0,0,0.06725259394115503
A00129,Redwood Health Collaborative Network,Pennsylvania,2020,0,0,0.18888981134913135
A00132,WellSpring Health Network Medical Center,Minnesota,2020,0,0,0.22166336286279287
A00133,Clearview Health Partners Network,Tennessee,2020,1,1,0.6457073046862282
A00140,Community Community Care Alliance,Illinois,2020,0,0,0.11005546789663123
A00143,Springfield Clinical Partners Care Network,Maryland,2020,0,0,0.03543582601671455
A00156,Blue Ridge Health Partners,Connecticut,2020,0,0,0.13605083470596763
A00162,Mountain View Care Network Care Network,Arizona,2020,1,0,0.1862661166741301
A00164,Maplewood Provider Alliance Group,Alabama,2020,0,0,0.13560658129740846
A00165,Northstar Health Alliance Health System,Ohio,2020,0,0,0.15399566374510132
A00166,Silverstone Medical Partners Alliance,Michigan,2020,0,0,0.20491725282734197
A00168,Cedar Care Partners Partners,Oregon,2020,0,0,0.13306414002084022
A00169,Maplewood Health Partners Network,Massachusetts,2020,0,0,0.027056369004325488
A00175,Canyon Healthcare Medical Center,Wisconsin,2020,0,0,0.059450344847946576
A00183,WellSpring Physician Network Group,Arizona,2020,0,0,0.12774674771599748
A00184,Westfield Medical Group Network,Maryland,2020,0,0,0.11986187562419565
A00186,Canyon Medical Collaborative,Illinois,2020,1,0,0.05118544931254396
A00190,Pioneer Health Network Health System,Arizona,2020,0,0,0.047651993390301135
A00195,Pioneer Community Care Association,California,2020,0,0,0.10532293394170918
A00198,Northstar Integrated Health Network,Arizona,2020,0,0,0.16182397975273066
A00199,Grandview Medical Partners Collaborative,Oregon,2020,0,0,0.2904502883982108
A00205,Highland Care Network Network,Oregon,2020,0,0,0.2972715552389018
A00206,Parkview Health Partners Partners,Missouri,2020,0,0,0.042745203832535925
A00208,Parkview Integrated Health Medical Center,Alabama,2020,0,0,0.13170365555896502
A00219,Gateway Health Network Association,Connecticut,2020,0,0,0.20951381227922286
A00220,Cedar Care Care Network,Washington,2020,0,0,0.22368841668523248
A00227,Golden Valley Care Network Group,New York,2020,0,0,0.052431302667703183
A00240,Fairview Medical Association,Arizona,2020,0,0,0.2928531991684279
A00265,Gateway Health Alliance Health System,Wisconsin,2020,1,1,0.9389743259615604
A00268,Grandview Health Alliance,Indiana,2020,0,0,0.021075215919977786
A00279,Heritage Physicians Medical Center,Oregon,2020,0,0,0.05768135958567532
A00293,Gateway Clinical Partners Medical Center,Minnesota,2020,1,0,0.38011600988589755
A00302,Redwood Healthcare Group,New York,2020,1,0,0.12402905416445963
A00314,Blue Ridge Medical Partners Physician Alliance,Massachusetts,2020,0,0,0.13519077979378072
A00324,Evergreen Provider Alliance Group,Alabama,2020,0,0,0.15163635489476304
A00328,WellSpring Care Medical Center,New York,2020,0,0,0.17018809916327268
A00329,Parkview Health Collaborative,Illinois,2020,0,0,0.026436085742509125
A00336,Mountain View Community Care Collaborative,Texas,2020,0,0,0.0046338825054045895
A00344,WellSpring Care Alliance,Missouri,2020,0,0,0.17045031381192102
A00353,Brookside Care Network Physician Alliance,Ohio,2020,0,0,0.052598839040756316
A00354,Pinnacle Medical Health System,Washington,2020,0,0,0.18523367217787093
A00357,Fairview Community Care Association,Connecticut,2020,0,0,0.1139932379103714
A00367,Green Valley Wellness Association,Wisconsin,2020,1,1,0.5976384628197656
A00371,Clearview Clinical Partners Care Network,Georgia,2020,0,0,0.18387967021016205
A00376,Blue Ridge Care Partners Physician Alliance,Pennsylvania,2020,1,0,0.14685682531893102
A00385,Fairview Health Alliance,Colorado,2020,0,0,0.08854620036490739
A00395,Valley Provider Alliance Group,Maryland,2020,0,0,0.07757183508100794
A00417,Lakeside Community Care Collaborative,New Jersey,2020,0,0,0.11360955220009496
A00419,Metro Care Partners,New York,2020,0,0,0.08437299682341784
A00430,Mountain View Care Care Network,Tennessee,2020,0,0,0.04938699802347349
A00432,Heritage Community Care Alliance,Michigan,2020,0,0,0.07893804154522735
A00435,Riverside Community Care Partners,Connecticut,2020,0,0,0.06111342608942857
A00436,Gateway Health Alliance Care Network,Missouri,2020,0,0,0.05801862863404441
A00438,WellSpring Medical Physician Alliance,Illinois,2020,0,0,0.09531655335030255
A00446,Beacon Care Partners Care Network,Ohio,2020,0,0,0.03211173592926249
A00447,Westfield Medical Group,Georgia,2020,0,0,0.12329942924107662
A00458,Lakeside Care Collaborative,California,2020,0,0,0.09984628248007339
A00460,Valley Physician Network Care Network,Texas,2020,0,0,0.10244907602341011
A00465,Riverbend Health Partners Alliance,Texas,2020,0,0,0.09714166475448927
A00469,Pinnacle Health Collaborative Group,Connecticut,2020,0,0,0.1525032024260899
A00494,Gateway Care Alliance Alliance,Texas,2020,0,0,0.11303145271073277
A00497,Green Valley Medical Care Network,Washington,2020,0,0,0.23642891742134634
A00500,Lakeside Community Care Physician Alliance,Colorado,2020,0,0,0.0743029136122184
A00502,Lakeside Health Collaborative Network,Florida,2020,0,0,0.11255876778955716
A00503,Blue Ridge Physicians Care Network,California,2020,0,0,0.21272148784490186
A00504,Brookside Health Collaborative Physician Alliance,North Carolina,2020,0,0,0.42317184167943594
A00508,Springfield Health Partners Collaborative,Colorado,2020,1,0,0.21357675963096656
A00520,Westfield Health Network Medical Center,Texas,2020,0,0,0.024657102842866804
A00528,Grandview Healthcare Association,Indiana,2020,0,0,0.038880338080879956
A00529,Highland Health Group,Wisconsin,2020,0,0,0.1618328399091303
A00530,Pioneer Care Physician Alliance,Alabama,2020,0,0,0.16952576782059686
A00532,Meadow Medical Partners Collaborative,Michigan,2020,0,0,0.05155706180986935
A00534,Eastgate Care Alliance Medical Center,Georgia,2020,0,0,0.17109845488629943
A00541,Canyon Clinical Partners Partners,New York,2020,0,0,0.038206984265309225
A00548,Summit Medical Group Association,Missouri,2020,0,0,0.08043502757886102
A00551,Fairview Physician Network Group,Virginia,2020,0,0,0.09068035691807282
A00553,Silverstone Integrated Health Health System,Pennsylvania,2020,0,0,0.026536005837114997
A00590,Brookside Integrated Health Collaborative,Michigan,2020,1,0,0.13865415749013293
A00598,Eastgate Health Alliance,Missouri,2020,0,0,0.04841111826930196
A00603,Pinnacle Health Alliance Collaborative,Texas,2020,0,0,0.15938668339973205
A00604,Brookside Community Care Health System,Michigan,2020,1,0,0.19530878110971867
A00613,Canyon Health Network Medical Center,Tennessee,2020,0,0,0.062496141603339835
A00615,Eastgate Medical Group Medical Center,Maryland,2020,0,0,0.056643083737238385
A00617,Blue Ridge Care Alliance Physician Alliance,Tennessee,2020,0,0,0.062054009883890454
A00618,Brookside Health Partners,Missouri,2020,0,0,0.05912875130614965
A00623,WellSpring Health Network Partners,Colorado,2020,1,1,0.6166495663621491
A00629,Westfield Physicians Group,Missouri,2020,0,0,0.1462902803594614
A00657,Metro Medical Partners Physician Alliance,Washington,2020,0,0,0.08959144996552798
A00658,Westfield Integrated Health Collaborative,Oregon,2020,0,0,0.38763925049649184
A00661,Golden Valley Community Care Partners,Arizona,2020,1,0,0.28747872558241727
A00662,Golden Valley Health Collaborative Care Network,Oregon,2020,0,0,0.0476843012186192
A00664,Evergreen Provider Alliance Health System,California,2020,0,0,0.0540090020876341
A00671,Evergreen Health Partners Network,Missouri,2020,0,0,0.14070087329759598
A00677,WellSpring Health Collaborative Medical Center,Florida,2020,0,0,0.17997720569375875
A00679,Oakridge Health Alliance,Colorado,2020,0,0,0.14396629375991388
A00681,Grandview Care Alliance Medical Center,Tennessee,2020,0,0,0.10796121052249286
A00687,Springfield Medical Medical Center,Tennessee,2020,0,0,0.13713734080258516
A00688,Lakeside Care Alliance Alliance,Ohio,2020,0,0,0.13460210372899747
A00689,Grandview Health Partners Association,Missouri,2020,0,0,0.024583855691550832
A00690,Heartland Healthcare Care Network,North Carolina,2020,1,1,0.5598970740543787
A00703,Heartland Healthcare Health System,Connecticut,2020,0,0,0.1570593673053662
A00708,Highland Medical Network,Connecticut,2020,1,0,0.20780319075010617
A00726,Westfield Health Medical Center,Arizona,2020,0,0,0.020869290847189418
A00732,Heartland Health Alliance Collaborative,North Carolina,2020,0,0,0.2944402928698681
A00748,Heritage Health Partners Health System,California,2020,0,0,0.060584799804579266
A00752,Mountain View Medical Group Physician Alliance,Michigan,2020,0,0,0.33699702538213616
A00754,Clearview Medical Association,Tennessee,2020,0,0,0.38683394779043145
A00765,Oakridge Medical Group Physician Alliance,Michigan,2020,0,0,0.3020461267950976
A00770,Golden Valley Medical Group Group,Florida,2020,0,0,0.11653542439415063
A00771,Community Care Partners Group,New York,2020,0,0,0.05206935167583895
A00772,Fairview Clinical Partners Group,Missouri,2020,0,0,0.09087711780058876
A00778,Redwood Care Alliance Physician Alliance,Maryland,2020,0,0,0.2961555829088245
A00787,Springfield Health Partners Association,Oregon,2020,0,0,0.1309795857197215
A00816,Meadow Physicians Collaborative,New Jersey,2020,1,1,0.8608100965872899
A00817,Summit Care Partners Care Network,Arizona,2020,0,0,0.10355259819137419
A00818,Valley Care Partners Health System,Pennsylvania,2020,1,1,0.6645584459917621
A00820,Maplewood Care Partners Medical Center,New Jersey,2020,0,0,0.1665314405469178
A00823,Lakeside Community Care Care Network,Illinois,2020,0,0,0.13311072255184264
A00825,Springfield Integrated Health Association,New York,2020,0,0,0.07377106945406425
A00828,Riverside Health Partners Care Network,New York,2020,0,0,0.1739423637716609
A00832,Unity Clinical Partners Physician Alliance,Tennessee,2020,0,0,0.12592215424757697
A00835,Northstar Medical Partners Network,Tennessee,2020,0,0,0.053675919049663075
A00839,Gateway Care Care Network,Massachusetts,2020,0,0,0.08005085576602002
A00840,Golden Valley Care Partners Collaborative,California,2020,0,0,0.3563386778741435
A00842,Summit Care Partners Health System,Arizona,2020,0,0,0.0884059091766418
A00844,Brookside Clinical Partners Physician Alliance,California,2020,0,0,0.03575000419427011
A00847,Mountain View Care Network Medical Center,Colorado,2020,0,0,0.19372976919877666
A00851,Blue Ridge Health Collaborative Group,Oregon,2020,0,0,0.06602151510481721
A00853,Riverside Care Partners Alliance,Indiana,2020,0,0,0.014625070746511227
A00854,Riverside Community Care Group,Alabama,2020,0,0,0.09428139630500261
A00857,Riverside Care Network Group,Alabama,2020,1,1,0.931199749913674
A00858,Canyon Health Network Association,Florida,2020,0,0,0.02876260802772511
A00866,Clearview Care Medical Center,Minnesota,2020,0,0,0.0407254595922768
A00876,Gateway Medical Group,Virginia,2020,0,0,0.22500472448410755
A00877,Unity Health Medical Center,Maryland,2020,0,0,0.42471579858781183
A00880,Riverbend Medical Care Network,Indiana,2020,0,0,0.14597507705872795
A00896,Blue Ridge Health Partners Network,Colorado,2020,0,0,0.049325957472664175
A00897,Crestview Provider Alliance Partners,Connecticut,2020,0,0,0.10595770037552532
A00903,Stonebridge Community Care Care Network,Oregon,2020,0,0,0.0615876755969408
A00904,Brookside Provider Alliance Care Network,New Jersey,2020,0,0,0.2624993513045249
A00910,Valley Health Collaborative,Massachusetts,2020,0,0,0.08417021358614418
A00911,Beacon Clinical Partners Network,Alabama,2020,0,0,0.05527788757876193
A00918,Horizon Care Partners Network,Minnesota,2020,0,0,0.159802252608665
A00921,Unity Medical Partners Care Network,Virginia,2020,0,0,0.02173524700725773
A00929,Stonebridge Medical Group Collaborative,Illinois,2020,0,0,0.26955678937315525
A00931,Metro Care Collaborative,Connecticut,2020,0,0,0.1545554650193721
A00937,Maplewood Health Collaborative Medical Center,North Carolina,2020,0,0,0.3559299657655345
A00945,Clearview Health Health System,North Carolina,2020,0,0,0.10383091090731783
A00953,Riverbend Medical Association,Ohio,2020,0,0,0.132954770044849
A00956,Fairview Physician Network Association,Pennsylvania,2020,0,0,0.15346348357505982
A00968,Unity Physician Network Physician Alliance,Georgia,2020,1,1,0.8120276277758937
A00969,Golden Valley Provider Alliance Association,Michigan,2020,0,0,0.14243844248874632
A00972,Valley Care Alliance Group,Minnesota,2020,0,0,0.10228824248436677
A00979,Maplewood Integrated Health Medical Center,Texas,2020,0,0,0.06643969983229031
A00980,Fairview Integrated Health Partners,Connecticut,2020,0,0,0.24838952832782085
A00986,Riverside Physicians Physician Alliance,Indiana,2020,1,0,0.297788243069385
A00987,Pioneer Care Partners Collaborative,New York,2020,0,0,0.15648531307147967
A00988,Eastgate Care Partners Alliance,Illinois,2020,0,0,0.03683901630815375
A00994,Evergreen Physician Network Care Network,Alabama,2020,0,0,0.07733273387162912
A01001,Pinnacle Physician Network Association,Oregon,2020,0,0,0.0858714416022191
A01002,Canyon Care Network,Arizona,2020,0,0,0.1133901153417331
A01006,Summit Community Care Physician Alliance,Georgia,2020,0,0,0.09436776978880798
A01013,Heritage Medical Partners Physician Alliance,Colorado,2020,0,0,0.1047553980773602
A01014,Clearview Care Network Alliance,Maryland,2020,0,0,0.019139261957485224
A01023,Fairview Health Alliance Network,Virginia,2020,0,0,0.02598049206159423
A01025,Cedar Health Partners Care Network,Wisconsin,2020,0,0,0.479161232034052
A01028,Mountain View Health Partners Medical Center,Oregon,2020,1,0,0.3415178995151999
A01030,Eastgate Healthcare Care Network,North Carolina,2020,0,0,0.062635642829091
A01041,Riverbend Care Association,Illinois,2020,0,0,0.08382889364833442
A01051,Unity Care Network Medical Center,Virginia,2020,0,0,0.060626824503585725
A01052,Green Valley Health Collaborative Health System,Washington,2020,0,0,0.43189195276031583
A01053,Riverbend Care Alliance,Oregon,2020,0,0,0.04397985222652905
A01060,Valley Community Care Partners,Alabama,2020,1,0,0.1930644098591048
A01069,Lakeside Community Care Alliance,Missouri,2020,1,0,0.41708467393788956
A01084,Heritage Health Network Health System,Wisconsin,2020,0,0,0.024660007917725837
A01091,Valley Medical Partners Health System,Indiana,2020,0,0,0.08459909733316615
A01098,Springfield Health Care Network,Missouri,2020,0,0,0.39092449592073597
A01105,Westfield Health Physician Alliance,Washington,2020,0,0,0.13497777566029176
A01110,Heritage Health Alliance Association,Tennessee,2020,0,0,0.18636917916980333
A01111,Grandview Medical Group,Indiana,2020,0,0,0.12264366661081745
A01117,Highland Care Network Health System,Connecticut,2020,0,0,0.2453049537624327
A01120,Maplewood Health Network Association,Michigan,2020,0,0,0.2189543806043712
A01121,Golden Valley Integrated Health Care Network,Florida,2020,0,0,0.09850263565762311
A01122,Meadow Medical Partners Medical Center,Arizona,2020,0,0,0.1768386601775933
A01135,Lakeside Health Network Partners,Texas,2020,0,0,0.05196812759231124
A01137,Springfield Health Partners Health System,Illinois,2020,0,0,0.1968941918987857
A01145,Horizon Health Alliance Collaborative,Washington,2020,0,0,0.04694550443638994
A01147,Heritage Physicians Network,Illinois,2020,0,0,0.09546509515119514
A01154,Pinnacle Medical Group Network,Maryland,2020,0,0,0.0801916148108503
A01156,Cedar Medical Group Group,Alabama,2020,1,0,0.14440946982861258
A01160,Horizon Healthcare Group,Michigan,2020,1,1,0.597143149485375
A01161,Riverbend Wellness Group,Oregon,2020,0,0,0.16425601198347364
A01168,Lakeside Care Partners Group,Pennsylvania,2020,0,0,0.03692051795464653
A01172,Heartland Health Association,Massachusetts,2020,0,0,0.12330939763499407
A01173,Springfield Integrated Health Care Network,Texas,2020,1,1,0.8649159970317131
A01175,Evergreen Health Alliance Association,Texas,2020,0,0,0.03951234613849206
A01178,Horizon Care Alliance Collaborative,North Carolina,2020,0,0,0.23767612107720268
A01179,Canyon Medical Partners Medical Center,Maryland,2020,0,0,0.031103534818618918
A01181,Heritage Physicians Collaborative,Washington,2020,0,0,0.09170133559393136
A01183,Maplewood Medical Collaborative,Ohio,2020,0,0,0.08945276334736035
A01184,WellSpring Health Alliance Health System,Connecticut,2020,1,0,0.1106966894990145
A01187,Stonebridge Care Network Partners,Maryland,2020,0,0,0.34178802521502355
A01188,Riverside Care Alliance Group,North Carolina,2020,0,0,0.11663021723265153
A01192,Summit Health Partners Network,Georgia,2020,1,1,0.8262317212023624
A01194,Green Valley Medical Group,Oregon,2020,0,0,0.21721964239454752
A01203,Pioneer Care Care Network,Massachusetts,2020,0,0,0.17377242654860997
A01211,Silverstone Physician Network Medical Center,California,2020,0,0,0.18830964011126286
A01228,Oakridge Medical Health System,New York,2020,0,0,0.18036144098123563
A01229,Riverbend Medical Group Care Network,California,2020,1,0,0.20879025174223684
A01235,Clearview Medical Partners Care Network,Massachusetts,2020,0,0,0.1335664097912276
A01237,Grandview Clinical Partners Partners,Massachusetts,2020,0,0,0.11968952426785949
A01240,Canyon Health Partners,North Carolina,2020,0,0,0.0164808508284509
A01242,Summit Care Partners Group,Georgia,2020,0,0,0.24434465691541796
A01244,Northstar Physician Network Partners,Indiana,2020,0,0,0.059136147716142055
A01245,Meadow Health Collaborative Physician Alliance,Ohio,2020,0,0,0.11364147797289778
A01271,Fairview Medical Partners Alliance,Tennessee,2020,0,0,0.14612801734768321
A01275,Mountain View Community Care Partners,Arizona,2020,0,0,0.031698738821890546
A01287,Oakridge Clinical Partners Association,Missouri,2020,1,1,0.6837272741083847
A01289,Mountain View Community Care Medical Center,Alabama,2020,1,0,0.1277865278557658
A01294,Oakridge Health Alliance Physician Alliance,Illinois,2020,0,0,0.1414076176817977
A01301,Green Valley Health Partners Association,Arizona,2020,0,0,0.047512797148398914
A01306,Riverside Care Partners Medical Center,New York,2020,0,0,0.04693361534214484
A01307,Cedar Physicians Network,Oregon,2020,0,0,0.06859316612271775
A01309,Blue Ridge Medical Network,Ohio,2020,1,0,0.43582343512618954
A01310,Gateway Physicians Health System,Tennessee,2020,0,0,0.17438823087310354
A01314,Highland Health Network Group,Maryland,2020,1,1,0.6630281041113939
A01318,Community Care Health System,Massachusetts,2020,0,0,0.03895949690852434
A01323,Oakridge Medical Partners Network,Michigan,2020,0,0,0.2507520603492208
A01325,Parkview Care Alliance Network,Alabama,2020,0,0,0.14843724874606137
A01326,Horizon Care Partners,Massachusetts,2020,0,0,0.11860316675537975
A01327,Eastgate Physicians Care Network,Pennsylvania,2020,1,0,0.33616732205713673
A01329,Oakridge Health Partners Group,New York,2020,0,0,0.06642183556868458
A01331,Meadow Health Collaborative Network,Maryland,2020,0,0,0.06948660852547334
A01338,Clearview Healthcare Physician Alliance,Georgia,2020,0,0,0.15658781945702796
A01345,Golden Valley Care Partners Alliance,Maryland,2020,0,0,0.19104428738188847
A01348,Blue Ridge Medical Partners Collaborative,Texas,2020,1,1,0.7059229016929024
A01355,Highland Healthcare Health System,Oregon,2020,0,0,0.11231787779136465
A01359,Cedar Care Partners Care Network,Massachusetts,2020,0,0,0.31058101105773184
A01362,Highland Healthcare Partners,Colorado,2020,0,0,0.12641348206765893
A01365,Green Valley Physician Network Care Network,Illinois,2020,1,0,0.0797973880387557
A01370,Metro Health Group,North Carolina,2020,1,0,0.3871905940810146
A01371,Heritage Care Partners,New Jersey,2020,0,0,0.17899041991411913
A01377,Redwood Healthcare Partners,Maryland,2020,0,0,0.08849821541082648
A01382,Green Valley Healthcare Health System,Missouri,2020,0,0,0.02328109977366667
A01385,Crestview Medical Group Medical Center,Missouri,2020,0,0,0.040013815509543665
A01386,Northstar Health Collaborative,Connecticut,2020,1,1,0.5119121970094096
A01394,Heritage Wellness Alliance,Michigan,2020,0,0,0.30985075158981895
A01407,Beacon Community Care Network,Connecticut,2020,0,0,0.1650666116619537
A01417,Blue Ridge Medical Partners Alliance,New Jersey,2020,0,0,0.1334726225571998
A01419,Eastgate Clinical Partners Physician Alliance,Michigan,2020,0,0,0.033126095606125984
A01425,Pinnacle Physician Network Physician Alliance,Minnesota,2020,0,0,0.006192002926164961
A01430,Parkview Provider Alliance Partners,Wisconsin,2020,1,1,0.8493343195408475
A01437,Clearview Medical Group Physician Alliance,Indiana,2020,1,1,0.5426398618820641
A01440,Stonebridge Integrated Health Physician Alliance,Ohio,2020,0,0,0.0493400301831698
A01448,Cedar Healthcare Health System,Indiana,2020,0,0,0.31423988042204837
A01449,Brookside Provider Alliance Medical Center,Wisconsin,2020,0,0,0.13556418365979506
A01452,Lakeside Physician Network Partners,Florida,2020,0,0,0.16358562135552313
A01454,Gateway Community Care Network,New York,2020,1,1,0.7759161206903695
A01458,Fairview Physicians Medical Center,New York,2020,1,1,0.7115706427322581
A01465,Green Valley Healthcare Care Network,Illinois,2020,0,0,0.06360463513818228
A01469,Redwood Medical Partners,Washington,2020,0,0,0.20851418481361347
A01474,Parkview Care Alliance Group,Virginia,2020,0,0,0.09208270648189774
A01478,Green Valley Community Care Medical Center,New York,2020,0,0,0.07870535910338695
A01481,Unity Health Alliance Care Network,North Carolina,2020,0,0,0.08033875240678748
A01485,Fairview Clinical Partners Association,California,2020,1,1,0.6418241024762298
A01486,Evergreen Care Partners Physician Alliance,Massachusetts,2020,0,0,0.045931907696203644
A01487,Grandview Health Collaborative,Pennsylvania,2020,0,0,0.1624328949558739
A01493,Crestview Physician Network Group,Pennsylvania,2020,0,0,0.08285280860077221
A01500,Unity Medical Association,New York,2020,1,1,0.6908871825266789
A01501,Grandview Clinical Partners Alliance,Minnesota,2020,0,0,0.10404164097310582
A01507,WellSpring Physician Network Medical Center,Minnesota,2020,1,0,0.25930865017002735
A01520,Heartland Care Network Health System,Washington,2020,0,0,0.019224493492076545
A01522,Springfield Healthcare Group,Arizona,2020,1,0,0.21162583650605868
A01523,Highland Medical Group,Illinois,2020,1,0,0.3345669163952268
A01524,Metro Integrated Health Alliance,Alabama,2020,0,0,0.12342435788880085
A01529,Valley Care Alliance Care Network,Alabama,2020,0,0,0.03652441768448545
A01546,Blue Ridge Health Collaborative Care Network,Alabama,2020,0,0,0.015975880111713373
A01549,Metro Medical Collaborative,Virginia,2020,0,0,0.34828778719007325
A01551,Evergreen Care Network Network,Pennsylvania,2020,0,0,0.07235636288495324
A01553,Valley Care Partners Physician Alliance,Arizona,2020,0,0,0.1459889318516047
A01555,Horizon Health Partners Physician Alliance,Colorado,2020,0,0,0.09559730009779312
A01562,Brookside Healthcare Care Network,Ohio,2020,0,0,0.09819805297890923
A01586,Oakridge Physicians Care Network,Maryland,2020,0,0,0.13249997081768283
A01588,Pinnacle Care Care Network,Minnesota,2020,1,0,0.28338067585267573
A01594,WellSpring Community Care Partners,Maryland,2020,0,0,0.09179502171821884
A01602,Springfield Care Partners Care Network,Ohio,2020,0,0,0.19427898575485134
A01607,Heartland Medical Group Association,Michigan,2020,0,0,0.05015761304159651
A01623,Meadow Clinical Partners Association,Virginia,2020,0,0,0.039333562372831345
A01638,Oakridge Care Partners Health System,Minnesota,2020,0,0,0.06513288146135342
A01651,Metro Wellness Care Network,Washington,2020,0,0,0.13852128655881304
A01652,Golden Valley Physicians Health System,California,2020,0,0,0.29887991566403765
A01656,Crestview Medical Group Partners,Connecticut,2020,0,0,0.0583321002919142
A01658,Heartland Care Network Care Network,Washington,2020,0,0,0.0741921359089752
A01661,Green Valley Community Care Association,Ohio,2020,0,1,0.5271767640594509
A01674,Maplewood Wellness Medical Center,Oregon,2020,0,0,0.09316492056609924
A01675,Silverstone Care Alliance Association,Minnesota,2020,0,0,0.18750529236730384
A01676,Summit Provider Alliance Partners,Wisconsin,2020,0,0,0.20273526598978273
A01679,Evergreen Health Partners Association,North Carolina,2020,0,0,0.10406860568656313
A01682,Northstar Health Collaborative Medical Center,Tennessee,2020,1,1,0.8277763597874848
A01685,Riverbend Health Collaborative Partners,Wisconsin,2020,0,0,0.08034255265672055
A01688,Mountain View Healthcare Medical Center,New York,2020,0,0,0.028858296443724427
A01694,Meadow Clinical Partners Health System,Maryland,2020,0,0,0.05261592860604751
A01697,Green Valley Clinical Partners Association,Ohio,2020,0,0,0.039952777060935495
A01701,Mountain View Physician Network Physician Alliance,North Carolina,2020,0,0,0.03602783802837661
A01703,Oakridge Health Network Collaborative,Texas,2020,1,0,0.11847096411217016
A01705,Grandview Community Care Partners,Florida,2020,0,0,0.23757968684342484
A01706,Green Valley Health Partners Partners,Illinois,2020,1,1,0.6493464992304332
A01720,Evergreen Medical Physician Alliance,New York,2020,0,0,0.059468086540186336
A01725,Brookside Clinical Partners Collaborative,Massachusetts,2020,0,0,0.045581172783579725
A01726,Stonebridge Care Partners Health System,Florida,2020,0,0,0.0641281979493083
A01732,Heritage Medical Partners Alliance,Minnesota,2020,0,0,0.1696168231533813
A01741,Clearview Clinical Partners Collaborative,Massachusetts,2020,0,0,0.06976099803462656
A01743,Riverside Healthcare Group,Massachusetts,2020,0,0,0.057702568709013746
A01747,Silverstone Health Network Network,Tennessee,2020,0,0,0.01559452189818978
A01758,Silverstone Care Network,New York,2020,0,0,0.020873015050777825
A01760,Clearview Physicians Group,Virginia,2020,0,0,0.05072549554012015
A01765,Community Care Network Group,Missouri,2020,0,0,0.06789279359372898
A01766,Brookside Care Partners Partners,Florida,2020,1,1,0.9130026033165574
A01776,Riverbend Medical Group Collaborative,Indiana,2020,0,0,0.1570593673053662
A01779,Springfield Care Network Collaborative,Washington,2020,0,0,0.13086206081858426
A01782,Horizon Health Collaborative Group,Indiana,2020,0,0,0.1389561834987506
A01792,Golden Valley Health Alliance Partners,Texas,2020,0,0,0.1308234139907449
A01795,Silverstone Health Partners,Massachusetts,2020,0,0,0.05309931522377538
A01796,Fairview Provider Alliance Alliance,Maryland,2020,1,1,0.5776715183646336
A01803,Silverstone Wellness Group,Minnesota,2020,0,0,0.030762135051088713
A01809,Evergreen Care Association,Maryland,2020,0,0,0.045797015913824006
A01814,Riverside Physician Network Group,Tennessee,2020,0,0,0.045462928387220616
A01815,Westfield Physicians Physician Alliance,Wisconsin,2020,0,0,0.034159500760197095
A01816,Beacon Care Network Association,New Jersey,2020,0,0,0.07725176978772867
A01826,Heartland Health Care Network,Indiana,2020,1,0,0.3708489704339385
A01833,Silverstone Care Network Partners,New York,2020,0,0,0.12488635937924665
A01837,Canyon Health Collaborative Group,Connecticut,2020,0,0,0.10777872111959125
A01839,Redwood Care Network,Missouri,2020,0,0,0.11164320339456933
A01849,Gateway Care Alliance Network,Tennessee,2020,0,0,0.3928643702445992
A01856,Unity Healthcare Network,Ohio,2020,1,0,0.08756443523417846
A01878,Eastgate Care Medical Center,Michigan,2020,0,0,0.1624461217480463
A01880,Highland Health Collaborative Medical Center,North Carolina,2020,1,1,0.7473780542879487
A01882,Beacon Health Physician Alliance,Texas,2020,0,0,0.04840167048562325
A01886,Cedar Health Association,Ohio,2020,0,0,0.12338750154606473
A01887,Crestview Physicians Association,Connecticut,2020,0,0,0.0462614004212759
A01897,Beacon Provider Alliance Collaborative,Texas,2020,0,0,0.10888969921254026
A01898,Fairview Health Alliance Group,Alabama,2020,0,0,0.031418017842604354
A01901,Fairview Medical Partners Partners,Connecticut,2020,0,0,0.1931122512260151
A01903,Parkview Health Partners Collaborative,Indiana,2020,0,0,0.09886382224843691
A01911,Grandview Care Alliance Partners,Florida,2020,1,0,0.33939234759897097
A01912,Cedar Health Alliance Partners,Connecticut,2020,0,0,0.2800627202094901
A01914,Northstar Care Association,Alabama,2020,0,0,0.10170668257716631
A01915,Riverside Medical Partners,Minnesota,2020,0,0,0.085683592515122
A01921,Heartland Health Network Health System,Illinois,2020,0,0,0.051117138439754586
A01923,Highland Physicians Alliance,Alabama,2020,1,1,0.8003215207312118
A01924,Redwood Clinical Partners Health System,Pennsylvania,2020,0,0,0.08717916683093599
A01926,Summit Care Alliance Health System,Arizona,2020,1,1,0.6507012209986884
A01931,Horizon Wellness Care Network,Arizona,2020,0,0,0.07455699792860943
A01935,Mountain View Care Partners Health System,Colorado,2020,0,0,0.1279501221371924
A01945,Grandview Health Collaborative Physician Alliance,Washington,2020,0,0,0.23140226201701608
A01959,Heritage Medical Group,Missouri,2020,0,0,0.08935108317107288
A01962,Meadow Physician Network Care Network,Florida,2020,0,0,0.07555133804198268
A01969,Parkview Care Partners Medical Center,Oregon,2020,0,0,0.09108918117675806
A01979,Parkview Health Collaborative Alliance,Oregon,2020,0,0,0.05373421755845472
A01982,Blue Ridge Medical Physician Alliance,North Carolina,2020,1,0,0.35938916705743634
A01991,Meadow Wellness Collaborative,Washington,2020,1,0,0.45693947975551275
A01992,Gateway Wellness Collaborative,North Carolina,2020,0,0,0.3174233646851798
A01993,Redwood Medical Partners Care Network,Michigan,2020,0,0,0.10423877441643141
A01994,Meadow Care Partners Collaborative,Wisconsin,2020,0,0,0.17333976788599478
A01995,Crestview Care Partners Physician Alliance,Minnesota,2020,0,0,0.04159918316872843
A01996,Canyon Care Physician Alliance,Michigan,2020,0,0,0.07644597339349207
A01998,Meadow Community Care Network,Texas,2020,0,0,0.4076952233207679
A02004,Horizon Health Partners Alliance,Michigan,2020,0,0,0.20180635187450244
A02012,Highland Medical Group Care Network,California,2020,0,0,0.13331251386006446
A02020,Meadow Care Alliance Collaborative,Arizona,2020,0,0,0.279027125611425
A02021,Heritage Health Alliance Medical Center,Illinois,2020,0,0,0.05088121485541037
A02022,Maplewood Care Alliance Association,Maryland,2020,0,0,0.10502503853703632
A02024,Green Valley Health Alliance Association,Michigan,2020,0,0,0.060275827211120625
A02045,Heartland Physician Network Partners,Indiana,2020,0,0,0.40441269988107037
A02048,Pinnacle Healthcare Physician Alliance,Minnesota,2020,0,0,0.12872007463432664
A02052,Blue Ridge Care Network Network,New York,2020,0,0,0.22655883175399455
A02058,Evergreen Care Partners Association,Arizona,2020,0,0,0.13259617137449983
A02063,Northstar Physicians Medical Center,Connecticut,2020,0,0,0.13182066185610336
A02066,Metro Medical Partners Medical Center,Ohio,2020,0,0,0.12110926437423608
A02070,Summit Health Health System,Missouri,2020,0,0,0.12108615334898122
A02077,Meadow Health Network Partners,Minnesota,2020,0,0,0.09306164341916899
A02080,Crestview Integrated Health Care Network,Tennessee,2020,1,1,0.6828861966841838
A02082,Beacon Integrated Health Alliance,Florida,2020,0,0,0.14630379855038522
A02096,Westfield Health Collaborative Care Network,North Carolina,2020,0,0,0.19913865455550042
A02102,Riverside Care Physician Alliance,Maryland,2020,0,0,0.12568308084961013
A02106,Metro Healthcare Health System,Oregon,2020,0,0,0.06104087471319461
A02107,Riverside Health Collaborative Medical Center,Oregon,2020,0,0,0.041115022243791294
A02110,Eastgate Health Alliance Health System,Tennessee,2020,0,0,0.15284624816388453
A02112,Westfield Medical Partners Physician Alliance,Ohio,2020,0,0,0.055075857927277365
A02113,Evergreen Provider Alliance Partners,Maryland,2020,0,0,0.305412065543505
A02118,Parkview Health Alliance Network,California,2020,1,1,0.9963357901416612
A02119,Parkview Community Care Association,Tennessee,2020,0,0,0.0972450094309749
A02126,Parkview Health Alliance Health System,Maryland,2020,1,1,0.7028668280867543
A02127,Blue Ridge Wellness Group,California,2020,0,0,0.039664010847041485
A02128,Gateway Health Collaborative Network,Texas,2020,0,0,0.08153214995821063
A02129,Golden Valley Clinical Partners Health System,New York,2020,0,0,0.07693361724864832
A02132,Brookside Medical Partners Alliance,Ohio,2020,0,0,0.22622241536339402
A02134,Fairview Integrated Health Care Network,California,2020,0,0,0.04976396231147749
A02151,Grandview Health Network Group,Oregon,2020,0,0,0.1565379160175009
A02152,Summit Healthcare Medical Center,Pennsylvania,2020,0,0,0.09011580453527264
A02155,Brookside Healthcare Association,Maryland,2020,0,0,0.036935428652831725
A02159,Blue Ridge Medical Group Care Network,Connecticut,2020,0,0,0.060302081677244955
A02168,Heartland Wellness Alliance,Illinois,2020,0,0,0.18175494875884637
A02180,Valley Integrated Health Medical Center,Washington,2020,1,1,0.645494581970665
A02182,Community Care Partners Medical Center,Georgia,2020,0,0,0.19133702764182353
A02186,Metro Community Care Health System,Tennessee,2020,0,0,0.07340734521691548
A02189,Oakridge Community Care Care Network,California,2020,0,0,0.09523777774984461
A02190,Northstar Care Network Network,Washington,2020,0,0,0.13485476711295755
A02204,Highland Healthcare Network,Texas,2020,0,0,0.06856936087367248
A02226,Pinnacle Care Network Collaborative,New Jersey,2020,0,0,0.04956293514681591
A02228,Redwood Health Alliance Alliance,Washington,2020,0,0,0.13960384826518732
A02231,Riverbend Community Care Association,Georgia,2020,0,0,0.04087792034394967
A02234,Parkview Medical Partners Group,Indiana,2020,0,0,0.12441907748403665
A02242,Maplewood Health Medical Center,Arizona,2020,0,0,0.08526334821162107
A02244,Valley Health Network Partners,Virginia,2020,0,0,0.14077603851127937
A02247,Clearview Community Care Health System,New Jersey,2020,0,0,0.06937569382560867
A02250,Heartland Provider Alliance Association,Georgia,2020,0,0,0.12957645969945358
A02251,Gateway Medical Partners Alliance,Ohio,2020,0,0,0.1859622297079274
A02252,Westfield Community Care Collaborative,Ohio,2020,0,0,0.04649479413045825
A02253,Westfield Care Alliance Health System,Michigan,2020,0,0,0.12323750402024986
A02258,Riverbend Care Network Group,New York,2020,1,0,0.1277865278557658
A02266,Evergreen Community Care Care Network,Missouri,2020,0,0,0.18332942668186777
A02270,Redwood Care Network Care Network,Florida,2020,0,0,0.0582847506483381
A02278,Heritage Medical Partners Association,Massachusetts,2020,0,0,0.10358583707333541
A02282,Redwood Health Collaborative,Connecticut,2020,0,0,0.3022431046786577
A02292,Unity Care Physician Alliance,New York,2020,0,0,0.1267708511486562
A02295,Evergreen Health Alliance Medical Center,Florida,2020,0,0,0.17714625688532262
A02301,Redwood Care Partners Partners,Alabama,2020,1,0,0.1890644108491143
A02309,WellSpring Medical Group Network,North Carolina,2020,0,0,0.20408601976649998
A02318,Brookside Health Network Health System,Alabama,2020,0,0,0.030363767186859535
A02320,Heritage Health Partners Care Network,Ohio,2020,0,0,0.07040075779117883
A02327,Oakridge Physician Network Association,Maryland,2020,1,1,0.7500788050400531
A02331,Northstar Care Alliance Physician Alliance,New York,2020,1,0,0.13078131530243628
A02332,Brookside Integrated Health Care Network,California,2020,0,0,0.13383018643509545
A02335,Redwood Clinical Partners Partners,Alabama,2020,0,0,0.24434465691541796
A02336,Maplewood Care Care Network,Pennsylvania,2020,0,0,0.1928448029453109
A02341,Horizon Physician Network Partners,Oregon,2020,0,0,0.032940131694999326
A02345,WellSpring Clinical Partners Physician Alliance,Illinois,2020,1,0,0.17217700086242435
A02347,Gateway Care Partners Association,Indiana,2020,0,0,0.030762135051088713
A02357,Northstar Medical Group Care Network,Illinois,2020,0,0,0.0841972897912007
A02366,Oakridge Integrated Health Care Network,Pennsylvania,2020,0,0,0.08590451704878788
A02367,Green Valley Physician Network Association,Georgia,2020,0,0,0.07447069782801784
A02375,Maplewood Integrated Health Collaborative,New York,2020,1,0,0.15100752106703555
A02378,Riverbend Physician Network Health System,Colorado,2020,1,0,0.2426028521100988
A02386,Beacon Clinical Partners Association,Washington,2020,0,0,0.09728321857079734
A02389,Golden Valley Community Care Association,North Carolina,2020,0,0,0.29760595750598684
A02392,Northstar Medical Partners Care Network,Alabama,2020,0,0,0.12477910265115294
A02395,Canyon Health Alliance Care Network,Massachusetts,2020,0,0,0.044080519470392224
A02398,Grandview Care Partners Partners,Ohio,2020,0,0,0.21579275641775492
A02399,WellSpring Healthcare Network,Colorado,2020,0,0,0.0742068861972442
A02401,Canyon Care Collaborative,Wisconsin,2020,0,0,0.33219654379502705
A02402,Heartland Healthcare Medical Center,California,2020,0,0,0.037591078242209267
A02418,Metro Medical Group Medical Center,Indiana,2020,0,0,0.0532243113929384
A02423,Lakeside Physician Network Network,Arizona,2020,0,0,0.13912788318950942
A02424,Summit Physicians Partners,California,2020,0,0,0.21449701220795
A02437,Eastgate Medical Partners Medical Center,Wisconsin,2020,0,0,0.18026890455540265
A02442,Meadow Health Partners Network,Illinois,2020,0,0,0.014580561731975443
A02443,WellSpring Community Care Collaborative,Arizona,2020,1,1,0.9347323899917775
A02444,Canyon Medical Partners Association,Massachusetts,2020,0,0,0.022600241475384246
A02446,Pinnacle Health Collaborative Association,New York,2020,0,0,0.11352761118447456
A02448,Canyon Physician Network Health System,Wisconsin,2020,0,0,0.30390487693542867
A02454,Evergreen Care Network Partners,Pennsylvania,2020,1,1,0.6048685064374948
A02456,Clearview Care Care Network,Washington,2020,0,0,0.02490801213956264
A02468,Silverstone Integrated Health Alliance,New York,2020,1,1,0.665563427570121
A02472,Oakridge Health Collaborative Care Network,Colorado,2020,0,0,0.2577931247519255
A02477,Horizon Care Partners Medical Center,Tennessee,2020,0,0,0.2062915356220162
A02478,Heartland Physicians Physician Alliance,Tennessee,2020,1,0,0.16009670948449517
A02485,Silverstone Health Network Health System,Texas,2020,0,0,0.05188671080969987
A02495,Horizon Clinical Partners Physician Alliance,Massachusetts,2020,0,0,0.13913357840839682
A02498,Silverstone Healthcare Partners,Massachusetts,2020,0,0,0.0529251259968964
A02501,Maplewood Wellness Health System,Michigan,2020,0,0,0.12552363538715963
A02502,Parkview Medical Care Network,North Carolina,2020,0,0,0.046234081163333315
A02505,Metro Provider Alliance Group,Georgia,2020,0,0,0.06648118723233894
A02513,Oakridge Wellness Care Network,Virginia,2020,0,0,0.26098884201784833
A02514,Pinnacle Health Partners,Ohio,2020,0,0,0.08795858267008773
A02519,Metro Clinical Partners Partners,Arizona,2020,0,0,0.034928661424495216
A02522,Cedar Care Network Partners,New Jersey,2020,0,0,0.10111677356553493
A02531,Blue Ridge Health Network Association,Virginia,2020,0,0,0.040157788835961564
A02532,Brookside Health Partners Physician Alliance,California,2020,0,0,0.17508123175605386
A02534,Grandview Health Collaborative Alliance,Alabama,2020,1,1,0.6120258063441442
A02549,Pioneer Medical Group Alliance,Wisconsin,2020,0,0,0.09114546670309737
A02553,Golden Valley Care Network Network,Ohio,2020,0,0,0.020041340176966283
A02556,Brookside Provider Alliance Group,Virginia,2020,0,0,0.10450579475480215
A02557,Summit Medical Partners Health System,Tennessee,2020,1,0,0.19414045637260935
A02561,Unity Care Health System,Illinois,2020,0,0,0.333445294628584
A02563,Beacon Provider Alliance Medical Center,Alabama,2020,0,0,0.035336360996969775
A02569,Canyon Health Collaborative Health System,Oregon,2020,0,0,0.08657633168081726
A02573,Heartland Healthcare Partners,Maryland,2020,0,0,0.029039072307214774
A02574,Springfield Physicians Care Network,Indiana,2020,0,0,0.17197087085121723
A02576,Metro Physicians Physician Alliance,Maryland,2020,1,0,0.11644127145504733
A02577,Meadow Health Network,Michigan,2020,0,0,0.06898153890565353
A02581,Beacon Care Partners Partners,North Carolina,2020,0,0,0.0791490306007768
A02584,Evergreen Integrated Health Health System,North Carolina,2020,0,0,0.059316475079101594
A02596,Unity Health Network Health System,Massachusetts,2020,0,0,0.18485640077274657
A02604,Springfield Health Collaborative Care Network,California,2020,0,0,0.13779595993561577
A02610,Beacon Care Medical Center,New York,2020,0,0,0.3900293296803307
A02631,Meadow Physician Network Partners,New Jersey,2020,0,0,0.09775009406768767
A02632,Evergreen Care Alliance,Pennsylvania,2020,0,0,0.09164838854164242
A02639,Gateway Care Health System,Missouri,2020,0,1,0.5742312985249041
A02643,Meadow Provider Alliance Physician Alliance,Florida,2020,0,0,0.06575950568875824
A02654,Parkview Health Care Network,Georgia,2020,0,0,0.08349438924634033
A02655,Parkview Community Care Health System,Minnesota,2020,1,1,0.7115706427322581
A02656,Mountain View Health Medical Center,California,2020,0,0,0.0947419067289585
A02668,Parkview Medical Alliance,Massachusetts,2020,0,0,0.07991529061477254
A02674,Unity Health Network Network,Arizona,2020,0,0,0.11038460163610095
A02691,Pioneer Provider Alliance Partners,California,2020,1,0,0.23929621908488297
A02692,Meadow Medical Group Medical Center,Wisconsin,2020,0,0,0.21909555457874103
A02694,Stonebridge Care Network Physician Alliance,Indiana,2020,0,0,0.07235636288495324
A02701,Gateway Health Partners Health System,New Jersey,2020,0,0,0.1795274465547163
A02711,Westfield Health Partners Partners,Massachusetts,2020,1,0,0.32226484726040766
A02717,Pinnacle Integrated Health Group,Massachusetts,2020,0,0,0.14098541935789488
A02721,Springfield Physician Network Partners,Michigan,2020,0,0,0.060705129902369544
A02737,Redwood Medical Partners Medical Center,Georgia,2020,0,0,0.1067589801402319
A02738,Canyon Health Network Health System,Oregon,2020,1,1,0.9875035256438882
A02743,Grandview Medical Group Medical Center,Connecticut,2020,0,0,0.08332497229638783
A02752,Riverbend Health Alliance Physician Alliance,Connecticut,2020,0,0,0.22740482709436838
A02756,Canyon Health Network,Illinois,2020,0,0,0.10710383064804134
A02758,Stonebridge Health Alliance Partners,Massachusetts,2020,0,0,0.07004813782603575
A02759,Beacon Integrated Health Care Network,Virginia,2020,0,0,0.05602576234006062
A02763,Unity Integrated Health Physician Alliance,Connecticut,2020,0,0,0.1402604343089116
A02772,Maplewood Integrated Health Alliance,Minnesota,2020,0,0,0.4431540609896878
A02774,Riverside Medical Medical Center,Virginia,2020,0,0,0.08044527067153774
A02786,Community Community Care Physician Alliance,North Carolina,2020,0,0,0.05621914982107801
A02788,Summit Physician Network Health System,Pennsylvania,2020,0,0,0.01870929725335865
A02789,Highland Medical Partners Care Network,Alabama,2020,0,0,0.2977686950760958
A02795,Heritage Health Collaborative Association,Washington,2020,0,0,0.07045306676959165
A02796,Valley Provider Alliance Network,Illinois,2020,0,0,0.035286143993024176
A02801,WellSpring Care Collaborative,Texas,2020,0,0,0.05805493811238204
A02802,Westfield Medical Partners Medical Center,Colorado,2020,0,0,0.24038093913282851
A02816,Blue Ridge Healthcare Group,Connecticut,2020,1,1,0.8567422255830708
A02819,Riverbend Provider Alliance Physician Alliance,Michigan,2020,0,0,0.23060049404668814
A02829,Cedar Care Health System,Florida,2020,0,0,0.04921089336119467
A02830,Redwood Medical Group Health System,Illinois,2020,0,0,0.15538986113919961
A02832,Meadow Care Network Physician Alliance,Illinois,2020,0,0,0.11579235099187186
A02838,Cedar Physicians Partners,Oregon,2020,0,0,0.13031684922339232
A02839,Riverside Provider Alliance Collaborative,Ohio,2020,0,0,0.07152950931639744
A02849,Springfield Clinical Partners Medical Center,Missouri,2020,0,0,0.027316934756158005
A02855,Clearview Provider Alliance Health System,Maryland,2020,0,0,0.04240704645681373
A02860,Redwood Physicians Collaborative,Texas,2020,0,0,0.13126317015896155
A02864,Crestview Medical Partners Care Network,New Jersey,2020,0,0,0.06025264842992018
A02872,Oakridge Care Association,Michigan,2020,0,0,0.26508976814352336
A02880,Crestview Health Collaborative Health System,Colorado,2020,0,0,0.05028147012702605
A02883,Pioneer Health Collaborative Physician Alliance,Texas,2020,0,0,0.08395951555772709
A02889,Lakeside Clinical Partners Group,New Jersey,2020,1,1,0.9210964685087071
A02905,Maplewood Clinical Partners Health System,North Carolina,2020,0,0,0.02760088067757154
A02907,Cedar Health Alliance Collaborative,Illinois,2020,0,0,0.07559597340479399
A02911,Clearview Care Network Collaborative,Florida,2020,1,1,0.6880917725381217
A02915,Riverbend Medical Partners Health System,Massachusetts,2020,0,0,0.31915858022033833
A02922,Oakridge Health Partners Partners,Alabama,2020,0,0,0.16992213842829737
A02927,Riverbend Healthcare Health System,Ohio,2020,0,0,0.07006840559073899
A02933,Green Valley Care Alliance Alliance,Colorado,2020,1,0,0.18667824887730192
A02939,Riverbend Wellness Alliance,Alabama,2020,0,0,0.36025883642454765
A02943,Evergreen Health Health System,Ohio,2020,1,0,0.386406025176857
A02945,Riverbend Care Network Health System,Massachusetts,2020,0,0,0.27749066176867665
A02955,Pioneer Clinical Partners Physician Alliance,Oregon,2020,0,0,0.3307789428227649
A02959,Lakeside Health Partners,Minnesota,2020,1,0,0.20294863345221983
A02964,Redwood Clinical Partners Care Network,Missouri,2020,0,0,0.04838790983261886
A02965,Golden Valley Health Collaborative Physician Alliance,Missouri,2020,0,0,0.12312100867291517
A02968,Clearview Medical Group Group,Georgia,2020,0,0,0.19613615027755849
A02970,Pinnacle Integrated Health Network,Connecticut,2020,0,0,0.05801359344047
A02980,Canyon Medical Partners Partners,Oregon,2020,0,0,0.02625534711551004
A02995,Crestview Medical Group Health System,Illinois,2020,0,0,0.17137450366061674
A02996,Oakridge Medical Care Network,Washington,2020,0,0,0.22127394358175514
A02998,Crestview Care Network Physician Alliance,Ohio,2020,0,0,0.01844940879063768
A03018,Beacon Provider Alliance Health System,Indiana,2020,0,0,0.0773153436306056
A03041,Blue Ridge Health Alliance Network,Georgia,2020,1,1,0.6324021258226986
A03047,Crestview Health Collaborative Group,Texas,2020,1,0,0.04071668496907794
A03051,Riverside Integrated Health Group,Virginia,2020,0,0,0.10931114680277808
A03053,Community Health Association,Illinois,2020,0,0,0.10812788922769222
A03066,Meadow Health Alliance Network,New York,2020,0,0,0.29872137863909926
A03071,Meadow Care Group,Colorado,2020,0,0,0.19049230825688718
A03093,Maplewood Physicians Association,Texas,2020,0,0,0.28906616937539203
A03095,WellSpring Medical Partners Network,Missouri,2020,0,0,0.17827862579978074
A03096,Parkview Integrated Health Collaborative,Massachusetts,2020,0,0,0.11850391734716328
A03099,Maplewood Healthcare Care Network,Minnesota,2020,0,0,0.09073490920885115
A03113,WellSpring Medical Partners Group,Colorado,2020,1,0,0.05682898411393857
A03126,Pinnacle Care Collaborative,Georgia,2020,0,0,0.0540137817902588
A03129,Crestview Clinical Partners Group,Minnesota,2020,0,0,0.12734677541807993
A03136,Maplewood Health Collaborative Collaborative,California,2020,0,0,0.08638475530259461
A03141,Evergreen Medical Partners Network,Maryland,2020,0,0,0.2557843779740441
A03142,Brookside Medical Group Group,Arizona,2020,1,1,0.8095158507550151
A03147,Meadow Healthcare Association,Maryland,2020,0,0,0.050980025221137
A03154,Oakridge Provider Alliance Medical Center,Texas,2020,0,0,0.16389382241968126
A03158,Brookside Physicians Collaborative,California,2020,0,0,0.035774450300625274
A03161,Grandview Provider Alliance Partners,New Jersey,2020,0,1,0.5822671166538255
A03175,Heritage Health Alliance Group,New Jersey,2020,1,0,0.13485726150590172
A03177,Metro Physicians Collaborative,Washington,2020,0,0,0.06475253716101724
A03180,Meadow Care Physician Alliance,Texas,2020,0,0,0.0942367087598687
A03185,Springfield Physicians Group,North Carolina,2020,0,0,0.033566019600196804
A03187,Heritage Health Partners Alliance,New Jersey,2020,0,0,0.12960450401957685
A03188,Golden Valley Medical Partners Physician Alliance,Alabama,2020,0,0,0.17032334973400456
A03192,Riverbend Health Alliance Collaborative,Oregon,2020,0,0,0.135661411778352
A03196,Highland Community Care Network,Missouri,2020,1,0,0.10380803194738025
A03198,Redwood Health Network Medical Center,Maryland,2020,0,0,0.13280888195249566
A03205,Riverside Clinical Partners Association,Washington,2020,0,0,0.03788544408557352
A03208,Oakridge Community Care Alliance,Minnesota,2020,0,0,0.15444768942848391
A03214,Beacon Health Partners Collaborative,Arizona,2020,0,0,0.12367568513434246
A03215,Parkview Health Collaborative Association,Pennsylvania,2020,0,0,0.1381831616052015
A03232,Green Valley Community Care Network,Connecticut,2020,0,0,0.04883919561700874
A03250,Meadow Medical Partners Care Network,Oregon,2020,0,0,0.017542892627733963
A03252,Eastgate Health Partners Network,North Carolina,2020,0,0,0.11532117153565626
A03271,Cedar Health Alliance Association,Indiana,2020,0,0,0.0332707310886176
A03293,Evergreen Medical Group,Indiana,2020,0,0,0.10578209283325352
A03296,Meadow Medical Group,Massachusetts,2020,0,0,0.3162155431806541
A03297,Valley Health Collaborative Care Network,Missouri,2020,0,0,0.10472714735160932
A03298,Eastgate Care Network Partners,Massachusetts,2020,0,0,0.16793612056924145
A03299,Highland Care Alliance Alliance,Tennessee,2020,0,0,0.051889485686028934
A03332,Silverstone Health Collaborative,Oregon,2020,0,0,0.37521533066687185
A03341,Golden Valley Health Partners Alliance,North Carolina,2020,0,0,0.17016748449418778
A03344,Eastgate Health Partners Group,Ohio,2020,0,0,0.15219507260957477
A03345,Pinnacle Care Group,Colorado,2020,0,0,0.09182926010197263
A03346,Lakeside Health Partners Medical Center,Tennessee,2020,0,0,0.17321903418922677
A03348,Pioneer Care Alliance Collaborative,Massachusetts,2020,0,0,0.09356551678762985
A03349,Springfield Clinical Partners Physician Alliance,Georgia,2020,0,0,0.04598216363120668
A03350,Grandview Care Network Medical Center,Massachusetts,2020,0,0,0.17525958492345953
A03355,Stonebridge Care Alliance Collaborative,California,2020,0,0,0.029676595235819322
A03361,Unity Health Alliance,Georgia,2020,0,0,0.07222740246016515
A03362,Evergreen Wellness Physician Alliance,Missouri,2020,0,0,0.05829935415264468
A03367,Highland Health Network Medical Center,Florida,2020,1,1,0.9227816195257696
A03390,Lakeside Medical Partners Association,Wisconsin,2020,0,0,0.2329500596286161
A03396,Valley Health Network Network,California,2020,0,0,0.17816326697571752
A03405,Canyon Health Partners Care Network,Texas,2020,0,0,0.09294739439284844
A03406,Stonebridge Care Care Network,Washington,2020,0,0,0.21069813270971494
A03407,Stonebridge Care Network Health System,Florida,2020,0,0,0.0873755722546043
A03409,Community Care Network Physician Alliance,Washington,2020,1,1,0.6266186598437673
A03423,Pinnacle Care Alliance Alliance,Massachusetts,2020,0,0,0.15503263637866868
A03426,Metro Community Care Alliance,Colorado,2020,0,0,0.04415827033645994
A03436,Blue Ridge Provider Alliance Care Network,Arizona,2020,0,0,0.12425247686259652
A03438,Eastgate Care Network Medical Center,New Jersey,2020,0,0,0.328522647742687
A03447,Beacon Health Medical Center,Connecticut,2020,0,0,0.38353500189939393
A03449,Eastgate Health Collaborative Group,New York,2020,0,0,0.1650666116619537
A03452,Horizon Health Collaborative,Missouri,2020,0,0,0.04347430539785857
A03467,Oakridge Physician Network Care Network,Massachusetts,2020,0,0,0.2386788989592935
A03475,Green Valley Health Network Partners,Virginia,2020,0,0,0.2781489124954553
A03479,Riverbend Physicians Care Network,Colorado,2020,0,0,0.20788143983085475
A03481,Horizon Medical Partners Collaborative,Arizona,2020,0,0,0.06339336858348082
A03483,Heritage Health Partners Physician Alliance,Illinois,2020,0,0,0.15445535882986144
A03485,Golden Valley Health Network,Oregon,2020,0,0,0.012238115848365505
A03486,Springfield Medical Group,Alabama,2020,0,0,0.05450249678710267
A03494,Gateway Clinical Partners Partners,Florida,2020,0,0,0.02579303053160208
A03495,Mountain View Care Alliance Association,Oregon,2020,0,0,0.09621891791701982
A03501,Canyon Medical Partners Group,California,2020,0,0,0.1115648858056254
A03507,Green Valley Health Partners Physician Alliance,Minnesota,2020,1,1,0.8472450879032783
A03520,Beacon Health Alliance Alliance,Minnesota,2020,0,0,0.11112464498154921
A03524,Heritage Care Health System,Georgia,2020,0,0,0.023067210303233623
A03528,Unity Care Network Collaborative,New Jersey,2020,0,0,0.013540963614581712
A03535,Meadow Clinical Partners Physician Alliance,Florida,2020,0,0,0.444860685241156
A03538,Golden Valley Care Alliance,Arizona,2020,0,0,0.028819444304329204
A03542,Riverside Healthcare Collaborative,Minnesota,2020,0,0,0.27874298459917934
A03547,Metro Clinical Partners Collaborative,Illinois,2020,0,0,0.021933956782879804
A03552,Riverbend Community Care Network,Oregon,2020,1,0,0.13605179813766585
A03553,Heartland Healthcare Network,Alabama,2020,0,0,0.09687418257089528
A03556,Grandview Care Network Care Network,New York,2020,0,0,0.0687827337628293
A03565,Fairview Health Partners Network,Illinois,2020,0,0,0.0059060645713682235
A03568,Community Clinical Partners Network,Florida,2020,1,0,0.14036028095873754
A03572,Community Health Collaborative Medical Center,Michigan,2020,1,1,0.9585403875508292
A03573,Green Valley Health Network Collaborative,Massachusetts,2020,0,0,0.2202397042076604
A03574,Westfield Healthcare Association,Alabama,2020,0,0,0.036621676978679976
A03580,Meadow Healthcare Physician Alliance,Maryland,2020,1,1,0.6890136206087145
A03582,Metro Medical Network,Michigan,2020,0,0,0.13115431117842705
A03583,Springfield Wellness Alliance,New Jersey,2020,0,0,0.0705603294361963
A03587,Valley Care Association,Minnesota,2020,0,0,0.07852681921379241
A03595,Parkview Health Network Network,Indiana,2020,0,0,0.07335900618175754
A03606,Westfield Physician Network Network,Oregon,2020,1,0,0.09532749721681412
A03612,Redwood Care Network Network,Connecticut,2020,0,0,0.08356709967352678
A03615,WellSpring Care Alliance Alliance,Arizona,2020,0,0,0.10406684059227861
A03624,Unity Care Network Network,Minnesota,2020,0,0,0.07396920208501609
A03633,WellSpring Health Alliance Medical Center,Massachusetts,2020,1,1,0.6131356255740232
A03639,Pinnacle Health Collaborative Medical Center,Indiana,2020,0,0,0.18336199543509385
A03640,Crestview Wellness Alliance,Ohio,2020,1,0,0.15966725032773807
A03646,Pioneer Medical Partners,Connecticut,2020,0,0,0.28524451904323317
A03654,Heartland Health Collaborative Collaborative,Massachusetts,2020,0,0,0.2535661173298616
A03656,WellSpring Medical Group,Tennessee,2020,0,0,0.04005733343353625
A03675,Canyon Wellness Partners,Indiana,2020,0,0,0.29855459960030567
A03680,Beacon Health Alliance Network,Wisconsin,2020,0,0,0.20798869371536802
A03685,Pinnacle Health Network Health System,Massachusetts,2020,0,0,0.20386857939866723
A03690,Clearview Care Network Health System,Maryland,2020,1,1,0.6295372746379057
A03691,Pinnacle Health Partners Partners,Tennessee,2020,0,0,0.05844274804531766
A03695,Fairview Health Alliance Alliance,Ohio,2020,0,0,0.024228363342651285
A03704,Highland Wellness Care Network,Massachusetts,2020,0,0,0.18018829076689
A03711,Oakridge Wellness Collaborative,Oregon,2020,0,0,0.1115744316011
A03713,Silverstone Health Medical Center,Missouri,2020,0,0,0.0269649637824888
A03724,Lakeside Care Partners Network,Illinois,2020,0,0,0.05009325987532716
A03725,Community Health Collaborative Care Network,Missouri,2020,0,0,0.06222922835420141
A03729,Golden Valley Health Collaborative Network,Colorado,2020,0,0,0.3491941904659933
A03736,Blue Ridge Clinical Partners Partners,Texas,2020,0,0,0.24990331154685247
A03739,Gateway Health Alliance Group,Florida,2020,0,0,0.08449322787868581
A03746,Highland Health Partners Collaborative,Massachusetts,2020,0,0,0.163839784539354
A03748,Canyon Wellness Association,Oregon,2020,0,0,0.230633568429754
A03754,Evergreen Physicians Medical Center,Ohio,2020,0,0,0.0936955935502572
A03757,Riverbend Physicians Association,Florida,2020,0,0,0.031698738821890546
A03761,Heritage Care Network Physician Alliance,Oregon,2020,0,0,0.11633081241621172
A03762,Oakridge Community Care Medical Center,Washington,2020,0,0,0.049338491120029485
A03763,Horizon Wellness Network,Tennessee,2020,0,0,0.04077716024108273
A03768,Riverside Integrated Health Care Network,Wisconsin,2020,0,0,0.08859109070501905
A03770,WellSpring Healthcare Partners,Florida,2020,1,0,0.39325147431577384
A03771,Crestview Healthcare Group,Massachusetts,2020,0,0,0.15489844913740203
A03778,Springfield Medical Partners Physician Alliance,Georgia,2020,1,1,0.5064166781718249
A03783,Silverstone Physicians Group,Michigan,2020,0,0,0.035690711738412755
A03797,Pioneer Health Partners Physician Alliance,Texas,2020,0,0,0.10676040982040476
A03806,Gateway Medical Partners Network,Colorado,2020,1,0,0.30561628189843487
A03808,Meadow Health Network Physician Alliance,Georgia,2020,0,0,0.1043869574471634
A03810,Pinnacle Health Network Care Network,Maryland,2020,0,0,0.06716057555169828
A03819,Unity Healthcare Health System,Georgia,2020,0,0,0.09066337776331058
A03824,Crestview Healthcare Association,Arizona,2020,0,0,0.05256197188089293
A03826,Crestview Integrated Health Partners,Wisconsin,2020,0,0,0.03810667635560187
A03839,Community Clinical Partners Health System,Texas,2020,0,0,0.1684648734798621
A03840,Blue Ridge Community Care Association,North Carolina,2020,1,1,0.8476495987971626
A03844,Canyon Physicians Physician Alliance,Colorado,2020,0,0,0.12054976941475035
A03858,Highland Community Care Collaborative,New York,2020,0,0,0.10915496746118557
A03861,Clearview Care Alliance,New York,2020,0,0,0.05589234430044503
A03864,Riverside Care Alliance Alliance,Tennessee,2020,0,0,0.08992722551145443
A03876,Valley Care Network Network,Ohio,2020,0,0,0.31177678781276474
A03883,Pioneer Healthcare Network,Minnesota,2020,1,1,0.5149928725050072
A03884,Northstar Health Network,Arizona,2020,0,0,0.07240538690657077
A03891,Maplewood Medical Partners Partners,Minnesota,2020,0,0,0.11600220337379229
A03892,Riverbend Health Partners Association,Alabama,2020,0,0,0.17229681184254703
A03896,Lakeside Care Partners Medical Center,Florida,2020,1,1,0.8924360417825531
A03900,Silverstone Care Network Group,Texas,2020,0,0,0.10597721544105544
A03907,Pinnacle Healthcare Alliance,Connecticut,2020,0,0,0.09835099091436011
A03910,Maplewood Medical Association,New York,2020,1,1,0.809148055452082
A03915,Parkview Care Alliance Medical Center,Alabama,2020,0,0,0.18270532044029075
A03920,Heritage Community Care Physician Alliance,Florida,2020,0,0,0.3298304821604047
A03931,Riverside Community Care Care Network,Oregon,2020,1,1,0.8325048793540186
A03934,Lakeside Care Partners Association,Alabama,2020,0,0,0.3240725070309222
A03941,Maplewood Care Association,Tennessee,2020,0,0,0.027988731135357867
A03944,Springfield Care Collaborative,Florida,2020,0,0,0.05775619815926185
A03945,Community Care Partners Physician Alliance,Florida,2020,0,0,0.03271908818899902
A03949,Unity Care Alliance Network,North Carolina,2020,1,1,0.6225765961009726
A03951,Highland Health Network Physician Alliance,Wisconsin,2020,0,1,0.516583846653406
A03955,Gateway Care Network Medical Center,Connecticut,2020,0,0,0.10561997407340838
A03957,Valley Medical Partners Association,California,2020,0,0,0.1057793915489751
A03958,Northstar Integrated Health Association,California,2020,0,0,0.32249992805891126
A03968,Westfield Care Partners Health System,Maryland,2020,0,0,0.04562540610773624
A03977,Grandview Health Alliance Alliance,Indiana,2020,0,0,0.04387590588207972
A03984,Green Valley Care Partners Partners,California,2020,1,1,0.8036409423722959
A03989,Crestview Medical Partners Group,Georgia,2020,0,0,0.17229882206418926
A03993,Golden Valley Healthcare Care Network,Missouri,2020,0,0,0.037913810960165696
A04000,Unity Wellness Partners,Oregon,2020,0,0,0.1219943719354769
A04003,Mountain View Physician Network Alliance,Wisconsin,2020,0,0,0.11165984829440286
A04009,Evergreen Health Group,Connecticut,2020,1,1,0.6086476054009361
A04019,Redwood Integrated Health Group,Colorado,2020,0,0,0.1927859764764433
A04020,Clearview Integrated Health Network,Wisconsin,2020,0,0,0.09848681095544447
A04024,Parkview Health Collaborative Collaborative,Maryland,2020,0,0,0.024433170866887507
A04028,Springfield Physicians Network,Minnesota,2020,0,0,0.1072573896250567
A04036,Lakeside Medical Group Group,Missouri,2020,0,0,0.24983318163882445
A04042,Summit Care Partners,North Carolina,2020,0,0,0.0766692352095914
A04060,Heritage Provider Alliance Physician Alliance,New York,2020,0,0,0.013233618764077004
A04068,Grandview Medical Partners Medical Center,Ohio,2020,1,1,0.5727579453597993
A04074,Golden Valley Health Network Association,Tennessee,2020,0,0,0.0383044422984677
A04078,Springfield Medical Group Health System,Arizona,2020,0,0,0.06992620140499495
A04081,Brookside Wellness Alliance,Illinois,2020,0,0,0.07584899538720989
A04098,Springfield Health Network,Texas,2020,0,0,0.03802883645094095
A04103,WellSpring Integrated Health Physician Alliance,Alabama,2020,0,0,0.10736605333075293
A04108,WellSpring Healthcare Group,North Carolina,2020,0,0,0.03216073142975604
A04114,Lakeside Care Network Network,Indiana,2020,0,0,0.2572739602948284
A04129,Community Health Alliance Physician Alliance,New York,2020,1,1,0.6514521016334016
A04139,Pioneer Care Network Collaborative,Virginia,2020,0,0,0.11526876749838104
A04140,Evergreen Medical Group Network,Colorado,2020,0,0,0.12299226636586384
A04146,Evergreen Wellness Alliance,New York,2020,0,0,0.06756929775278653
A04154,Highland Health Medical Center,Oregon,2020,0,0,0.10876314575813366
A04164,Parkview Health Partners Care Network,Florida,2020,0,0,0.14792276381826025
A04167,Oakridge Care Collaborative,Ohio,2020,0,0,0.02171695222286517
A04175,Pioneer Health Care Network,Ohio,2020,0,0,0.04817855703548653
A04176,Cedar Care Network Medical Center,Oregon,2020,0,0,0.15081255178984743
A04178,Metro Health Alliance,Connecticut,2020,0,0,0.23540025489229158
A04184,Eastgate Health Partners Medical Center,New Jersey,2020,1,0,0.35048571468370915
A04189,Green Valley Wellness Group,Indiana,2020,0,0,0.2508480145907988
A04193,Riverbend Care Network Partners,Georgia,2020,0,0,0.09775009406768767
A04200,Brookside Wellness Network,Michigan,2020,0,0,0.3687346852555422
A04204,Eastgate Medical Group Care Network,Georgia,2020,0,0,0.053886562932865756
A04206,Community Medical Partners Health System,North Carolina,2020,0,0,0.22990601675549527
A04207,Meadow Health Physician Alliance,Connecticut,2020,0,0,0.14053300070059044
A04214,Crestview Care Alliance Network,Tennessee,2020,1,0,0.31853819812808193
A04223,Riverside Health Alliance Physician Alliance,Washington,2020,0,0,0.08579442218209049
A04237,Stonebridge Health Partners,Massachusetts,2020,0,0,0.026737736867482792
A04260,Pioneer Health Collaborative Care Network,Illinois,2020,0,0,0.0235926862662126
A04263,Gateway Healthcare Physician Alliance,Alabama,2020,0,0,0.09796634765776373
A04265,Grandview Medical Group Collaborative,Tennessee,2020,1,1,0.7405496381782374
A04270,Redwood Clinical Partners Association,Minnesota,2020,1,1,0.9452712127067148
A04271,Highland Care Network Medical Center,Arizona,2020,0,0,0.17771320976902838
A04274,Evergreen Health Network Physician Alliance,Maryland,2020,0,0,0.20415918551429738
A04277,Evergreen Health Collaborative Association,North Carolina,2020,0,0,0.11197803207981201
A04285,WellSpring Wellness Physician Alliance,Florida,2020,0,0,0.2105240820980822
A04287,Green Valley Care Partners Group,Arizona,2020,0,0,0.048294482546989925
A04289,Stonebridge Health Collaborative Network,Maryland,2020,1,0,0.27854638790647646
A04294,Unity Care Partners Alliance,Virginia,2020,0,0,0.27490554246528964
A04296,Lakeside Health Partners Collaborative,Alabama,2020,0,0,0.14826802058117752
A04308,Pioneer Health Network Collaborative,Maryland,2020,0,0,0.05316912020179169
A04315,Meadow Health Collaborative Collaborative,Arizona,2020,0,0,0.06413377223323118
A04317,WellSpring Integrated Health Partners,Massachusetts,2020,1,1,0.7847530950752535
A04319,Metro Medical Group Group,New Jersey,2020,0,0,0.10730431130432788
A04340,Lakeside Health Network Association,Washington,2020,0,0,0.26736614301817474
A04342,Gateway Care Association,Oregon,2020,0,0,0.05052387881661338
A04343,Community Community Care Partners,California,2020,0,0,0.029057503284115868
A04347,Oakridge Medical Group Association,Washington,2020,1,1,0.7539288745616054
A04349,Cedar Care Alliance,Maryland,2020,0,0,0.3686573749965519
A04351,Cedar Medical Group,Washington,2020,0,0,0.06419897920734641
A04353,Eastgate Health Network Partners,Arizona,2020,0,0,0.16527518853735734
A04357,Northstar Physician Network Group,Oregon,2020,0,0,0.10469533524691765
A04363,Mountain View Clinical Partners Network,Illinois,2020,0,0,0.1295334988040518
A04367,Clearview Care Alliance Health System,Massachusetts,2020,0,0,0.12972621234448886
A04372,Stonebridge Provider Alliance Care Network,Massachusetts,2020,0,0,0.2102458938623082
A04377,Highland Provider Alliance Network,North Carolina,2020,0,0,0.3457446081972324
A04378,Unity Physicians Medical Center,Indiana,2020,0,0,0.2794047055891985
A04379,Fairview Care Alliance Association,Pennsylvania,2020,1,1,0.6977077953180267
A04383,Lakeside Care Network,Ohio,2020,0,0,0.04896314294010661
A04384,Riverbend Medical Partners Group,Alabama,2020,0,0,0.17274629073774977
A04391,Horizon Provider Alliance Physician Alliance,Virginia,2020,0,0,0.2250212885493625
A04395,Oakridge Physician Network Health System,Missouri,2020,0,0,0.045321550881217885
A04396,Stonebridge Health Collaborative Alliance,Texas,2020,0,0,0.17359974912137574
A04398,Community Integrated Health Network,New York,2020,0,0,0.016074168170057093
A04402,Pinnacle Health Group,Oregon,2020,0,0,0.23205686065738088
A04408,Summit Clinical Partners Group,Arizona,2020,0,0,0.3918933552847016
A04409,Evergreen Community Care Physician Alliance,Michigan,2020,0,0,0.02332836701160257
A04418,Summit Care Network Alliance,Wisconsin,2020,0,0,0.045931907696203644
A04422,Canyon Health Network Alliance,Virginia,2020,0,0,0.11922589553958081
A04435,Redwood Community Care Network,Connecticut,2020,1,1,0.6746998493082316
A04437,Metro Healthcare Care Network,Michigan,2020,0,0,0.0441477127045396
A04445,Eastgate Community Care Care Network,Ohio,2020,0,0,0.07908710647347605
A04448,Springfield Care Alliance Care Network,Wisconsin,2020,0,0,0.06019518117903943
A04463,Riverbend Clinical Partners Care Network,Colorado,2020,0,0,0.0950557531002974
A04468,Westfield Health Network,Oregon,2020,0,0,0.12422673271032778
A04472,Beacon Health Partners Group,Colorado,2020,0,0,0.17781084852854634
A04477,Grandview Integrated Health Association,Connecticut,2020,0,0,0.05567318628813065
A04479,Heritage Physicians Physician Alliance,Colorado,2020,0,0,0.10032110869454865
A04486,Brookside Provider Alliance Partners,New Jersey,2020,0,0,0.3527466138878011
A04496,Crestview Provider Alliance Network,Tennessee,2020,0,0,0.16547904036238503
A04503,Springfield Care Partners,Illinois,2020,0,0,0.04124574539404271
A04509,Crestview Health Medical Center,Arizona,2020,1,0,0.0758871356142639
A04516,Golden Valley Medical Partners Association,Minnesota,2020,0,0,0.03927256571674925
A04523,Maplewood Community Care Partners,Indiana,2020,0,0,0.0777647894975828
A04524,Oakridge Medical Association,New Jersey,2020,0,0,0.0966350399259477
A04525,Canyon Integrated Health Group,Virginia,2020,0,0,0.20259482282698596
A04528,Metro Medical Partners Group,Ohio,2020,1,0,0.27575255241785046
A04531,Beacon Health Partners Care Network,Washington,2020,0,0,0.048384750100716106
A04536,Blue Ridge Care Partners,North Carolina,2020,0,0,0.18012116823193108
A04545,Riverbend Health Alliance,Tennessee,2020,0,0,0.10817155325388601
A04548,Summit Physicians Group,Virginia,2020,0,0,0.05634210020334633
A04550,Redwood Health Partners Group,Missouri,2020,0,0,0.16816192886909978
A04551,Westfield Community Care Group,Illinois,2020,0,0,0.13309661042335474
A04553,Evergreen Health Network Medical Center,North Carolina,2020,0,0,0.10079685799071818
A04555,Riverbend Integrated Health Care Network,Indiana,2020,1,0,0.22372742669496243
A04557,Grandview Care Partners Group,Tennessee,2020,0,0,0.06110663392483108
A04559,Redwood Health Partners Association,Alabama,2020,0,0,0.07383464659748341
A04567,Stonebridge Wellness Medical Center,Florida,2020,0,0,0.06373879814744147
A04570,Parkview Healthcare Association,Maryland,2020,0,0,0.05956369208832214
A04572,Oakridge Care Network Network,Virginia,2020,0,0,0.16511578915746505
A04574,Canyon Medical Partners Care Network,Pennsylvania,2020,0,1,0.5297097592340657
A04583,Blue Ridge Clinical Partners Alliance,Colorado,2020,1,1,0.7038053371424432
A04584,Mountain View Care Partners Physician Alliance,Colorado,2020,0,0,0.12543278197595714
A04586,Beacon Health Alliance,Michigan,2020,1,0,0.24744749273429623
A04594,Grandview Wellness Association,Arizona,2020,0,0,0.0272654305202794
A04597,Valley Medical Partners Group,California,2020,0,0,0.14512477058749348
A04607,Canyon Medical Group Care Network,Maryland,2020,0,0,0.06194220515071413
A04623,Canyon Care Medical Center,Florida,2020,1,1,0.7628977830768651
A04624,WellSpring Medical Group Health System,Missouri,2020,0,0,0.2432685523788475
A04630,Blue Ridge Health Collaborative Medical Center,Ohio,2020,0,0,0.32111569868622775
A04631,Canyon Clinical Partners Health System,Arizona,2020,0,0,0.18330920841292372
A04636,Mountain View Health Alliance Collaborative,Virginia,2020,0,0,0.2402926436993146
A04651,Fairview Wellness Partners,Massachusetts,2020,1,0,0.10611239154583167
A04653,Mountain View Medical Association,Oregon,2020,0,0,0.02156216590078996
A04658,Eastgate Care Network,Illinois,2020,0,0,0.3009883473367395
A04674,WellSpring Physician Network Network,New Jersey,2020,0,0,0.08295569903419507
A04678,Evergreen Health Network Association,Washington,2020,0,0,0.14719275880353538
A04679,Mountain View Care Partners Alliance,Maryland,2020,0,0,0.05626153504765909
A04689,Clearview Health Partners Care Network,Wisconsin,2020,0,0,0.005545002791826538
A04696,Redwood Physician Network Partners,Texas,2020,0,0,0.054036411649108856
A04711,Parkview Provider Alliance Network,Virginia,2020,0,0,0.17658427697261186
A04714,Summit Health Medical Center,Ohio,2020,0,0,0.23363964060729198
A04716,Springfield Physicians Health System,Indiana,2020,0,0,0.16199644271596894
A04718,Eastgate Health Physician Alliance,Oregon,2020,0,0,0.11147969597379813
A04728,Summit Medical Group Care Network,California,2020,0,0,0.2423238848937798
A04738,WellSpring Medical Partners Partners,Washington,2020,0,0,0.0756884880674749
A04739,Community Care Collaborative,Connecticut,2020,0,0,0.21657205929052137
A04740,Green Valley Health Alliance Care Network,Pennsylvania,2020,1,1,0.8996977159219284
A04742,Golden Valley Care Network,Michigan,2020,1,1,0.8416534098309447
A04749,Lakeside Medical Physician Alliance,Colorado,2020,0,0,0.21726671729333483
A04756,Stonebridge Care Network Network,Connecticut,2020,0,0,0.10450579475480215
A04765,Horizon Community Care Health System,Michigan,2020,1,0,0.4262996659353451
A04768,Crestview Clinical Partners Collaborative,Alabama,2020,0,0,0.17594153742075094
A04770,Oakridge Community Care Health System,North Carolina,2020,0,0,0.18047812618499237
A04771,Springfield Health Health System,Wisconsin,2020,0,0,0.1541948374580198
A04774,Silverstone Provider Alliance Physician Alliance,Illinois,2020,0,0,0.08549287244575673
A04775,Redwood Health Collaborative Group,California,2020,0,0,0.011679500655573088
A04786,Green Valley Wellness Physician Alliance,Arizona,2020,0,0,0.058278483245483056
A04788,Eastgate Community Care Partners,Indiana,2020,0,0,0.24619970570033936
A04794,Westfield Healthcare Network,Massachusetts,2020,1,0,0.4528415033910494
A04803,Redwood Integrated Health Collaborative,Minnesota,2020,0,0,0.10796710467415174
A04806,Maplewood Care Partners Collaborative,Texas,2020,0,0,0.14613021570175136
A04811,Silverstone Clinical Partners Alliance,Ohio,2020,1,0,0.2790179361683046
A04813,Meadow Provider Alliance Medical Center,Michigan,2020,0,0,0.11204793912429883
A04815,Parkview Care Network Care Network,Illinois,2020,0,0,0.10031454178062721
A04820,Brookside Care Partners Association,Michigan,2020,0,0,0.3364456538305458
A04826,Redwood Health Alliance Care Network,Indiana,2020,0,0,0.2652008664889678
A04829,Highland Care Alliance Medical Center,Pennsylvania,2020,0,0,0.06115984157436961
A04838,Summit Health Alliance Care Network,Ohio,2020,0,0,0.1872263296026937
A04839,Fairview Health Network Association,Wisconsin,2020,1,1,0.9383599580640601
A04847,Lakeside Care Network Partners,Washington,2020,1,0,0.322175156075934
A04848,Valley Community Care Care Network,Massachusetts,2020,0,0,0.17321310158228476
A04855,Crestview Medical Partners Association,Texas,2020,1,1,0.816150941003205
A04858,Metro Care Health System,Washington,2020,0,0,0.07211293067042554
A04873,Clearview Health Collaborative Group,Indiana,2020,0,0,0.2820327146375564
A04874,Cedar Care Partners Physician Alliance,Florida,2020,0,0,0.031559356311891065
A04876,Brookside Care Network Group,California,2020,0,1,0.5843839437045921
A04878,Grandview Health Partners Collaborative,Maryland,2020,0,0,0.07190996835890613
A04885,Heartland Health Alliance Alliance,Alabama,2020,0,0,0.20384123582722327
A04887,Golden Valley Health Alliance,Georgia,2020,1,0,0.2522551908355695
A04895,Blue Ridge Health Network Health System,New York,2020,1,1,0.6882235157372488
A04898,WellSpring Clinical Partners Medical Center,New Jersey,2020,0,0,0.09598300237627974
A04900,Oakridge Provider Alliance Health System,Florida,2020,0,0,0.01575895595612488
A04908,Stonebridge Physician Network Network,Wisconsin,2020,0,0,0.11627133496383919
A04924,Summit Health Partners Group,North Carolina,2020,0,0,0.09853099836651331
A04939,Green Valley Medical Group Alliance,New York,2020,0,0,0.028004289112768577
A04952,Pinnacle Care Alliance Group,Michigan,2020,0,0,0.04017828851189144
A04954,Cedar Physicians Group,Michigan,2020,0,0,0.08155470146515512
A04960,Horizon Physicians Health System,Illinois,2020,0,0,0.10655397220899075
A04963,Blue Ridge Care Partners Health System,Massachusetts,2020,0,0,0.21847910908884074
A04981,Springfield Physician Network Medical Center,Illinois,2020,0,0,0.03440132378422211
A04986,Oakridge Provider Alliance Collaborative,Alabama,2020,0,0,0.06188394920019806
A04987,Oakridge Medical Partners Group,Connecticut,2020,0,0,0.23256838809772065
A04989,Parkview Physician Network Group,Michigan,2020,0,0,0.055355748126143946
A04992,Canyon Health Group,Connecticut,2020,0,0,0.19705744629903574
A04994,Northstar Care Network Group,Indiana,2020,0,0,0.06011799422233784
A04996,Evergreen Care Alliance Group,Indiana,2020,0,0,0.2846517424508442
A05009,WellSpring Care Partners Medical Center,California,2020,0,0,0.14519657973433686
A05011,Westfield Health Alliance Medical Center,North Carolina,2020,0,0,0.17856958392277697
A05012,Canyon Care Network Care Network,Virginia,2020,0,0,0.03631075005016716
A05016,Grandview Integrated Health Partners,Illinois,2020,0,0,0.3137156507506702
A05018,Horizon Community Care Group,Wisconsin,2020,0,0,0.06744890494537673
A05025,Lakeside Health Association,Ohio,2020,0,0,0.2443168221044673
A05032,Pinnacle Health Collaborative Care Network,North Carolina,2020,0,0,0.03878148347430745
A05033,Parkview Clinical Partners Group,Massachusetts,2020,0,0,0.0537008810722725
A05037,Summit Health Collaborative,Pennsylvania,2020,0,0,0.31158226832345265
A05050,Springfield Physician Network Collaborative,Texas,2020,0,0,0.0554140234554324
A05055,Unity Provider Alliance Network,Wisconsin,2020,1,1,0.9663645042780387
A05057,Oakridge Community Care Physician Alliance,Florida,2020,0,0,0.03269905981387134
A05066,Gateway Medical Partners Physician Alliance,Alabama,2020,0,0,0.2694685737311142
A05068,Golden Valley Physician Network Group,Michigan,2020,0,0,0.12523267399923874
A05077,Northstar Physicians Care Network,Arizona,2020,0,0,0.07199308313196313
A05085,Parkview Health Partners Alliance,Virginia,2020,0,0,0.06744590317542558
A05087,Grandview Healthcare Health System,Arizona,2020,0,0,0.14187305957904653
A05088,Cedar Medical Physician Alliance,Wisconsin,2020,0,1,0.5843839437045921
A05090,Pinnacle Medical Group,Missouri,2020,0,0,0.12953817995199135
A05091,Green Valley Care Alliance Network,Virginia,2020,0,0,0.12440247547261468
A05107,Pioneer Health Collaborative Medical Center,Maryland,2020,0,0,0.032415297690759855
A05111,Unity Health Association,Alabama,2020,0,0,0.11556174275019564
A05119,Parkview Health Partners Physician Alliance,Washington,2020,0,0,0.10545006224587868
A05123,Metro Health Partners Medical Center,New Jersey,2020,0,0,0.21202274471543273
A05136,Summit Clinical Partners Collaborative,Missouri,2020,1,1,0.7111607375493009
A05145,Eastgate Medical Collaborative,Florida,2020,0,0,0.20271486694096327
A05154,Blue Ridge Physicians Physician Alliance,Tennessee,2020,0,0,0.06623382097814291
A05160,WellSpring Health Alliance Partners,Illinois,2020,0,0,0.07144590802710155
A05161,Unity Care Alliance Health System,Alabama,2020,0,0,0.3619750721684592
A05170,Springfield Care Alliance Association,Oregon,2020,0,0,0.2512925209601471
A05171,Canyon Health Collaborative Physician Alliance,North Carolina,2020,0,0,0.13390003937809403
A05172,Riverbend Provider Alliance Association,Colorado,2020,0,0,0.28351935422215796
A05174,Gateway Wellness Physician Alliance,Oregon,2020,0,0,0.10616837011711594
A05175,Gateway Medical Group Health System,Alabama,2020,0,0,0.08348205316780043
A05179,Heritage Care Network Care Network,Missouri,2020,0,0,0.052382638811692805
A05183,Green Valley Health Partners Medical Center,Colorado,2020,0,0,0.04518704427321107
A05186,Valley Health Physician Alliance,Maryland,2020,0,0,0.22469172005140922
A05194,Heartland Clinical Partners Partners,Illinois,2020,0,0,0.1369923912683966
A05198,Crestview Health Partners Health System,Minnesota,2020,0,0,0.11747882743945888
A05203,Heritage Care Alliance Medical Center,New Jersey,2020,0,0,0.25069850795643694
A05211,Canyon Community Care Association,Pennsylvania,2020,0,0,0.15974340689225724
A05219,Beacon Clinical Partners Alliance,California,2020,0,0,0.19856013514967416
A05224,Springfield Healthcare Care Network,North Carolina,2020,0,0,0.07847602900576481
A05225,Highland Provider Alliance Partners,Washington,2020,0,0,0.14557599205822072
A05233,Heartland Care Group,Colorado,2020,0,0,0.04076161687262486
A05235,Mountain View Medical Partners Collaborative,Missouri,2020,1,1,0.6447029264816329
A05236,Riverbend Integrated Health Partners,Tennessee,2020,0,0,0.4201541431324945
A05238,Meadow Integrated Health Association,Indiana,2020,0,0,0.07538624232633105
A05240,Pioneer Health Alliance Medical Center,Illinois,2020,0,0,0.07120683661191679
A05250,Parkview Care Alliance Partners,Pennsylvania,2020,0,0,0.016452451989627165
A05252,Highland Health Network Collaborative,Colorado,2020,0,0,0.09787569565569657
A05273,Summit Provider Alliance Collaborative,Florida,2020,0,0,0.242914326685282
A05281,Horizon Medical Group Health System,Maryland,2020,0,0,0.07869793043156156
A05283,Mountain View Health Alliance Network,New York,2020,0,0,0.09087450397892088
A05295,Clearview Health Alliance Health System,Georgia,2020,0,0,0.03466589542771367
A05299,Mountain View Healthcare Health System,Texas,2020,0,0,0.016068691244965003
A05303,Canyon Health Collaborative Association,Maryland,2020,0,0,0.3230447096004764
A05304,Westfield Care Network Group,Ohio,2020,0,0,0.038815926180440025
A05307,WellSpring Community Care Group,Minnesota,2020,1,0,0.34319940257743
A05316,Gateway Provider Alliance Association,Indiana,2020,0,0,0.3134820102622936
A05317,Canyon Health Partners Alliance,Tennessee,2020,0,0,0.22995480290401216
A05318,Metro Care Partners Partners,Oregon,2020,0,0,0.056558316455225854
A05324,Northstar Medical Group Health System,Washington,2020,0,0,0.1669493496989618
A05325,Green Valley Wellness Network,Florida,2020,0,0,0.13834083438664443
A05326,Springfield Health Alliance Care Network,Michigan,2020,0,0,0.06558663705751983
A05327,Cedar Health Partners,Illinois,2020,0,0,0.0738010494763501
A05334,Community Care Care Network,North Carolina,2020,0,0,0.05101487775965539
A05336,Heartland Physicians Collaborative,Florida,2020,0,0,0.1543309599992452
A05343,Pinnacle Medical Partners,Maryland,2020,0,0,0.07211317937817484
A05345,Parkview Care Health System,Wisconsin,2020,1,1,0.7587981013727567
A05347,Blue Ridge Care Network Partners,Minnesota,2020,0,0,0.05880078736312164
A05348,Heritage Physician Network Collaborative,Alabama,2020,1,0,0.22347579490215477
A05352,Beacon Health Collaborative Alliance,Wisconsin,2020,0,0,0.01841868261313645
A05361,Clearview Physicians Physician Alliance,Florida,2020,0,0,0.10685036742355299
A05367,Heartland Care Partners Association,Michigan,2020,0,0,0.18549330253860397
A05374,Valley Health Partners Care Network,Indiana,2020,1,1,0.874258478299202
A05378,Northstar Community Care Alliance,Ohio,2020,0,0,0.13673021892326762
A05384,Mountain View Community Care Physician Alliance,Illinois,2020,0,0,0.1821448850647984
A05386,Green Valley Integrated Health Collaborative,Florida,2020,1,1,0.9129269407111209
A05396,Highland Care Physician Alliance,Indiana,2020,0,0,0.11413030054729859
A05397,Summit Integrated Health Group,Massachusetts,2020,0,0,0.09637947587805881
A05404,Canyon Health Partners Health System,Washington,2020,0,0,0.09246401245301508
A05411,Evergreen Health Network Network,Michigan,2020,1,0,0.36423527274976997
A05417,Heritage Health Alliance Partners,Maryland,2020,0,0,0.17118696825762822
A05418,Crestview Wellness Association,Oregon,2020,0,0,0.19841264858522925
A05420,Silverstone Community Care Health System,Virginia,2020,0,0,0.0962967345202458
A05439,Golden Valley Medical Group Association,Michigan,2020,0,0,0.13502725085025538
A05444,Valley Healthcare Group,Tennessee,2020,0,0,0.1133901153417331
A05449,Valley Care Alliance Health System,Wisconsin,2020,0,0,0.025259972020449054
A05451,Parkview Care Network Partners,Texas,2020,0,0,0.16490684190420452
A05458,Pioneer Wellness Group,Ohio,2020,0,0,0.16455941572486465
A05459,Community Care Alliance Care Network,Wisconsin,2020,1,0,0.17703930938528278
A05463,Horizon Health Health System,Arizona,2020,0,0,0.45929040621100675
A05464,Heritage Care Physician Alliance,Pennsylvania,2020,0,0,0.2508258553970322
A05472,Cedar Community Care Association,Pennsylvania,2020,0,0,0.061182849528438804
A05477,Redwood Community Care Alliance,Texas,2020,0,0,0.25793175015646524
A05480,Green Valley Provider Alliance Partners,Massachusetts,2020,0,0,0.09134062359073784
A05490,Metro Health Network Partners,Oregon,2020,0,0,0.3532501942311213
A05491,Westfield Medical Partners Alliance,Florida,2020,0,0,0.4260018825819925
A05506,Horizon Health Collaborative Physician Alliance,Pennsylvania,2020,0,0,0.0675617836042223
A05510,Riverside Medical Group Medical Center,North Carolina,2020,0,0,0.18062833997104388
A05527,Canyon Health Alliance Physician Alliance,North Carolina,2020,0,0,0.13143324161895015
A05531,Stonebridge Healthcare Alliance,Texas,2020,0,0,0.11476492802288064
A05536,Pinnacle Health Partners Association,Virginia,2020,0,0,0.44814885311787456
A05539,Gateway Community Care Care Network,Ohio,2020,0,0,0.09832593437664632
A05542,Silverstone Integrated Health Medical Center,Illinois,2020,0,0,0.21739922353591037
A05543,Community Provider Alliance Partners,Alabama,2020,0,0,0.05243577628455582
A05550,Meadow Integrated Health Network,Missouri,2020,0,0,0.09003564346689444
A05555,Clearview Clinical Partners Network,Massachusetts,2020,0,0,0.02043902809772605
A05557,Evergreen Health Network Alliance,Massachusetts,2020,0,0,0.16697005847236635
A05561,Community Clinical Partners Medical Center,North Carolina,2020,1,0,0.22163350737453247
A05565,Beacon Health Collaborative Association,Oregon,2020,0,0,0.04291532666710882
A05571,Silverstone Health Partners Association,Minnesota,2020,0,0,0.08949274927520458
A05572,Clearview Health Collaborative Care Network,Maryland,2020,1,0,0.3987548406318905
A05575,Canyon Medical Partners Network,California,2020,0,0,0.03254096446000006
A05590,Gateway Medical Group Network,Wisconsin,2020,0,0,0.11452722458974547
A05595,Pinnacle Medical Partners Physician Alliance,Colorado,2020,0,0,0.1479006269436841
A05596,Riverside Health Network Alliance,New York,2020,1,0,0.10396433316638837
A05606,Gateway Medical Association,California,2020,1,0,0.2504227627700406
A05607,Valley Care Network,Oregon,2020,1,0,0.313761890031919
A05615,Eastgate Community Care Physician Alliance,Missouri,2020,0,0,0.0432340883282151
A05617,Heartland Medical Alliance,Missouri,2020,0,0,0.030435257791010608
A05622,Green Valley Care Network Network,Tennessee,2020,0,0,0.16406530959314103
A05627,Beacon Medical Group Partners,Massachusetts,2020,0,0,0.05823943190219642
A05631,Westfield Clinical Partners Partners,Alabama,2020,0,0,0.0809059733513031
A05633,Fairview Health Network Health System,Virginia,2020,0,0,0.019100888312961636
A05648,Pioneer Medical Physician Alliance,Indiana,2020,0,0,0.4023142047769005
A05652,Evergreen Physicians Alliance,Indiana,2020,0,0,0.05892811435059889
A05658,Community Provider Alliance Care Network,New Jersey,2020,0,0,0.06851939766245319
A05659,WellSpring Health Partners Medical Center,Indiana,2020,0,0,0.0920060453790525
A05661,Lakeside Health Medical Center,Minnesota,2020,0,0,0.36281407736702426
A05662,Brookside Physician Network Physician Alliance,Missouri,2020,0,0,0.08341309332987387
A05665,Highland Clinical Partners Association,New Jersey,2020,0,0,0.08569390595900797
A05670,Riverbend Medical Partners Physician Alliance,Minnesota,2020,0,0,0.11026854831991391
A05683,Evergreen Integrated Health Care Network,Alabama,2020,1,0,0.3419675947681799
A05689,WellSpring Healthcare Collaborative,Ohio,2020,0,0,0.09640063847427002
A05691,Lakeside Health Partners Network,Texas,2020,0,0,0.1132785109924636
A05694,Lakeside Clinical Partners Medical Center,Arizona,2020,0,0,0.07192188285234045
A05698,WellSpring Integrated Health Group,Ohio,2020,0,0,0.3212039157714844
A05699,Green Valley Care Partners Health System,Missouri,2020,0,0,0.03876594668128314
A05702,Pioneer Health Collaborative Collaborative,Tennessee,2020,0,0,0.40759935091707944
A05703,Northstar Care Alliance Health System,Illinois,2020,0,0,0.020966265095854267
A05704,Riverside Health Alliance Network,Arizona,2020,0,0,0.14865190437285908
A05708,Pinnacle Care Network Physician Alliance,Washington,2020,0,0,0.22869967290728838
A05713,Brookside Care Care Network,Virginia,2020,0,0,0.0130359249845027
A05718,Heritage Health Association,Massachusetts,2020,0,0,0.4118668849676733
A05719,Heartland Care Network Partners,Minnesota,2020,1,0,0.09666071372467502
A05725,Gateway Physicians Alliance,Connecticut,2020,0,0,0.09490925699701322
A05726,Pioneer Physician Network Physician Alliance,Ohio,2020,1,0,0.19098646651946433
A05729,Pinnacle Healthcare Association,Pennsylvania,2020,0,0,0.19348678260930194
A05730,Community Health Partners Alliance,Maryland,2020,1,1,0.7855091474585882
A05740,Parkview Health Alliance,Georgia,2020,0,0,0.03086810620571488
A05745,Mountain View Health Collaborative Group,Tennessee,2020,0,0,0.02809674583174323
A05749,Golden Valley Medical Partners Partners,New York,2020,0,0,0.09438216513754279
A05752,Heartland Integrated Health Partners,Colorado,2020,0,0,0.18940598632825575
A05753,Lakeside Clinical Partners Care Network,Washington,2020,0,0,0.06902294039655678
A05762,Riverside Healthcare Association,California,2020,0,0,0.27777221148714376
A05769,Green Valley Medical Group Physician Alliance,Georgia,2020,0,0,0.08116106520261263
A05774,Beacon Medical Medical Center,Florida,2020,0,0,0.034333879002418174
A05776,Oakridge Wellness Group,Illinois,2020,0,1,0.5044320353547534
A05780,Highland Provider Alliance Alliance,Minnesota,2020,0,0,0.2606805918559145
A05784,Beacon Health Alliance Care Network,New York,2020,0,0,0.09250683136388849
A05785,Summit Physician Network Care Network,Michigan,2020,1,0,0.42859542253685207
A05788,Redwood Healthcare Association,California,2020,0,0,0.11386300681513031
A05790,Horizon Health Network Physician Alliance,Michigan,2020,0,0,0.14489236407792097
A05793,Mountain View Care Physician Alliance,Tennessee,2020,0,0,0.17076170507335653
A05795,Golden Valley Health Collaborative Partners,Massachusetts,2020,0,0,0.4369605593622864
A05798,Grandview Wellness Health System,California,2020,0,0,0.2939831925409129
A05808,Summit Health Association,Illinois,2020,1,1,0.6253881044942012
A05815,Highland Care Partners Collaborative,Florida,2020,0,0,0.16641102530854926
A05826,Community Care Partners Alliance,Georgia,2020,1,0,0.16904478358187128
A05829,Unity Care Partners Network,Texas,2020,0,0,0.46993015579042074
A05838,Eastgate Care Alliance Group,Connecticut,2020,0,0,0.027470990160078965
A05842,Eastgate Medical Health System,Oregon,2020,0,0,0.3203756740673962
A05845,Grandview Healthcare Partners,Tennessee,2020,0,0,0.037094009919860914
A05847,Maplewood Care Network Partners,Florida,2020,0,0,0.07242386278971169
A05851,Summit Provider Alliance Health System,New Jersey,2020,0,0,0.22007811206705738
A05859,Blue Ridge Care Network Group,North Carolina,2020,0,0,0.19402609819589287
A05866,Valley Health Alliance Partners,Florida,2020,0,0,0.21660378423168042
A05880,Cedar Health Network Group,Arizona,2020,0,0,0.08870496723346444
A05881,Evergreen Physician Network Health System,Missouri,2020,0,0,0.08185264441724298
A05886,Golden Valley Wellness Group,Illinois,2020,0,0,0.045270000763011096
A05887,Oakridge Healthcare Alliance,Georgia,2020,0,0,0.09901791938951128
A05889,Green Valley Care Alliance Health System,Illinois,2020,0,0,0.0992120155125818
A05898,Parkview Care Partners Alliance,Ohio,2020,0,0,0.05990603040262281
A05899,Heritage Care Network Partners,Wisconsin,2020,1,0,0.06529305740068043
A05914,Crestview Health Association,Pennsylvania,2020,1,0,0.22889631659280965
A05915,Unity Community Care Partners,New Jersey,2020,0,0,0.18541011531347487
A05926,Fairview Integrated Health Medical Center,Indiana,2020,1,1,0.8262317212023624
A05928,Green Valley Physicians Partners,Oregon,2020,0,0,0.13064132988806001
A05930,Springfield Clinical Partners Health System,Minnesota,2020,0,0,0.40686848095807904
A05931,Pinnacle Integrated Health Care Network,Washington,2020,0,0,0.03592167425143335
A05942,Clearview Health Group,North Carolina,2020,0,0,0.04151009986787826
A05943,Green Valley Care Partners Network,Pennsylvania,2020,0,0,0.06639468733104194
A05951,Beacon Physicians Physician Alliance,Illinois,2020,0,0,0.16210745656336364
A05957,Springfield Care Network Association,Missouri,2020,1,1,0.6279015704295706
A05967,Northstar Wellness Partners,Massachusetts,2020,1,1,0.8269948657998557
A05972,Fairview Provider Alliance Group,Maryland,2020,0,0,0.3277548438597984
A05973,Grandview Care Network Association,California,2020,0,0,0.12522839611229694
A05986,Oakridge Health Network Association,Virginia,2020,0,0,0.11606069755858844
A05997,Lakeside Health Alliance Alliance,New Jersey,2020,0,0,0.16320328159283506
A06000,Fairview Healthcare Health System,Pennsylvania,2020,0,0,0.15026812288080968
A06001,Highland Medical Association,New Jersey,2020,0,0,0.32786503589759664
A06005,Crestview Healthcare Partners,New York,2020,1,1,0.6336023676868954
A06013,Oakridge Care Partners Care Network,Wisconsin,2020,0,0,0.1276042878087539
A06018,Summit Health Alliance Alliance,California,2020,0,0,0.05031824005666334
A06041,Heartland Care Alliance Association,Georgia,2020,0,0,0.3769529265032115
A06053,Summit Care Network Collaborative,Wisconsin,2020,0,0,0.09697553183034302
A06054,Springfield Medical Alliance,Ohio,2020,1,1,0.6705941243860504
A06059,Crestview Care Alliance Partners,Pennsylvania,2020,0,0,0.03796958470065601
A06063,Fairview Physician Network Medical Center,Oregon,2020,0,0,0.1367234101772557
A06068,Silverstone Health Network Care Network,Missouri,2020,1,1,0.7408647014877582
A06075,Riverbend Medical Group Physician Alliance,Texas,2020,0,0,0.04293632521963565
A06076,Gateway Care Partners Collaborative,California,2020,1,1,0.8772293545466561
A06079,WellSpring Integrated Health Collaborative,Oregon,2020,0,0,0.1711906518643695
A06081,Parkview Health Alliance Alliance,Alabama,2020,0,0,0.1798351843028423
A06083,Oakridge Clinical Partners Health System,Massachusetts,2020,0,0,0.1079105665325174
A06090,Riverbend Health Collaborative Group,California,2020,0,0,0.030760484647009655
A06092,Pioneer Medical Partners Physician Alliance,Missouri,2020,0,0,0.02982789880699138
A06095,Westfield Health Network Partners,Wisconsin,2020,0,0,0.027240192225944516
A06108,Community Wellness Medical Center,New York,2020,0,0,0.18092416095694103
A06121,Evergreen Medical Network,Minnesota,2020,0,0,0.20847700648228526
A06122,Northstar Care Partners Medical Center,Arizona,2020,0,0,0.0917223056328684
A06128,Pinnacle Physician Network Care Network,Tennessee,2020,0,0,0.005120746493421947
A06129,Parkview Care Medical Center,Illinois,2020,0,0,0.04699355318118395
A06130,Springfield Community Care Physician Alliance,Florida,2020,0,0,0.2899287039454071
A06135,Metro Clinical Partners Group,Illinois,2020,0,0,0.049972877743953016
A06137,Clearview Physician Network Collaborative,Connecticut,2020,0,0,0.13485100090794003
A06139,WellSpring Care Care Network,Colorado,2020,0,0,0.08606431420371864
A06147,Fairview Physician Network Network,Pennsylvania,2020,0,0,0.09599227475039573
A06155,Crestview Community Care Medical Center,Colorado,2020,1,1,0.6000910673367342
A06156,Canyon Health Collaborative,Alabama,2020,0,0,0.046234081163333315
A06164,Parkview Physicians Care Network,Wisconsin,2020,0,0,0.08014992336717035
A06167,Unity Health Group,Arizona,2020,0,0,0.2219545272564513
A06173,Parkview Medical Group Medical Center,North Carolina,2020,0,0,0.09365195325271497
A06175,Highland Health Collaborative Collaborative,Pennsylvania,2020,0,0,0.07836869476990926
A06177,Golden Valley Health Alliance Physician Alliance,Washington,2020,0,0,0.39207334306350516
A06183,Parkview Care Alliance,Oregon,2020,0,0,0.2893866728498965
A06187,Heartland Health Collaborative Alliance,North Carolina,2020,0,0,0.19652486553547222
A06190,Parkview Medical Collaborative,Florida,2020,0,0,0.11848636914460683
A06201,Springfield Health Association,Massachusetts,2020,0,0,0.01972829125760357
A06202,Blue Ridge Medical Group Association,Arizona,2020,0,0,0.29150359320626884
A06206,Northstar Medical Partners Health System,Tennessee,2020,0,0,0.0033932970691195594
A06207,Gateway Care Alliance Association,Virginia,2020,0,0,0.02725072917196726
A06208,Green Valley Healthcare Group,New York,2020,0,0,0.0975187422252376
A06209,Westfield Care Group,Texas,2020,0,0,0.03881221254868039
A06213,Highland Care Alliance,Oregon,2020,0,0,0.09081453397830387
A06225,Cedar Medical Partners,Michigan,2020,0,0,0.28923380132497195
A06230,Eastgate Community Care Alliance,Virginia,2020,0,0,0.09362974389741159
A06234,Golden Valley Clinical Partners Network,Florida,2020,0,0,0.05102128466839708
A06238,Grandview Health Collaborative Care Network,Tennessee,2020,0,0,0.018634522277738576
A06255,Springfield Care Association,Texas,2020,0,0,0.08977953308884368
A06256,Crestview Physicians Group,Florida,2020,0,0,0.016493639940599623
A06259,Brookside Provider Alliance Association,North Carolina,2020,0,0,0.042907133214509334
A06260,Mountain View Health Network,Indiana,2020,0,0,0.1728067928523851
A06263,Heartland Clinical Partners Care Network,Michigan,2020,0,0,0.1447313411318847
A06273,Maplewood Medical Medical Center,Ohio,2020,0,0,0.10703600509813492
A06276,Silverstone Community Care Care Network,Texas,2020,1,1,0.5968875061831962
A06281,Riverbend Physician Network Network,Massachusetts,2020,0,0,0.21031906940633188
A06286,Fairview Medical Collaborative,Washington,2020,0,0,0.31722664567002107
A06291,Pinnacle Physicians Network,Illinois,2020,0,0,0.011397704203813523
A06299,Lakeside Care Partners Alliance,New York,2020,0,0,0.46891394287425925
A06300,Grandview Community Care Collaborative,New Jersey,2020,0,0,0.07318964866009207
A06302,Golden Valley Wellness Association,Wisconsin,2020,0,0,0.1411376141787703
A06304,Heartland Medical Physician Alliance,Ohio,2020,0,0,0.024494643863003252
A06308,Golden Valley Community Care Health System,Missouri,2020,1,1,0.8519430989739241
A06310,Springfield Wellness Physician Alliance,Pennsylvania,2020,0,0,0.1355215006509446
A06339,Green Valley Integrated Health Alliance,Minnesota,2020,0,0,0.03852277486205495
A06344,Brookside Care Network Partners,Massachusetts,2020,0,0,0.031823714298170575
A06347,Valley Provider Alliance Care Network,Michigan,2020,0,0,0.11886138119422635
A06349,Green Valley Physicians Alliance,Massachusetts,2020,0,0,0.1470866060202645
A06352,Heritage Health Medical Center,Pennsylvania,2020,0,0,0.15476576096739111
A06354,Springfield Clinical Partners Association,California,2020,0,0,0.1204322986112582
A06373,Riverbend Health Network Collaborative,North Carolina,2020,0,0,0.34672981920301
A06375,Unity Care Alliance Medical Center,Oregon,2020,0,0,0.07449174640040225
A06384,Brookside Physicians Alliance,Tennessee,2020,0,0,0.051667735005206515
A06385,Meadow Care Health System,Wisconsin,2020,0,0,0.03785441709302581
A06388,Grandview Healthcare Network,Virginia,2020,0,0,0.1965093019057251
A06390,Springfield Health Alliance Partners,New York,2020,0,0,0.02646819664630495
A06397,Northstar Care Partners Alliance,Alabama,2020,0,0,0.14954260029553854
A06413,Pinnacle Medical Partners Network,Minnesota,2020,1,0,0.2729307759876967
A06423,Redwood Health Network Collaborative,Oregon,2020,0,0,0.11514804278591423
A06432,Beacon Healthcare Physician Alliance,Massachusetts,2020,0,0,0.2240124026769269
A06434,Parkview Health Group,Pennsylvania,2020,1,0,0.13404580282028897
A06440,Eastgate Clinical Partners Alliance,Massachusetts,2020,0,0,0.12506780772420537
A06450,Northstar Physician Network Network,Colorado,2020,0,0,0.3726513847614917
A06451,Gateway Healthcare Medical Center,Florida,2020,0,0,0.169358906359483
A06452,Summit Physicians Collaborative,Washington,2020,0,0,0.08403041045551378
A06456,Canyon Healthcare Alliance,California,2020,0,0,0.25079925623830734
A06458,Lakeside Care Alliance Health System,California,2020,0,0,0.20101501390640902
A06459,Riverbend Provider Alliance Medical Center,Georgia,2020,0,0,0.17579017714645517
A06470,Summit Physician Network Alliance,Washington,2020,0,0,0.13704493370473148
A06473,Mountain View Community Care Care Network,Ohio,2020,0,0,0.13425288301765334
A06490,Cedar Provider Alliance Health System,New York,2020,0,0,0.23880562833373706
A06492,Golden Valley Health Collaborative Group,Missouri,2020,0,0,0.05691725902084532
A06498,Green Valley Care Alliance Association,California,2020,0,0,0.22500472448410755
A06500,Community Care Network Association,Missouri,2020,1,0,0.10352138098047194
A06504,Beacon Health Network Health System,Minnesota,2020,0,0,0.3420088772127056
A06508,Gateway Health Network Health System,Arizona,2020,0,0,0.040923388615222364
A06511,Stonebridge Health Collaborative Physician Alliance,Connecticut,2020,0,0,0.2000291652497749
A06515,Metro Medical Medical Center,Georgia,2020,0,0,0.058617714774992107
A06519,Summit Care Partners Association,North Carolina,2020,0,0,0.05222469776667691
A06521,Heartland Physician Network Alliance,Massachusetts,2020,0,0,0.023493227053503093
A06525,Fairview Health Group,Colorado,2020,0,0,0.11865864499743443
A06527,Redwood Physicians Care Network,Minnesota,2020,0,0,0.14063672594779053
A06528,Oakridge Medical Partners Collaborative,California,2020,0,0,0.03646414656081947
A06536,Community Health Collaborative Association,Florida,2020,0,0,0.2954063198601732
A06538,Meadow Provider Alliance Care Network,Wisconsin,2020,0,0,0.2174896501603064
A06549,Gateway Care Alliance Physician Alliance,Tennessee,2020,0,0,0.15976474788206477
A06552,Canyon Health Alliance Association,Connecticut,2020,0,0,0.13920520166665445
A06557,Stonebridge Care Alliance Association,Pennsylvania,2020,0,0,0.22758686037748
A06568,Maplewood Healthcare Physician Alliance,Alabama,2020,0,0,0.06320359136230164
A06576,Metro Integrated Health Physician Alliance,New Jersey,2020,0,0,0.029966271898316403
A06577,Heritage Health Partners,Michigan,2020,0,0,0.18556425911153396
A06589,Beacon Health Collaborative Partners,Indiana,2020,0,0,0.1496895886628672
A06594,Crestview Medical Association,New York,2020,1,0,0.10705647489172788
A06604,Summit Health Partners Physician Alliance,California,2020,0,0,0.01565069423592957
A06605,Evergreen Community Care Network,Florida,2020,0,0,0.08366745660192654
A06618,Brookside Health Alliance Collaborative,New Jersey,2020,1,1,0.7928028182839756
A06620,Grandview Integrated Health Medical Center,Virginia,2020,0,0,0.09256489809153143
A06628,Blue Ridge Community Care Partners,Pennsylvania,2020,0,0,0.08064911624123795
A06631,Redwood Medical Health System,Connecticut,2020,0,0,0.2608858444683015
A06632,Redwood Physicians Medical Center,Washington,2020,0,0,0.3470986089611168
A06637,Pinnacle Care Network Care Network,Maryland,2020,0,0,0.10720902529609344
A06640,Grandview Clinical Partners Health System,California,2020,0,0,0.4272376333014573
A06641,Lakeside Clinical Partners Association,Maryland,2020,0,0,0.08652617994288761
A06652,Stonebridge Clinical Partners Network,Florida,2020,0,0,0.2833997988134628
A06655,Grandview Physician Network Collaborative,Michigan,2020,0,0,0.1329585088370867
A06656,Oakridge Health Collaborative Physician Alliance,Florida,2020,0,0,0.08305695613829467
A06658,Canyon Care Association,Tennessee,2020,1,0,0.25915365527764606
A06666,WellSpring Care Alliance Medical Center,Oregon,2020,0,0,0.19466516062826905
A06668,Green Valley Integrated Health Medical Center,Illinois,2020,0,0,0.14865190437285908
A06669,Heritage Health Network Collaborative,North Carolina,2020,0,0,0.05563209589880505
A06673,Mountain View Health Partners Partners,Alabama,2020,0,0,0.1792067630588312
A06679,Westfield Medical Association,Colorado,2020,0,0,0.04762337840147721
A06682,Metro Physicians Association,Virginia,2020,0,0,0.21383858125406185
A06687,Evergreen Healthcare Collaborative,Connecticut,2020,1,0,0.09942826501456892
A06692,Grandview Care Network Network,Missouri,2020,0,0,0.4227339571573207
A06693,Meadow Care Alliance,Colorado,2020,0,0,0.027647353509489422
A06694,Valley Health Partners Partners,Arizona,2020,0,0,0.1833266308001441
A06695,Blue Ridge Care Network Alliance,Virginia,2020,0,0,0.16577350574264
A06704,Summit Physicians Health System,Minnesota,2020,0,0,0.21472239945493135
A06727,Green Valley Integrated Health Partners,Pennsylvania,2020,0,0,0.15489255783419162
A06728,Springfield Care Partners Health System,Alabama,2020,0,0,0.2323625735737234
A06730,Community Healthcare Alliance,Virginia,2020,0,0,0.1652442841204509
A06748,Evergreen Health Collaborative Medical Center,Michigan,2020,0,0,0.04026414678181874
A06767,Blue Ridge Medical Care Network,Alabama,2020,0,0,0.054624134065582045
A06770,Green Valley Clinical Partners Health System,Florida,2020,0,0,0.26950896011880227
A06777,Brookside Physician Network Group,Florida,2020,0,0,0.01672387810574149
A06779,Silverstone Wellness Health System,North Carolina,2020,0,0,0.25680312440532893
A06786,Evergreen Medical Group Health System,Wisconsin,2020,0,0,0.021958561182782957
A06793,Fairview Wellness Medical Center,New York,2020,1,1,0.8506054785074411
A06796,Cedar Community Care Care Network,Maryland,2020,0,0,0.12078275456669459
A06797,Summit Community Care Network,Michigan,2020,0,0,0.010283403173418724
A06798,Crestview Health Collaborative Network,Indiana,2020,0,0,0.03231108357729612
A06806,Golden Valley Wellness Collaborative,Illinois,2020,0,0,0.08667911570714841
A06808,Metro Health Network Alliance,California,2020,0,0,0.1687536758638506
A06814,Stonebridge Healthcare Group,Minnesota,2020,0,0,0.1343834795448868
A06816,Golden Valley Health Network Care Network,Pennsylvania,2020,0,0,0.09346945392853272
A06828,Silverstone Care Network Collaborative,Connecticut,2020,0,0,0.14925412061837434
A06841,Heartland Clinical Partners Health System,Virginia,2020,0,0,0.19733526419764036
A06844,Blue Ridge Clinical Partners Group,Illinois,2020,0,0,0.08557418626163665
A06846,Heritage Community Care Association,Arizona,2020,0,0,0.3159315840617578
A06847,Riverside Health Partners Physician Alliance,Washington,2020,0,0,0.12050774276505313
A06857,Crestview Community Care Physician Alliance,Alabama,2020,0,0,0.2586348273660049
A06866,Cedar Medical Alliance,Wisconsin,2020,0,0,0.3365235318633779
A06869,Gateway Medical Group Care Network,Oregon,2020,0,0,0.07663778796480575
A06870,Community Medical Physician Alliance,Virginia,2020,1,0,0.4610372248156228
A06879,Crestview Healthcare Physician Alliance,Washington,2020,0,0,0.24272197054069422
A06885,Summit Health Alliance Physician Alliance,Indiana,2020,1,0,0.3508633795271889
A06887,Parkview Clinical Partners Health System,Maryland,2020,0,0,0.17876844552503074
A06892,Unity Healthcare Group,Georgia,2020,0,0,0.03804972269087843
A06897,Community Health Alliance,Missouri,2020,1,0,0.3347630981644785
A06898,Maplewood Physicians Alliance,Colorado,2020,0,0,0.04207993627486415
A06900,Westfield Care Partners Association,Alabama,2020,1,0,0.06947700673680508
A06909,Pioneer Medical Collaborative,New York,2020,0,0,0.04408080412625382
A06915,WellSpring Physicians Health System,Arizona,2020,1,0,0.1744875893386022
A06922,Riverside Care Alliance Collaborative,Tennessee,2020,0,0,0.15298530399010385
A06923,Valley Health Partners Network,Georgia,2020,1,1,0.8584054068346176
A06930,Community Medical Group Medical Center,Illinois,2020,0,0,0.3503760131892049
A06934,Brookside Care Network Health System,California,2020,0,0,0.07167057841760266
A06941,Parkview Medical Partners Association,Illinois,2020,0,0,0.08052452629048559
A06952,Lakeside Health Alliance Medical Center,Wisconsin,2020,0,0,0.05455354568168366
A06965,Clearview Medical Partners Physician Alliance,Colorado,2020,0,0,0.07788144287511285
A06968,Westfield Health Alliance Partners,Washington,2020,0,0,0.07937703355128364
A06987,Evergreen Health Collaborative,Pennsylvania,2020,0,0,0.12263696187848318
A07002,Riverside Integrated Health Alliance,Virginia,2020,0,0,0.08926338917521376
A07004,Community Integrated Health Collaborative,Massachusetts,2020,0,0,0.10606667638052138
A07005,Cedar Integrated Health Medical Center,Maryland,2020,0,0,0.09592714140550632
A07009,Stonebridge Physicians Medical Center,Massachusetts,2020,0,0,0.22912475128164236
A07011,Heritage Health Network Physician Alliance,Oregon,2020,0,0,0.23276290740446104
A07018,Westfield Integrated Health Association,Virginia,2020,0,0,0.07116916566548097
A07020,Mountain View Health Collaborative Medical Center,Michigan,2020,0,0,0.08409146503834647
A07029,Grandview Medical Partners Physician Alliance,Virginia,2020,0,0,0.2555141422111167
A07040,Lakeside Healthcare Collaborative,Illinois,2020,0,0,0.06146798553837107
A07042,Unity Physician Network Association,New York,2020,1,0,0.24326355611004571
A07046,Oakridge Clinical Partners Medical Center,Missouri,2020,0,0,0.1212106681312283
A07051,Valley Clinical Partners Physician Alliance,Ohio,2020,1,1,0.6555347184454154
A07054,Stonebridge Medical Collaborative,Wisconsin,2020,0,0,0.35973840532658763
A07059,Golden Valley Care Alliance Network,Washington,2020,0,0,0.16657957612995614
A07060,Eastgate Care Partners Health System,Minnesota,2020,0,0,0.10449181631189713
A07061,Oakridge Health Network Partners,Washington,2020,1,1,0.6067167357090526
A07062,WellSpring Care Partners Physician Alliance,Minnesota,2020,0,0,0.052382638811692805
A07064,Stonebridge Health Collaborative Care Network,New York,2020,0,0,0.11078889556607914
A07070,Westfield Physician Network Care Network,Illinois,2020,0,0,0.26361271375910583
A07071,Horizon Physician Network Network,New Jersey,2020,0,0,0.1648469854024391
A07073,Lakeside Medical Partners Medical Center,Missouri,2020,0,0,0.34436960557160085
A07075,Silverstone Medical Group Group,Massachusetts,2020,0,0,0.05853693149628197
A07078,Horizon Medical Partners Network,Wisconsin,2020,0,0,0.06361379477941143
A07092,Valley Health Network,Indiana,2020,0,0,0.23277515693755593
A07105,Canyon Health Partners Collaborative,Arizona,2020,0,0,0.1268586789017797
A07106,Heartland Integrated Health Medical Center,Indiana,2020,0,0,0.028974143359387205
A07109,Heartland Medical Group Partners,Connecticut,2020,0,0,0.03178776848787102
A07111,Horizon Care Medical Center,Alabama,2020,1,1,0.6115722781631072
A07116,Heritage Wellness Association,California,2020,0,0,0.05919080613510244
A07136,Riverside Physician Network Medical Center,Illinois,2020,0,0,0.16880001490219454
A07148,Gateway Health Group,Illinois,2020,0,0,0.22282086240094312
A07150,Maplewood Physicians Collaborative,New York,2020,0,0,0.056198318259273
A07153,Maplewood Health Collaborative Care Network,North Carolina,2020,0,0,0.11937374367248654
A07156,Horizon Integrated Health Collaborative,Minnesota,2020,0,0,0.059639090792003
A07164,Summit Medical Partners Alliance,Alabama,2020,0,0,0.035303411273957634
A07169,Unity Integrated Health Network,Florida,2020,1,1,0.6350293179061413
A07172,Eastgate Health Partners,Alabama,2020,0,0,0.2250679429977128
A07173,Pioneer Medical Group Partners,Minnesota,2020,0,0,0.055759441697740435
A07174,Riverside Community Care Alliance,Georgia,2020,0,0,0.20019349081639418
A07177,Pinnacle Community Care Health System,Alabama,2020,1,1,0.7690524910555319
A07192,Beacon Healthcare Group,Arizona,2020,0,0,0.13826368140018272
A07193,Fairview Clinical Partners Network,Wisconsin,2020,1,0,0.21082063890865002
A07195,Silverstone Care Partners Partners,Minnesota,2020,1,1,0.7567286512930402
A07199,Summit Physicians Medical Center,Washington,2020,1,0,0.22812701345843373
A07209,Silverstone Health Partners Care Network,New Jersey,2020,1,0,0.14574020633462417
A07212,Clearview Care Network Physician Alliance,Washington,2020,0,0,0.1988063797010438
A07221,Maplewood Physician Network Collaborative,Minnesota,2020,1,0,0.13215437685489242
A07227,Eastgate Wellness Alliance,Alabama,2020,0,0,0.0867777138135279
A07231,Community Health Network Care Network,New Jersey,2020,0,0,0.056130513297551116
A07236,Community Health Alliance Health System,Ohio,2020,0,0,0.0647847695084375
A07244,Springfield Clinical Partners Network,Illinois,2020,0,0,0.06736895008172045
A07264,Riverside Community Care Health System,Massachusetts,2020,0,0,0.027841593690295752
A07267,Riverbend Wellness Medical Center,Florida,2020,0,0,0.09318289730424062
A07268,Parkview Care Partners Physician Alliance,Connecticut,2020,0,0,0.08875573295874543
A07281,Riverside Care Association,Georgia,2020,0,0,0.095039582369039
A07284,Lakeside Care Alliance Association,Illinois,2020,0,0,0.035958057484859134
A07286,Oakridge Care Alliance Alliance,Minnesota,2020,1,0,0.2825870264027773
A07294,Redwood Medical Collaborative,Minnesota,2020,0,0,0.1446434265406444
A07297,Summit Healthcare Care Network,Maryland,2020,0,0,0.08684240090890065
A07298,Lakeside Physician Network Collaborative,Pennsylvania,2020,0,0,0.12006750786757023
A07299,Gateway Health Alliance Association,Texas,2020,0,0,0.2150479045940715
A07301,Gateway Community Care Physician Alliance,Washington,2020,0,0,0.15395054274762046
A07302,Westfield Care Network Physician Alliance,Arizona,2020,0,0,0.12034102850001555
A07306,Maplewood Health Collaborative Group,Wisconsin,2020,0,0,0.10192919590429353
A07308,Metro Health Alliance Alliance,Minnesota,2020,0,0,0.12468026667312986
A07313,Maplewood Community Care Collaborative,Colorado,2020,0,0,0.2429458063056163
A07316,WellSpring Health Alliance Physician Alliance,Colorado,2020,0,0,0.04806720084468549
A07324,Springfield Healthcare Physician Alliance,Washington,2020,0,0,0.23120927704821453
A07325,Crestview Health Network Care Network,Tennessee,2020,0,0,0.15743244463831155
A07330,Metro Health Partners Network,Connecticut,2020,0,0,0.2341300618640599
A07332,Northstar Care Partners,Texas,2020,0,0,0.1159420235486956
A07333,Clearview Health Network Network,Massachusetts,2020,0,0,0.16221084984593354
A07338,Gateway Health Collaborative Group,Texas,2020,0,0,0.04022132535834157
A07340,Gateway Health Partners Care Network,New York,2020,0,0,0.2755660477059257
A07343,Oakridge Clinical Partners Care Network,Florida,2020,0,0,0.05990603040262281
A07344,Riverbend Community Care Collaborative,Texas,2020,0,0,0.09544214783024652
A07347,Summit Health Alliance Group,Missouri,2020,0,0,0.04694749113656073
A07349,Community Physicians Group,New York,2020,0,1,0.5712225370816725
A07357,Oakridge Medical Partners Association,Missouri,2020,1,0,0.11403967388270873
A07359,Community Integrated Health Physician Alliance,Arizona,2020,0,0,0.10606249466861108
A07361,Metro Integrated Health Care Network,Arizona,2020,0,0,0.10537503823139965
A07363,Evergreen Clinical Partners Medical Center,Texas,2020,0,0,0.09222582103978066
A07372,Eastgate Physicians Partners,Oregon,2020,0,0,0.01090976321215804
A07373,Pioneer Care Partners Health System,Texas,2020,0,0,0.055846737841735446
A07374,Oakridge Care Network Health System,Michigan,2020,0,0,0.03909630094813314
A07377,Grandview Physician Network Care Network,Pennsylvania,2020,1,0,0.21013741188367036
A07387,Golden Valley Physician Network Network,Pennsylvania,2020,0,0,0.006147333503751695
A07388,Crestview Wellness Network,Minnesota,2020,1,1,0.7193592649428195
A07399,Clearview Healthcare Medical Center,Wisconsin,2020,0,0,0.10741594644256747
A07407,Eastgate Medical Group Collaborative,Colorado,2020,0,0,0.2669974097994072
A07408,Clearview Medical Group Health System,Missouri,2020,0,0,0.18998227727681272
A07411,Oakridge Care Network Collaborative,Illinois,2020,0,0,0.02538574335213943
A07426,Unity Integrated Health Care Network,Oregon,2020,0,0,0.25913593295697745
A07433,Stonebridge Medical Network,Georgia,2020,0,0,0.23173303720481514
A07434,Heritage Provider Alliance Collaborative,Minnesota,2020,0,0,0.09515417848407923
A07439,Clearview Care Alliance Alliance,Pennsylvania,2020,1,0,0.23595841654519314
A07441,Beacon Care Alliance Partners,New York,2020,0,0,0.09914250506714914
A07444,Beacon Care Alliance,Pennsylvania,2020,0,0,0.10862838964744512
A07459,Unity Health Collaborative Partners,Connecticut,2020,0,0,0.17472391238795495
A07460,Lakeside Care Physician Alliance,Oregon,2020,0,0,0.04212555272810902
A07478,Riverbend Health Alliance Medical Center,Maryland,2020,0,0,0.07598934455457601
A07482,Eastgate Medical Partners,Texas,2020,0,0,0.04527888271421603
A07487,Horizon Clinical Partners Care Network,New Jersey,2020,1,0,0.23899796442401727
A07498,Parkview Wellness Network,Florida,2020,0,0,0.07781228479668895
A00005,Mountain View Care Alliance Collaborative,Ohio,2021,0,0,0.03527096052589361
A00007,Metro Health Alliance Medical Center,Missouri,2021,0,0,0.11457931885557888
A00013,Beacon Health Collaborative Health System,Michigan,2021,0,0,0.10384554602817196
A00016,Meadow Physician Network Group,Wisconsin,2021,0,0,0.05567554378136454
A00019,Cedar Care Group,Pennsylvania,2021,0,0,0.13412620569644326
A00023,Maplewood Integrated Health Physician Alliance,Arizona,2021,0,0,0.12980189098639744
A00027,Highland Care Network Physician Alliance,Oregon,2021,0,0,0.02434041640646102
A00028,Unity Medical Partners Health System,Alabama,2021,0,0,0.3010156245987984
A00031,Brookside Care Alliance Health System,Missouri,2021,0,0,0.17092629677037322
A00037,WellSpring Care Network Network,Maryland,2021,1,0,0.1199301943403613
A00043,Crestview Medical Network,Missouri,2021,1,0,0.4953394342006471
A00059,Metro Care Partners Health System,Ohio,2021,0,0,0.007993573763141125
A00067,Metro Provider Alliance Health System,Colorado,2021,1,0,0.1730655710703008
A00073,Maplewood Health Alliance Care Network,Florida,2021,0,0,0.0705603294361963
A00077,Lakeside Medical Group Physician Alliance,Georgia,2021,0,0,0.09601392302550327
A00093,Gateway Provider Alliance Alliance,Ohio,2021,0,0,0.33656264031920946
A00098,Stonebridge Care Collaborative,Arizona,2021,0,0,0.23559100241940045
A00105,Riverbend Physicians Alliance,New Jersey,2021,0,0,0.11817439615189111
A00112,Pinnacle Wellness Network,North Carolina,2021,0,0,0.0807290680575801
A00113,Unity Healthcare Physician Alliance,Washington,2021,0,0,0.11530715426764196
A00132,WellSpring Health Network Medical Center,Minnesota,2021,1,1,0.5277728339962636
A00135,Highland Medical Physician Alliance,Illinois,2021,0,0,0.019684453662837192
A00136,Heartland Integrated Health Collaborative,New York,2021,0,0,0.0044685414912631624
A00138,Fairview Care Network Physician Alliance,Wisconsin,2021,0,0,0.1176630769648547
A00140,Community Community Care Alliance,Illinois,2021,0,0,0.16976999280157531
A00142,Heritage Integrated Health Network,Missouri,2021,0,0,0.3368042157271641
A00153,Springfield Care Medical Center,Michigan,2021,0,0,0.016238870539593497
A00156,Blue Ridge Health Partners,Connecticut,2021,0,0,0.07020348760680777
A00157,Clearview Care Alliance Medical Center,Maryland,2021,0,0,0.13904244914840605
A00160,Eastgate Medical Partners Partners,Washington,2021,1,1,0.7593581499116925
A00168,Cedar Care Partners Partners,Oregon,2021,0,0,0.15566454481241332
A00178,Metro Wellness Medical Center,Texas,2021,0,0,0.12801054709624787
A00182,Evergreen Physician Network Medical Center,Maryland,2021,1,1,0.7430946473919725
A00186,Canyon Medical Collaborative,Illinois,2021,0,0,0.020966265095854267
A00197,Springfield Physicians Alliance,Indiana,2021,0,0,0.05506210473780276
A00207,Gateway Health Partners Network,Washington,2021,1,1,0.7233484905879451
A00212,Springfield Physician Network Alliance,Missouri,2021,0,0,0.16444835449532713
A00216,Lakeside Health Collaborative Health System,Alabama,2021,0,0,0.10554117564242413
A00219,Gateway Health Network Association,Connecticut,2021,0,0,0.32638778401276475
A00224,Westfield Care Care Network,Maryland,2021,0,0,0.08625254978374236
A00227,Golden Valley Care Network Group,New York,2021,0,0,0.4431540609896878
A00229,Heartland Health Alliance,Alabama,2021,1,0,0.11392765513551983
A00236,Pinnacle Medical Association,Connecticut,2021,0,0,0.1403618570987329
A00239,Beacon Healthcare Collaborative,Florida,2021,0,0,0.011962099234212454
A00240,Fairview Medical Association,Arizona,2021,0,0,0.26238200213382146
A00241,Fairview Medical Group Collaborative,Ohio,2021,0,0,0.01766615735807279
A00242,Eastgate Physicians Physician Alliance,Missouri,2021,0,0,0.17301969900112726
A00244,Community Care Alliance,Pennsylvania,2021,0,0,0.11187023412377607
A00256,Valley Integrated Health Care Network,New York,2021,0,0,0.21503494236637874
A00257,Northstar Integrated Health Group,Alabama,2021,0,0,0.10612070908249273
A00261,Community Physicians Collaborative,New Jersey,2021,0,0,0.09835099091436011
A00264,Pinnacle Health Alliance Association,Minnesota,2021,0,0,0.13402794930665152
A00265,Gateway Health Alliance Health System,Wisconsin,2021,0,0,0.15888324815282948
A00266,Silverstone Health Collaborative Health System,Connecticut,2021,0,0,0.16535960725695317
A00281,Oakridge Care Network Association,Florida,2021,0,0,0.11383043481778174
A00283,Golden Valley Care Partners,Oregon,2021,1,1,0.6310959760843066
A00285,Springfield Physicians Medical Center,Michigan,2021,0,0,0.04896524137363979
A00294,Metro Medical Group Partners,Colorado,2021,0,0,0.08167651539634527
A00295,Highland Care Alliance Care Network,Michigan,2021,0,0,0.04452416191317667
A00305,Riverside Health Alliance Collaborative,New York,2021,0,0,0.022863387851843768
A00307,Beacon Care Group,California,2021,0,0,0.12613341299563452
A00308,Eastgate Care Partners Care Network,Illinois,2021,0,0,0.16250725513475534
A00318,Crestview Care Network Alliance,Illinois,2021,0,0,0.03605776053997563
A00319,Riverside Health Partners Partners,Missouri,2021,0,0,0.028676362231874232
A00320,Community Medical Group Care Network,California,2021,0,0,0.17360108820071574
A00321,Springfield Care Alliance Physician Alliance,Maryland,2021,1,1,0.8433146932283762
A00323,Riverbend Care Network,Georgia,2021,0,0,0.03189402813361367
A00340,Unity Health Collaborative Association,Florida,2021,0,0,0.03112398772202818
A00343,Stonebridge Physicians Group,Wisconsin,2021,0,0,0.10395584906533246
A00344,WellSpring Care Alliance,Missouri,2021,0,0,0.04537757627166084
A00347,Clearview Care Partners Network,North Carolina,2021,0,0,0.0397282337902954
A00357,Fairview Community Care Association,Connecticut,2021,0,0,0.06834610701624694
A00369,Green Valley Health Association,Connecticut,2021,0,0,0.10019442528643559
A00370,Redwood Care Network Physician Alliance,Ohio,2021,0,0,0.20993228058049954
A00379,Grandview Provider Alliance Physician Alliance,Washington,2021,0,0,0.05364959050632551
A00381,Riverside Health Partners Group,California,2021,0,0,0.2995194774245211
A00382,Heartland Medical Group,California,2021,1,1,0.9652165389002783
A00385,Fairview Health Alliance,Colorado,2021,0,0,0.13148983401531925
A00386,Brookside Health Collaborative Medical Center,Oregon,2021,0,0,0.13020442604465587
A00390,Green Valley Care Partners,Florida,2021,0,0,0.11893229459999903
A00391,Brookside Medical Partners Medical Center,Alabama,2021,0,0,0.2325832883654587
A00393,Pioneer Provider Alliance Physician Alliance,California,2021,0,0,0.13021098359277938
A00400,Highland Community Care Health System,New York,2021,1,0,0.2787687092145166
A00403,Metro Care Alliance Care Network,Virginia,2021,0,0,0.15140122948814674
A00405,Springfield Medical Partners Alliance,New Jersey,2021,1,0,0.4680925079908048
A00406,Brookside Medical Partners Group,Alabama,2021,0,0,0.0690148408828653
A00414,Parkview Care Alliance Alliance,North Carolina,2021,0,0,0.106690537528092
A00420,Fairview Medical Partners Association,Wisconsin,2021,0,0,0.13062503536631426
A00425,Crestview Medical Medical Center,Illinois,2021,0,0,0.1605250353767232
A00430,Mountain View Care Care Network,Tennessee,2021,0,0,0.3147712679577222
A00435,Riverside Community Care Partners,Connecticut,2021,0,0,0.03843520118130705
A00436,Gateway Health Alliance Care Network,Missouri,2021,0,0,0.12137625425625231
A00443,Metro Care Medical Center,Oregon,2021,0,0,0.06384450354270489
A00444,Brookside Medical Physician Alliance,Massachusetts,2021,0,0,0.30543801956788263
A00462,WellSpring Healthcare Medical Center,Oregon,2021,0,0,0.05517516834406396
A00464,Redwood Integrated Health Partners,Tennessee,2021,0,0,0.08352190445647306
A00470,Unity Care Partners,New Jersey,2021,0,0,0.11038460163610095
A00478,Beacon Care Partners Physician Alliance,Arizona,2021,0,0,0.16635265776284275
A00481,Brookside Medical Partners Health System,Washington,2021,0,0,0.10374742831433624
A00504,Brookside Health Collaborative Physician Alliance,North Carolina,2021,0,0,0.01864803517134813
A00511,Lakeside Physicians Care Network,Tennessee,2021,0,0,0.18162333942932513
A00514,Canyon Medical Group Medical Center,Florida,2021,0,0,0.21253881826546084
A00525,Heritage Care Partners Group,Missouri,2021,0,0,0.12813223990525435
A00536,Pinnacle Physicians Association,California,2021,0,0,0.08302823098120073
A00540,Valley Integrated Health Alliance,Indiana,2021,1,1,0.9459546874729053
A00545,Cedar Physicians Alliance,Illinois,2021,1,1,0.7993750245491965
A00551,Fairview Physician Network Group,Virginia,2021,0,0,0.18341539934324302
A00560,Mountain View Physicians Health System,Massachusetts,2021,0,0,0.014853945206457976
A00561,Highland Health Partners Association,Massachusetts,2021,0,0,0.2419549632303676
A00562,Riverside Medical Partners Alliance,Arizona,2021,0,0,0.10986332426665875
A00565,Beacon Care Network Alliance,Maryland,2021,0,0,0.16101312382279076
A00568,Golden Valley Integrated Health Health System,Michigan,2021,0,0,0.09003074622714392
A00583,Crestview Medical Group Collaborative,Texas,2021,0,0,0.07571547069709662
A00592,Metro Health Partners Alliance,Oregon,2021,1,1,0.6778528623044769
A00595,Stonebridge Care Alliance Group,Massachusetts,2021,0,0,0.2699851652544607
A00598,Eastgate Health Alliance,Missouri,2021,0,0,0.07098213340418252
A00602,Community Community Care Network,Pennsylvania,2021,0,0,0.05112987882340038
A00609,Valley Care Care Network,New York,2021,1,1,0.5870368083853095
A00610,Brookside Health Alliance Alliance,Missouri,2021,0,0,0.07923889618108544
A00611,Gateway Care Network Group,Missouri,2021,1,1,0.8726858576495217
A00614,Riverbend Care Group,Colorado,2021,0,0,0.05072549554012015
A00615,Eastgate Medical Group Medical Center,Maryland,2021,0,0,0.3487371247322828
A00619,Valley Health Alliance Health System,Washington,2021,1,1,0.7345871329336032
A00623,WellSpring Health Network Partners,Colorado,2021,0,0,0.15256577762898238
A00626,Clearview Care Partners Medical Center,Washington,2021,0,0,0.05072091152667935
A00632,Maplewood Health Partners Medical Center,Texas,2021,0,0,0.3667997732966135
A00634,Beacon Care Alliance Collaborative,Washington,2021,0,0,0.37414312180483833
A00635,Crestview Health Collaborative Care Network,Florida,2021,1,1,0.5000560438919653
A00636,Beacon Medical Network,Pennsylvania,2021,0,0,0.14445938753268606
A00640,Maplewood Health Partners Alliance,Illinois,2021,0,0,0.3119747188698085
A00662,Golden Valley Health Collaborative Care Network,Oregon,2021,0,0,0.05761578063633874
A00666,Pioneer Integrated Health Collaborative,Florida,2021,0,0,0.07094108570988525
A00670,Cedar Health Collaborative Collaborative,Colorado,2021,0,0,0.003571405585509649
A00673,Clearview Health Collaborative,Texas,2021,0,0,0.0912075771791549
A00674,Lakeside Care Partners Partners,Illinois,2021,0,0,0.20830772884303606
A00676,Stonebridge Health Network Alliance,Tennessee,2021,0,0,0.04344696902572616
A00680,Northstar Provider Alliance Medical Center,Indiana,2021,0,0,0.0402987944099959
A00681,Grandview Care Alliance Medical Center,Tennessee,2021,1,0,0.25657780893619947
A00684,Highland Physician Network Medical Center,Maryland,2021,0,0,0.10639750903937627
A00685,Springfield Health Network Care Network,Michigan,2021,1,0,0.3282674186974991
A00689,Grandview Health Partners Association,Missouri,2021,1,0,0.09713991925492377
A00693,Cedar Health Collaborative Partners,New York,2021,0,0,0.09304151274732268
A00701,Community Integrated Health Partners,North Carolina,2021,1,1,0.8839786945872956
A00712,Riverbend Medical Group Group,Georgia,2021,0,0,0.060449432122950474
A00714,Stonebridge Health Network Health System,Illinois,2021,1,1,0.6729765717037998
A00728,Meadow Medical Partners Health System,Virginia,2021,0,0,0.0662168997725693
A00732,Heartland Health Alliance Collaborative,North Carolina,2021,1,0,0.28855949789351515
A00734,Brookside Care Network,Washington,2021,0,0,0.046173500489319966
A00739,Horizon Healthcare Care Network,Georgia,2021,0,0,0.019694607811016732
A00740,Redwood Care Health System,Connecticut,2021,0,0,0.29658909641563946
A00745,Heartland Health Collaborative,Arizona,2021,0,0,0.32109019706946895
A00749,Heritage Provider Alliance Network,Wisconsin,2021,0,0,0.3802709260294612
A00754,Clearview Medical Association,Tennessee,2021,0,0,0.23255329889875342
A00764,Clearview Health Collaborative Association,Alabama,2021,0,0,0.1590094809382104
A00768,Grandview Health Alliance Physician Alliance,Tennessee,2021,0,0,0.0774980883843447
A00770,Golden Valley Medical Group Group,Florida,2021,0,0,0.09002597762507053
A00780,Pinnacle Healthcare Medical Center,Indiana,2021,0,0,0.14211183611864892
A00783,Grandview Health Partners Medical Center,North Carolina,2021,0,0,0.050217361102928654
A00789,Westfield Healthcare Alliance,Alabama,2021,0,0,0.09195396157561611
A00791,Riverbend Healthcare Care Network,Washington,2021,0,0,0.08990564215982619
A00799,Cedar Care Network Network,Pennsylvania,2021,1,1,0.8605949202620197
A00801,Beacon Medical Group Health System,Oregon,2021,1,0,0.48365257229951797
A00808,Heartland Healthcare Group,Massachusetts,2021,0,0,0.3405862711436605
A00809,Oakridge Medical Partners Health System,Connecticut,2021,0,0,0.01510223970358041
A00811,Gateway Care Partners Physician Alliance,Pennsylvania,2021,1,1,0.6778528623044769
A00814,Pioneer Health Network Group,Alabama,2021,1,1,0.6006222663655294
A00815,Evergreen Medical Partners Alliance,Alabama,2021,1,1,0.6685114690955697
A00819,Valley Medical Collaborative,Massachusetts,2021,0,0,0.20724023109853892
A00822,Heartland Medical Partners Physician Alliance,Alabama,2021,0,0,0.31983380956792595
A00823,Lakeside Community Care Care Network,Illinois,2021,0,0,0.17327371160719468
A00832,Unity Clinical Partners Physician Alliance,Tennessee,2021,0,0,0.4570852801034988
A00839,Gateway Care Care Network,Massachusetts,2021,0,0,0.04997419746951664
A00843,Mountain View Medical Alliance,Missouri,2021,0,0,0.05832127201390611
A00847,Mountain View Care Network Medical Center,Colorado,2021,0,0,0.045524986381667555
A00851,Blue Ridge Health Collaborative Group,Oregon,2021,0,0,0.11416778180388082
A00852,WellSpring Health Care Network,Alabama,2021,0,0,0.16213147379700868
A00854,Riverside Community Care Group,Alabama,2021,1,0,0.13437672062856656
A00859,Highland Care Network Association,Virginia,2021,0,0,0.041163515221699386
A00860,Lakeside Clinical Partners Partners,New Jersey,2021,0,0,0.10684075947909039
A00883,Westfield Provider Alliance Collaborative,Tennessee,2021,0,0,0.2564998316150756
A00894,Stonebridge Health Network Group,Virginia,2021,0,0,0.3544196375382432
A00896,Blue Ridge Health Partners Network,Colorado,2021,0,0,0.10372036561326393
A00899,Gateway Integrated Health Group,New Jersey,2021,0,0,0.1819879760405966
A00906,Maplewood Wellness Network,Tennessee,2021,0,0,0.17113139153386003
A00908,Lakeside Integrated Health Collaborative,Tennessee,2021,0,0,0.06831899055691457
A00913,Brookside Medical Group Care Network,New Jersey,2021,0,0,0.3328784474566131
A00915,WellSpring Health Network Physician Alliance,Michigan,2021,0,0,0.1324346487535195
A00916,Mountain View Provider Alliance Alliance,Colorado,2021,1,1,0.9820595296529626
A00921,Unity Medical Partners Care Network,Virginia,2021,1,1,0.7951096583165369
A00924,Pinnacle Care Network Alliance,Colorado,2021,0,0,0.07088537845887508
A00928,Fairview Healthcare Care Network,Missouri,2021,0,0,0.188478647117599
A00932,Valley Integrated Health Association,Connecticut,2021,0,0,0.103240689573024
A00934,Heartland Health Medical Center,New York,2021,0,0,0.27840744777878645
A00938,Crestview Care Care Network,Florida,2021,0,0,0.11500410690575887
A00941,Redwood Physician Network Health System,Tennessee,2021,0,0,0.023929983001213396
A00946,Pinnacle Clinical Partners Medical Center,Ohio,2021,0,0,0.19016303283749297
A00950,Northstar Care Physician Alliance,North Carolina,2021,0,0,0.03180056183063527
A00953,Riverbend Medical Association,Ohio,2021,0,0,0.24851369650327368
A00958,Beacon Care Alliance Association,Maryland,2021,0,0,0.10677911957885401
A00959,Cedar Health Network Alliance,Michigan,2021,0,0,0.015664477717168272
A00966,Metro Health Collaborative Association,Washington,2021,0,0,0.09392019659625468
A00969,Golden Valley Provider Alliance Association,Michigan,2021,1,1,0.6129644303506784
A00971,Canyon Health Alliance,Illinois,2021,0,0,0.3121925609601867
A00973,Westfield Care Network Care Network,Oregon,2021,0,0,0.14070400456220886
A00977,Parkview Care Network Group,Florida,2021,0,0,0.028356698567164006
A00981,Riverside Medical Health System,Illinois,2021,0,0,0.01963510146460009
A00983,Silverstone Integrated Health Network,Tennessee,2021,0,0,0.11298724098919413
A00984,Green Valley Community Care Collaborative,North Carolina,2021,1,1,0.7092512034417049
A00987,Pioneer Care Partners Collaborative,New York,2021,0,0,0.0207699442782925
A00993,Summit Health Network Network,Texas,2021,0,0,0.07888730398770079
A00995,Canyon Healthcare Health System,Massachusetts,2021,0,0,0.09518212843127963
A00998,Grandview Care Network,Connecticut,2021,1,0,0.28835355174199845
A00999,Green Valley Healthcare Association,Wisconsin,2021,0,0,0.15242306214022291
A01015,Crestview Health Alliance Medical Center,Tennessee,2021,0,0,0.16159661638624784
A01020,Pioneer Healthcare Physician Alliance,Colorado,2021,0,0,0.05176725523111884
A01021,Metro Community Care Collaborative,Florida,2021,1,0,0.055245112365266476
A01022,Summit Health Collaborative Alliance,California,2021,0,0,0.1397003386559547
A01025,Cedar Health Partners Care Network,Wisconsin,2021,0,0,0.16314235728030022
A01028,Mountain View Health Partners Medical Center,Oregon,2021,0,0,0.016595817211033693
A01034,Valley Health Network Alliance,Oregon,2021,0,0,0.3212039157714844
A01046,Fairview Provider Alliance Care Network,New York,2021,0,0,0.41496923477537706
A01053,Riverbend Care Alliance,Oregon,2021,0,0,0.03271908818899902
A01054,Pioneer Health Alliance Collaborative,California,2021,0,0,0.13154730257585284
A01060,Valley Community Care Partners,Alabama,2021,0,0,0.2118245429521249
A01061,Pioneer Provider Alliance Group,New York,2021,0,0,0.07063808934902589
A01068,Evergreen Medical Partners Care Network,Alabama,2021,0,0,0.12136280877797015
A01083,WellSpring Care Partners Alliance,Texas,2021,0,0,0.29459809386866614
A01097,Canyon Integrated Health Health System,Alabama,2021,0,0,0.016946345017554307
A01098,Springfield Health Care Network,Missouri,2021,0,1,0.5202858222753481
A01099,Blue Ridge Health Health System,Texas,2021,0,0,0.08685027126884086
A01106,Unity Health Partners Alliance,Texas,2021,0,0,0.11162374214714303
A01109,Meadow Medical Partners Group,Virginia,2021,0,0,0.297359101350484
A01113,Gateway Physician Network Alliance,Indiana,2021,0,0,0.15252328197991352
A01117,Highland Care Network Health System,Connecticut,2021,1,0,0.4469915269582114
A01121,Golden Valley Integrated Health Care Network,Florida,2021,0,0,0.044888542771795686
A01128,Gateway Clinical Partners Care Network,New Jersey,2021,0,0,0.030900335739189898
A01137,Springfield Health Partners Health System,Illinois,2021,0,0,0.07706271852858436
A01142,Heartland Wellness Care Network,Virginia,2021,0,0,0.13432056663378536
A01147,Heritage Physicians Network,Illinois,2021,0,0,0.055252071484280095
A01173,Springfield Integrated Health Care Network,Texas,2021,0,0,0.024298145894664967
A01175,Evergreen Health Alliance Association,Texas,2021,0,0,0.035890771820604205
A01181,Heritage Physicians Collaborative,Washington,2021,0,0,0.05998745350963272
A01197,Silverstone Clinical Partners Association,Ohio,2021,0,0,0.2856494766780762
A01198,Cedar Health Partners Collaborative,Arizona,2021,0,0,0.06896177455058193
A01199,Eastgate Medical Partners Physician Alliance,Pennsylvania,2021,1,0,0.1700026289832413
A01222,Oakridge Medical Alliance,Oregon,2021,1,0,0.250771848109127
A01223,Springfield Care Partners Association,New York,2021,0,0,0.00908489052752745
A01226,WellSpring Health Association,Pennsylvania,2021,0,0,0.01833468592168636
A01243,Oakridge Provider Alliance Care Network,Connecticut,2021,0,0,0.08862507687206062
A01249,Oakridge Medical Group Medical Center,Texas,2021,0,0,0.06405203432245221
A01255,Canyon Clinical Partners Collaborative,New Jersey,2021,1,1,0.597226112577593
A01262,Pioneer Healthcare Association,Ohio,2021,0,0,0.0813888766863506
A01263,Fairview Health Collaborative Partners,Wisconsin,2021,0,0,0.1281170141231045
A01265,Highland Care Alliance Group,Arizona,2021,0,0,0.29271986823138463
A01273,Unity Physician Network Partners,Arizona,2021,0,0,0.08204198860614595
A01289,Mountain View Community Care Medical Center,Alabama,2021,0,0,0.02716772458044982
A01293,Silverstone Community Care Alliance,Missouri,2021,1,1,0.6290147784893826
A01295,Valley Healthcare Partners,Wisconsin,2021,0,0,0.10039314037782923
A01306,Riverside Care Partners Medical Center,New York,2021,0,0,0.14235503896459412
A01311,Unity Medical Partners Physician Alliance,Texas,2021,0,0,0.2707916159471522
A01326,Horizon Care Partners,Massachusetts,2021,0,0,0.09985581224638955
A01330,Metro Wellness Health System,Indiana,2021,0,0,0.08157812430026257
A01332,Heartland Physicians Group,Virginia,2021,0,0,0.017562116942619454
A01343,Eastgate Medical Partners Network,Connecticut,2021,1,1,0.8619287502293195
A01346,Eastgate Care Partners Medical Center,Maryland,2021,0,0,0.4450399526902743
A01349,Clearview Medical Partners Collaborative,Pennsylvania,2021,0,0,0.010232300129622944
A01360,Blue Ridge Physician Network Care Network,Connecticut,2021,0,0,0.012085557097850006
A01364,Lakeside Health Partners Group,Pennsylvania,2021,1,1,0.6468947979284352
A01365,Green Valley Physician Network Care Network,Illinois,2021,1,1,0.6925435670746073
A01371,Heritage Care Partners,New Jersey,2021,0,0,0.05346106837025071
A01372,Fairview Health Collaborative Group,Michigan,2021,0,0,0.018673266194575988
A01373,Highland Physicians Medical Center,Florida,2021,1,0,0.20768303036320276
A01375,Brookside Health Alliance Care Network,New York,2021,0,0,0.19141468737876619
A01377,Redwood Healthcare Partners,Maryland,2021,0,0,0.0881205025796938
A01386,Northstar Health Collaborative,Connecticut,2021,1,0,0.242741313946686
A01390,Meadow Medical Care Network,Connecticut,2021,0,0,0.08064201677054184
A01392,Heritage Physicians Partners,Pennsylvania,2021,0,0,0.0963720344980446
A01393,Meadow Physician Network Alliance,Indiana,2021,0,0,0.2319826955069858
A01394,Heritage Wellness Alliance,Michigan,2021,0,0,0.061661627756904286
A01399,Meadow Health Alliance Physician Alliance,Minnesota,2021,0,0,0.07242299241586045
A01407,Beacon Community Care Network,Connecticut,2021,0,0,0.0623116874238585
A01413,Westfield Care Alliance Care Network,Indiana,2021,0,0,0.06267162633726178
A01417,Blue Ridge Medical Partners Alliance,New Jersey,2021,0,0,0.06371004239928756
A01420,Highland Wellness Health System,Colorado,2021,0,0,0.08706221715900084
A01422,Springfield Health Alliance Network,New Jersey,2021,1,1,0.8605251543127569
A01423,Riverbend Community Care Care Network,Florida,2021,0,0,0.09738958585118196
A01426,Clearview Health Network Partners,Connecticut,2021,0,0,0.05634210020334633
A01427,Maplewood Care Partners Health System,Maryland,2021,0,0,0.07662280414930085
A01428,Heritage Provider Alliance Care Network,Missouri,2021,0,0,0.08753073378493349
A01438,Summit Medical Care Network,Missouri,2021,0,0,0.04950810757535539
A01441,Canyon Health Health System,New Jersey,2021,0,0,0.3201349956674771
A01442,Golden Valley Physicians Medical Center,Illinois,2021,0,0,0.0833592927869158
A01447,Green Valley Provider Alliance Collaborative,Oregon,2021,1,0,0.1567834544752502
A01449,Brookside Provider Alliance Medical Center,Wisconsin,2021,0,0,0.10196657192250724
A01452,Lakeside Physician Network Partners,Florida,2021,0,0,0.018320126223744997
A01459,Redwood Medical Physician Alliance,Wisconsin,2021,0,0,0.1421946056376548
A01460,Community Medical Network,Illinois,2021,0,0,0.050314120033065075
A01464,Heartland Physicians Medical Center,New York,2021,0,0,0.05887757952422348
A01471,Northstar Integrated Health Alliance,Ohio,2021,0,0,0.11782018812679232
A01475,Beacon Health Partners Medical Center,Michigan,2021,0,0,0.20475296585014405
A01479,Beacon Medical Partners Association,New Jersey,2021,0,0,0.07685634944547812
A01480,WellSpring Health Network Group,Virginia,2021,0,0,0.04914306786014378
A01483,Evergreen Care Network,New York,2021,0,0,0.12076283472381784
A01486,Evergreen Care Partners Physician Alliance,Massachusetts,2021,0,0,0.13864177283351686
A01499,Northstar Care Alliance Alliance,Missouri,2021,0,0,0.10142062791173342
A01500,Unity Medical Association,New York,2021,0,0,0.07223281751939815
A01501,Grandview Clinical Partners Alliance,Minnesota,2021,0,0,0.06297103301900417
A01503,Stonebridge Wellness Physician Alliance,Georgia,2021,0,0,0.026149734102861158
A01521,Eastgate Health Alliance Medical Center,Colorado,2021,0,0,0.41539088804455354
A01539,Canyon Care Network Association,Virginia,2021,0,0,0.0721112972137228
A01544,Stonebridge Care Network Care Network,New York,2021,0,0,0.031112999621963594
A01557,Oakridge Care Partners Network,Illinois,2021,0,0,0.07769441670638937
A01560,Springfield Health Collaborative Physician Alliance,Illinois,2021,0,0,0.04358314578621951
A01568,Northstar Community Care Collaborative,Tennessee,2021,0,0,0.026509143332027044
A01581,Grandview Community Care Physician Alliance,Connecticut,2021,0,0,0.12715591189421593
A01584,Westfield Provider Alliance Group,Georgia,2021,1,0,0.45646577435670466
A01588,Pinnacle Care Care Network,Minnesota,2021,0,0,0.23135664559732422
A01601,Heritage Care Network Collaborative,Minnesota,2021,0,0,0.09632714107220149
A01611,Meadow Health Partners Group,Massachusetts,2021,0,0,0.09447506001696247
A01620,Heritage Health Network Partners,Alabama,2021,0,0,0.09200212602195178
A01627,WellSpring Health Partners Care Network,Florida,2021,0,0,0.22666266577458344
A01634,Meadow Community Care Medical Center,Minnesota,2021,1,0,0.07038797202130788
A01638,Oakridge Care Partners Health System,Minnesota,2021,0,0,0.037005975357306264
A01647,Highland Healthcare Collaborative,Wisconsin,2021,0,0,0.061124178354051796
A01655,Brookside Health Partners Medical Center,Wisconsin,2021,0,0,0.10518444499359536
A01656,Crestview Medical Group Partners,Connecticut,2021,0,0,0.04409848330655537
A01659,Maplewood Care Physician Alliance,Alabama,2021,0,0,0.060075940575968566
A01664,Oakridge Physicians Group,Indiana,2021,0,0,0.20311499972809943
A01669,WellSpring Community Care Care Network,Wisconsin,2021,0,0,0.05891932982492945
A01673,Summit Medical Partners,Alabama,2021,0,0,0.20313719364925956
A01680,Lakeside Provider Alliance Network,Massachusetts,2021,1,0,0.2974793425510969
A01685,Riverbend Health Collaborative Partners,Wisconsin,2021,0,0,0.12688876799512697
A01696,Westfield Health Collaborative,Ohio,2021,0,0,0.11236235496817977
A01697,Green Valley Clinical Partners Association,Ohio,2021,0,0,0.11142419190129609
A01709,Summit Physicians Physician Alliance,Washington,2021,0,0,0.11738215872826824
A01715,Riverbend Health Partners Physician Alliance,Massachusetts,2021,0,0,0.032471729238272094
A01726,Stonebridge Care Partners Health System,Florida,2021,0,0,0.05412797040425006
A01730,Pioneer Community Care Network,Florida,2021,1,0,0.08396684653710584
A01735,Metro Wellness Physician Alliance,Oregon,2021,0,0,0.03573933912400156
A01739,Riverside Care Partners Network,Indiana,2021,1,1,0.8543841417256286
A01741,Clearview Clinical Partners Collaborative,Massachusetts,2021,0,0,0.014440870716096314
A01746,Pinnacle Integrated Health Physician Alliance,North Carolina,2021,0,0,0.12190661304876285
A01749,Crestview Physicians Health System,North Carolina,2021,0,0,0.07053629781643442
A01753,Meadow Care Alliance Health System,Arizona,2021,0,0,0.0961956024220489
A01756,Blue Ridge Health Network Alliance,Oregon,2021,1,1,0.6806758319359073
A01766,Brookside Care Partners Partners,Florida,2021,0,0,0.020575057103413796
A01774,Riverside Wellness Health System,California,2021,1,0,0.3641558219105267
A01781,Oakridge Care Partners Association,Michigan,2021,0,0,0.09673882116509887
A01784,Meadow Provider Alliance Health System,Missouri,2021,0,0,0.06817548710087484
A01789,Beacon Physician Network Group,Pennsylvania,2021,0,0,0.3048074402878499
A01790,Cedar Care Association,Indiana,2021,0,0,0.12078755499711907
A01795,Silverstone Health Partners,Massachusetts,2021,0,0,0.03763933081842708
A01796,Fairview Provider Alliance Alliance,Maryland,2021,0,0,0.08398431764935264
A01798,Golden Valley Health Partners Medical Center,Colorado,2021,0,0,0.08886382725147636
A01799,Northstar Care Partners Partners,New York,2021,0,0,0.056809677753984725
A01800,Golden Valley Medical Alliance,Oregon,2021,1,0,0.06470295386700224
A01807,Mountain View Wellness Network,Missouri,2021,0,0,0.06518055934494052
A01808,Blue Ridge Clinical Partners Health System,Colorado,2021,1,0,0.20372850580250354
A01815,Westfield Physicians Physician Alliance,Wisconsin,2021,0,0,0.09859003819578976
A01816,Beacon Care Network Association,New Jersey,2021,0,0,0.11695974585474471
A01817,Metro Care Alliance Medical Center,Florida,2021,0,0,0.1401639802990515
A01819,Unity Wellness Medical Center,Texas,2021,1,1,0.9054705911245944
A01822,Springfield Health Partners Care Network,Oregon,2021,0,0,0.3849581599660954
A01824,Cedar Healthcare Medical Center,Wisconsin,2021,0,0,0.07158595711160762
A01833,Silverstone Care Network Partners,New York,2021,0,0,0.13712319920825106
A01842,Highland Care Partners Network,North Carolina,2021,0,0,0.11801501882368262
A01846,Northstar Care Partners Health System,Georgia,2021,0,0,0.004291358169685879
A01849,Gateway Care Alliance Network,Tennessee,2021,0,0,0.09113582203246454
A01853,Maplewood Medical Physician Alliance,Wisconsin,2021,1,1,0.6858485506201529
A01866,Brookside Integrated Health Alliance,Minnesota,2021,0,0,0.09078327325468645
A01870,Horizon Care Alliance Medical Center,Pennsylvania,2021,0,0,0.06968127288163138
A01874,Heritage Healthcare Health System,Wisconsin,2021,0,0,0.06831596509409177
A01875,Canyon Physicians Network,Texas,2021,0,0,0.2137055794416381
A01877,Riverside Provider Alliance Health System,Maryland,2021,0,0,0.028819444304329204
A01878,Eastgate Care Medical Center,Michigan,2021,0,0,0.023280637825050556
A01885,Heartland Health Partners Network,Maryland,2021,0,0,0.07282898848930267
A01887,Crestview Physicians Association,Connecticut,2021,1,0,0.26644849769028855
A01888,Horizon Healthcare Partners,Wisconsin,2021,0,0,0.20176325177855653
A01891,Riverside Health Medical Center,North Carolina,2021,0,0,0.016619653116170217
A01899,Brookside Care Alliance Physician Alliance,Pennsylvania,2021,0,0,0.08745468227269365
A01901,Fairview Medical Partners Partners,Connecticut,2021,0,0,0.2569771144298097
A01914,Northstar Care Association,Alabama,2021,0,0,0.018226809949006443
A01918,Mountain View Care Network Collaborative,Arizona,2021,0,0,0.21664769965745975
A01922,Community Medical Group Partners,Arizona,2021,1,1,0.5894820139506293
A01923,Highland Physicians Alliance,Alabama,2021,0,0,0.19786146160649104
A01932,Brookside Clinical Partners Health System,Virginia,2021,0,0,0.32127995868228754
A01934,Unity Community Care Network,Minnesota,2021,0,0,0.017562116942619454
A01940,Horizon Health Network Network,Michigan,2021,0,0,0.03854234732730243
A01943,Gateway Care Partners Health System,Indiana,2021,0,0,0.06416965241607059
A01954,Fairview Community Care Group,Georgia,2021,0,0,0.18861469397448644
A01956,Highland Care Partners Care Network,Ohio,2021,0,0,0.01533246580956203
A01957,Beacon Health Partners Association,Missouri,2021,1,0,0.09356968088798888
A01958,Redwood Health Alliance Physician Alliance,Alabama,2021,0,0,0.06166010255882275
A01963,Beacon Health Association,Oregon,2021,0,0,0.008726856988863762
A01967,Evergreen Health Medical Center,Alabama,2021,0,0,0.19835340563875384
A01973,Parkview Health Alliance Collaborative,New Jersey,2021,0,0,0.029720919596355096
A01976,Cedar Clinical Partners Group,Florida,2021,0,0,0.20343596909145215
A01980,Unity Clinical Partners Health System,Indiana,2021,0,0,0.07242488949301026
A01982,Blue Ridge Medical Physician Alliance,North Carolina,2021,0,0,0.08776268640930296
A01995,Crestview Care Partners Physician Alliance,Minnesota,2021,0,0,0.05936746470373956
A02002,Summit Health Collaborative Physician Alliance,Virginia,2021,0,0,0.3106718304836877
A02003,Westfield Medical Care Network,Virginia,2021,0,0,0.10813667556239101
A02006,Northstar Community Care Health System,New York,2021,0,0,0.0654589138809984
A02007,Eastgate Care Partners Group,Indiana,2021,1,1,0.6778528623044769
A02016,Evergreen Health Partners Alliance,New Jersey,2021,0,0,0.029240111239983855
A02018,Valley Health Collaborative Partners,Tennessee,2021,0,0,0.16293084542145148
A02019,Lakeside Health Group,Michigan,2021,0,0,0.20713644861738995
A02035,Canyon Care Partners Care Network,Alabama,2021,0,0,0.03472552867866184
A02040,Springfield Medical Group Alliance,New York,2021,0,0,0.11924976934678697
A02042,Stonebridge Medical Partners Association,Colorado,2021,0,0,0.09233537699208352
A02051,Green Valley Provider Alliance Medical Center,Pennsylvania,2021,0,0,0.17416491889354888
A02061,Horizon Community Care Association,Illinois,2021,0,0,0.03519052565830438
A02062,Valley Care Network Collaborative,Ohio,2021,1,0,0.26003141560020354
A02065,Redwood Care Care Network,Arizona,2021,0,0,0.05398998384808285
A02077,Meadow Health Network Partners,Minnesota,2021,0,0,0.175095194413638
A02081,Riverside Care Network,New York,2021,0,0,0.04782571441822913
A02091,Pioneer Medical Partners Alliance,Texas,2021,1,0,0.33598968073300606
A02094,Eastgate Medical Medical Center,Virginia,2021,0,0,0.3032797122277252
A02096,Westfield Health Collaborative Care Network,North Carolina,2021,0,0,0.07453620783660878
A02098,Metro Health Medical Center,Indiana,2021,0,0,0.11544451870224076
A02106,Metro Healthcare Health System,Oregon,2021,0,0,0.013665948228689028
A02107,Riverside Health Collaborative Medical Center,Oregon,2021,0,0,0.209487864950145
A02111,Valley Care Medical Center,Alabama,2021,0,0,0.041495523970839915
A02113,Evergreen Provider Alliance Partners,Maryland,2021,0,0,0.1383342358063861
A02125,Summit Health Alliance Health System,Missouri,2021,0,0,0.07277486882038223
A02126,Parkview Health Alliance Health System,Maryland,2021,0,0,0.07900332229524147
A02127,Blue Ridge Wellness Group,California,2021,0,0,0.09504623269610396
A02133,Riverbend Provider Alliance Partners,Wisconsin,2021,0,0,0.016762170017470875
A02134,Fairview Integrated Health Care Network,California,2021,0,0,0.0767665435338934
A02145,Clearview Clinical Partners Association,New York,2021,0,0,0.06603976470989835
A02153,Springfield Community Care Medical Center,Connecticut,2021,0,0,0.03912334681361784
A02160,Beacon Care Network Partners,Indiana,2021,0,0,0.22271460980413862
A02162,Eastgate Medical Partners Health System,California,2021,0,0,0.02615504594739533
A02164,Oakridge Medical Group,Missouri,2021,0,0,0.18501948663856818
A02165,Clearview Clinical Partners Group,California,2021,0,0,0.03414962100397017
A02170,Valley Health Network Group,Tennessee,2021,0,0,0.09100807550309276
A02173,Eastgate Health Alliance Association,Georgia,2021,0,0,0.1527322085544126
A02194,Valley Medical Partners Care Network,Massachusetts,2021,0,0,0.06054206281803177
A02210,Unity Integrated Health Health System,Pennsylvania,2021,0,0,0.09711538000893453
A02211,Beacon Integrated Health Physician Alliance,Colorado,2021,0,0,0.05896191507744767
A02217,Golden Valley Health Partners,New Jersey,2021,0,0,0.04714535430685038
A02219,Pinnacle Care Partners Care Network,New York,2021,0,0,0.2307482117359874
A02221,WellSpring Care Alliance Care Network,Minnesota,2021,0,0,0.22445410701011378
A02225,Canyon Clinical Partners Medical Center,Georgia,2021,0,0,0.15217962337781318
A02230,Pinnacle Health Alliance Group,California,2021,0,0,0.08558743592346715
A02231,Riverbend Community Care Association,Georgia,2021,0,0,0.06504696019000282
A02238,Meadow Integrated Health Health System,Connecticut,2021,0,0,0.20818181648604603
A02246,Heartland Health Collaborative Physician Alliance,Alabama,2021,0,0,0.1323149858420362
A02253,Westfield Care Alliance Health System,Michigan,2021,0,0,0.09839297535846768
A02270,Redwood Care Network Care Network,Florida,2021,0,0,0.027132092650137524
A02294,Silverstone Medical Group Medical Center,Minnesota,2021,0,0,0.1640621271866919
A02299,Eastgate Healthcare Network,Ohio,2021,0,0,0.1461119186642531
A02302,Oakridge Physicians Network,New York,2021,0,0,0.020441438012130487
A02307,Community Medical Partners,Indiana,2021,0,0,0.1910609466733117
A02331,Northstar Care Alliance Physician Alliance,New York,2021,0,0,0.05602595310239481
A02332,Brookside Integrated Health Care Network,California,2021,0,0,0.12122865125074421
A02333,Lakeside Medical Group Alliance,Florida,2021,0,0,0.028759808673903316
A02334,Oakridge Health Network,Washington,2021,0,0,0.10672560501655909
A02338,Golden Valley Health Network Physician Alliance,Washington,2021,0,0,0.016078535324204696
A02343,Brookside Integrated Health Group,Michigan,2021,0,0,0.08244640292279555
A02352,Clearview Care Partners Care Network,Missouri,2021,0,0,0.09544331248974752
A02353,Redwood Health Alliance Network,Ohio,2021,0,0,0.08298748786418088
A02362,Fairview Health Alliance Association,Texas,2021,0,0,0.06892523582124511
A02372,Heartland Wellness Medical Center,California,2021,0,0,0.12499639109620403
A02375,Maplewood Integrated Health Collaborative,New York,2021,1,1,0.63983018946932
A02378,Riverbend Physician Network Health System,Colorado,2021,0,0,0.01931527800956644
A02380,Westfield Health Group,North Carolina,2021,0,0,0.04973207702093221
A02389,Golden Valley Community Care Association,North Carolina,2021,1,0,0.12694656135210483
A02391,Stonebridge Care Physician Alliance,Missouri,2021,0,0,0.01339882590613576
A02395,Canyon Health Alliance Care Network,Massachusetts,2021,0,0,0.07275550656500189
A02399,WellSpring Healthcare Network,Colorado,2021,0,0,0.20895665108839398
A02402,Heartland Healthcare Medical Center,California,2021,0,0,0.25665977589839745
A02403,Summit Health Alliance Collaborative,New York,2021,0,0,0.22597139311060374
A02406,Meadow Medical Alliance,Arizona,2021,1,1,0.74407368994479
A02412,Silverstone Wellness Care Network,New Jersey,2021,1,1,0.7021725378611293
A02421,Gateway Care Alliance Health System,Colorado,2021,0,0,0.09334506465267549
A02427,Maplewood Health Alliance,Missouri,2021,0,0,0.18808623098369018
A02430,Stonebridge Provider Alliance Collaborative,California,2021,0,0,0.05104249537393619
A02432,Heartland Health Network Group,Texas,2021,1,0,0.13436644403396353
A02437,Eastgate Medical Partners Medical Center,Wisconsin,2021,0,0,0.20158550479752102
A02447,Northstar Care Alliance Network,Wisconsin,2021,1,1,0.7416266117345532
A02449,Northstar Community Care Medical Center,Michigan,2021,0,0,0.24542223273275607
A02460,Maplewood Physician Network Medical Center,Massachusetts,2021,1,1,0.7090457543107799
A02463,Stonebridge Provider Alliance Alliance,Massachusetts,2021,0,0,0.04697747313910239
A02475,Crestview Care Group,Georgia,2021,0,0,0.06326685157726199
A02476,Fairview Provider Alliance Collaborative,Washington,2021,0,0,0.08308107900407218
A02478,Heartland Physicians Physician Alliance,Tennessee,2021,0,0,0.23622375711402493
A02480,Metro Physician Network Collaborative,Washington,2021,0,0,0.16450111052024113
A02481,Summit Wellness Group,Washington,2021,0,0,0.08389389326502586
A02490,Northstar Wellness Physician Alliance,Virginia,2021,0,0,0.10691160404838172
A02492,Community Medical Partners Partners,California,2021,0,0,0.06444231031599273
A02503,Springfield Care Partners Physician Alliance,Pennsylvania,2021,0,0,0.07811301486061235
A02507,Crestview Health Collaborative Partners,Indiana,2021,0,0,0.0973033580447385
A02510,Maplewood Community Care Group,Oregon,2021,0,0,0.15164898037557703
A02513,Oakridge Wellness Care Network,Virginia,2021,0,0,0.02311002802463136
A02517,Westfield Health Alliance Network,North Carolina,2021,0,0,0.2460904771569189
A02521,Horizon Wellness Medical Center,Texas,2021,0,0,0.1679488271148457
A02525,Summit Medical Group Collaborative,Missouri,2021,0,0,0.09213523238676906
A02526,Grandview Care Care Network,Missouri,2021,0,0,0.05965473297183323
A02529,Green Valley Medical Partners Medical Center,New York,2021,0,0,0.1706795236727059
A02532,Brookside Health Partners Physician Alliance,California,2021,0,0,0.16366914095900703
A02534,Grandview Health Collaborative Alliance,Alabama,2021,0,0,0.1173136615451259
A02559,Highland Wellness Group,California,2021,0,0,0.12459862485627145
A02563,Beacon Provider Alliance Medical Center,Alabama,2021,1,0,0.316190899531258
A02587,Maplewood Health Network Collaborative,Texas,2021,0,0,0.22151452194578453
A02593,Stonebridge Health Collaborative,Pennsylvania,2021,0,0,0.16790186001248
A02602,Evergreen Medical Collaborative,Maryland,2021,0,0,0.05263639504728682
A02603,Heartland Community Care Network,Colorado,2021,0,0,0.11518407656839783
A02605,Grandview Integrated Health Collaborative,Indiana,2021,0,0,0.041315307546192476
A02606,Horizon Medical Physician Alliance,Indiana,2021,1,0,0.1431394418575984
A02612,Canyon Care Network Partners,Indiana,2021,0,0,0.21881018977271205
A02614,Evergreen Health Network Group,Florida,2021,0,0,0.30700043131038696
A02616,Riverside Health Care Network,California,2021,0,0,0.05014723614375376
A02619,Summit Healthcare Group,Illinois,2021,0,0,0.35026990541771114
A02621,Mountain View Medical Group Network,Tennessee,2021,0,0,0.029888019590926698
A02642,Horizon Wellness Association,Alabama,2021,0,0,0.11736665483347561
A02651,Heritage Healthcare Partners,Washington,2021,0,0,0.07004700225618495
A02652,Maplewood Integrated Health Association,Ohio,2021,0,0,0.015195586099219938
A02667,Oakridge Care Alliance Care Network,Minnesota,2021,0,0,0.09952543184841497
A02668,Parkview Medical Alliance,Massachusetts,2021,0,0,0.30398882265470406
A02670,Heartland Provider Alliance Medical Center,Indiana,2021,0,0,0.010223371464008233
A02671,Summit Wellness Network,Ohio,2021,1,1,0.810459278829779
A02672,Mountain View Clinical Partners Alliance,Minnesota,2021,0,0,0.37479630141922365
A02675,Cedar Health Alliance Alliance,New York,2021,0,0,0.02261587541870253
A02677,Cedar Medical Group Partners,Alabama,2021,0,0,0.2090644428841971
A02679,Clearview Provider Alliance Network,Arizona,2021,0,0,0.09447506001696247
A02688,Parkview Physicians Association,Florida,2021,0,0,0.13623283524496024
A02691,Pioneer Provider Alliance Partners,California,2021,0,0,0.19581938256230544
A02692,Meadow Medical Group Medical Center,Wisconsin,2021,1,0,0.25538520402431303
A02698,Stonebridge Provider Alliance Group,Arizona,2021,0,0,0.0320525520002748
A02699,Beacon Care Network,Washington,2021,1,1,0.5822980874189323
A02704,Pioneer Health Collaborative,New Jersey,2021,0,0,0.1993594243790859
A02705,Eastgate Integrated Health Association,Washington,2021,0,0,0.1561661144270385
A02707,Horizon Health Network Medical Center,Texas,2021,0,0,0.22740873148335106
A02710,Blue Ridge Health Alliance Health System,Alabama,2021,0,0,0.020297431904142745
A02715,Canyon Health Network Network,Colorado,2021,0,0,0.0993426273871442
A02716,Lakeside Medical Collaborative,Massachusetts,2021,1,1,0.7900050981605218
A02719,Heritage Healthcare Association,California,2021,0,0,0.08251350493087674
A02722,Parkview Integrated Health Alliance,Missouri,2021,0,0,0.13327458626109606
A02723,Eastgate Medical Partners Collaborative,Massachusetts,2021,1,1,0.6087889245512561
A02742,Blue Ridge Care Alliance Network,Alabama,2021,1,1,0.683069695144509
A02744,Westfield Medical Collaborative,Tennessee,2021,1,0,0.47043691170553426
A02753,Highland Community Care Care Network,Florida,2021,0,0,0.15526426793227638
A02761,Northstar Clinical Partners Association,Arizona,2021,0,0,0.10314401898316808
A02762,Eastgate Care Alliance Alliance,Colorado,2021,0,0,0.1649021487568507
A02765,Canyon Physician Network Network,Wisconsin,2021,1,1,0.6646137392188034
A02768,Grandview Medical Partners Partners,New York,2021,0,0,0.032596084854080595
A02770,Horizon Provider Alliance Medical Center,Connecticut,2021,0,0,0.10207385290851713
A02773,Gateway Health Alliance Network,New Jersey,2021,0,0,0.040796767140840025
A02777,Summit Health Alliance Association,California,2021,0,0,0.018785861795346158
A02780,Unity Provider Alliance Care Network,Florida,2021,0,0,0.07702697258047421
A02781,Horizon Care Partners Collaborative,Illinois,2021,0,0,0.06738211881697537
A02782,Brookside Physician Network Alliance,Virginia,2021,0,0,0.20762065099295907
A02787,Maplewood Care Network Physician Alliance,Minnesota,2021,0,0,0.09748973654639392
A02791,Maplewood Care Alliance Health System,Georgia,2021,0,0,0.02861788330562901
A02797,Meadow Provider Alliance Collaborative,Washington,2021,1,0,0.07038797202130788
A02808,Westfield Care Partners Group,Alabama,2021,0,1,0.5029626113904591
A02812,Silverstone Integrated Health Group,Connecticut,2021,0,0,0.27930751966168654
A02813,Metro Care Network Network,Indiana,2021,0,0,0.17138760871157183
A02814,Riverside Care Alliance,Missouri,2021,0,0,0.12448683466718814
A02816,Blue Ridge Healthcare Group,Connecticut,2021,0,0,0.12407959347081995
A02818,Heritage Health Network Association,Indiana,2021,1,0,0.08878511617833978
A02819,Riverbend Provider Alliance Physician Alliance,Michigan,2021,0,0,0.04526538833262578
A02825,Maplewood Medical Partners,Virginia,2021,0,0,0.2861775290504789
A02826,Heartland Care Network Alliance,Georgia,2021,0,0,0.1980834748666644
A02831,Crestview Health Network,Illinois,2021,0,0,0.010232300129622944
A02834,Heartland Health Partners Medical Center,Arizona,2021,0,0,0.0600294824039575
A02837,Riverbend Medical Partners Medical Center,Ohio,2021,0,0,0.03225822699580503
A02857,Clearview Physician Network Health System,Oregon,2021,0,0,0.28495876500062506
A02863,Meadow Medical Medical Center,Arizona,2021,0,0,0.041061056280490955
A02873,Redwood Health Physician Alliance,New York,2021,0,0,0.1594919345776583
A02886,Pioneer Care Network Network,Ohio,2021,0,0,0.09940471444044459
A02894,Blue Ridge Provider Alliance Alliance,Minnesota,2021,1,0,0.11142675406369484
A02896,Springfield Physicians Partners,Oregon,2021,0,0,0.05616765972882387
A02906,Eastgate Care Partners Physician Alliance,California,2021,1,1,0.978724363894457
A02926,Unity Provider Alliance Collaborative,North Carolina,2021,0,0,0.018595716621540973
A02930,Clearview Healthcare Association,Ohio,2021,0,0,0.16771437865666455
A02933,Green Valley Care Alliance Alliance,Colorado,2021,0,0,0.016525518183070596
A02941,Springfield Medical Association,Washington,2021,1,1,0.6576473943679155
A02949,Pinnacle Care Partners,Connecticut,2021,0,0,0.34299585817433204
A02950,Summit Health Partners Collaborative,Indiana,2021,0,0,0.1643513705893718
A02952,Fairview Health Collaborative Medical Center,Texas,2021,0,0,0.13083684415028868
A02955,Pioneer Clinical Partners Physician Alliance,Oregon,2021,1,0,0.1472050893066118
A02957,Meadow Care Partners Association,Florida,2021,0,0,0.057887745135579385
A02958,Pinnacle Care Physician Alliance,Michigan,2021,0,0,0.023280637825050556
A02975,Eastgate Care Alliance Network,North Carolina,2021,0,0,0.0737959858403473
A02977,Northstar Medical Health System,Alabama,2021,0,0,0.03991266276094941
A02986,Cedar Health Network Network,Virginia,2021,0,0,0.0916415322438598
A03009,Redwood Medical Group Network,North Carolina,2021,0,0,0.019907405481516337
A03016,Eastgate Care Network Network,Florida,2021,0,0,0.12106324699480259
A03020,Fairview Care Group,Wisconsin,2021,0,0,0.10157866592467717
A03023,Golden Valley Medical Group Care Network,Maryland,2021,0,0,0.14522927739400104
A03028,Northstar Health Alliance Group,Michigan,2021,0,0,0.13121001656512177
A03034,WellSpring Care Health System,Arizona,2021,0,0,0.06519836917974497
A03035,Heritage Care Alliance Collaborative,Florida,2021,0,0,0.04536044800017379
A03037,Green Valley Health Alliance Alliance,Massachusetts,2021,0,0,0.02831828699735086
A03042,Maplewood Physicians Medical Center,North Carolina,2021,0,0,0.09924568402885205
A03059,Maplewood Physician Network Physician Alliance,California,2021,0,0,0.008223111308216628
A03060,Westfield Healthcare Group,Indiana,2021,0,0,0.1462902803594614
A03065,Beacon Care Alliance Group,New Jersey,2021,0,0,0.06950783404648331
A03067,Gateway Physician Network Group,Tennessee,2021,0,0,0.05489371955848181
A03073,Highland Physicians Collaborative,Ohio,2021,0,0,0.04600488496155081
A03077,Maplewood Health Partners Care Network,Minnesota,2021,0,0,0.15769807978536177
A03078,Horizon Care Partners Association,Arizona,2021,0,0,0.0996405317737843
A03081,Heritage Care Network Network,Florida,2021,0,0,0.1227236346136513
A03082,Meadow Care Partners Partners,Michigan,2021,0,0,0.054022986799319446
A03088,Golden Valley Community Care Network,Oregon,2021,0,0,0.15942745835807784
A03091,Beacon Care Alliance Care Network,Oregon,2021,0,0,0.1410662906408431
A03096,Parkview Integrated Health Collaborative,Massachusetts,2021,0,0,0.22830479213525517
A03100,Eastgate Health Partners Partners,Oregon,2021,0,0,0.014924599258048024
A03108,Riverside Care Network Medical Center,Arizona,2021,0,0,0.10843471494527453
A03112,Riverbend Medical Group Association,New Jersey,2021,0,0,0.2503952024440408
A03115,Fairview Community Care Health System,New York,2021,0,0,0.08743772352451538
A03116,Community Health Alliance Partners,Oregon,2021,0,0,0.08440545890443861
A03117,Green Valley Medical Group Collaborative,Virginia,2021,0,0,0.09463681911986184
A03123,Blue Ridge Medical Health System,Massachusetts,2021,0,0,0.16170206675623017
A03125,Clearview Care Alliance Association,Minnesota,2021,0,0,0.057783537026594584
A03140,Unity Care Partners Collaborative,Illinois,2021,0,0,0.08197814533819582
A03143,Silverstone Clinical Partners Partners,New York,2021,1,0,0.14948838754067154
A03144,Gateway Integrated Health Collaborative,Wisconsin,2021,0,0,0.23935009421055178
A03147,Meadow Healthcare Association,Maryland,2021,0,0,0.21889172757907224
A03148,Gateway Physicians Collaborative,Connecticut,2021,1,1,0.8785016409311386
A03162,Gateway Clinical Partners Group,Wisconsin,2021,1,1,0.606308950811998
A03168,Metro Wellness Association,Ohio,2021,0,0,0.1479924818322347
A03180,Meadow Care Physician Alliance,Texas,2021,0,0,0.13477213827051454
A03181,Lakeside Physicians Physician Alliance,Florida,2021,0,0,0.036604285004726504
A03186,Clearview Community Care Network,Ohio,2021,1,0,0.2678456726496748
A03196,Highland Community Care Network,Missouri,2021,0,0,0.042718724355361594
A03209,Stonebridge Provider Alliance Association,Washington,2021,0,0,0.10674909662581877
A03211,Brookside Care Physician Alliance,Pennsylvania,2021,0,0,0.13293469866297555
A03221,Meadow Health Network Health System,Maryland,2021,0,0,0.42353462881585746
A03227,Highland Medical Care Network,Washington,2021,0,0,0.02931197067936862
A03234,Stonebridge Health Alliance Group,Tennessee,2021,0,0,0.26420885741266703
A03242,Evergreen Medical Partners Group,Connecticut,2021,1,0,0.33368346722652303
A03247,Riverside Medical Group Health System,Maryland,2021,0,0,0.07882804304035054
A03250,Meadow Medical Partners Care Network,Oregon,2021,0,0,0.19941654731928388
A03255,Horizon Wellness Physician Alliance,Minnesota,2021,0,0,0.0777210830173831
A03256,Maplewood Community Care Network,Indiana,2021,0,0,0.06876869135581558
A03263,Springfield Healthcare Collaborative,Massachusetts,2021,0,0,0.22709420762201799
A03269,Parkview Physician Network Care Network,Massachusetts,2021,0,0,0.10611619687062604
A03270,Metro Health Association,Alabama,2021,0,0,0.26826455471186733
A03279,Brookside Medical Group Association,Connecticut,2021,0,0,0.019748831197992957
A03284,Fairview Health Network Network,Wisconsin,2021,0,0,0.10802137497924814
A03285,Silverstone Health Partners Collaborative,Michigan,2021,0,0,0.08097893867975949
A03295,Community Health Health System,Wisconsin,2021,0,0,0.21457741183614637
A03297,Valley Health Collaborative Care Network,Missouri,2021,1,1,0.5769130273983669
A03312,Green Valley Clinical Partners Care Network,Minnesota,2021,1,1,0.6631281963965995
A03316,Pinnacle Health Alliance Alliance,Tennessee,2021,0,0,0.3799248127060326
A03319,Evergreen Physicians Care Network,Georgia,2021,0,0,0.026957439155892944
A03321,Beacon Physician Network Partners,Arizona,2021,0,0,0.037005975357306264
A03322,Lakeside Healthcare Alliance,Tennessee,2021,0,0,0.015747793453409417
A03323,Redwood Medical Medical Center,Maryland,2021,0,0,0.1369679613546984
A03330,Green Valley Care Network Partners,Alabama,2021,0,0,0.05566701591128785
A03333,Horizon Health Collaborative Health System,Indiana,2021,0,0,0.06910900816481376
A03338,Summit Provider Alliance Physician Alliance,Arizona,2021,0,0,0.1502443959343792
A03342,Riverside Wellness Alliance,Tennessee,2021,0,0,0.043302879974095154
A03348,Pioneer Care Alliance Collaborative,Massachusetts,2021,0,0,0.03686159850428343
A03365,Eastgate Integrated Health Collaborative,California,2021,0,0,0.0982692954999823
A03371,Pinnacle Health Partners Collaborative,Arizona,2021,0,0,0.06711737558285664
A03375,Blue Ridge Care Care Network,North Carolina,2021,0,0,0.08298035859003897
A03377,Heartland Health Partners Care Network,Massachusetts,2021,0,0,0.07159776488814645
A03381,Unity Health Collaborative Collaborative,North Carolina,2021,0,0,0.09040732325043929
A03385,Canyon Community Care Care Network,California,2021,0,0,0.020490376244924446
A03391,Evergreen Care Network Group,Minnesota,2021,0,0,0.19835340563875384
A03397,Eastgate Health Network Association,Colorado,2021,0,0,0.14611348655585993
A03398,Parkview Care Collaborative,Arizona,2021,0,0,0.05951123726455929
A03405,Canyon Health Partners Care Network,Texas,2021,1,1,0.5901481221056644
A03407,Stonebridge Care Network Health System,Florida,2021,0,0,0.10869548892236834
A03415,Heritage Health Collaborative Physician Alliance,Massachusetts,2021,0,0,0.027072060889908867
A03417,Northstar Medical Partners Medical Center,Connecticut,2021,0,0,0.18815491211114924
A03419,Gateway Physician Network Collaborative,Washington,2021,0,0,0.03187999096314243
A03425,Westfield Medical Network,Maryland,2021,0,0,0.22109855179805232
A03426,Metro Community Care Alliance,Colorado,2021,0,0,0.02257050413129276
A03428,Riverbend Integrated Health Collaborative,Ohio,2021,1,1,0.5908638322790216
A03433,WellSpring Physician Network Collaborative,North Carolina,2021,0,0,0.016497451114683634
A03447,Beacon Health Medical Center,Connecticut,2021,0,0,0.12743469758166276
A03449,Eastgate Health Collaborative Group,New York,2021,0,0,0.14770831007989846
A03454,Community Wellness Group,Missouri,2021,0,0,0.041187347518338135
A03455,Redwood Physicians Alliance,New Jersey,2021,0,0,0.08130829264486142
A03458,Oakridge Health Partners Physician Alliance,Arizona,2021,0,0,0.15054325678111485
A03471,Riverbend Medical Group Medical Center,Arizona,2021,0,0,0.0748780713809634
A03482,Mountain View Physician Network Medical Center,Oregon,2021,0,0,0.011261428744843866
A03488,Pinnacle Healthcare Group,Arizona,2021,0,0,0.317396256776299
A03497,Metro Care Partners Care Network,Virginia,2021,0,0,0.12016053927114984
A03503,Unity Physicians Care Network,Texas,2021,0,0,0.0582129281882378
A03514,Valley Health Network Association,Missouri,2021,0,0,0.050642538021992395
A03521,Redwood Physicians Partners,Wisconsin,2021,0,0,0.05459905180837866
A03525,Brookside Health Network Partners,Ohio,2021,1,1,0.6376961750609719
A03526,Golden Valley Care Alliance Care Network,Massachusetts,2021,0,0,0.03397183984112985
A03529,Crestview Health Health System,Florida,2021,0,0,0.0777210830173831
A03535,Meadow Clinical Partners Physician Alliance,Florida,2021,0,0,0.32521908091103013
A03542,Riverside Healthcare Collaborative,Minnesota,2021,0,0,0.09097174456910097
A03550,Summit Integrated Health Partners,Texas,2021,0,0,0.03658334191542154
A03556,Grandview Care Network Care Network,New York,2021,0,0,0.15796172172299472
A03558,Golden Valley Health Alliance Care Network,Tennessee,2021,0,0,0.16647579630714202
A03585,Gateway Community Care Alliance,Wisconsin,2021,0,0,0.18600773231991902
A03596,Fairview Care Network Collaborative,Arizona,2021,0,0,0.2322152115220732
A03601,Evergreen Care Network Care Network,Pennsylvania,2021,0,0,0.10022408245218811
A03609,Westfield Provider Alliance Health System,Pennsylvania,2021,0,0,0.1518399769023408
A03618,Community Health Medical Center,Maryland,2021,0,0,0.16592391061335768
A03624,Unity Care Network Network,Minnesota,2021,0,0,0.10668817649579256
A03626,Heritage Clinical Partners Medical Center,Minnesota,2021,0,0,0.16800420402774538
A03632,WellSpring Health Partners Partners,Oregon,2021,0,0,0.02577948080161298
A03634,Springfield Health Collaborative Health System,Minnesota,2021,0,0,0.13438672534224888
A03636,Heritage Medical Partners Collaborative,Colorado,2021,0,0,0.13791058939272186
A03638,Blue Ridge Medical Collaborative,Oregon,2021,0,0,0.02004331300648422
A03646,Pioneer Medical Partners,Connecticut,2021,0,0,0.05761328429460759
A03649,Heartland Care Collaborative,Massachusetts,2021,0,0,0.05835572114816686
A03651,Westfield Health Alliance,Missouri,2021,0,0,0.05144672200408722
A03662,Eastgate Health Collaborative Physician Alliance,Colorado,2021,0,0,0.056784025091658544
A03680,Beacon Health Alliance Network,Wisconsin,2021,0,0,0.22928791371574445
A03682,Redwood Care Partners Collaborative,Oregon,2021,1,0,0.283803111478239
A03690,Clearview Care Network Health System,Maryland,2021,0,0,0.33120000052582255
A03692,Silverstone Health Partners Health System,Missouri,2021,0,0,0.10124534026983723
A03694,Westfield Integrated Health Network,North Carolina,2021,0,0,0.21679777196460304
A03705,Heartland Care Partners Medical Center,New Jersey,2021,0,0,0.028152379510874178
A03710,Riverbend Provider Alliance Network,New Jersey,2021,0,0,0.04334906302044026
A03735,Green Valley Medical Partners Group,New York,2021,0,0,0.06493007947977608
A03737,Northstar Medical Care Network,New Jersey,2021,0,0,0.092787773939341
A03742,Horizon Care Physician Alliance,Wisconsin,2021,1,1,0.597226112577593
A03750,Golden Valley Clinical Partners Partners,Massachusetts,2021,1,0,0.11247454246348461
A03754,Evergreen Physicians Medical Center,Ohio,2021,1,0,0.2819580173920136
A03759,Summit Medical Group Partners,North Carolina,2021,0,0,0.13334792713341198
A03774,Fairview Wellness Association,New Jersey,2021,0,0,0.29011685653485986
A03776,Pinnacle Health Health System,New Jersey,2021,0,0,0.0698795313198874
A03781,Silverstone Healthcare Network,Illinois,2021,1,0,0.08647524311280178
A03782,Oakridge Care Physician Alliance,New Jersey,2021,0,0,0.185980664728764
A03785,Mountain View Provider Alliance Health System,Texas,2021,0,0,0.15164747595109698
A03787,Summit Provider Alliance Alliance,Wisconsin,2021,0,0,0.11781312472819204
A03794,Mountain View Care Health System,Ohio,2021,0,0,0.05432398521169033
A03812,Pinnacle Medical Group Alliance,North Carolina,2021,1,0,0.05057408231557669
A03814,Beacon Care Alliance Alliance,Wisconsin,2021,1,1,0.6825255218712718
A03816,Pinnacle Health Collaborative,Minnesota,2021,0,0,0.39556661438899987
A03819,Unity Healthcare Health System,Georgia,2021,0,0,0.06109858755944095
A03820,Community Health Collaborative Partners,Georgia,2021,0,0,0.1360002597612494
A03832,Silverstone Wellness Physician Alliance,Illinois,2021,1,1,0.9347323899917775
A03837,Grandview Community Care Group,Missouri,2021,0,0,0.020869290847189418
A03840,Blue Ridge Community Care Association,North Carolina,2021,1,1,0.6615131348911406
A03845,Lakeside Provider Alliance Care Network,Alabama,2021,0,0,0.09386362591578357
A03848,Pinnacle Health Collaborative Collaborative,Pennsylvania,2021,0,0,0.010428104091961043
A03852,Springfield Care Health System,Virginia,2021,0,0,0.05682216993380523
A03856,Unity Care Alliance Physician Alliance,North Carolina,2021,0,0,0.018846463819588002
A03858,Highland Community Care Collaborative,New York,2021,0,0,0.08569390595900797
A03871,Heritage Medical Group Health System,Tennessee,2021,0,0,0.03313573589663661
A03878,Lakeside Clinical Partners Physician Alliance,New Jersey,2021,0,0,0.18664285925013296
A03880,Grandview Health Network Care Network,North Carolina,2021,0,0,0.14092499297451475
A03882,Community Medical Group,Washington,2021,0,0,0.1659717047302028
A03887,Evergreen Health Alliance Physician Alliance,Washington,2021,0,0,0.20445671817464803
A03895,Heartland Care Partners Partners,Tennessee,2021,0,0,0.46767395330483225
A03896,Lakeside Care Partners Medical Center,Florida,2021,0,0,0.06422608015412226
A03904,Westfield Physicians Care Network,Alabama,2021,0,0,0.014144086858188512
A03908,Heritage Community Care Health System,Florida,2021,1,1,0.9422438279061355
A03909,Valley Health Partners Health System,New Jersey,2021,0,0,0.0728165793434227
A03911,Springfield Medical Partners Collaborative,Ohio,2021,0,0,0.029650240787413407
A03917,Silverstone Clinical Partners Collaborative,Arizona,2021,0,0,0.19008798310599379
A03919,WellSpring Integrated Health Alliance,New York,2021,0,0,0.18703144829625096
A03920,Heritage Community Care Physician Alliance,Florida,2021,0,0,0.08697782757307916
A03928,Heartland Clinical Partners Network,Washington,2021,0,0,0.1833989595496391
A03930,Riverside Medical Group Association,Georgia,2021,0,0,0.1707703204228662
A03931,Riverside Community Care Care Network,Oregon,2021,0,0,0.27862221905634427
A03932,Westfield Wellness Group,Indiana,2021,0,0,0.04841098283748769
A03935,Heartland Medical Group Physician Alliance,Massachusetts,2021,0,0,0.017320126670617282
A03937,Community Community Care Group,Indiana,2021,0,0,0.20338637285177938
A03939,Cedar Healthcare Partners,Connecticut,2021,0,0,0.1891067125634998
A03943,Golden Valley Care Partners Network,Massachusetts,2021,0,0,0.024007911431037327
A03952,Riverbend Health Collaborative Alliance,Maryland,2021,0,0,0.2723655654832592
A03962,Fairview Care Network Association,Indiana,2021,0,0,0.09314924272073992
A03969,Horizon Health Alliance Care Network,Maryland,2021,0,0,0.1705734249801039
A03971,Westfield Care Alliance Physician Alliance,Maryland,2021,0,0,0.10352965076396392
A03972,Clearview Integrated Health Partners,New York,2021,0,0,0.2561613789521921
A03974,Maplewood Care Partners Group,Illinois,2021,0,0,0.18944163059702457
A03976,Pinnacle Medical Group Association,North Carolina,2021,0,0,0.07575331378538439
A03985,Crestview Health Partners Alliance,Missouri,2021,0,0,0.25038068720281503
A03988,Parkview Medical Medical Center,Wisconsin,2021,0,0,0.19652486553547222
A03990,Beacon Medical Partners Group,Minnesota,2021,0,0,0.15950473018791342
A03992,Lakeside Wellness Association,Tennessee,2021,0,0,0.06989323410224242
A03993,Golden Valley Healthcare Care Network,Missouri,2021,0,0,0.11189341414685555
A03997,Evergreen Wellness Care Network,Arizona,2021,0,0,0.1886405771327939
A04000,Unity Wellness Partners,Oregon,2021,0,0,0.1574959935746825
A04001,Golden Valley Medical Collaborative,North Carolina,2021,0,0,0.10536863194525224
A04002,Parkview Care Alliance Collaborative,Illinois,2021,1,0,0.18579834161523034
A04015,Maplewood Care Partners Physician Alliance,Indiana,2021,0,0,0.19602474742571918
A04016,Blue Ridge Medical Partners Partners,Minnesota,2021,0,0,0.058649398332583466
A04038,Horizon Medical Partners Association,Wisconsin,2021,0,0,0.2537822573762379
A04040,Cedar Clinical Partners Network,Pennsylvania,2021,0,0,0.04542576086680027
A04041,Heartland Community Care Group,Connecticut,2021,0,0,0.19650481604972106
A04043,Clearview Health Network Collaborative,Washington,2021,0,0,0.16049354966417728
A04048,Heartland Wellness Health System,Missouri,2021,0,0,0.08119471990235656
A04052,Meadow Medical Partners Partners,Missouri,2021,1,0,0.052271107452054925
A04055,Heartland Provider Alliance Partners,New York,2021,0,0,0.1439356269493345
A04059,Gateway Provider Alliance Partners,Minnesota,2021,0,0,0.15872556935545226
A04067,Valley Health Collaborative Physician Alliance,Colorado,2021,0,0,0.19308895850148056
A04069,Highland Medical Group Health System,Tennessee,2021,1,0,0.11253884273910358
A04070,Crestview Health Partners Care Network,Connecticut,2021,0,0,0.06348181296962438
A04073,Metro Medical Partners Collaborative,Connecticut,2021,0,0,0.3585064022034851
A04084,Crestview Community Care Collaborative,Maryland,2021,0,0,0.040876259974397755
A04100,Mountain View Care Group,Texas,2021,0,0,0.13750210090038173
A04101,Crestview Medical Partners,New Jersey,2021,0,0,0.09494847139692077
A04103,WellSpring Integrated Health Physician Alliance,Alabama,2021,0,0,0.06819829925995329
A04109,Heritage Physicians Health System,North Carolina,2021,0,0,0.10696214705658515
A04120,Canyon Medical Group Partners,Washington,2021,1,1,0.6506686059872613
A04123,Lakeside Medical Partners Health System,Texas,2021,0,0,0.062174253482477446
A04124,Brookside Physician Network Network,Massachusetts,2021,0,0,0.07542931025380867
A04130,Heartland Provider Alliance Network,Massachusetts,2021,0,0,0.079591332855717
A04133,Horizon Integrated Health Network,New York,2021,0,0,0.03639425120977376
A04137,Springfield Physician Network Physician Alliance,Tennessee,2021,0,0,0.10311967019452846
A04145,Canyon Care Partners Collaborative,Colorado,2021,0,0,0.11664503512276575
A04153,Oakridge Physicians Collaborative,Michigan,2021,0,0,0.04463618300568779
A04163,Community Health Collaborative Physician Alliance,Pennsylvania,2021,0,0,0.19842616342136574
A04171,Mountain View Provider Alliance Group,Ohio,2021,0,0,0.25057106516438377
A04172,Maplewood Clinical Partners Care Network,Maryland,2021,0,0,0.06751702164761751
A04177,Valley Care Physician Alliance,Wisconsin,2021,0,0,0.02693845506911982
A04182,Oakridge Health Partners,Virginia,2021,1,0,0.19403302205250894
A04195,Fairview Medical Partners Care Network,Wisconsin,2021,0,0,0.28759109585648784
A04210,Evergreen Clinical Partners Partners,North Carolina,2021,0,0,0.18589298716892155
A04215,Crestview Medical Alliance,Washington,2021,1,0,0.3442894905514031
A04216,Eastgate Health Partners Alliance,Michigan,2021,0,0,0.1998975641010974
A04222,Redwood Physician Network Physician Alliance,Pennsylvania,2021,0,0,0.128857455200596
A04224,Pioneer Health Network Partners,Minnesota,2021,0,0,0.47705052508330853
A04239,Grandview Physicians Collaborative,Minnesota,2021,0,0,0.05244403367274103
A04252,Riverside Care Network Alliance,Minnesota,2021,0,0,0.24415935508243308
A04254,Blue Ridge Provider Alliance Group,Arizona,2021,0,0,0.12488844220439166
A04255,Canyon Care Alliance Network,Colorado,2021,0,0,0.10031454178062721
A04258,Valley Care Network Care Network,New York,2021,0,0,0.25454760800057163
A04260,Pioneer Health Collaborative Care Network,Illinois,2021,0,0,0.02355833471395913
A04268,Metro Care Physician Alliance,California,2021,0,0,0.08117319481141629
A04269,Brookside Provider Alliance Collaborative,Georgia,2021,0,0,0.09843180595183726
A04270,Redwood Clinical Partners Association,Minnesota,2021,0,0,0.22815118343693774
A04275,Meadow Health Alliance Medical Center,Texas,2021,0,0,0.07579537313555922
A04278,Westfield Health Network Network,North Carolina,2021,0,0,0.15865573101357439
A04283,Eastgate Health Partners Collaborative,Michigan,2021,0,0,0.09344941272959348
A04292,Canyon Provider Alliance Health System,Maryland,2021,0,0,0.06439480879134175
A04304,Mountain View Health Partners Physician Alliance,North Carolina,2021,0,0,0.06211050075342405
A04307,Metro Health Partners,New Jersey,2021,0,0,0.09895378603483382
A04309,Green Valley Healthcare Medical Center,California,2021,0,0,0.1371926417450187
A04317,WellSpring Integrated Health Partners,Massachusetts,2021,0,0,0.2010051679361512
A04320,Cedar Physician Network Network,Alabama,2021,0,0,0.03535678103545725
A04329,Mountain View Health Group,Ohio,2021,0,0,0.060708310600898756
A04333,Horizon Care Network Network,Arizona,2021,0,0,0.2420387288008542
A04337,Heartland Physicians Health System,Michigan,2021,0,0,0.2820564948931235
A04338,Pioneer Clinical Partners Partners,Illinois,2021,0,0,0.0741550858680558
A04353,Eastgate Health Network Partners,Arizona,2021,0,0,0.20718196142249753
A04361,Green Valley Healthcare Network,Oregon,2021,0,0,0.12317174994913223
A04365,Westfield Health Collaborative Health System,New York,2021,0,0,0.06460419151673993
A04368,Oakridge Integrated Health Association,Illinois,2021,0,0,0.049426303068297865
A04374,Cedar Care Network Collaborative,Arizona,2021,0,0,0.25205740585523456
A04375,Westfield Care Alliance,North Carolina,2021,0,0,0.024112785674235835
A04380,Mountain View Provider Alliance Association,New Jersey,2021,0,0,0.11538118280311957
A04383,Lakeside Care Network,Ohio,2021,0,0,0.06788197122808123
A04393,Clearview Clinical Partners Physician Alliance,Texas,2021,1,0,0.12871337492194582
A04399,Silverstone Care Partners Physician Alliance,Connecticut,2021,0,0,0.14368549895302796
A04401,Silverstone Health Alliance Alliance,Texas,2021,1,0,0.3128807154034028
A04403,Grandview Health Network Health System,Massachusetts,2021,0,0,0.051099476991397254
A04404,Blue Ridge Community Care Network,Arizona,2021,0,0,0.07181382571863969
A04414,Unity Medical Care Network,Alabama,2021,0,0,0.06781169918079412
A04420,Parkview Healthcare Health System,Florida,2021,0,0,0.17978660838554134
A04425,Clearview Integrated Health Association,California,2021,0,0,0.08333638396735628
A04428,Cedar Clinical Partners Partners,Wisconsin,2021,0,0,0.026617854249590116
A04430,Riverbend Physicians Medical Center,Colorado,2021,0,0,0.09235531971460997
A04432,Metro Medical Group,Washington,2021,0,0,0.10674909662581877
A04434,Lakeside Physician Network Medical Center,Ohio,2021,0,0,0.023940236388962744
A04435,Redwood Community Care Network,Connecticut,2021,0,0,0.05659831255621423
A04438,Maplewood Medical Partners Medical Center,New Jersey,2021,0,0,0.37226485100258494
A04443,Oakridge Health Partners Association,Indiana,2021,1,1,0.8162130643657936
A04446,Blue Ridge Physician Network Health System,Ohio,2021,1,1,0.7746195071384195
A04458,Evergreen Medical Health System,Pennsylvania,2021,0,0,0.09396547801782874
A04472,Beacon Health Partners Group,Colorado,2021,0,0,0.1754737493210736
A04473,Stonebridge Health Association,North Carolina,2021,1,0,0.1908031323719027
A04480,Highland Medical Group Physician Alliance,Washington,2021,0,0,0.17181142318890996
A04492,Pioneer Integrated Health Network,Maryland,2021,0,0,0.09050367580110578
A04496,Crestview Provider Alliance Network,Tennessee,2021,0,0,0.09865552787702475
A04508,Heartland Clinical Partners Alliance,Ohio,2021,0,0,0.21272148784490186
A04509,Crestview Health Medical Center,Arizona,2021,0,0,0.10803329460908351
A04563,Heartland Provider Alliance Health System,Missouri,2021,0,0,0.10875659565225076
A04568,Parkview Medical Physician Alliance,Illinois,2021,0,0,0.06124962378261305
A04574,Canyon Medical Partners Care Network,Pennsylvania,2021,0,0,0.11938467650977272
A04581,Crestview Wellness Medical Center,Illinois,2021,0,0,0.22067741658265544
A04589,Highland Medical Partners Network,Minnesota,2021,0,0,0.08071237075236609
A04599,Gateway Health Partners,Florida,2021,0,0,0.23880495575691613
A04601,Highland Health Association,Wisconsin,2021,0,0,0.07634798363671842
A04602,Gateway Healthcare Care Network,Arizona,2021,0,0,0.07401800696020441
A04604,Mountain View Community Care Association,Connecticut,2021,0,0,0.08238985495329804
A04605,Silverstone Physician Network Care Network,New Jersey,2021,0,0,0.06957450590921614
A04610,Northstar Health Care Network,Missouri,2021,0,0,0.14158052078548042
A04612,Canyon Care Network Health System,Oregon,2021,0,0,0.038326934606438524
A04613,Lakeside Medical Partners Care Network,Ohio,2021,0,0,0.019722131298892463
A04617,Silverstone Health Network,Washington,2021,0,0,0.059370426545842604
A04634,Valley Health Network Physician Alliance,Wisconsin,2021,0,0,0.06272559793701375
A04658,Eastgate Care Network,Illinois,2021,0,0,0.12130852363508636
A04666,Riverbend Medical Medical Center,Florida,2021,1,1,0.6577034272079487
A04671,Lakeside Health Partners Association,Pennsylvania,2021,0,0,0.04975069677470687
A04679,Mountain View Care Partners Alliance,Maryland,2021,0,0,0.0463945806872672
A04681,Maplewood Health Association,Missouri,2021,0,0,0.19854347051876936
A04685,Unity Medical Partners Association,Illinois,2021,0,0,0.11123571311207993
A04687,Oakridge Provider Alliance Partners,Tennessee,2021,1,1,0.6300842335156066
A04704,Oakridge Health Alliance Collaborative,Washington,2021,0,0,0.13529513423684716
A04707,Beacon Provider Alliance Partners,Maryland,2021,1,1,0.8471600232149499
A04716,Springfield Physicians Health System,Indiana,2021,0,0,0.4233930723171974
A04719,Parkview Physician Network Collaborative,Oregon,2021,0,0,0.062422762691781354
A04728,Summit Medical Group Care Network,California,2021,0,0,0.17617725810098528
A04730,Heartland Care Care Network,Pennsylvania,2021,0,0,0.09510542509310202
A04733,Springfield Health Network Collaborative,Connecticut,2021,0,0,0.10722513254904463
A04748,Northstar Care Network Physician Alliance,Washington,2021,0,0,0.03579332862620127
A04753,Riverside Integrated Health Association,Connecticut,2021,0,0,0.05510485317389933
A04754,Stonebridge Health Network Network,Missouri,2021,0,0,0.3185852221063155
A04769,Green Valley Physicians Association,Arizona,2021,1,0,0.286004351582155
A04773,Maplewood Health Alliance Collaborative,Wisconsin,2021,0,0,0.06006379933951948
A04776,Metro Medical Care Network,California,2021,0,0,0.16250725513475534
A04790,Mountain View Integrated Health Medical Center,New York,2021,0,0,0.16924061097465742
A04798,Lakeside Healthcare Medical Center,Connecticut,2021,0,0,0.33263987266466905
A04799,Cedar Health Alliance,New Jersey,2021,0,0,0.0726266963857572
A04802,Lakeside Community Care Health System,New Jersey,2021,0,0,0.4248967360991955
A04803,Redwood Integrated Health Collaborative,Minnesota,2021,0,0,0.12502822355134147
A04804,Canyon Community Care Physician Alliance,Minnesota,2021,0,0,0.16490991568633426
A04806,Maplewood Care Partners Collaborative,Texas,2021,0,0,0.23778453037646796
A04810,Lakeside Health Network Care Network,New Jersey,2021,0,0,0.07431404054064504
A04817,Evergreen Health Association,Michigan,2021,1,1,0.9595895634451835
A04832,Lakeside Medical Alliance,Wisconsin,2021,0,0,0.12440668048579802
A04834,Cedar Integrated Health Alliance,Alabama,2021,0,0,0.039159659817873116
A04835,Canyon Physicians Collaborative,New York,2021,0,0,0.04276644239864952
A04843,WellSpring Healthcare Association,New Jersey,2021,0,0,0.10084031856037322
A04849,Redwood Community Care Health System,Maryland,2021,0,0,0.03140277508251503
A04853,Eastgate Health Collaborative Medical Center,Minnesota,2021,0,0,0.3005488648193541
A04863,Stonebridge Care Partners Collaborative,New York,2021,0,0,0.03455177767755031
A04866,Unity Physicians Collaborative,California,2021,0,0,0.10750967655691858
A04869,Silverstone Care Group,Illinois,2021,0,0,0.08429992991363554
A04870,Valley Physician Network Network,Florida,2021,0,0,0.043014212685885164
A04871,Clearview Medical Partners Association,Minnesota,2021,0,0,0.10990740027439004
A04875,Brookside Care Network Medical Center,Virginia,2021,0,0,0.03572236534426069
A04877,Beacon Care Partners Association,Virginia,2021,0,0,0.024574948405222185
A04878,Grandview Health Partners Collaborative,Maryland,2021,0,0,0.03759018525689206
A04886,Beacon Care Alliance Health System,Illinois,2021,0,0,0.33546321962312997
A04889,Meadow Care Partners Alliance,Connecticut,2021,0,0,0.020857270232406286
A04890,Community Health Collaborative Health System,North Carolina,2021,0,0,0.19645831321095336
A04894,Brookside Healthcare Physician Alliance,New Jersey,2021,0,0,0.07883478744481108
A04897,Heritage Health Network,Wisconsin,2021,0,0,0.08947120663403174
A04899,Springfield Provider Alliance Alliance,Minnesota,2021,0,0,0.2770607913700514
A04902,Mountain View Health Alliance Alliance,New Jersey,2021,0,0,0.13662808459125464
A04903,Blue Ridge Care Partners Alliance,New York,2021,0,0,0.04370108651683701
A04906,Gateway Provider Alliance Physician Alliance,Missouri,2021,0,0,0.019796897345745523
A04909,Redwood Health Network Health System,Arizona,2021,0,0,0.17827862579978074
A04924,Summit Health Partners Group,North Carolina,2021,0,0,0.3026890232241597
A04925,Oakridge Health Collaborative Group,Indiana,2021,1,1,0.8561445636975477
A04929,Meadow Wellness Care Network,Ohio,2021,0,0,0.19791943605493476
A04932,Springfield Provider Alliance Physician Alliance,Indiana,2021,0,0,0.1280340217810236
A04936,Grandview Community Care Association,Ohio,2021,0,0,0.19422787654464166
A04949,Clearview Wellness Network,Ohio,2021,1,1,0.7970434064104637
A04951,Eastgate Physicians Group,Illinois,2021,0,0,0.12683715200804088
A04953,Highland Health Alliance Collaborative,California,2021,0,0,0.02767419223245415
A04958,Heritage Medical Group Group,Minnesota,2021,0,0,0.06288108017112662
A04964,Mountain View Care Alliance Care Network,California,2021,0,0,0.14796000999835315
A04970,Oakridge Care Network Partners,Connecticut,2021,0,0,0.2419285887097951
A04973,Clearview Community Care Association,Minnesota,2021,1,1,0.6266186598437673
A04978,Heritage Physician Network Medical Center,Michigan,2021,0,0,0.18269084278485628
A04996,Evergreen Care Alliance Group,Indiana,2021,0,0,0.05962453990448337
A04999,Westfield Medical Medical Center,New York,2021,0,0,0.12789659297096131
A05012,Canyon Care Network Care Network,Virginia,2021,0,0,0.3300166856924541
A05016,Grandview Integrated Health Partners,Illinois,2021,0,0,0.2139940314395346
A05017,Community Integrated Health Alliance,Michigan,2021,0,0,0.07454476096871188
A05022,Horizon Health Partners,Pennsylvania,2021,1,1,0.958699365837387
A05027,Pinnacle Clinical Partners Partners,Arizona,2021,0,0,0.09912482819420944
A05032,Pinnacle Health Collaborative Care Network,North Carolina,2021,1,1,0.7310540418475263
A05035,Springfield Integrated Health Medical Center,North Carolina,2021,1,1,0.8493343195408475
A05037,Summit Health Collaborative,Pennsylvania,2021,0,0,0.2624281428151552
A05041,Community Health Partners,Pennsylvania,2021,0,0,0.058468361211345285
A05044,Meadow Physician Network Network,Alabama,2021,0,0,0.20405840768438938
A05052,Green Valley Medical Partners Physician Alliance,Arizona,2021,0,0,0.1572351705631807
A05059,Clearview Care Partners Group,Alabama,2021,0,0,0.0773153436306056
A05068,Golden Valley Physician Network Group,Michigan,2021,1,1,0.6369552197538015
A05080,Eastgate Care Network Collaborative,Minnesota,2021,0,0,0.15950473018791342
A05085,Parkview Health Partners Alliance,Virginia,2021,1,0,0.09036787833460931
A05095,Highland Health Physician Alliance,Oregon,2021,0,0,0.17724124792348483
A05099,Summit Wellness Physician Alliance,Missouri,2021,0,0,0.06939522547251589
A05109,Heritage Care Partners Association,Missouri,2021,0,0,0.2011408037028535
A05111,Unity Health Association,Alabama,2021,0,0,0.06877334060674055
A05112,Summit Healthcare Collaborative,Wisconsin,2021,0,0,0.027323044510190218
A05113,Blue Ridge Provider Alliance Health System,Massachusetts,2021,0,0,0.06390196659295291
A05114,Mountain View Health Partners Network,Texas,2021,0,0,0.14812129049431463
A05119,Parkview Health Partners Physician Alliance,Washington,2021,0,0,0.06815892331586242
A05122,Mountain View Health Partners Care Network,Tennessee,2021,0,0,0.07195742873872267
A05123,Metro Health Partners Medical Center,New Jersey,2021,0,0,0.10014488143545903
A05131,Evergreen Care Alliance Association,California,2021,0,0,0.1115117324743005
A05137,Canyon Wellness Medical Center,Florida,2021,0,0,0.05963746430527601
A05138,Stonebridge Clinical Partners Association,Connecticut,2021,0,0,0.08300043047507373
A05147,Highland Provider Alliance Physician Alliance,Massachusetts,2021,0,0,0.30032811562350553
A05152,Pioneer Medical Group Physician Alliance,Indiana,2021,0,0,0.08399540462295996
A05155,Mountain View Healthcare Collaborative,Massachusetts,2021,0,0,0.04335734528914927
A05162,Pioneer Medical Medical Center,Florida,2021,0,0,0.08866807225205803
A05163,Meadow Community Care Physician Alliance,Arizona,2021,0,0,0.013359435021165923
A05164,Westfield Community Care Partners,Missouri,2021,0,0,0.04121640840144617
A05168,Oakridge Health Partners Network,Missouri,2021,0,0,0.040140972161559575
A05169,Stonebridge Medical Alliance,Missouri,2021,0,0,0.3665149755324745
A05172,Riverbend Provider Alliance Association,Colorado,2021,1,1,0.6135554659826761
A05173,Clearview Health Alliance Alliance,Ohio,2021,0,1,0.6813006893405231
A05175,Gateway Medical Group Health System,Alabama,2021,0,0,0.0317321993135957
A05179,Heritage Care Network Care Network,Missouri,2021,0,0,0.05373420848226607
A05190,Canyon Care Health System,Michigan,2021,0,0,0.06764545503619304
A05195,Metro Care Alliance Health System,Ohio,2021,0,0,0.04617850132000378
A05196,Highland Care Partners Group,Connecticut,2021,0,0,0.08537567397906867
A05205,Pioneer Care Alliance Group,Washington,2021,0,0,0.01154259681390215
A05214,Northstar Wellness Association,Michigan,2021,0,0,0.21578317340644104
A05233,Heartland Care Group,Colorado,2021,0,0,0.03231108357729612
A05245,Maplewood Healthcare Partners,Arizona,2021,0,0,0.021780888339575442
A05248,Cedar Care Medical Center,Washington,2021,0,0,0.03337533417368857
A05251,Parkview Clinical Partners Partners,Connecticut,2021,0,0,0.02581017035493978
A05253,Grandview Medical Health System,Alabama,2021,0,0,0.061661627756904286
A05255,Lakeside Wellness Physician Alliance,North Carolina,2021,0,0,0.22567566483686144
A05258,Lakeside Medical Partners,Texas,2021,0,0,0.0369961861838225
A05261,Redwood Healthcare Physician Alliance,Texas,2021,0,0,0.03677210461035524
A05264,Meadow Health Alliance Care Network,Georgia,2021,1,0,0.4515845620040854
A05277,Meadow Integrated Health Alliance,New Jersey,2021,0,0,0.05781332037873195
A05282,Westfield Care Partners Physician Alliance,Pennsylvania,2021,0,0,0.018203733963595602
A05283,Mountain View Health Alliance Network,New York,2021,0,0,0.1316904249803355
A05297,Evergreen Health Collaborative Health System,Connecticut,2021,0,0,0.05540121436098377
A05304,Westfield Care Network Group,Ohio,2021,0,0,0.0896523659896586
A05309,Community Physicians Medical Center,Michigan,2021,1,1,0.7240725858755325
A05316,Gateway Provider Alliance Association,Indiana,2021,0,0,0.03598770759282901
A05319,Eastgate Provider Alliance Physician Alliance,Oregon,2021,0,0,0.04924101366284762
A05323,Grandview Care Alliance Care Network,Indiana,2021,0,0,0.13880386379871829
A05327,Cedar Health Partners,Illinois,2021,1,0,0.23333705114581602
A05329,Summit Health Collaborative Medical Center,Georgia,2021,0,0,0.011790283833163946
A05344,Crestview Healthcare Medical Center,Alabama,2021,1,0,0.26496684005625276
A05345,Parkview Care Health System,Wisconsin,2021,0,0,0.4317036152569797
A05346,Oakridge Wellness Alliance,Tennessee,2021,0,0,0.04555469882774896
A05356,Blue Ridge Health Collaborative Network,Georgia,2021,0,0,0.016517036174228332
A05366,Crestview Care Alliance Care Network,Washington,2021,0,0,0.20374662095317222
A05367,Heartland Care Partners Association,Michigan,2021,0,0,0.07897180857880315
A05369,Riverbend Physician Network Physician Alliance,Tennessee,2021,0,0,0.10312822336177199
A05375,Community Care Partners Network,Florida,2021,0,0,0.0819345335604201
A05391,Community Community Care Medical Center,Arizona,2021,1,1,0.866082691808802
A05394,Metro Health Collaborative Partners,Alabama,2021,0,0,0.013474341082032472
A05405,Meadow Care Network Collaborative,Arizona,2021,0,0,0.0074016923524129405
A05409,Riverside Care Network Health System,Texas,2021,0,0,0.16491535490528464
A05411,Evergreen Health Network Network,Michigan,2021,0,0,0.05956369208832214
A05430,Brookside Health Collaborative Group,Washington,2021,0,0,0.014625070746511227
A05434,Clearview Health Partners Medical Center,Indiana,2021,0,0,0.060526473550660695
A05436,Maplewood Physician Network Care Network,New Jersey,2021,0,0,0.10863658071167684
A05440,Metro Health Partners Care Network,Pennsylvania,2021,0,0,0.03907638078633079
A05455,Clearview Integrated Health Alliance,Colorado,2021,1,0,0.24164541366092673
A05463,Horizon Health Health System,Arizona,2021,0,0,0.1452585813443392
A05466,Pioneer Physician Network Care Network,Alabama,2021,0,0,0.07805756995848133
A05469,Gateway Care Alliance Medical Center,Alabama,2021,0,0,0.03271908818899902
A05478,Stonebridge Care Alliance Care Network,Illinois,2021,0,0,0.011213745412484719
A05482,Pioneer Care Partners Group,Ohio,2021,0,0,0.15324553653511008
A05484,Riverside Physicians Network,Florida,2021,1,0,0.2526979432051434
A05489,Community Care Network Care Network,Connecticut,2021,0,0,0.2554480670679801
A05492,Green Valley Community Care Physician Alliance,Maryland,2021,0,0,0.1182980628645521
A05493,Mountain View Care Network Health System,Tennessee,2021,0,0,0.010794855327947226
A05497,Community Healthcare Network,Missouri,2021,0,0,0.03184512770407613
A05512,Pinnacle Wellness Partners,Indiana,2021,0,0,0.0013817157955887038
A05535,Grandview Wellness Medical Center,North Carolina,2021,0,0,0.3012159616084628
A05538,Meadow Health Network Care Network,Maryland,2021,0,0,0.0540137817902588
A05539,Gateway Community Care Care Network,Ohio,2021,0,0,0.18790863309658395
A05543,Community Provider Alliance Partners,Alabama,2021,0,0,0.1902341062980987
A05545,Horizon Medical Medical Center,Tennessee,2021,0,0,0.10979986119104324
A05561,Community Clinical Partners Medical Center,North Carolina,2021,0,0,0.04384424946429581
A05563,Redwood Medical Group Partners,Virginia,2021,0,0,0.03797849488419326
A05573,Gateway Health Alliance Alliance,Indiana,2021,0,0,0.1647348704959273
A05579,Canyon Health Alliance Medical Center,Connecticut,2021,0,0,0.11181148500221734
A05594,Grandview Health Network Collaborative,Arizona,2021,0,0,0.24246765753065638
A05597,Gateway Care Network Association,Connecticut,2021,0,0,0.053429948703202085
A05602,Northstar Physicians Collaborative,New York,2021,0,0,0.16262483800194272
A05612,Riverside Medical Partners Physician Alliance,Georgia,2021,0,0,0.11140823363777116
A05623,Silverstone Provider Alliance Alliance,Florida,2021,0,0,0.0970141468968548
A05625,Cedar Medical Partners Medical Center,Washington,2021,0,0,0.32545683387042096
A05630,Northstar Health Collaborative Partners,Alabama,2021,0,0,0.31062279150784067
A05632,Beacon Wellness Medical Center,New York,2021,0,0,0.1356218745210637
A05634,Evergreen Care Physician Alliance,Arizona,2021,0,0,0.16976999280157531
A05643,Redwood Community Care Care Network,Minnesota,2021,0,0,0.03091897454047211
A05647,Mountain View Health Network Association,Illinois,2021,0,0,0.07615388311093887
A05648,Pioneer Medical Physician Alliance,Indiana,2021,0,0,0.02377007219109351
A05651,Redwood Provider Alliance Group,Colorado,2021,0,0,0.05493797654434542
A05652,Evergreen Physicians Alliance,Indiana,2021,0,0,0.04368467307351305
A05654,Riverbend Healthcare Collaborative,Missouri,2021,0,0,0.18003943442910436
A05658,Community Provider Alliance Care Network,New Jersey,2021,0,0,0.09902306825533469
A05665,Highland Clinical Partners Association,New Jersey,2021,0,0,0.07064216516620901
A05682,Grandview Integrated Health Health System,New Jersey,2021,0,0,0.09918543529241416
A05685,Brookside Health Collaborative Partners,Pennsylvania,2021,1,0,0.13387243035766772
A05686,Lakeside Integrated Health Care Network,New Jersey,2021,0,0,0.21273392942788388
A05693,Gateway Provider Alliance Group,California,2021,0,0,0.14222717472259713
A05705,Redwood Health Collaborative Partners,Massachusetts,2021,1,1,0.6506191556696664
A05708,Pinnacle Care Network Physician Alliance,Washington,2021,0,0,0.11688980324043313
A05711,Northstar Care Care Network,North Carolina,2021,1,0,0.2995786247526196
A05715,Heritage Healthcare Physician Alliance,Tennessee,2021,0,0,0.09372740482038573
A05721,Heartland Medical Partners,Alabama,2021,0,0,0.03950575804874815
A05723,Clearview Care Network Association,Illinois,2021,0,0,0.15244909987431265
A05728,Northstar Community Care Network,Oregon,2021,1,1,0.9499155947870375
A05731,Springfield Medical Partners Care Network,Virginia,2021,0,0,0.13874471346143133
A05735,Fairview Medical Health System,Connecticut,2021,0,0,0.023949101867956443
A05736,Pioneer Health Partners Network,Pennsylvania,2021,0,0,0.054819739652331896
A05750,Riverbend Medical Group Network,Massachusetts,2021,0,0,0.09392395298679287
A05752,Heartland Integrated Health Partners,Colorado,2021,0,0,0.09261124683429968
A05755,Mountain View Care Network,New Jersey,2021,0,0,0.034928661424495216
A05759,Oakridge Health Network Alliance,Tennessee,2021,0,0,0.06772623874096977
A05760,Redwood Health Partners,Washington,2021,0,0,0.08446470159834339
A05770,WellSpring Health Alliance Collaborative,Florida,2021,0,0,0.08251827178295298
A05771,Gateway Integrated Health Health System,North Carolina,2021,0,0,0.2150479045940715
A05772,Horizon Physician Network Physician Alliance,Massachusetts,2021,0,0,0.18137620238104618
A05780,Highland Provider Alliance Alliance,Minnesota,2021,1,1,0.6576473943679155
A05781,Evergreen Health Partners Partners,Arizona,2021,0,0,0.11798942249499822
A05782,WellSpring Wellness Partners,Wisconsin,2021,0,0,0.33665863646044164
A05783,Metro Physician Network Medical Center,Alabama,2021,0,0,0.09596990383322593
A05787,Heritage Community Care Collaborative,Minnesota,2021,0,0,0.2071309623074099
A05796,Stonebridge Health Network,Ohio,2021,0,0,0.09971332260730487
A05802,Gateway Health Association,Indiana,2021,0,0,0.10030926680984792
A05807,Heartland Care Alliance Alliance,Indiana,2021,0,0,0.24323051729572692
A05808,Summit Health Association,Illinois,2021,0,0,0.07646741240651204
A05809,Grandview Physician Network Network,Tennessee,2021,0,0,0.07842273417910699
A05811,Heritage Care Medical Center,Illinois,2021,0,0,0.06624965297836842
A05817,Heartland Care Partners Physician Alliance,Texas,2021,0,0,0.040621619313105095
A05842,Eastgate Medical Health System,Oregon,2021,0,0,0.19128468237050034
A05854,Oakridge Care Alliance Association,North Carolina,2021,0,0,0.057590753937295354
A05856,Green Valley Health Partners Group,Wisconsin,2021,0,0,0.17589967551894525
A05858,Gateway Physicians Care Network,Virginia,2021,0,0,0.1006191594278926
A05869,Heartland Health Partners,New Jersey,2021,0,0,0.1796671038332574
A05870,Beacon Healthcare Partners,Texas,2021,0,0,0.1709144632246474
A05875,Northstar Wellness Health System,Florida,2021,0,0,0.04307868581146056
A05876,Fairview Care Alliance Physician Alliance,Illinois,2021,1,1,0.6637157231854427
A05877,Oakridge Care Alliance Collaborative,Illinois,2021,0,0,0.06459167408707858
A05880,Cedar Health Network Group,Arizona,2021,0,0,0.1115648858056254
A05890,Springfield Care Partners Partners,Connecticut,2021,0,0,0.059894537663811045
A05902,Horizon Medical Group Care Network,Oregon,2021,0,0,0.22331127221218916
A05907,Redwood Community Care Physician Alliance,Tennessee,2021,0,0,0.23946291770467018
A05909,Grandview Physician Network Group,North Carolina,2021,0,0,0.2109076754250578
A05911,Beacon Clinical Partners Care Network,Maryland,2021,0,0,0.041677315551229145
A05913,Northstar Health Network Care Network,Michigan,2021,0,0,0.36445561078214156
A05920,Crestview Health Collaborative Association,Indiana,2021,0,0,0.07708956377670574
A05922,Evergreen Care Partners,New York,2021,0,0,0.2558667485158412
A05929,Parkview Physician Network Alliance,Arizona,2021,0,0,0.10187479554489562
A05933,Grandview Medical Care Network,New York,2021,0,0,0.1695977451284299
A05935,WellSpring Health Group,Texas,2021,1,1,0.9214355667755805
A05938,Westfield Health Alliance Group,Massachusetts,2021,0,0,0.33662360185625373
A05944,Golden Valley Clinical Partners Care Network,Pennsylvania,2021,0,0,0.03299849088914661
A05948,Unity Integrated Health Association,Missouri,2021,0,0,0.04486738008943389
A05957,Springfield Care Network Association,Missouri,2021,0,0,0.049353437443504206
A05958,Silverstone Health Alliance Physician Alliance,Connecticut,2021,0,0,0.014399389623172774
A05961,Meadow Health Collaborative Alliance,New York,2021,0,0,0.009252299765949979
A05962,Golden Valley Medical Partners Alliance,Massachusetts,2021,0,0,0.09346945392853272
A05966,Horizon Wellness Health System,Maryland,2021,0,0,0.12576665528918407
A05967,Northstar Wellness Partners,Massachusetts,2021,0,0,0.21732084434444393
A05972,Fairview Provider Alliance Group,Maryland,2021,0,0,0.13418249751693748
A05974,Canyon Physician Network Group,Maryland,2021,0,0,0.08133202319493847
A05987,Maplewood Health Network Alliance,Michigan,2021,0,0,0.1332868418920272
A05988,Highland Clinical Partners Alliance,Georgia,2021,0,0,0.09967689752725448
A05991,Mountain View Medical Partners Care Network,Connecticut,2021,0,0,0.20689471500626314
A05992,Blue Ridge Integrated Health Health System,Missouri,2021,0,0,0.06306893991926678
A05999,Riverbend Physician Network Alliance,Massachusetts,2021,0,0,0.162253381758253
A06004,Horizon Physician Network Collaborative,Texas,2021,0,0,0.15514095611806136
A06006,Blue Ridge Provider Alliance Physician Alliance,Indiana,2021,1,1,0.6992164922008154
A06010,Pinnacle Provider Alliance Physician Alliance,Maryland,2021,1,1,0.680364582716046
A06025,Community Health Network Network,Indiana,2021,0,0,0.23050147913922708
A06028,Highland Health Alliance Physician Alliance,Virginia,2021,0,0,0.0604800488028933
A06031,Maplewood Care Alliance Care Network,Virginia,2021,0,0,0.05951123726455929
A06032,Beacon Medical Physician Alliance,Massachusetts,2021,0,0,0.19384220156613993
A06035,Metro Health Collaborative Medical Center,Texas,2021,0,0,0.21377646674136283
A06037,Northstar Health Partners Association,Maryland,2021,0,0,0.05346106837025071
A06038,Grandview Provider Alliance Alliance,New Jersey,2021,0,0,0.22580819778090455
A06043,Eastgate Wellness Physician Alliance,New York,2021,1,0,0.10230988492172527
A06046,Unity Wellness Network,Arizona,2021,0,0,0.11367109621931709
A06051,Cedar Wellness Network,Arizona,2021,0,0,0.06881030661334923
A06053,Summit Care Network Collaborative,Wisconsin,2021,0,0,0.08397030511812152
A06055,Westfield Health Network Health System,Florida,2021,1,1,0.600915908035673
A06062,Pinnacle Care Partners Physician Alliance,Minnesota,2021,0,0,0.04088582878726249
A06065,Maplewood Physicians Partners,Virginia,2021,0,0,0.09677482444747691
A06066,Springfield Health Collaborative Alliance,Florida,2021,1,1,0.6762391707135689
A06074,Riverside Care Network Care Network,Wisconsin,2021,0,0,0.11684064637755974
A06084,Community Clinical Partners Association,Tennessee,2021,0,0,0.0628392457426256
A06096,Metro Physician Network Care Network,Arizona,2021,0,0,0.3107143012486121
A06098,Crestview Clinical Partners Physician Alliance,Virginia,2021,1,1,0.8486904120796566
A06118,Grandview Medical Association,Minnesota,2021,0,0,0.17641752386280235
A06128,Pinnacle Physician Network Care Network,Tennessee,2021,0,0,0.06582392613557769
A06131,Lakeside Physician Network Physician Alliance,Michigan,2021,0,0,0.05676399959918158
A06135,Metro Clinical Partners Group,Illinois,2021,0,0,0.24849081445892132
A06138,Blue Ridge Health Partners Group,New York,2021,0,0,0.1781272996682059
A06143,Fairview Health Collaborative Collaborative,California,2021,0,0,0.2696729906472725
A06148,Meadow Clinical Partners Alliance,New Jersey,2021,0,0,0.0791490306007768
A06151,Evergreen Clinical Partners Association,Washington,2021,0,0,0.15063882180898025
A06153,Riverbend Physician Network Collaborative,New Jersey,2021,0,0,0.03112208707940231
A06156,Canyon Health Collaborative,Alabama,2021,0,0,0.07012404797911582
A06159,WellSpring Physicians Physician Alliance,Tennessee,2021,0,0,0.08459909733316615
A06170,Parkview Integrated Health Partners,North Carolina,2021,0,0,0.15032847307516695
A06172,Westfield Health Collaborative Physician Alliance,New Jersey,2021,0,0,0.18388922586678746
A06179,Blue Ridge Care Partners Partners,Minnesota,2021,1,0,0.05137681646855143
A06181,Maplewood Medical Group Group,New Jersey,2021,0,0,0.23857960132083675
A06182,Beacon Care Alliance Medical Center,New York,2021,0,0,0.07723559926937265
A06183,Parkview Care Alliance,Oregon,2021,0,0,0.3230447096004764
A06186,Clearview Provider Alliance Partners,Tennessee,2021,0,0,0.04301173712254412
A06199,Unity Physicians Association,Arizona,2021,0,0,0.053011422171295265
A06202,Blue Ridge Medical Group Association,Arizona,2021,0,0,0.050738962060306446
A06222,Brookside Care Alliance Partners,Michigan,2021,0,0,0.07716179403587635
A06223,Lakeside Medical Partners Partners,Illinois,2021,0,0,0.13926310800927216
A06226,Community Medical Collaborative,Colorado,2021,0,0,0.0540091845408361
A06229,Unity Community Care Medical Center,Illinois,2021,0,0,0.10691771126973514
A06232,Lakeside Community Care Network,Georgia,2021,0,0,0.09548878439445684
A06237,Horizon Health Partners Network,California,2021,0,0,0.14437798652684897
A06239,Evergreen Physicians Network,Michigan,2021,0,0,0.12260174677699087
A06241,Crestview Health Network Collaborative,New Jersey,2021,0,0,0.19545537215684217
A06246,Parkview Medical Group Care Network,New Jersey,2021,0,0,0.4042715998593306
A06249,Riverbend Physicians Network,California,2021,0,0,0.1785567947156429
A06250,Blue Ridge Health Association,Illinois,2021,0,0,0.09868589794728462
A06255,Springfield Care Association,Texas,2021,0,0,0.1409955143212245
A06258,Beacon Health Alliance Association,Ohio,2021,0,0,0.20403526165030209
A06263,Heartland Clinical Partners Care Network,Michigan,2021,0,0,0.023402645863688405
A06270,Canyon Clinical Partners Physician Alliance,Massachusetts,2021,1,1,0.6213026010512404
A06271,Metro Care Partners Group,Oregon,2021,1,1,0.6328635835941202
A06276,Silverstone Community Care Care Network,Texas,2021,0,0,0.2836883674972436
A06282,WellSpring Medical Partners Care Network,Tennessee,2021,0,0,0.023484279044603994
A06284,Brookside Health Network Association,Missouri,2021,1,0,0.30637778079663647
A06285,Clearview Health Care Network,Florida,2021,0,0,0.030545560847377654
A06286,Fairview Medical Collaborative,Washington,2021,0,0,0.08599778691459246
A06291,Pinnacle Physicians Network,Illinois,2021,0,0,0.18054106474740902
A06292,Silverstone Health Partners Physician Alliance,Connecticut,2021,0,0,0.13425288301765334
A06312,Northstar Medical Partners Collaborative,Ohio,2021,0,0,0.1044362037313172
A06316,Canyon Health Alliance Alliance,Missouri,2021,0,0,0.05413859078813202
A06320,Gateway Medical Partners Group,New York,2021,0,0,0.19517329448004006
A06322,Westfield Health Partners Medical Center,Colorado,2021,0,0,0.19080377312206206
A06325,Lakeside Wellness Network,Indiana,2021,0,0,0.11283671663140481
A06327,Beacon Physicians Association,Colorado,2021,0,0,0.14415094231722622
A06338,Grandview Medical Group Network,Tennessee,2021,0,1,0.5247378522472939
A06345,Riverside Physicians Alliance,Michigan,2021,0,0,0.03367924551843705
A06346,Mountain View Physicians Physician Alliance,New Jersey,2021,0,0,0.24120712216538778
A06347,Valley Provider Alliance Care Network,Michigan,2021,0,0,0.15284119010439043
A06349,Green Valley Physicians Alliance,Massachusetts,2021,1,0,0.19644404300382912
A06365,Grandview Physicians Group,Michigan,2021,0,0,0.030157816676555815
A06368,Golden Valley Provider Alliance Partners,Pennsylvania,2021,0,0,0.11384314767791592
A06369,Meadow Care Alliance Care Network,Ohio,2021,1,1,0.6085744856693052
A06372,Grandview Health Alliance Association,Virginia,2021,0,0,0.2799947037775199
A06376,Metro Health Partners Association,Connecticut,2021,1,1,0.8438332246169484
A06380,Cedar Health Partners Network,California,2021,0,0,0.09467515623790383
A06394,Meadow Care Network,Ohio,2021,1,0,0.4262996659353451
A06409,Community Health Partners Collaborative,Wisconsin,2021,0,0,0.2738245379985626
A06416,Northstar Care Medical Center,Massachusetts,2021,0,0,0.2698444779973994
A06419,Riverside Integrated Health Partners,Minnesota,2021,0,0,0.13290149090181916
A06420,Maplewood Wellness Collaborative,Ohio,2021,0,0,0.008161932019000425
A06423,Redwood Health Network Collaborative,Oregon,2021,0,0,0.019689421418578913
A06424,Oakridge Health Partners Alliance,Connecticut,2021,0,0,0.1073610936651661
A06425,Brookside Care Alliance Group,Indiana,2021,0,0,0.16800257930441886
A06427,Pinnacle Health Partners Alliance,Ohio,2021,0,0,0.32296790434502204
A06428,Redwood Provider Alliance Care Network,Ohio,2021,0,0,0.0738382029648855
A06429,Maplewood Health Partners Health System,Missouri,2021,0,0,0.08083094656876325
A06432,Beacon Healthcare Physician Alliance,Massachusetts,2021,0,0,0.09363513002738934
A06436,Horizon Community Care Medical Center,Massachusetts,2021,0,0,0.12725201521597124
A06444,Valley Clinical Partners Association,Alabama,2021,0,0,0.17607747857309036
A06446,Green Valley Care Collaborative,Tennessee,2021,0,0,0.052786638092112724
A06451,Gateway Healthcare Medical Center,Florida,2021,1,0,0.2771038264414588
A06453,Oakridge Care Network Alliance,Florida,2021,0,0,0.02497394196820622
A06459,Riverbend Provider Alliance Medical Center,Georgia,2021,0,0,0.033661586595876036
A06467,Horizon Healthcare Association,Tennessee,2021,0,0,0.09274609187871186
A06470,Summit Physician Network Alliance,Washington,2021,0,0,0.25044889187877617
A06473,Mountain View Community Care Care Network,Ohio,2021,0,0,0.009175426286759542
A06478,Heartland Health Alliance Medical Center,Connecticut,2021,0,0,0.05813990761317643
A06480,Unity Care Alliance Care Network,North Carolina,2021,0,0,0.08914974198016502
A06496,Parkview Physicians Collaborative,Michigan,2021,0,0,0.14089077802465355
A06498,Green Valley Care Alliance Association,California,2021,0,0,0.08244515769650582
A06501,Redwood Wellness Medical Center,Ohio,2021,0,0,0.02751356394896852
A06503,Maplewood Healthcare Group,Florida,2021,0,0,0.11756921940546354
A06512,Silverstone Care Network Care Network,Minnesota,2021,0,0,0.0662851569635871
A06516,Summit Medical Partners Association,Indiana,2021,0,0,0.07159617944812754
A06523,Fairview Wellness Collaborative,Maryland,2021,0,0,0.14365235498708218
A06527,Redwood Physicians Care Network,Minnesota,2021,0,0,0.12034102850001555
A06530,Crestview Health Physician Alliance,Georgia,2021,0,0,0.13206290187725878
A06540,Pioneer Health Alliance,Tennessee,2021,0,0,0.12473857437425227
A06541,Meadow Wellness Network,Colorado,2021,0,0,0.2262426456902666
A06545,Beacon Health Alliance Partners,North Carolina,2021,0,0,0.3182177205923602
A06548,Maplewood Wellness Physician Alliance,North Carolina,2021,0,0,0.10124534026983723
A06551,WellSpring Care Network Association,California,2021,1,1,0.5553426754213597
A06554,Horizon Medical Group Medical Center,California,2021,0,0,0.022335859683185647
A06558,Canyon Integrated Health Collaborative,New York,2021,0,0,0.07774823084426251
A06560,Silverstone Healthcare Health System,Connecticut,2021,0,0,0.05185521234585113
A06581,Heritage Care Alliance Association,Missouri,2021,0,0,0.06980694487584442
A06583,Beacon Medical Partners Health System,Minnesota,2021,0,0,0.06915292580297487
A06584,Fairview Care Alliance Care Network,Illinois,2021,0,0,0.09743083882097302
A06587,Grandview Clinical Partners Network,Texas,2021,0,0,0.22508189536773116
A06588,Meadow Community Care Partners,Colorado,2021,1,0,0.25465214263566177
A06589,Beacon Health Collaborative Partners,Indiana,2021,0,0,0.09138833110377881
A06592,Cedar Health Network Care Network,Colorado,2021,0,0,0.07989634719302428
A06597,Summit Medical Network,Florida,2021,0,0,0.014825594642203841
A06598,Heritage Provider Alliance Group,Missouri,2021,0,0,0.24285432962340386
A06599,Cedar Physicians Health System,Pennsylvania,2021,1,0,0.27728273061944053
A06600,Brookside Medical Medical Center,Florida,2021,0,0,0.11351333331698508
A06601,Pinnacle Provider Alliance Health System,Michigan,2021,0,0,0.06856293377545444
A06603,Clearview Health Alliance Care Network,Pennsylvania,2021,0,0,0.16328853988740683
A06610,Westfield Clinical Partners Care Network,Alabama,2021,0,0,0.11285778103483
A06620,Grandview Integrated Health Medical Center,Virginia,2021,0,0,0.0452597453679731
A06624,Evergreen Health Network Partners,Wisconsin,2021,0,0,0.06154733296869239
A06625,Unity Integrated Health Partners,Arizona,2021,0,0,0.0284575984186488
A06632,Redwood Physicians Medical Center,Washington,2021,0,0,0.14690032198941147
A06634,Evergreen Healthcare Physician Alliance,Florida,2021,1,1,0.9444549899015832
A06636,Meadow Health Network Collaborative,New Jersey,2021,0,0,0.042484299933565305
A06646,Horizon Provider Alliance Collaborative,Minnesota,2021,0,0,0.08100992909495215
A06651,Eastgate Health Network Collaborative,New York,2021,0,0,0.1605449203746495
A06670,Golden Valley Integrated Health Physician Alliance,Pennsylvania,2021,0,0,0.23466126969337747
A06671,Eastgate Wellness Care Network,Illinois,2021,0,0,0.10343192120404178
A06672,Brookside Care Partners Medical Center,Illinois,2021,0,0,0.2856494766780762
A06674,Fairview Medical Medical Center,Missouri,2021,0,0,0.07865363426132654
A06675,Mountain View Medical Group Health System,Tennessee,2021,0,0,0.2016018717440456
A06684,Evergreen Care Network Alliance,Texas,2021,0,0,0.2577055265683912
A06685,Riverside Health Network Medical Center,Oregon,2021,0,0,0.09844546951106105
A06690,Metro Physician Network Association,Missouri,2021,0,0,0.039775855179936065
A06699,Summit Care Network Physician Alliance,Indiana,2021,0,0,0.055794217062082964
A06700,WellSpring Medical Partners Alliance,Pennsylvania,2021,0,0,0.04144798422019957
A06701,Evergreen Medical Alliance,Indiana,2021,0,0,0.05760210984769443
A06704,Summit Physicians Health System,Minnesota,2021,0,0,0.1034014515306501
A06707,Horizon Care Network Care Network,Michigan,2021,0,0,0.09646477131715372
A06708,Horizon Health Collaborative Association,Colorado,2021,0,0,0.11280118427026933
A06711,Redwood Care Network Partners,Oregon,2021,0,0,0.3212517297169038
A06717,Meadow Health Network Association,Colorado,2021,1,1,0.6626702133348022
A06727,Green Valley Integrated Health Partners,Pennsylvania,2021,1,0,0.10359246314429671
A06738,Cedar Health Partners Medical Center,Illinois,2021,0,0,0.2554480670679801
A06740,Fairview Care Partners Network,New York,2021,0,0,0.020073964687017973
A06741,Springfield Health Group,Connecticut,2021,0,0,0.048937072291929846
A06743,Green Valley Physician Network Physician Alliance,Arizona,2021,0,0,0.17497223528070235
A06746,Clearview Wellness Care Network,Illinois,2021,0,0,0.21202274471543273
A06754,Crestview Health Collaborative Collaborative,Ohio,2021,0,0,0.0933597924293958
A06755,Fairview Health Alliance Collaborative,California,2021,1,0,0.12767215367324117
A06771,Brookside Wellness Physician Alliance,Ohio,2021,0,0,0.03621118050030766
A06780,Silverstone Medical Association,Texas,2021,0,0,0.035527706583398364
A06786,Evergreen Medical Group Health System,Wisconsin,2021,0,0,0.12035299365203811
A06790,Heritage Health Collaborative Collaborative,Massachusetts,2021,0,0,0.12634640920158674
A06793,Fairview Wellness Medical Center,New York,2021,0,0,0.14152466439302805
A06795,Silverstone Health Collaborative Group,Missouri,2021,0,0,0.09360319879701441
A06801,Unity Medical Partners,Minnesota,2021,0,0,0.31904937142552875
A06802,Horizon Medical Care Network,Georgia,2021,0,0,0.17240957139365387
A06807,Brookside Health Physician Alliance,Alabama,2021,0,0,0.17086065980394338
A06814,Stonebridge Healthcare Group,Minnesota,2021,0,0,0.1803881818282871
A06816,Golden Valley Health Network Care Network,Pennsylvania,2021,0,0,0.23534832736862396
A06820,Maplewood Care Network Association,North Carolina,2021,0,0,0.08482954132279782
A06821,Grandview Health Partners,California,2021,0,0,0.16125415744435917
A06826,Evergreen Health Network Collaborative,Connecticut,2021,0,0,0.008053867112666686
A06827,Crestview Medical Physician Alliance,Virginia,2021,0,0,0.2858614439280896
A06834,Cedar Health Care Network,Illinois,2021,0,0,0.041641088444186514
A06836,Cedar Medical Partners Group,Missouri,2021,0,0,0.10194204657959353
A06842,Lakeside Care Alliance Physician Alliance,Pennsylvania,2021,0,0,0.177599289675591
A06854,Cedar Physician Network Physician Alliance,Alabama,2021,0,0,0.1625377589594164
A06856,Westfield Medical Group Alliance,Tennessee,2021,0,0,0.027880106161180866
A06857,Crestview Community Care Physician Alliance,Alabama,2021,0,0,0.10734421234761914
A06868,Metro Healthcare Network,Missouri,2021,0,0,0.44128359943742496
A06879,Crestview Healthcare Physician Alliance,Washington,2021,0,0,0.05812609339678872
A06897,Community Health Alliance,Missouri,2021,0,0,0.0893970220954812
A06919,Heritage Community Care Medical Center,Colorado,2021,0,0,0.22521698733752987
A06927,Crestview Provider Alliance Health System,North Carolina,2021,0,0,0.1983280872308118
A06929,Pioneer Integrated Health Care Network,Georgia,2021,0,0,0.14910830079178145
A06934,Brookside Care Network Health System,California,2021,1,0,0.24386625433330306
A06939,Maplewood Healthcare Medical Center,Alabama,2021,0,0,0.15464735757567522
A06941,Parkview Medical Partners Association,Illinois,2021,0,0,0.0903982658847504
A06949,Mountain View Physicians Association,North Carolina,2021,0,0,0.09187609956435037
A06952,Lakeside Health Alliance Medical Center,Wisconsin,2021,0,0,0.20298478872408418
A06955,Green Valley Provider Alliance Alliance,Connecticut,2021,1,1,0.8924360417825531
A06966,Green Valley Healthcare Physician Alliance,Indiana,2021,1,0,0.26699881543334575
A06981,Beacon Care Partners,Michigan,2021,1,0,0.20707228551682294
A07000,Pioneer Medical Group Network,Tennessee,2021,0,0,0.24837172987843803
A07005,Cedar Integrated Health Medical Center,Maryland,2021,0,0,0.06832216358482274
A07009,Stonebridge Physicians Medical Center,Massachusetts,2021,0,0,0.2330546204793962
A07021,Highland Physician Network Collaborative,Maryland,2021,0,0,0.10246827917801843
A07026,Clearview Wellness Alliance,Indiana,2021,0,0,0.06954731517630494
A07041,Fairview Physicians Group,Georgia,2021,0,0,0.05984765511501091
A07053,Summit Care Alliance Group,Michigan,2021,0,0,0.15501549579095505
A07055,Valley Provider Alliance Alliance,Michigan,2021,0,0,0.19146816524415844
A07061,Oakridge Health Network Partners,Washington,2021,0,0,0.11649888065035206
A07064,Stonebridge Health Collaborative Care Network,New York,2021,0,0,0.08142605666108958
A07066,Silverstone Care Alliance Network,Connecticut,2021,0,0,0.1635227858720861
A07075,Silverstone Medical Group Group,Massachusetts,2021,0,0,0.0361843316735561
A07077,Northstar Clinical Partners Medical Center,California,2021,0,0,0.023921782832308988
A07078,Horizon Medical Partners Network,Wisconsin,2021,0,0,0.06964854443472107
A07079,Oakridge Health Alliance Network,Washington,2021,0,0,0.1918522068222924
A07080,Gateway Health Collaborative Medical Center,Ohio,2021,0,0,0.0692088988846915
A07086,Unity Health Alliance Medical Center,Connecticut,2021,0,0,0.05761578063633874
A07090,Clearview Care Alliance Group,Wisconsin,2021,0,0,0.11566201627030358
A07091,Horizon Health Network Partners,Alabama,2021,0,0,0.10630944153786583
A07094,Stonebridge Medical Medical Center,Ohio,2021,1,1,0.6176555596230292
A07095,Riverbend Healthcare Group,Arizona,2021,1,0,0.2658707886032053
A07101,Silverstone Physician Network Collaborative,Michigan,2021,0,0,0.22938571478272418
A07104,Beacon Medical Group Care Network,Michigan,2021,0,0,0.0617621883195024
A07106,Heartland Integrated Health Medical Center,Indiana,2021,0,1,0.569500819828906
A07107,Cedar Clinical Partners Collaborative,California,2021,0,0,0.10349293559629981
A07109,Heartland Medical Group Partners,Connecticut,2021,1,1,0.8555782404852615
A07116,Heritage Wellness Association,California,2021,0,0,0.0736104750389314
A07133,Blue Ridge Physicians Medical Center,New Jersey,2021,0,0,0.05844906511844436
A07134,Oakridge Clinical Partners Collaborative,Minnesota,2021,0,0,0.004684828517631659
A07138,Silverstone Healthcare Alliance,Florida,2021,0,0,0.15201428595059482
A07139,Redwood Care Medical Center,Maryland,2021,0,0,0.1711906518643695
A07149,Beacon Health Partners Health System,Virginia,2021,0,0,0.0665914897903366
A07150,Maplewood Physicians Collaborative,New York,2021,0,0,0.1537560936227276
A07152,Brookside Health Alliance Network,Alabama,2021,0,0,0.08791727787248409
A07160,Beacon Health Health System,Washington,2021,0,0,0.07977216862129004
A07161,Pioneer Clinical Partners Care Network,Massachusetts,2021,0,0,0.0914141635155376
A07166,Riverbend Health Collaborative Collaborative,Michigan,2021,0,0,0.091747602037026
A07169,Unity Integrated Health Network,Florida,2021,0,0,0.05640727190109795
A07178,Mountain View Care Network Network,Michigan,2021,0,0,0.04633045326059697
A07179,Fairview Medical Partners Medical Center,Virginia,2021,0,0,0.06255664224924366
A07181,Riverside Medical Partners Association,Connecticut,2021,0,0,0.19621002146341457
A07182,Lakeside Physicians Collaborative,North Carolina,2021,1,1,0.8765555581348903
A07184,Lakeside Health Collaborative Alliance,Texas,2021,0,0,0.08807510187998005
A07187,Unity Healthcare Medical Center,New Jersey,2021,0,0,0.06060742614934053
A07195,Silverstone Care Partners Partners,Minnesota,2021,0,0,0.10826432774807339
A07214,Metro Physician Network Health System,Wisconsin,2021,0,0,0.23918557851502084
A07227,Eastgate Wellness Alliance,Alabama,2021,1,0,0.37828741316907083
A07229,Blue Ridge Integrated Health Care Network,Massachusetts,2021,0,0,0.3480333268567801
A07230,WellSpring Care Network Care Network,Florida,2021,0,0,0.029409672674487523
A07241,Brookside Wellness Health System,Pennsylvania,2021,0,0,0.07455699792860943
A07244,Springfield Clinical Partners Network,Illinois,2021,1,0,0.3840694071001063
A07249,Cedar Care Alliance Collaborative,Tennessee,2021,0,0,0.11824364103363949
A07250,Heartland Wellness Association,Texas,2021,0,0,0.0901771847839546
A07254,Beacon Medical Group,Washington,2021,0,0,0.060079990182337235
A07255,Meadow Care Alliance Partners,North Carolina,2021,0,0,0.01565069423592957
A07256,Evergreen Healthcare Health System,Virginia,2021,0,0,0.03787243248145155
A07266,Maplewood Care Network Medical Center,Indiana,2021,0,0,0.10839899325551883
A07269,Northstar Medical Medical Center,California,2021,1,1,0.6515631909801196
A07275,Mountain View Care Network Association,Texas,2021,0,0,0.1765739377897403
A07277,Highland Community Care Group,Virginia,2021,1,1,0.6131356255740232
A07290,Golden Valley Provider Alliance Medical Center,Washington,2021,0,0,0.05412536397931555
A07293,Green Valley Care Association,Florida,2021,1,0,0.19007122426214582
A07305,Riverside Clinical Partners Network,California,2021,0,0,0.15970002078419612
A07306,Maplewood Health Collaborative Group,Wisconsin,2021,0,0,0.12840620707050154
A07313,Maplewood Community Care Collaborative,Colorado,2021,0,0,0.16689003490558768
A07314,Blue Ridge Physician Network Medical Center,Missouri,2021,0,0,0.1891812558652226
A07315,Heritage Integrated Health Association,North Carolina,2021,0,0,0.09782802756345613
A07317,Maplewood Physicians Health System,Colorado,2021,0,0,0.07324303324575582
A07322,Riverbend Care Partners Health System,North Carolina,2021,0,0,0.2343967572046953
A07326,Pinnacle Health Alliance Medical Center,Washington,2021,1,1,0.6458144854101481
A07328,Valley Healthcare Physician Alliance,Massachusetts,2021,0,0,0.1052831901587634
A07330,Metro Health Partners Network,Connecticut,2021,1,0,0.1434341262131847
A07331,Evergreen Health Alliance Health System,Alabama,2021,0,0,0.1924109112595701
A07332,Northstar Care Partners,Texas,2021,0,0,0.03641301970168164
A07335,Beacon Provider Alliance Physician Alliance,Virginia,2021,0,0,0.4572965227143356
A07342,Valley Health Partners Collaborative,Maryland,2021,0,0,0.30089575044241945
A07351,Northstar Medical Group Medical Center,Missouri,2021,0,0,0.21335928217836855
A07352,Metro Health Collaborative,California,2021,0,0,0.0657243294119086
A07353,Mountain View Physician Network Care Network,Pennsylvania,2021,0,0,0.20672671657648597
A07369,Evergreen Health Collaborative Collaborative,Washington,2021,0,0,0.050162015131251375
A07371,Heartland Medical Partners Health System,Indiana,2021,0,0,0.005377343576633421
A07381,Fairview Clinical Partners Medical Center,Michigan,2021,0,0,0.23525268952747555
A07386,Summit Medical Group Medical Center,Illinois,2021,0,0,0.09972520780317133
A07389,Redwood Medical Partners Collaborative,Ohio,2021,0,0,0.0666456099601555
A07392,Blue Ridge Health Collaborative Alliance,Illinois,2021,0,0,0.040876259974397755
A07395,Crestview Medical Care Network,Texas,2021,1,1,0.993351605820203
A07405,Metro Provider Alliance Collaborative,Michigan,2021,0,0,0.07355627446182587
A07417,Metro Physician Network Group,Florida,2021,0,0,0.09068035691807282
A07422,Community Care Alliance Physician Alliance,Minnesota,2021,1,1,0.8840961799461715
A07429,Golden Valley Physicians Collaborative,Minnesota,2021,1,1,0.9045508725769668
A07430,Silverstone Physician Network Health System,Washington,2021,0,0,0.08673836067864667
A07431,Heritage Care Alliance Group,Texas,2021,1,0,0.3296279883771196
A07432,Evergreen Clinical Partners Health System,Illinois,2021,0,0,0.05859925065918516
A07437,Redwood Medical Group Physician Alliance,Oregon,2021,0,0,0.23296235315546787
A07441,Beacon Care Alliance Partners,New York,2021,0,0,0.1569180970034271
A07445,Clearview Medical Group Medical Center,Missouri,2021,0,0,0.23722009720708473
A07456,Redwood Medical Partners Partners,Arizona,2021,1,1,0.8841969841095292
A07464,Silverstone Physicians Alliance,New York,2021,1,1,0.980638832965404
A07467,Blue Ridge Physicians Collaborative,Texas,2021,0,0,0.14477118313848036
A07469,Grandview Care Collaborative,Texas,2021,0,0,0.06377144054264823
A07475,Stonebridge Care Partners Physician Alliance,New York,2021,0,0,0.08649977536512264
A07479,Cedar Clinical Partners Association,Ohio,2021,0,0,0.0986958852615303
A07488,Golden Valley Care Partners Health System,Pennsylvania,2021,0,0,0.23943603184888967
A07495,Fairview Health Network Collaborative,Missouri,2021,0,0,0.12885151555484045
A07497,Redwood Care Alliance,Texas,2021,0,0,0.16986574327740403
A00002,Brookside Care Network Network,Massachusetts,2022,0,0,0.1568502808527999
A00015,Parkview Health Network Physician Alliance,Indiana,2022,1,1,0.9557576967468866
A00028,Unity Medical Partners Health System,Alabama,2022,0,0,0.039276022535388845
A00041,Westfield Health Network Care Network,Tennessee,2022,0,0,0.12792557234501659
A00043,Crestview Medical Network,Missouri,2022,0,0,0.13769814430288968
A00051,Parkview Care Group,Colorado,2022,0,0,0.07987543806994314
A00071,Fairview Health Alliance Care Network,Tennessee,2022,1,1,0.6382348879952668
A00077,Lakeside Medical Group Physician Alliance,Georgia,2022,0,0,0.3050692284922686
A00078,Heartland Clinical Partners Medical Center,Colorado,2022,0,0,0.10500271112143189
A00082,Heartland Care Alliance Care Network,Wisconsin,2022,1,0,0.34151468760064196
A00084,Meadow Medical Physician Alliance,Tennessee,2022,0,0,0.0483968493057018
A00094,Metro Care Care Network,Massachusetts,2022,0,0,0.004023162547061712
A00097,Brookside Medical Association,Michigan,2022,0,0,0.21826679256052695
A00098,Stonebridge Care Collaborative,Arizona,2022,0,0,0.15092880239856682
A00099,Canyon Integrated Health Physician Alliance,Minnesota,2022,0,0,0.07005458376678995
A00125,Clearview Physician Network Care Network,Indiana,2022,0,0,0.2562370612351032
A00130,Cedar Community Care Group,Missouri,2022,0,0,0.13232702391314438
A00132,WellSpring Health Network Medical Center,Minnesota,2022,0,0,0.1189666559664926
A00135,Highland Medical Physician Alliance,Illinois,2022,1,0,0.10787211190259999
A00146,Pinnacle Care Alliance Medical Center,Minnesota,2022,0,0,0.08214378602695292
A00162,Mountain View Care Network Care Network,Arizona,2022,0,0,0.0432340883282151
A00164,Maplewood Provider Alliance Group,Alabama,2022,0,0,0.12489860099174548
A00169,Maplewood Health Partners Network,Massachusetts,2022,0,0,0.24996580428655446
A00175,Canyon Healthcare Medical Center,Wisconsin,2022,0,0,0.05805493811238204
A00178,Metro Wellness Medical Center,Texas,2022,0,0,0.17890603679304565
A00199,Grandview Medical Partners Collaborative,Oregon,2022,0,0,0.03951234613849206
A00203,Oakridge Wellness Partners,Alabama,2022,0,0,0.01448176137210361
A00223,Golden Valley Clinical Partners Association,Wisconsin,2022,1,0,0.2238220016814805
A00225,Summit Community Care Group,Massachusetts,2022,0,0,0.014455595155726766
A00228,Highland Care Alliance Physician Alliance,Indiana,2022,0,0,0.07503312188063399
A00229,Heartland Health Alliance,Alabama,2022,0,0,0.105569463043275
A00230,Blue Ridge Care Partners Association,Massachusetts,2022,0,0,0.44582658059117014
A00231,Parkview Provider Alliance Medical Center,Minnesota,2022,0,0,0.21085719880265574
A00232,Silverstone Care Partners Health System,California,2022,0,0,0.12806042842430587
A00236,Pinnacle Medical Association,Connecticut,2022,1,0,0.04238848660291785
A00240,Fairview Medical Association,Arizona,2022,0,0,0.28772269429538416
A00245,Riverside Physician Network Association,North Carolina,2022,0,0,0.08408205236923257
A00247,Riverbend Health Alliance Group,Arizona,2022,0,0,0.08305695613829467
A00251,Heartland Community Care Physician Alliance,Wisconsin,2022,0,0,0.12392134454039573
A00255,Pioneer Physician Network Collaborative,Washington,2022,0,0,0.03658398770729196
A00257,Northstar Integrated Health Group,Alabama,2022,0,0,0.06222847499679232
A00264,Pinnacle Health Alliance Association,Minnesota,2022,0,0,0.03342590499984102
A00267,Grandview Care Alliance Health System,Illinois,2022,0,0,0.2068778316527349
A00277,Silverstone Health Alliance Health System,Michigan,2022,0,0,0.09683175978721589
A00278,Horizon Health Medical Center,Michigan,2022,1,0,0.22033725797319687
A00280,Gateway Health Collaborative Health System,California,2022,0,0,0.049197040942383
A00281,Oakridge Care Network Association,Florida,2022,0,0,0.054037028827841435
A00298,Heartland Medical Group Alliance,California,2022,1,0,0.1343775464557383
A00305,Riverside Health Alliance Collaborative,New York,2022,0,0,0.041613263642320965
A00310,Redwood Health Collaborative Association,Oregon,2022,0,0,0.07656906556521875
A00313,Valley Physician Network Physician Alliance,New Jersey,2022,0,0,0.0540091845408361
A00325,Fairview Wellness Alliance,Pennsylvania,2022,1,0,0.12694656135210483
A00328,WellSpring Care Medical Center,New York,2022,0,0,0.011767941065869487
A00330,Fairview Wellness Physician Alliance,Indiana,2022,0,0,0.0835901533256037
A00333,Highland Care Medical Center,Georgia,2022,0,0,0.1483184344610319
A00348,Canyon Physician Network Partners,Texas,2022,0,0,0.09335460060716587
A00349,Unity Care Medical Center,Texas,2022,0,0,0.12670412967774733
A00350,Clearview Health Network,Alabama,2022,0,0,0.199664440161009
A00353,Brookside Care Network Physician Alliance,Ohio,2022,0,0,0.18394325520351854
A00367,Green Valley Wellness Association,Wisconsin,2022,0,0,0.1529465593720007
A00373,Pioneer Integrated Health Medical Center,Alabama,2022,0,0,0.22397856777353117
A00378,Clearview Health Collaborative Collaborative,Ohio,2022,0,0,0.09548585738573012
A00379,Grandview Provider Alliance Physician Alliance,Washington,2022,0,0,0.05947591851448623
A00384,Riverbend Care Physician Alliance,Connecticut,2022,0,0,0.05510485317389933
A00390,Green Valley Care Partners,Florida,2022,0,0,0.12732060290037098
A00392,Green Valley Medical Network,Massachusetts,2022,0,0,0.179364124579422
A00393,Pioneer Provider Alliance Physician Alliance,California,2022,0,1,0.5938045191091699
A00398,Meadow Provider Alliance Group,Texas,2022,0,0,0.049742893630489435
A00402,Golden Valley Care Network Care Network,Ohio,2022,1,0,0.43925741321694717
A00404,Summit Medical Group Network,Virginia,2022,1,0,0.19905601238207882
A00413,Redwood Health Collaborative Health System,Illinois,2022,1,0,0.1908832258165878
A00418,Redwood Healthcare Network,Illinois,2022,0,0,0.10270195464482944
A00422,WellSpring Integrated Health Network,Alabama,2022,0,0,0.09166302423824241
A00432,Heritage Community Care Alliance,Michigan,2022,0,0,0.2015275950763244
A00447,Westfield Medical Group,Georgia,2022,0,0,0.020559316671354622
A00453,Highland Integrated Health Health System,Connecticut,2022,0,0,0.08797824216450036
A00454,Cedar Medical Collaborative,Colorado,2022,0,0,0.042930124141331794
A00456,Evergreen Health Partners Physician Alliance,Indiana,2022,0,0,0.022817861098945808
A00459,Heartland Medical Group Medical Center,Virginia,2022,0,0,0.059186339940739865
A00463,Parkview Community Care Physician Alliance,Minnesota,2022,0,0,0.15131405774207823
A00477,Grandview Physician Network Alliance,Alabama,2022,0,0,0.18729255400169317
A00489,Pioneer Provider Alliance Network,California,2022,1,1,0.5498134837275375
A00490,Westfield Medical Health System,Colorado,2022,0,0,0.30325797203337024
A00491,Heartland Medical Group Network,Maryland,2022,0,0,0.28651431623265416
A00496,Parkview Clinical Partners Network,Colorado,2022,0,0,0.22266723653374818
A00521,Pioneer Care Partners Medical Center,Georgia,2022,0,0,0.05559891003328645
A00523,Stonebridge Clinical Partners Group,Massachusetts,2022,1,0,0.11754138552788979
A00525,Heritage Care Partners Group,Missouri,2022,0,0,0.06927972690604903
A00528,Grandview Healthcare Association,Indiana,2022,0,0,0.08197814533819582
A00538,Eastgate Physician Network Association,Ohio,2022,0,0,0.00908489052752745
A00542,Fairview Care Partners Group,Tennessee,2022,0,0,0.15053428394065424
A00543,Redwood Medical Alliance,Washington,2022,0,0,0.08197814533819582
A00548,Summit Medical Group Association,Missouri,2022,0,0,0.03668904625645085
A00555,Beacon Medical Partners Collaborative,Tennessee,2022,0,0,0.10069275818466802
A00567,Riverside Care Network Collaborative,Alabama,2022,0,0,0.2773415404649251
A00571,Stonebridge Clinical Partners Health System,Alabama,2022,0,0,0.23563242478655014
A00574,Heritage Clinical Partners Group,Florida,2022,0,0,0.07782200375806715
A00575,Gateway Clinical Partners Network,Massachusetts,2022,0,0,0.18140844345076965
A00584,Evergreen Healthcare Partners,Indiana,2022,0,0,0.10747671263033812
A00590,Brookside Integrated Health Collaborative,Michigan,2022,1,1,0.8763015208368096
A00600,Cedar Physician Network Care Network,Massachusetts,2022,1,1,0.889985484487276
A00602,Community Community Care Network,Pennsylvania,2022,0,0,0.28530917109357934
A00603,Pinnacle Health Alliance Collaborative,Texas,2022,0,0,0.1062313152745706
A00625,Eastgate Care Partners Network,Minnesota,2022,0,0,0.009551630716151486
A00628,Golden Valley Health Alliance Collaborative,Massachusetts,2022,0,0,0.2566602336495437
A00634,Beacon Care Alliance Collaborative,Washington,2022,0,0,0.059867010974784744
A00647,Pinnacle Physicians Partners,Massachusetts,2022,0,0,0.018166980572219976
A00649,Evergreen Health Alliance Care Network,Illinois,2022,0,0,0.05062754687872324
A00651,Eastgate Care Network Care Network,Illinois,2022,0,0,0.19639786813669055
A00660,Canyon Health Partners Partners,Pennsylvania,2022,1,1,0.6862147770541018
A00662,Golden Valley Health Collaborative Care Network,Oregon,2022,0,0,0.15127451457374627
A00665,Eastgate Health Partners Physician Alliance,Alabama,2022,0,0,0.1440019131325233
A00666,Pioneer Integrated Health Collaborative,Florida,2022,1,0,0.1105273971993909
A00670,Cedar Health Collaborative Collaborative,Colorado,2022,0,1,0.6982316423560423
A00679,Oakridge Health Alliance,Colorado,2022,0,0,0.16055201447479958
A00681,Grandview Care Alliance Medical Center,Tennessee,2022,0,0,0.019395008635025725
A00684,Highland Physician Network Medical Center,Maryland,2022,0,0,0.08738645017180596
A00686,Mountain View Health Network Network,Pennsylvania,2022,0,0,0.0753388429076497
A00700,Crestview Care Network Care Network,New York,2022,0,0,0.14500868056270305
A00711,Pioneer Provider Alliance Alliance,Georgia,2022,1,1,0.6475508296499787
A00720,Crestview Health Network Alliance,Pennsylvania,2022,0,0,0.1510679433570512
A00721,Highland Health Alliance Health System,Florida,2022,0,0,0.3081178760273478
A00722,Brookside Health Alliance Group,Georgia,2022,1,1,0.649410784969157
A00724,Highland Healthcare Medical Center,Ohio,2022,0,0,0.04296510368830733
A00734,Brookside Care Network,Washington,2022,0,0,0.14320938182597745
A00739,Horizon Healthcare Care Network,Georgia,2022,0,0,0.2200214230865772
A00740,Redwood Care Health System,Connecticut,2022,0,0,0.021615319592766045
A00743,Oakridge Healthcare Care Network,Florida,2022,0,0,0.0686301745064412
A00750,Riverbend Clinical Partners Medical Center,Florida,2022,0,0,0.30719335846964
A00751,Fairview Clinical Partners Alliance,Alabama,2022,0,0,0.2899160501855991
A00755,Heartland Health Partners Association,Tennessee,2022,0,0,0.03089362046572035
A00759,Crestview Medical Group,Texas,2022,0,0,0.11343193631657073
A00769,Cedar Integrated Health Association,Minnesota,2022,0,0,0.08405903845714074
A00778,Redwood Care Alliance Physician Alliance,Maryland,2022,0,0,0.1893172256556572
A00788,Cedar Provider Alliance Partners,Tennessee,2022,1,1,0.6192219677273214
A00794,WellSpring Clinical Partners Group,Minnesota,2022,0,0,0.0946018271815157
A00796,Cedar Wellness Medical Center,Tennessee,2022,0,0,0.06679284929149709
A00801,Beacon Medical Group Health System,Oregon,2022,0,0,0.15875397187400678
A00802,Brookside Care Alliance Alliance,Missouri,2022,0,0,0.3470986089611168
A00814,Pioneer Health Network Group,Alabama,2022,0,0,0.04616821654931028
A00816,Meadow Physicians Collaborative,New Jersey,2022,0,0,0.16293084542145148
A00829,Metro Health Collaborative Health System,Florida,2022,0,0,0.17274629073774977
A00834,WellSpring Health Partners,Connecticut,2022,0,0,0.07468872026837194
A00843,Mountain View Medical Alliance,Missouri,2022,0,0,0.05502414954839397
A00851,Blue Ridge Health Collaborative Group,Oregon,2022,0,0,0.14786157798660005
A00856,Cedar Healthcare Physician Alliance,New Jersey,2022,0,0,0.22995480290401216
A00858,Canyon Health Network Association,Florida,2022,0,0,0.09507663608253542
A00865,Northstar Health Health System,Indiana,2022,1,1,0.6602815235259828
A00871,Stonebridge Physician Network Partners,Tennessee,2022,0,0,0.04308679934878801
A00876,Gateway Medical Group,Virginia,2022,0,0,0.11417992811012309
A00877,Unity Health Medical Center,Maryland,2022,0,0,0.14548895597949357
A00878,Metro Care Network Group,Florida,2022,0,0,0.09267203674603847
A00885,Brookside Medical Partners,Massachusetts,2022,0,0,0.26413564394583333
A00888,Grandview Health Physician Alliance,Alabama,2022,0,0,0.11386300681513031
A00889,Clearview Medical Partners Network,Pennsylvania,2022,0,0,0.08106601141829264
A00893,Cedar Physician Network Association,Connecticut,2022,0,0,0.1181931893502251
A00894,Stonebridge Health Network Group,Virginia,2022,0,0,0.05453951739367393
A00898,Fairview Health Network Alliance,North Carolina,2022,0,0,0.30832522952118835
A00899,Gateway Integrated Health Group,New Jersey,2022,0,0,0.08156157336779446
A00909,Oakridge Health Collaborative Medical Center,Oregon,2022,0,0,0.057559258701709456
A00910,Valley Health Collaborative,Massachusetts,2022,0,0,0.10473657832449446
A00913,Brookside Medical Group Care Network,New Jersey,2022,0,0,0.043638066767101046
A00918,Horizon Care Partners Network,Minnesota,2022,0,0,0.06279784460289274
A00929,Stonebridge Medical Group Collaborative,Illinois,2022,0,0,0.23771969945517513
A00935,Green Valley Care Alliance Physician Alliance,Illinois,2022,0,0,0.10180436131422363
A00937,Maplewood Health Collaborative Medical Center,North Carolina,2022,0,0,0.05021033471449176
A00939,Eastgate Community Care Association,Alabama,2022,0,0,0.04677437864036227
A00952,Pinnacle Medical Group Physician Alliance,Alabama,2022,0,0,0.03459196788909227
A00955,Metro Community Care Partners,California,2022,0,0,0.05855309529792757
A00963,Valley Health Collaborative Association,New York,2022,1,0,0.10344089537448375
A00964,Northstar Health Medical Center,California,2022,0,0,0.1388058434450609
A00967,Redwood Care Partners Group,Pennsylvania,2022,0,0,0.24400469784222412
A00974,Westfield Care Alliance Alliance,North Carolina,2022,0,0,0.17227410054869682
A00975,Highland Health Partners,Indiana,2022,0,0,0.08186766976731004
A00976,Oakridge Health Network Medical Center,Virginia,2022,0,0,0.06410450260398298
A00983,Silverstone Integrated Health Network,Tennessee,2022,0,0,0.07436486477846979
A00995,Canyon Healthcare Health System,Massachusetts,2022,0,0,0.26621169237220266
A01000,Parkview Care Network Collaborative,Connecticut,2022,0,0,0.22172962631397983
A01007,Pinnacle Community Care Association,Ohio,2022,0,0,0.1248661377673934
A01023,Fairview Health Alliance Network,Virginia,2022,0,0,0.09250683136388849
A01025,Cedar Health Partners Care Network,Wisconsin,2022,0,0,0.22355027588598353
A01027,Heartland Health Alliance Care Network,Alabama,2022,1,1,0.6028954042677107
A01031,Canyon Physician Network Care Network,Illinois,2022,0,0,0.1439043527982886
A01032,Oakridge Care Alliance Network,North Carolina,2022,0,0,0.10839899325551883
A01034,Valley Health Network Alliance,Oregon,2022,0,0,0.10409646004988515
A01037,Crestview Health Partners Partners,Minnesota,2022,0,0,0.09252315551482647
A01041,Riverbend Care Association,Illinois,2022,0,0,0.15168837471567564
A01042,Oakridge Care Alliance Partners,Texas,2022,1,1,0.8549503573584755
A01045,Beacon Integrated Health Medical Center,Massachusetts,2022,1,1,0.6781133211923089
A01048,Beacon Clinical Partners Partners,Tennessee,2022,0,0,0.21678565557164653
A01050,Metro Provider Alliance Network,New York,2022,1,0,0.24326642355463568
A01054,Pioneer Health Alliance Collaborative,California,2022,0,0,0.0955520757215051
A01055,Riverside Medical Partners Network,Florida,2022,0,0,0.02971154892192669
A01058,Clearview Medical Group Association,Georgia,2022,0,0,0.11850000256192846
A01061,Pioneer Provider Alliance Group,New York,2022,0,0,0.12913485887167345
A01064,Green Valley Community Care Partners,Massachusetts,2022,0,0,0.2198485681549394
A01066,Riverside Community Care Medical Center,Colorado,2022,0,0,0.05050945444147854
A01068,Evergreen Medical Partners Care Network,Alabama,2022,0,0,0.026939468024879832
A01069,Lakeside Community Care Alliance,Missouri,2022,0,0,0.10649096781542065
A01083,WellSpring Care Partners Alliance,Texas,2022,0,0,0.3078745364622242
A01088,Canyon Care Network Network,Tennessee,2022,0,0,0.17254137324662178
A01091,Valley Medical Partners Health System,Indiana,2022,0,0,0.13457411537354574
A01093,Mountain View Medical Partners Network,Washington,2022,0,0,0.053429948703202085
A01094,Golden Valley Health Health System,North Carolina,2022,0,0,0.0712358050744612
A01096,Community Community Care Health System,Maryland,2022,0,0,0.10854529638395921
A01097,Canyon Integrated Health Health System,Alabama,2022,0,0,0.052726699181348965
A01099,Blue Ridge Health Health System,Texas,2022,0,0,0.2694685737311142
A01101,Crestview Physician Network Physician Alliance,North Carolina,2022,1,1,0.7971353438585698
A01103,Fairview Care Partners Association,Florida,2022,0,0,0.15243176790386934
A01108,Unity Care Care Network,Missouri,2022,0,0,0.041760778730581476
A01117,Highland Care Network Health System,Connecticut,2022,0,0,0.22410337603740835
A01118,Brookside Community Care Partners,Illinois,2022,0,0,0.10411022075047065
A01129,Stonebridge Health Alliance Care Network,Tennessee,2022,0,0,0.16784444664048043
A01134,Golden Valley Care Network Health System,New Jersey,2022,0,0,0.13250589646265432
A01135,Lakeside Health Network Partners,Texas,2022,0,0,0.196457394507839
A01138,Lakeside Health Collaborative Care Network,Georgia,2022,0,0,0.06735673638610225
A01141,Brookside Wellness Collaborative,New York,2022,0,0,0.02279082123940167
A01148,Parkview Health Partners Network,New York,2022,0,0,0.11385226214239708
A01166,Highland Health Collaborative,Colorado,2022,0,0,0.04435308948135215
A01175,Evergreen Health Alliance Association,Texas,2022,1,0,0.10249118753158111
A01180,Evergreen Provider Alliance Association,Texas,2022,0,0,0.07246154399053854
A01187,Stonebridge Care Network Partners,Maryland,2022,0,0,0.08587849375972531
A01200,Heartland Clinical Partners Physician Alliance,Georgia,2022,0,0,0.10519007149231883
A01202,Crestview Health Group,Arizona,2022,0,0,0.22966212210959372
A01205,Mountain View Provider Alliance Partners,Michigan,2022,0,0,0.13478041722981954
A01206,Clearview Care Partners Association,Oregon,2022,1,0,0.22889631659280965
A01209,Riverbend Healthcare Physician Alliance,Minnesota,2022,0,0,0.17375651300648992
A01211,Silverstone Physician Network Medical Center,California,2022,1,0,0.24930049376145497
A01217,Silverstone Healthcare Collaborative,Pennsylvania,2022,0,0,0.13666946408513714
A01226,WellSpring Health Association,Pennsylvania,2022,1,1,0.7076648474703693
A01229,Riverbend Medical Group Care Network,California,2022,1,1,0.5006029878745315
A01230,Metro Health Collaborative Alliance,Maryland,2022,0,0,0.06156638215035579
A01237,Grandview Clinical Partners Partners,Massachusetts,2022,0,0,0.07097376674197729
A01240,Canyon Health Partners,North Carolina,2022,0,0,0.22927182138355867
A01249,Oakridge Medical Group Medical Center,Texas,2022,0,0,0.04089253514148635
A01257,Westfield Medical Group Medical Center,Arizona,2022,0,0,0.0783373006976023
A01261,Valley Healthcare Network,Washington,2022,0,0,0.091196140423828
A01269,Heartland Health Alliance Group,New York,2022,0,0,0.07996917123413344
A01280,Horizon Care Network Collaborative,Ohio,2022,0,0,0.10283218615678504
A01283,Stonebridge Integrated Health Care Network,Massachusetts,2022,0,0,0.13280290908525058
A01285,Golden Valley Health Network Collaborative,Indiana,2022,0,0,0.24729528783850857
A01287,Oakridge Clinical Partners Association,Missouri,2022,0,0,0.08843798141358922
A01288,Canyon Provider Alliance Collaborative,California,2022,0,0,0.19347830650568806
A01299,Cedar Clinical Partners Alliance,Illinois,2022,0,0,0.03982930841551186
A01308,Community Medical Medical Center,Maryland,2022,1,1,0.9284615065996623
A01312,Unity Wellness Health System,Texas,2022,1,1,0.7715468617729048
A01317,Silverstone Medical Collaborative,Minnesota,2022,0,0,0.1403618570987329
A01318,Community Care Health System,Massachusetts,2022,0,0,0.034946904880387306
A01321,Beacon Community Care Collaborative,New Jersey,2022,1,0,0.14023142751996304
A01324,Evergreen Care Network Physician Alliance,New Jersey,2022,0,0,0.4756804619185514
A01326,Horizon Care Partners,Massachusetts,2022,0,0,0.21560548017449171
A01327,Eastgate Physicians Care Network,Pennsylvania,2022,0,0,0.1176630769648547
A01328,Lakeside Health Health System,Washington,2022,1,1,0.8454997324684231
A01335,Brookside Care Alliance Care Network,Colorado,2022,0,0,0.24062726744579105
A01347,Maplewood Medical Partners Care Network,California,2022,0,0,0.031148525019987546
A01352,Eastgate Wellness Health System,North Carolina,2022,0,0,0.16854633651880185
A01360,Blue Ridge Physician Network Care Network,Connecticut,2022,0,0,0.1297555865140568
A01362,Highland Healthcare Partners,Colorado,2022,0,0,0.10237354719101198
A01371,Heritage Care Partners,New Jersey,2022,1,1,0.6117005550021671
A01377,Redwood Healthcare Partners,Maryland,2022,0,0,0.1136157986165829
A01383,Pinnacle Medical Group Group,Maryland,2022,0,0,0.12981578440141905
A01388,Blue Ridge Care Partners Group,Minnesota,2022,0,0,0.012419655192964419
A01391,Unity Integrated Health Group,Oregon,2022,0,0,0.17195765914782635
A01392,Heritage Physicians Partners,Pennsylvania,2022,0,0,0.23777310632539314
A01393,Meadow Physician Network Alliance,Indiana,2022,0,0,0.13871777723953543
A01410,Oakridge Clinical Partners Network,California,2022,0,0,0.06800477719600742
A01413,Westfield Care Alliance Care Network,Indiana,2022,0,0,0.1343834795448868
A01419,Eastgate Clinical Partners Physician Alliance,Michigan,2022,0,0,0.2364224264905647
A01420,Highland Wellness Health System,Colorado,2022,0,0,0.40495620408538535
A01425,Pinnacle Physician Network Physician Alliance,Minnesota,2022,0,0,0.25477414235882834
A01437,Clearview Medical Group Physician Alliance,Indiana,2022,0,0,0.08235802145156935
A01446,Summit Medical Medical Center,North Carolina,2022,0,0,0.09176275446763622
A01452,Lakeside Physician Network Partners,Florida,2022,0,0,0.12282922006865961
A01455,Brookside Care Partners Health System,Illinois,2022,0,0,0.14595720740869353
A01456,Pioneer Care Network Health System,Michigan,2022,0,0,0.10237569782457977
A01460,Community Medical Network,Illinois,2022,1,1,0.9010461603192285
A01463,Metro Health Network Physician Alliance,Alabama,2022,0,0,0.07674442159981804
A01469,Redwood Medical Partners,Washington,2022,0,0,0.15609752615546726
A01470,Summit Care Alliance,Minnesota,2022,0,0,0.229227232034863
A01495,Springfield Clinical Partners Group,Arizona,2022,0,0,0.20480552806070534
A01497,Valley Care Partners Care Network,California,2022,0,0,0.1558302998500392
A01501,Grandview Clinical Partners Alliance,Minnesota,2022,1,1,0.6938120504502895
A01502,Eastgate Physicians Health System,Maryland,2022,0,0,0.14268361561553145
A01503,Stonebridge Wellness Physician Alliance,Georgia,2022,0,0,0.036284609275935936
A01508,Grandview Care Alliance Association,Illinois,2022,0,0,0.02183746677072616
A01512,Riverside Medical Partners Medical Center,Texas,2022,0,0,0.014609344982885361
A01516,Mountain View Medical Physician Alliance,Florida,2022,0,0,0.3711744457985249
A01528,Redwood Wellness Partners,Georgia,2022,0,0,0.0766692352095914
A01532,Riverbend Medical Group Health System,North Carolina,2022,0,0,0.24569849646864267
A01537,Northstar Health Alliance Care Network,Indiana,2022,0,0,0.2910796464633048
A01543,Redwood Medical Group,New Jersey,2022,0,0,0.18705918570740424
A01550,Maplewood Wellness Partners,Michigan,2022,0,0,0.03658398770729196
A01559,Grandview Care Partners,Ohio,2022,0,0,0.15975130826713194
A01560,Springfield Health Collaborative Physician Alliance,Illinois,2022,1,0,0.18336032402243185
A01580,Meadow Healthcare Care Network,Massachusetts,2022,0,0,0.0325249702856828
A01583,Cedar Care Partners Network,Virginia,2022,0,0,0.23032581490264664
A01587,Clearview Healthcare Care Network,Florida,2022,0,0,0.03647704890285299
A01595,Fairview Health Collaborative,Texas,2022,0,0,0.20142221023719523
A01598,Pinnacle Care Partners Group,Ohio,2022,0,0,0.04885930138725431
A01599,Evergreen Physician Network Group,Virginia,2022,0,0,0.08628258138561344
A01604,Pioneer Physicians Partners,New Jersey,2022,1,1,0.6952516603017931
A01607,Heartland Medical Group Association,Michigan,2022,0,0,0.05356681263386531
A01608,Pioneer Health Network,Ohio,2022,0,0,0.12144326538133758
A01616,Mountain View Medical Partners,Tennessee,2022,0,0,0.30546197124535934
A01626,Springfield Health Alliance Health System,Colorado,2022,0,0,0.05679849085352255
A01630,Canyon Care Alliance,Pennsylvania,2022,0,0,0.3551507846742461
A01636,Highland Physician Network Alliance,Maryland,2022,0,0,0.0318323529089752
A01639,Springfield Health Medical Center,Illinois,2022,0,0,0.03337330339462557
A01647,Highland Healthcare Collaborative,Wisconsin,2022,0,0,0.16530385927702249
A01662,Golden Valley Provider Alliance Collaborative,Virginia,2022,0,0,0.004582002990964566
A01664,Oakridge Physicians Group,Indiana,2022,0,0,0.32569032391503233
A01671,Clearview Medical Health System,Minnesota,2022,0,0,0.27395531781638843
A01687,Brookside Care Network Collaborative,Pennsylvania,2022,1,0,0.26022648692736644
A01690,Beacon Health Collaborative Medical Center,Illinois,2022,1,0,0.10261077354695664
A01700,Heartland Wellness Network,Minnesota,2022,1,0,0.10311371319787384
A01701,Mountain View Physician Network Physician Alliance,North Carolina,2022,0,0,0.10637951192659316
A01703,Oakridge Health Network Collaborative,Texas,2022,0,0,0.12954634108633847
A01705,Grandview Community Care Partners,Florida,2022,0,0,0.171086678423615
A01711,Oakridge Physician Network Physician Alliance,Georgia,2022,0,0,0.059605531113280714
A01713,Beacon Care Health System,Illinois,2022,0,0,0.16028688692944143
A01714,Crestview Health Alliance Collaborative,Oregon,2022,0,0,0.15289790070609643
A01716,Eastgate Health Collaborative Health System,Virginia,2022,0,0,0.03674035963097724
A01724,Pinnacle Physician Network Partners,Washington,2022,0,0,0.048197587586302396
A01728,Mountain View Medical Network,New Jersey,2022,0,0,0.05657054402049642
A01729,Pinnacle Community Care Alliance,Tennessee,2022,0,0,0.28553767185778356
A01741,Clearview Clinical Partners Collaborative,Massachusetts,2022,0,0,0.18275390522959667
A01744,Community Health Partners Partners,Georgia,2022,0,0,0.0714332381207232
A01754,Heartland Health Collaborative Health System,California,2022,0,0,0.1968559996240286
A01755,Pinnacle Medical Group Care Network,Texas,2022,0,0,0.12297497391972283
A01761,Mountain View Health Network Alliance,Arizona,2022,1,0,0.20987049392447926
A01763,Beacon Wellness Alliance,North Carolina,2022,0,0,0.06905360822125192
A01777,Oakridge Physicians Medical Center,Ohio,2022,0,0,0.0920688267492301
A01782,Horizon Health Collaborative Group,Indiana,2022,0,0,0.0837934044564052
A01786,Evergreen Medical Partners Association,Wisconsin,2022,1,0,0.2151244166241496
A01789,Beacon Physician Network Group,Pennsylvania,2022,0,0,0.015367284077995457
A01790,Cedar Care Association,Indiana,2022,0,0,0.11852583658376506
A01794,Crestview Care Alliance Association,Washington,2022,0,0,0.13732778645779625
A01796,Fairview Provider Alliance Alliance,Maryland,2022,0,0,0.06886849712174137
A01805,Stonebridge Healthcare Network,Arizona,2022,0,0,0.03226084110632718
A01814,Riverside Physician Network Group,Tennessee,2022,0,0,0.09358163076760041
A01817,Metro Care Alliance Medical Center,Florida,2022,0,0,0.18854736498021926
A01820,Cedar Healthcare Care Network,Missouri,2022,0,0,0.25734813729593187
A01821,Parkview Wellness Medical Center,New York,2022,0,0,0.0172378700582892
A01823,Heritage Healthcare Medical Center,Missouri,2022,1,1,0.8754162836009081
A01828,Pinnacle Medical Network,Michigan,2022,0,0,0.10561659729197269
A01829,Mountain View Medical Group Group,Maryland,2022,0,0,0.04436345359784792
A01834,Horizon Health Group,Tennessee,2022,0,0,0.053999249702419566
A01839,Redwood Care Network,Missouri,2022,0,0,0.13978829907747106
A01847,Beacon Health Alliance Group,Tennessee,2022,0,0,0.369438344326817
A01849,Gateway Care Alliance Network,Tennessee,2022,1,1,0.6680760641144
A01852,Stonebridge Physician Network Collaborative,Oregon,2022,0,0,0.03740230318205993
A01853,Maplewood Medical Physician Alliance,Wisconsin,2022,0,0,0.25743320905825645
A01856,Unity Healthcare Network,Ohio,2022,0,0,0.048417562675960396
A01858,Heritage Healthcare Group,Indiana,2022,0,0,0.027592902866183554
A01864,Clearview Health Alliance Physician Alliance,Connecticut,2022,0,0,0.056056025641636614
A01870,Horizon Care Alliance Medical Center,Pennsylvania,2022,0,0,0.06957072607714043
A01877,Riverside Provider Alliance Health System,Maryland,2022,0,0,0.15300569767952082
A01880,Highland Health Collaborative Medical Center,North Carolina,2022,0,0,0.06742152259845327
A01882,Beacon Health Physician Alliance,Texas,2022,0,0,0.16048554730148254
A01887,Crestview Physicians Association,Connecticut,2022,0,0,0.11416485382216718
A01891,Riverside Health Medical Center,North Carolina,2022,0,0,0.08376503388409365
A01893,Blue Ridge Integrated Health Partners,Connecticut,2022,0,0,0.39564012805324283
A01899,Brookside Care Alliance Physician Alliance,Pennsylvania,2022,0,0,0.34751794121970714
A01910,Cedar Health Collaborative,Wisconsin,2022,0,0,0.11067500521708143
A01912,Cedar Health Alliance Partners,Connecticut,2022,0,0,0.2118245429521249
A01917,Gateway Physicians Network,North Carolina,2022,1,1,0.9356592931573294
A01919,Crestview Community Care Association,Connecticut,2022,0,0,0.014361216385531428
A01924,Redwood Clinical Partners Health System,Pennsylvania,2022,0,0,0.4050632869796988
A01925,Valley Medical Group Network,Maryland,2022,0,0,0.12029486788592048
A01926,Summit Care Alliance Health System,Arizona,2022,0,0,0.022023443920685462
A01929,Valley Health Collaborative Health System,California,2022,0,0,0.1152552624966441
A01935,Mountain View Care Partners Health System,Colorado,2022,0,0,0.05205735228289564
A01965,Mountain View Healthcare Alliance,Arizona,2022,1,1,0.5771931814795807
A01971,Green Valley Health Physician Alliance,Missouri,2022,0,0,0.07718339826412665
A01975,Evergreen Care Partners Partners,New Jersey,2022,1,1,0.7564988784754654
A01980,Unity Clinical Partners Health System,Indiana,2022,0,0,0.06983884834744053
A01982,Blue Ridge Medical Physician Alliance,North Carolina,2022,0,0,0.08834589543896042
A01996,Canyon Care Physician Alliance,Michigan,2022,0,0,0.2129002460380214
A02004,Horizon Health Partners Alliance,Michigan,2022,1,0,0.2421587775257677
A02009,Gateway Care Partners,Missouri,2022,0,0,0.20562338483915624
A02013,Stonebridge Integrated Health Group,Virginia,2022,0,0,0.15156868020701014
A02018,Valley Health Collaborative Partners,Tennessee,2022,0,0,0.10373859784717684
A02021,Heritage Health Alliance Medical Center,Illinois,2022,0,0,0.12750492034645758
A02022,Maplewood Care Alliance Association,Maryland,2022,0,0,0.09318674356277745
A02027,Springfield Medical Group Collaborative,California,2022,1,0,0.35741163815327615
A02029,Clearview Health Collaborative Alliance,Pennsylvania,2022,0,0,0.07585267302364594
A02040,Springfield Medical Group Alliance,New York,2022,0,0,0.014683042992251536
A02043,Valley Medical Association,Minnesota,2022,0,0,0.31633434641041475
A02064,Crestview Medical Health System,Alabama,2022,0,0,0.382063579385389
A02066,Metro Medical Partners Medical Center,Ohio,2022,0,0,0.13599421671657205
A02068,Evergreen Health Partners Collaborative,Arizona,2022,0,0,0.08652617994288761
A02075,Eastgate Healthcare Physician Alliance,Texas,2022,0,0,0.08055954888071726
A02083,Riverside Health Partners Association,Washington,2022,0,0,0.019408460054236937
A02084,Clearview Health Association,Colorado,2022,0,0,0.2303626977528327
A02086,Community Physician Network Medical Center,Missouri,2022,0,0,0.14812131256074504
A02089,WellSpring Physicians Network,Missouri,2022,0,0,0.21263179698118814
A02097,Eastgate Provider Alliance Collaborative,Indiana,2022,0,0,0.09216471885525303
A02100,Grandview Care Network Partners,Oregon,2022,0,0,0.1082426507346481
A02115,Golden Valley Health Collaborative Medical Center,Minnesota,2022,0,0,0.09109949661309803
A02120,Meadow Integrated Health Care Network,Wisconsin,2022,0,0,0.006237286516400495
A02133,Riverbend Provider Alliance Partners,Wisconsin,2022,0,0,0.07311084222255433
A02134,Fairview Integrated Health Care Network,California,2022,0,0,0.0977279159665916
A02140,Pinnacle Health Collaborative Health System,Colorado,2022,0,0,0.20893518200639227
A02147,Pioneer Medical Partners Medical Center,Florida,2022,0,0,0.034237647812771915
A02150,Beacon Provider Alliance Alliance,Illinois,2022,0,0,0.01316707073698702
A02151,Grandview Health Network Group,Oregon,2022,0,0,0.06802995643846459
A02154,Canyon Physicians Association,North Carolina,2022,1,0,0.1939167901296666
A02160,Beacon Care Network Partners,Indiana,2022,0,0,0.09332905814413862
A02173,Eastgate Health Alliance Association,Georgia,2022,0,0,0.0681637547813798
A02177,Green Valley Health Collaborative Network,Washington,2022,0,0,0.1759610563284104
A02179,Summit Health Alliance Network,Tennessee,2022,0,0,0.09316716219903926
A02180,Valley Integrated Health Medical Center,Washington,2022,0,0,0.08872648989444343
A02182,Community Care Partners Medical Center,Georgia,2022,0,0,0.07690775365323727
A02188,Golden Valley Physician Network Association,Illinois,2022,0,0,0.082778472491526
A02189,Oakridge Community Care Care Network,California,2022,0,0,0.15403245534926008
A02203,Heartland Physician Network Care Network,Maryland,2022,0,0,0.12066535307007228
A02213,Beacon Health Partners Network,Washington,2022,0,0,0.08800649765764224
A02220,Unity Health Collaborative Network,Colorado,2022,0,0,0.2289984562611804
A02239,Parkview Care Partners Care Network,Tennessee,2022,0,0,0.08596683308712821
A02242,Maplewood Health Medical Center,Arizona,2022,0,0,0.021615319592766045
A02250,Heartland Provider Alliance Association,Georgia,2022,0,0,0.09556517903649718
A02252,Westfield Community Care Collaborative,Ohio,2022,0,0,0.4672897621251682
A02257,Pinnacle Care Association,Indiana,2022,0,0,0.19199306677253175
A02266,Evergreen Community Care Care Network,Missouri,2022,1,0,0.09343640989545814
A02268,Unity Health Collaborative Alliance,Alabama,2022,1,0,0.20993596552224275
A02272,Stonebridge Health Partners Alliance,North Carolina,2022,0,0,0.06080239488182022
A02274,Parkview Health Network Medical Center,Missouri,2022,0,0,0.0732516714862333
A02277,Eastgate Health Alliance Collaborative,New Jersey,2022,0,0,0.08434786440471416
A02289,Cedar Physician Network Health System,New York,2022,0,0,0.1662309026694765
A02291,Parkview Wellness Care Network,California,2022,0,0,0.04286639209012155
A02292,Unity Care Physician Alliance,New York,2022,0,0,0.04650268528643207
A02300,Golden Valley Healthcare Collaborative,Massachusetts,2022,0,0,0.2016018717440456
A02303,Stonebridge Physician Network Group,Colorado,2022,1,0,0.33024059125640093
A02304,Clearview Healthcare Partners,Michigan,2022,0,0,0.060238338485408514
A02309,WellSpring Medical Group Network,North Carolina,2022,0,0,0.1133759116284153
A02310,Beacon Physician Network Network,Washington,2022,0,0,0.1268700477867163
A02313,Crestview Health Partners Medical Center,Virginia,2022,0,0,0.025083416968058367
A02314,Northstar Care Partners Group,Washington,2022,0,0,0.11151619694728346
A02315,Community Medical Partners Care Network,New Jersey,2022,0,0,0.0914178740650928
A02330,Gateway Care Partners Alliance,Texas,2022,0,0,0.13979763110031304
A02332,Brookside Integrated Health Care Network,California,2022,0,0,0.04727598320479351
A02338,Golden Valley Health Network Physician Alliance,Washington,2022,0,0,0.07096108716812402
A02340,Blue Ridge Community Care Care Network,New Jersey,2022,1,1,0.7252481761776821
A02348,Heritage Care Network Health System,Colorado,2022,0,0,0.1384873924334008
A02353,Redwood Health Alliance Network,Ohio,2022,0,0,0.07818641083795591
A02356,Cedar Healthcare Network,Missouri,2022,0,0,0.053983245453871544
A02358,Stonebridge Care Partners Care Network,Missouri,2022,0,0,0.018310476761302718
A02372,Heartland Wellness Medical Center,California,2022,0,0,0.1893172256556572
A02374,Mountain View Care Collaborative,Virginia,2022,0,0,0.02569360126758152
A02376,Parkview Physicians Alliance,Texas,2022,0,0,0.07455863502704088
A02408,WellSpring Physicians Group,Massachusetts,2022,0,0,0.11842387655046294
A02409,Pioneer Medical Partners Group,Indiana,2022,0,0,0.14407582190641013
A02412,Silverstone Wellness Care Network,New Jersey,2022,0,0,0.11856388500477237
A02415,Summit Integrated Health Care Network,Illinois,2022,0,0,0.1338425203534851
A02424,Summit Physicians Partners,California,2022,0,1,0.5129277759534218
A02428,Evergreen Medical Group Medical Center,Indiana,2022,0,0,0.15246397170040338
A02430,Stonebridge Provider Alliance Collaborative,California,2022,0,0,0.10267709458448993
A02434,Green Valley Care Partners Care Network,Tennessee,2022,0,0,0.2153877627203097
A02439,Silverstone Health Collaborative Partners,Texas,2022,0,0,0.11642262925307001
A02445,Cedar Provider Alliance Collaborative,Washington,2022,0,0,0.29505876236877726
A02448,Canyon Physician Network Health System,Wisconsin,2022,0,0,0.1475623808161863
A02449,Northstar Community Care Medical Center,Michigan,2022,0,0,0.033830102938672085
A02456,Clearview Care Care Network,Washington,2022,0,0,0.15074237101855784
A02457,Clearview Healthcare Group,Virginia,2022,0,0,0.08016022576013912
A02459,Mountain View Physicians Care Network,Maryland,2022,0,0,0.01977273373268644
A02462,Unity Integrated Health Collaborative,Maryland,2022,0,0,0.11551928103350682
A02463,Stonebridge Provider Alliance Alliance,Massachusetts,2022,0,0,0.04348472950742899
A02470,Cedar Integrated Health Partners,Maryland,2022,0,0,0.2576998737013777
A02476,Fairview Provider Alliance Collaborative,Washington,2022,0,0,0.07064806257286822
A02477,Horizon Care Partners Medical Center,Tennessee,2022,0,0,0.015582396433627587
A02487,Redwood Care Partners Network,Alabama,2022,0,0,0.09621891791701982
A02492,Community Medical Partners Partners,California,2022,0,0,0.18216393123287328
A02510,Maplewood Community Care Group,Oregon,2022,0,0,0.299496826016448
A02512,Heritage Health Network Medical Center,Alabama,2022,1,1,0.8019644063445597
A02515,Heritage Clinical Partners Partners,Arizona,2022,0,0,0.18659435257410462
A02518,Northstar Integrated Health Physician Alliance,Tennessee,2022,0,0,0.07310332432426629
A02525,Summit Medical Group Collaborative,Missouri,2022,0,0,0.21035008243326206
A02529,Green Valley Medical Partners Medical Center,New York,2022,0,0,0.1079105665325174
A02537,Crestview Health Collaborative Medical Center,Virginia,2022,0,0,0.12789659297096131
A02538,Golden Valley Clinical Partners Medical Center,Oregon,2022,0,0,0.17156560521825007
A02542,Crestview Healthcare Network,Oregon,2022,0,0,0.3754306010102804
A02548,Riverbend Integrated Health Health System,North Carolina,2022,0,0,0.051465340193605914
A02550,Oakridge Health Association,California,2022,0,0,0.0606540937463538
A02552,Summit Integrated Health Alliance,Ohio,2022,0,0,0.3108123376789441
A02553,Golden Valley Care Network Network,Ohio,2022,0,0,0.15974340689225724
A02564,Evergreen Medical Group Group,California,2022,0,0,0.11909459455008711
A02575,Community Medical Care Network,Illinois,2022,0,0,0.06055859817943087
A02581,Beacon Care Partners Partners,North Carolina,2022,0,0,0.19192926041105463
A02582,Green Valley Health Collaborative Alliance,Arizona,2022,0,0,0.11287847731065888
A02592,Silverstone Care Network Medical Center,Michigan,2022,1,0,0.29676648806521994
A02606,Horizon Medical Physician Alliance,Indiana,2022,0,0,0.1679578449852027
A02607,Eastgate Community Care Medical Center,Oregon,2022,0,0,0.1512308816528779
A02608,Springfield Care Partners Collaborative,Minnesota,2022,1,1,0.6297850717717193
A02614,Evergreen Health Network Group,Florida,2022,0,0,0.09224088477505975
A02617,Parkview Medical Partners Medical Center,New Jersey,2022,0,0,0.09464236207673363
A02637,Canyon Health Alliance Health System,California,2022,0,0,0.03225335551518174
A02653,Lakeside Care Care Network,New York,2022,0,0,0.14129898846599828
A02656,Mountain View Health Medical Center,California,2022,0,0,0.1851421975537675
A02666,Heritage Integrated Health Care Network,Arizona,2022,0,0,0.05688794473532452
A02670,Heartland Provider Alliance Medical Center,Indiana,2022,0,0,0.09335460060716587
A02673,Community Care Alliance Association,Colorado,2022,0,0,0.2513021989178434
A02676,Beacon Community Care Physician Alliance,Connecticut,2022,0,0,0.3274915132281307
A02686,Pinnacle Care Network,Georgia,2022,1,0,0.451708472726204
A02693,Pinnacle Provider Alliance Medical Center,Virginia,2022,1,0,0.24545783798912713
A02698,Stonebridge Provider Alliance Group,Arizona,2022,0,0,0.16765893109373978
A02699,Beacon Care Network,Washington,2022,0,0,0.11280897134567541
A02701,Gateway Health Partners Health System,New Jersey,2022,0,0,0.08667911570714841
A02721,Springfield Physician Network Partners,Michigan,2022,0,0,0.16315272307019557
A02726,Horizon Health Collaborative Care Network,Connecticut,2022,0,0,0.30556565023022797
A02727,Canyon Physician Network Alliance,Wisconsin,2022,0,0,0.1002952052678566
A02736,Horizon Physician Network Health System,Illinois,2022,0,0,0.36994489860578944
A02742,Blue Ridge Care Alliance Network,Alabama,2022,0,0,0.24456870327362248
A02754,Westfield Medical Partners Association,Massachusetts,2022,0,0,0.11248056276378104
A02755,Springfield Provider Alliance Group,New York,2022,0,0,0.2632616429609486
A02760,Northstar Medical Partners Physician Alliance,Arizona,2022,0,0,0.06595861381760919
A02762,Eastgate Care Alliance Alliance,Colorado,2022,0,0,0.1014846580518903
A02763,Unity Integrated Health Physician Alliance,Connecticut,2022,0,0,0.03825513346916691
A02765,Canyon Physician Network Network,Wisconsin,2022,0,0,0.020257417677962724
A02766,Heritage Wellness Group,Georgia,2022,0,0,0.057691021609557885
A02771,Pioneer Care Group,Michigan,2022,0,0,0.2081081508654703
A02773,Gateway Health Alliance Network,New Jersey,2022,0,0,0.31753116802227116
A02783,Parkview Health Alliance Group,Michigan,2022,1,0,0.31011540572675605
A02786,Community Community Care Physician Alliance,North Carolina,2022,0,0,0.13026506109511482
A02789,Highland Medical Partners Care Network,Alabama,2022,0,0,0.11673516261148781
A02794,Riverbend Integrated Health Alliance,Florida,2022,0,0,0.03923382560568984
A02803,Grandview Medical Partners Care Network,Alabama,2022,0,0,0.14858392250358554
A02807,WellSpring Care Network Partners,Colorado,2022,0,0,0.06209481929392027
A02808,Westfield Care Partners Group,Alabama,2022,0,0,0.16305427792494695
A02811,Fairview Care Care Network,Maryland,2022,0,0,0.15708608128227555
A02816,Blue Ridge Healthcare Group,Connecticut,2022,0,0,0.2799715324001992
A02817,Summit Health Partners Association,Maryland,2022,0,0,0.06484643163256684
A02818,Heritage Health Network Association,Indiana,2022,0,0,0.23232521063223158
A02819,Riverbend Provider Alliance Physician Alliance,Michigan,2022,0,0,0.1607104192293572
A02823,Fairview Physicians Health System,Connecticut,2022,0,0,0.03217078027164598
A02827,Silverstone Health Association,Massachusetts,2022,1,1,0.7322883461114309
A02828,Canyon Care Alliance Care Network,Arizona,2022,0,0,0.14214282371245232
A02832,Meadow Care Network Physician Alliance,Illinois,2022,0,0,0.048417171777889886
A02835,Golden Valley Care Alliance Collaborative,Connecticut,2022,1,1,0.9547494387540683
A02840,Heritage Physicians Care Network,Georgia,2022,1,0,0.10530028238708963
A02851,Northstar Clinical Partners Partners,Massachusetts,2022,0,0,0.04322259173739888
A02853,Cedar Care Partners Group,Washington,2022,0,0,0.05838240361095237
A02854,Cedar Wellness Association,Colorado,2022,0,0,0.10059569049142741
A02856,Silverstone Physicians Care Network,Minnesota,2022,1,0,0.2257806759812715
A02859,WellSpring Integrated Health Association,Pennsylvania,2022,0,0,0.30411116211063444
A02874,Fairview Care Alliance Collaborative,Maryland,2022,0,0,0.13861104567559393
A02899,Westfield Care Health System,Ohio,2022,0,0,0.06632040529124412
A02912,Lakeside Health Care Network,Massachusetts,2022,0,0,0.19929252831698377
A02914,Meadow Medical Group Collaborative,Tennessee,2022,0,0,0.03269905981387134
A02917,Gateway Wellness Alliance,Maryland,2022,0,0,0.25228944156944455
A02919,Green Valley Physician Network Medical Center,Arizona,2022,0,0,0.07454476096871188
A02920,Mountain View Medical Collaborative,Arizona,2022,0,0,0.023914924092006195
A02921,Beacon Community Care Care Network,Massachusetts,2022,0,0,0.10288304743646096
A02925,Meadow Care Medical Center,Michigan,2022,0,0,0.07533971048047401
A02930,Clearview Healthcare Association,Ohio,2022,0,0,0.27881290441025025
A02931,Heritage Community Care Care Network,Minnesota,2022,0,0,0.19841744233596478
A02935,Redwood Healthcare Medical Center,Missouri,2022,0,0,0.12755002643078522
A02937,Westfield Clinical Partners Physician Alliance,Virginia,2022,0,0,0.3967287620747596
A02947,Meadow Health Partners Collaborative,Colorado,2022,0,0,0.1200058414575005
A02952,Fairview Health Collaborative Medical Center,Texas,2022,0,0,0.22622241536339402
A02959,Lakeside Health Partners,Minnesota,2022,0,0,0.1818481160768499
A02964,Redwood Clinical Partners Care Network,Missouri,2022,0,0,0.1416416825409531
A02965,Golden Valley Health Collaborative Physician Alliance,Missouri,2022,0,0,0.017232100116714884
A02966,Clearview Medical Partners Health System,Arizona,2022,0,0,0.11188742699800151
A02978,Parkview Community Care Medical Center,Minnesota,2022,0,0,0.05571528499330875
A02990,Evergreen Healthcare Association,Oregon,2022,0,0,0.19837153976522953
A02992,Maplewood Care Network Collaborative,Minnesota,2022,0,0,0.08175742733152656
A02993,Canyon Provider Alliance Association,Wisconsin,2022,0,0,0.29580663454050177
A03010,Brookside Physicians Network,Ohio,2022,0,0,0.05666300381109494
A03016,Eastgate Care Network Network,Florida,2022,0,0,0.016447813105900697
A03019,Heritage Integrated Health Medical Center,Arizona,2022,0,0,0.09093163817796503
A03021,WellSpring Clinical Partners Health System,North Carolina,2022,0,0,0.23885453670583934
A03022,Grandview Health Partners Physician Alliance,Florida,2022,0,0,0.12151665251410035
A03035,Heritage Care Alliance Collaborative,Florida,2022,0,0,0.16782571854308428
A03048,Riverside Physicians Association,Indiana,2022,0,0,0.08578632855733412
A03053,Community Health Association,Illinois,2022,0,0,0.06562650334463459
A03058,Springfield Provider Alliance Care Network,Connecticut,2022,0,0,0.02077697641999552
A03066,Meadow Health Alliance Network,New York,2022,0,0,0.11417812600236368
A03069,Silverstone Health Partners Group,Colorado,2022,0,0,0.07937538203841292
A03072,Golden Valley Physicians Alliance,Alabama,2022,0,0,0.19061744450984439
A03095,WellSpring Medical Partners Network,Missouri,2022,0,0,0.33546321962312997
A03101,Parkview Care Network Alliance,Georgia,2022,0,0,0.1345480750505993
A03102,Eastgate Medical Group Partners,Illinois,2022,0,0,0.003297247639231682
A03104,Horizon Medical Alliance,Missouri,2022,0,0,0.18457578094008478
A03106,Westfield Physician Network Collaborative,Florida,2022,0,0,0.038158742843932635
A03112,Riverbend Medical Group Association,New Jersey,2022,0,0,0.07486089536278882
A03119,Horizon Care Network Medical Center,Massachusetts,2022,0,0,0.12196967091102379
A03120,Community Clinical Partners Partners,Illinois,2022,1,1,0.6928664551379471
A03123,Blue Ridge Medical Health System,Massachusetts,2022,0,0,0.10503909675800477
A03125,Clearview Care Alliance Association,Minnesota,2022,1,0,0.16817199302271163
A03132,Blue Ridge Care Alliance Partners,Connecticut,2022,0,0,0.1889447194646219
A03134,Eastgate Health Collaborative Partners,Virginia,2022,0,0,0.341198862908373
A03136,Maplewood Health Collaborative Collaborative,California,2022,1,1,0.7899951766046251
A03139,Pioneer Health Network Network,Texas,2022,0,0,0.17788950652140248
A03141,Evergreen Medical Partners Network,Maryland,2022,1,1,0.8712687683475607
A03142,Brookside Medical Group Group,Arizona,2022,0,0,0.1130968560473383
A03145,Northstar Wellness Group,Tennessee,2022,0,0,0.25643789812595325
A03149,Parkview Physician Network Association,Alabama,2022,0,0,0.10948838460585658
A03155,Metro Health Network Health System,Connecticut,2022,0,0,0.09960707044852776
A03157,Lakeside Medical Group Partners,Washington,2022,1,1,0.8426423292881382
A03161,Grandview Provider Alliance Partners,New Jersey,2022,0,0,0.21249739770765694
A03167,Crestview Health Alliance Partners,Indiana,2022,0,0,0.08834206822591996
A03169,Stonebridge Healthcare Medical Center,Missouri,2022,0,0,0.014397140397966144
A03185,Springfield Physicians Group,North Carolina,2022,0,0,0.0889168579788569
A03190,Unity Care Partners Medical Center,Florida,2022,0,0,0.24418551578442396
A03203,WellSpring Health Alliance,Maryland,2022,0,0,0.018223555691712377
A03207,Canyon Wellness Care Network,Oregon,2022,0,0,0.03093749584138858
A03208,Oakridge Community Care Alliance,Minnesota,2022,0,0,0.10282813650506079
A03223,WellSpring Wellness Care Network,Tennessee,2022,1,0,0.4424183935840894
A03228,Stonebridge Care Partners Alliance,Maryland,2022,0,0,0.02190312093006307
A03233,Community Provider Alliance Association,Illinois,2022,0,0,0.09705490357341667
A03234,Stonebridge Health Alliance Group,Tennessee,2022,0,0,0.18873844862495592
A03236,WellSpring Physician Network Alliance,Maryland,2022,1,0,0.490738025628526
A03239,Beacon Medical Partners Alliance,Florida,2022,0,0,0.33386661742668494
A03240,Oakridge Wellness Association,Alabama,2022,0,0,0.14159412736813304
A03241,Fairview Health Partners Care Network,North Carolina,2022,0,0,0.09561504436715035
A03250,Meadow Medical Partners Care Network,Oregon,2022,0,0,0.09218973193823471
A03259,Gateway Care Network Health System,Alabama,2022,0,0,0.08394133192053166
A03261,Crestview Physician Network Collaborative,Oregon,2022,0,0,0.03120503840174568
A03268,Grandview Health Partners Alliance,Massachusetts,2022,0,0,0.11585171325312668
A03269,Parkview Physician Network Care Network,Massachusetts,2022,0,0,0.08692412225901006
A03270,Metro Health Association,Alabama,2022,0,0,0.19781248257441142
A03276,Crestview Medical Group Physician Alliance,California,2022,0,0,0.20997063439708014
A03282,Valley Medical Group Health System,New York,2022,0,0,0.06078324184695592
A03288,Unity Medical Partners Collaborative,New York,2022,0,0,0.21704539423999164
A03298,Eastgate Care Network Partners,Massachusetts,2022,0,0,0.14293844245324924
A03299,Highland Care Alliance Alliance,Tennessee,2022,0,0,0.09713433349571168
A03307,Unity Medical Group,Alabama,2022,0,0,0.14196142152977806
A03312,Green Valley Clinical Partners Care Network,Minnesota,2022,1,1,0.6305869290945619
A03314,WellSpring Medical Partners Medical Center,Pennsylvania,2022,0,0,0.08297018818866839
A03316,Pinnacle Health Alliance Alliance,Tennessee,2022,0,0,0.17970895205562812
A03319,Evergreen Physicians Care Network,Georgia,2022,0,0,0.046228835371469996
A03321,Beacon Physician Network Partners,Arizona,2022,0,0,0.1559001106700597
A03330,Green Valley Care Network Partners,Alabama,2022,0,0,0.0402362152620558
A03332,Silverstone Health Collaborative,Oregon,2022,0,0,0.14728578789130625
A03334,Fairview Medical Group Partners,Washington,2022,0,0,0.09653304391031277
A03355,Stonebridge Care Alliance Collaborative,California,2022,0,0,0.36826708679036274
A03367,Highland Health Network Medical Center,Florida,2022,0,0,0.1084504364408372
A03373,Metro Care Partners Medical Center,Ohio,2022,0,0,0.03652418607132502
A03375,Blue Ridge Care Care Network,North Carolina,2022,0,0,0.03330220517502118
A03379,Cedar Integrated Health Care Network,Maryland,2022,0,0,0.1430951017811595
A03380,Beacon Care Partners Collaborative,Washington,2022,0,0,0.04930331083415692
A03384,Fairview Medical Alliance,Texas,2022,0,0,0.09481234949956349
A03389,Eastgate Provider Alliance Network,Alabama,2022,0,0,0.05559891003328645
A03392,Beacon Care Association,Massachusetts,2022,0,0,0.09003074622714392
A03401,Horizon Health Alliance Alliance,Florida,2022,0,0,0.04619629405555442
A03402,Evergreen Care Alliance Care Network,New Jersey,2022,0,0,0.20113638540170714
A03411,Pioneer Health Partners Partners,Wisconsin,2022,0,0,0.062393565853622476
A03422,Heartland Health Network,Michigan,2022,0,0,0.014441004809681588
A03431,WellSpring Medical Group Medical Center,Georgia,2022,0,0,0.04413349031618972
A03432,Silverstone Care Network Network,Florida,2022,0,0,0.34741666671194155
A03440,Valley Health Network Health System,California,2022,0,0,0.20292987101348867
A03451,Eastgate Care Partners Partners,Tennessee,2022,0,0,0.06887214431369473
A03452,Horizon Health Collaborative,Missouri,2022,0,0,0.1557886142356673
A03461,Brookside Community Care Alliance,Georgia,2022,0,0,0.13361561791891455
A03472,Unity Health Physician Alliance,Connecticut,2022,0,0,0.12050820631719182
A03474,Northstar Clinical Partners Care Network,Michigan,2022,1,1,0.7031900055102993
A03478,Evergreen Physician Network Collaborative,Tennessee,2022,1,0,0.22788810258456532
A03480,Riverbend Medical Group,Florida,2022,0,0,0.1092730860538863
A03481,Horizon Medical Partners Collaborative,Arizona,2022,1,1,0.8701699453535435
A03484,Horizon Medical Group Partners,Tennessee,2022,0,0,0.0782848275807631
A03489,Meadow Physicians Group,Tennessee,2022,1,1,0.9045508725769668
A03490,Summit Health Partners Partners,Michigan,2022,0,0,0.05732227615638179
A03493,Clearview Health Collaborative Health System,North Carolina,2022,0,0,0.06698252464893618
A03494,Gateway Clinical Partners Partners,Florida,2022,1,0,0.18994741977312693
A03496,Green Valley Health Partners,Alabama,2022,0,0,0.16177287425634276
A03499,Gateway Health Physician Alliance,Indiana,2022,0,0,0.0660007728450242
A03500,Silverstone Care Network Health System,Wisconsin,2022,0,0,0.10292322012724607
A03502,Riverbend Care Partners Alliance,Indiana,2022,0,0,0.08417294241724477
A03505,Springfield Provider Alliance Association,Ohio,2022,0,0,0.08371626543244721
A03507,Green Valley Health Partners Physician Alliance,Minnesota,2022,1,0,0.355810358944078
A03509,Highland Medical Group Medical Center,Ohio,2022,0,0,0.265516058491791
A03516,Riverside Care Partners,Tennessee,2022,0,0,0.4541245424359732
A03518,Riverside Clinical Partners Collaborative,Massachusetts,2022,0,0,0.08303643201184671
A03519,Lakeside Medical Group,California,2022,0,0,0.2078145920807371
A03521,Redwood Physicians Partners,Wisconsin,2022,0,0,0.0821970575679939
A03523,Pinnacle Health Network Medical Center,Georgia,2022,0,0,0.11707596590744204
A03529,Crestview Health Health System,Florida,2022,0,0,0.02149028152073021
A03538,Golden Valley Care Alliance,Arizona,2022,0,0,0.20291589635027255
A03540,Clearview Integrated Health Physician Alliance,New York,2022,0,0,0.06925310192370074
A03543,Green Valley Medical Partners Partners,Virginia,2022,0,0,0.053178853936794696
A03551,Riverbend Care Alliance Health System,New Jersey,2022,0,0,0.03902840556742708
A03552,Riverbend Community Care Network,Oregon,2022,0,0,0.035315467093477
A03555,Horizon Medical Association,Missouri,2022,0,0,0.09368270791746598
A03567,Green Valley Clinical Partners Collaborative,Maryland,2022,1,1,0.6300842335156066
A03570,Meadow Care Network Group,Michigan,2022,0,0,0.07870530546945664
A03579,Riverbend Clinical Partners Network,California,2022,0,0,0.10404164097310582
A03584,Mountain View Physician Network Collaborative,Arizona,2022,0,0,0.04793995536665045
A03591,Riverside Medical Network,Alabama,2022,0,0,0.1565510520551629
A03592,Summit Clinical Partners Physician Alliance,Illinois,2022,0,0,0.033925758584807425
A03593,Redwood Care Network Medical Center,Texas,2022,1,1,0.9669360657507142
A03594,Mountain View Health Collaborative,Missouri,2022,0,0,0.2090886703199028
A03602,Oakridge Integrated Health Physician Alliance,Texas,2022,0,0,0.16358416209197746
A03617,Summit Medical Group Alliance,Illinois,2022,0,0,0.2486429716617257
A03619,Pioneer Wellness Network,Oregon,2022,0,0,0.03003383322685091
A03628,Beacon Care Physician Alliance,Colorado,2022,0,0,0.027494134081290245
A03638,Blue Ridge Medical Collaborative,Oregon,2022,0,0,0.09276082674690646
A03642,Eastgate Care Partners Collaborative,North Carolina,2022,0,0,0.08299914080570306
A03643,Evergreen Health Partners Care Network,Massachusetts,2022,0,0,0.04210938409605019
A03650,Eastgate Health Network Medical Center,Indiana,2022,0,0,0.009972731282413482
A03665,Beacon Medical Group Group,New York,2022,0,0,0.07262160394208425
A03666,Fairview Medical Group Alliance,Arizona,2022,0,0,0.02293410369747593
A03675,Canyon Wellness Partners,Indiana,2022,0,0,0.33219654379502705
A03680,Beacon Health Alliance Network,Wisconsin,2022,1,1,0.6418146124437137
A03681,Meadow Health Medical Center,Colorado,2022,0,0,0.06073946006070791
A03697,Golden Valley Community Care Care Network,Maryland,2022,0,0,0.10368249292056979
A03699,Heartland Community Care Partners,Missouri,2022,1,0,0.2190818095891955
A03701,Pioneer Physicians Physician Alliance,California,2022,0,0,0.05002590750799715
A03703,Silverstone Care Partners Medical Center,California,2022,0,0,0.0980349173639342
A03708,Mountain View Wellness Physician Alliance,Tennessee,2022,0,0,0.16660193487140107
A03719,Crestview Health Alliance,Missouri,2022,1,1,0.6603391980880948
A03726,Stonebridge Care Partners Partners,North Carolina,2022,0,0,0.3045063792167001
A03728,Parkview Medical Partners Network,Illinois,2022,1,1,0.6635359862825158
A03729,Golden Valley Health Collaborative Network,Colorado,2022,0,0,0.0794134519882048
A03734,Stonebridge Health Network Collaborative,California,2022,0,0,0.05735775756977476
A03737,Northstar Medical Care Network,New Jersey,2022,0,0,0.03417974766346702
A03742,Horizon Care Physician Alliance,Wisconsin,2022,0,0,0.11533764641715498
A03748,Canyon Wellness Association,Oregon,2022,1,1,0.8396552451031489
A03749,Westfield Care Network Collaborative,Minnesota,2022,0,0,0.04933206592549854
A03755,Eastgate Health Alliance Alliance,Pennsylvania,2022,0,0,0.22270587515110946
A03756,Golden Valley Care Partners Partners,Massachusetts,2022,0,0,0.2545513825686498
A03762,Oakridge Community Care Medical Center,Washington,2022,0,0,0.06647602090556161
A03769,Highland Provider Alliance Association,California,2022,0,0,0.3858171300104046
A03773,Northstar Health Network Health System,Connecticut,2022,0,0,0.1499322561049382
A03784,Pinnacle Physician Network Collaborative,Alabama,2022,0,0,0.0
A03787,Summit Provider Alliance Alliance,Wisconsin,2022,0,0,0.06286123381769623
A03788,Crestview Health Partners Association,California,2022,1,0,0.4018967715451363
A03791,Springfield Health Alliance Physician Alliance,New York,2022,0,0,0.09412563844419002
A03792,Fairview Wellness Care Network,Connecticut,2022,0,0,0.14345988089960324
A03793,Crestview Physician Network Partners,Florida,2022,0,0,0.1514614632017958
A03797,Pioneer Health Partners Physician Alliance,Texas,2022,0,0,0.1802701191922348
A03800,Unity Healthcare Care Network,Florida,2022,0,0,0.11358057775844617
A03801,WellSpring Care Network Collaborative,Georgia,2022,0,0,0.11382573828047722
A03805,Grandview Medical Partners Health System,Alabama,2022,0,0,0.10736605333075293
A03806,Gateway Medical Partners Network,Colorado,2022,0,0,0.09934612628964044
A03807,Evergreen Provider Alliance Alliance,Alabama,2022,0,0,0.2975838491127967
A03819,Unity Healthcare Health System,Georgia,2022,0,0,0.08423251115710315
A03820,Community Health Collaborative Partners,Georgia,2022,0,0,0.0071652942081062735
A03822,Parkview Care Network Network,Virginia,2022,0,0,0.2735448948820627
A03826,Crestview Integrated Health Partners,Wisconsin,2022,0,0,0.20161376782788512
A03828,Evergreen Health Alliance Collaborative,Connecticut,2022,0,0,0.39931689299862927
A03830,Brookside Care Partners Alliance,Colorado,2022,0,0,0.09646477131715372
A03836,Maplewood Medical Partners Physician Alliance,Texas,2022,1,0,0.244771221970223
A03843,Brookside Care Alliance Network,North Carolina,2022,0,0,0.2218780030246764
A03845,Lakeside Provider Alliance Care Network,Alabama,2022,0,0,0.11819448222250886
A03848,Pinnacle Health Collaborative Collaborative,Pennsylvania,2022,0,0,0.0646492681416872
A03869,Metro Healthcare Medical Center,Pennsylvania,2022,0,0,0.1931122512260151
A03872,Stonebridge Wellness Partners,Virginia,2022,0,0,0.03587163637110731
A03880,Grandview Health Network Care Network,North Carolina,2022,0,0,0.01125074392252481
A03882,Community Medical Group,Washington,2022,0,0,0.021156159345087844
A03883,Pioneer Healthcare Network,Minnesota,2022,0,0,0.09994857026103206
A03890,Brookside Clinical Partners Medical Center,Oregon,2022,0,0,0.06405555427078763
A03898,Stonebridge Health Partners Association,Oregon,2022,0,0,0.16615928115130407
A03903,Oakridge Medical Physician Alliance,Indiana,2022,0,0,0.05199632905643266
A03912,WellSpring Care Network Alliance,Alabama,2022,0,0,0.03646414656081947
A03921,Golden Valley Health Network Partners,Wisconsin,2022,0,0,0.1286444297682862
A03927,Eastgate Health Alliance Group,Washington,2022,0,0,0.2939042389561306
A03929,Pinnacle Care Alliance Partners,Georgia,2022,1,0,0.31131361555958464
A03932,Westfield Wellness Group,Indiana,2022,0,0,0.09061837162646313
A03933,Mountain View Wellness Partners,Wisconsin,2022,0,0,0.10415808424613174
A03937,Community Community Care Group,Indiana,2022,0,0,0.24081587780188496
A03941,Maplewood Care Association,Tennessee,2022,1,1,0.5937078696734573
A03946,Brookside Clinical Partners Care Network,Massachusetts,2022,0,0,0.37358299089505
A03963,Summit Provider Alliance Network,Indiana,2022,0,0,0.048301913314764716
A03966,Springfield Community Care Collaborative,Colorado,2022,0,0,0.1121153708747372
A03967,Canyon Care Partners Partners,Georgia,2022,1,0,0.08899586028242436
A03972,Clearview Integrated Health Partners,New York,2022,1,0,0.4507539678815589
A03975,Cedar Community Care Collaborative,Massachusetts,2022,1,0,0.10408680967927601
A03980,Pioneer Integrated Health Alliance,Arizona,2022,0,0,0.18845671908255818
A03983,Community Physicians Alliance,Arizona,2022,0,0,0.11927830018201856
A03990,Beacon Medical Partners Group,Minnesota,2022,0,0,0.024330528333760464
A03994,Highland Medical Group Collaborative,Michigan,2022,0,0,0.027707684992020552
A03997,Evergreen Wellness Care Network,Arizona,2022,0,0,0.2602789532963998
A03999,Eastgate Health Network Physician Alliance,California,2022,0,0,0.12261407705013687
A04006,Evergreen Medical Partners,Maryland,2022,1,0,0.2289406327898673
A04009,Evergreen Health Group,Connecticut,2022,1,1,0.8833403945113772
A04011,Lakeside Health Collaborative Physician Alliance,Illinois,2022,1,0,0.21832253609266405
A04015,Maplewood Care Partners Physician Alliance,Indiana,2022,0,0,0.21736821299173492
A04024,Parkview Health Collaborative Collaborative,Maryland,2022,1,1,0.5824306005122886
A04027,Riverside Health Alliance Alliance,Oregon,2022,0,0,0.012384005852329922
A04028,Springfield Physicians Network,Minnesota,2022,0,0,0.0704908912314098
A04029,WellSpring Care Partners Partners,Florida,2022,0,0,0.03986961363594571
A04030,Canyon Health Care Network,North Carolina,2022,0,0,0.1369679613546984
A04032,Heartland Wellness Collaborative,Illinois,2022,0,0,0.0928929239114967
A04033,Canyon Care Partners Association,Connecticut,2022,0,0,0.01809215197696277
A04040,Cedar Clinical Partners Network,Pennsylvania,2022,0,0,0.15989717494683003
A04044,Pioneer Physician Network Network,Colorado,2022,0,0,0.12163792821545717
A04055,Heartland Provider Alliance Partners,New York,2022,1,1,0.8428102105547022
A04065,Fairview Medical Group Physician Alliance,North Carolina,2022,0,0,0.16026808794108477
A04071,Metro Medical Partners,Washington,2022,0,0,0.1244288109396436
A04073,Metro Medical Partners Collaborative,Connecticut,2022,0,0,0.08023525896605299
A04078,Springfield Medical Group Health System,Arizona,2022,0,0,0.2556341586137263
A04090,Oakridge Medical Collaborative,California,2022,0,0,0.03360523152790665
A04093,Meadow Medical Group Physician Alliance,Missouri,2022,0,0,0.12548733424514916
A04096,Unity Healthcare Partners,New Jersey,2022,0,0,0.025271914159477736
A04098,Springfield Health Network,Texas,2022,0,0,0.18379119051920745
A04099,Heartland Care Alliance Partners,Wisconsin,2022,1,0,0.33396291294234715
A04102,Northstar Medical Collaborative,Michigan,2022,0,0,0.1748595201357875
A04103,WellSpring Integrated Health Physician Alliance,Alabama,2022,0,0,0.1170256356483209
A04105,Horizon Integrated Health Group,Illinois,2022,0,0,0.09161557921710198
A04121,Gateway Community Care Health System,Maryland,2022,0,0,0.04489667857703433
A04127,Riverbend Care Network Medical Center,Massachusetts,2022,0,0,0.3727627546588891
A04132,Crestview Health Collaborative Alliance,Michigan,2022,0,0,0.24003847048815327
A04133,Horizon Integrated Health Network,New York,2022,0,0,0.024491742058757725
A04139,Pioneer Care Network Collaborative,Virginia,2022,0,0,0.07957502404095491
A04141,Pioneer Physicians Association,Pennsylvania,2022,0,0,0.014586033727391045
A04146,Evergreen Wellness Alliance,New York,2022,0,0,0.058262093733307034
A04151,Beacon Healthcare Health System,Arizona,2022,0,0,0.03668904625645085
A04155,Metro Medical Partners Care Network,California,2022,1,0,0.28515062658705365
A04161,Pinnacle Healthcare Health System,Missouri,2022,0,0,0.34185236496433824
A04164,Parkview Health Partners Care Network,Florida,2022,0,0,0.06256098877585822
A04174,Heartland Health Physician Alliance,Missouri,2022,0,0,0.013201115649227477
A04180,Beacon Health Partners,California,2022,0,0,0.18815491211114924
A04186,Lakeside Medical Care Network,Missouri,2022,1,0,0.07719415962196205
A04188,Golden Valley Medical Network,Michigan,2022,0,0,0.11685076510899833
A04196,Riverside Physicians Collaborative,New York,2022,0,0,0.08906056239252967
A04213,Pinnacle Medical Partners Association,New York,2022,0,0,0.07507720141596119
A04226,Canyon Medical Medical Center,Ohio,2022,0,0,0.10971798556433257
A04231,Eastgate Health Alliance Network,Texas,2022,0,0,0.0659952775181552
A04232,Community Wellness Association,Ohio,2022,0,0,0.24916085066265917
A04235,Blue Ridge Medical Group Alliance,Pennsylvania,2022,0,0,0.012343234299134158
A04242,Heritage Medical Collaborative,Indiana,2022,0,0,0.11453250947248007
A04245,Evergreen Care Group,Alabama,2022,0,0,0.02505189737253568
A04248,Cedar Wellness Collaborative,Alabama,2022,0,0,0.09785723673858973
A04249,Springfield Medical Physician Alliance,Virginia,2022,0,0,0.09511764028757862
A04255,Canyon Care Alliance Network,Colorado,2022,0,0,0.11805827955252714
A04257,Mountain View Medical Health System,Maryland,2022,0,0,0.0583321002919142
A04258,Valley Care Network Care Network,New York,2022,0,0,0.0628392457426256
A04261,Stonebridge Provider Alliance Partners,Virginia,2022,1,1,0.9177680156281116
A04271,Highland Care Network Medical Center,Arizona,2022,0,0,0.07728624349514387
A04280,Parkview Clinical Partners Care Network,New York,2022,0,1,0.6644936418770613
A04281,Riverbend Healthcare Medical Center,Texas,2022,1,0,0.047977679455105254
A04282,Oakridge Care Network Care Network,Indiana,2022,0,0,0.142645967402802
A04283,Eastgate Health Partners Collaborative,Michigan,2022,0,0,0.2808250187825034
A04288,Crestview Physicians Alliance,Pennsylvania,2022,0,0,0.0871788293133642
A04289,Stonebridge Health Collaborative Network,Maryland,2022,0,0,0.21035700858757708
A04293,Lakeside Healthcare Health System,New York,2022,0,0,0.2039365819446024
A04316,Golden Valley Clinical Partners Physician Alliance,Indiana,2022,0,0,0.02537363369694009
A04319,Metro Medical Group Group,New Jersey,2022,0,0,0.2643618062833398
A04323,Silverstone Health Collaborative Alliance,Oregon,2022,1,0,0.316190899531258
A04327,Heartland Health Alliance Partners,Maryland,2022,0,0,0.022707561175255395
A04331,Beacon Care Network Medical Center,Colorado,2022,0,0,0.0732516714862333
A04334,Eastgate Care Alliance Physician Alliance,Minnesota,2022,1,1,0.5924676398837402
A04338,Pioneer Clinical Partners Partners,Illinois,2022,0,0,0.2212418101974233
A04345,Green Valley Care Group,Indiana,2022,0,0,0.1626759845305337
A04347,Oakridge Medical Group Association,Washington,2022,0,0,0.08650773621571631
A04348,Stonebridge Health Collaborative Health System,Missouri,2022,0,0,0.21527051481978607
A04349,Cedar Care Alliance,Maryland,2022,0,0,0.029769802505762194
A04353,Eastgate Health Network Partners,Arizona,2022,0,0,0.1477987845881565
A04355,Green Valley Provider Alliance Network,Texas,2022,1,0,0.3860365054323627
A04369,Riverbend Health Partners Group,Alabama,2022,0,0,0.16622282953599474
A04370,Evergreen Care Alliance Alliance,Missouri,2022,0,0,0.056620149489888326
A04375,Westfield Care Alliance,North Carolina,2022,0,0,0.07498259486624002
A04377,Highland Provider Alliance Network,North Carolina,2022,0,0,0.1329927183712912
A04384,Riverbend Medical Partners Group,Alabama,2022,0,0,0.061801380065617154
A04390,Lakeside Health Physician Alliance,North Carolina,2022,0,0,0.0412902331039331
A04397,Gateway Health Collaborative,Texas,2022,1,0,0.1207421646072355
A04399,Silverstone Care Partners Physician Alliance,Connecticut,2022,0,0,0.0687827337628293
A04402,Pinnacle Health Group,Oregon,2022,0,0,0.12685507238920699
A04403,Grandview Health Network Health System,Massachusetts,2022,0,0,0.04185414818860554
A04404,Blue Ridge Community Care Network,Arizona,2022,1,1,0.702858488401926
A04408,Summit Clinical Partners Group,Arizona,2022,0,0,0.04814841713006566
A04410,Green Valley Medical Partners Association,Colorado,2022,1,0,0.21298694517641162
A04411,Valley Physician Network Medical Center,Tennessee,2022,0,0,0.02503077726096789
A04424,Gateway Health Partners Physician Alliance,Connecticut,2022,1,1,0.8347426511207356
A04433,Pioneer Provider Alliance Health System,Arizona,2022,0,0,0.1366647655329079
A04441,Redwood Health Partners Physician Alliance,Oregon,2022,0,0,0.09168816069126365
A04448,Springfield Care Alliance Care Network,Wisconsin,2022,0,0,0.022808285337644004
A04449,Parkview Health Network Health System,Texas,2022,0,0,0.0432340883282151
A04450,Blue Ridge Integrated Health Collaborative,Minnesota,2022,0,0,0.2147675855484085
A04451,Meadow Physician Network Collaborative,Georgia,2022,0,0,0.06473816637378609
A04452,Grandview Medical Partners,California,2022,0,0,0.10444089655229494
A04453,Metro Physicians Group,Maryland,2022,0,0,0.313370251038086
A04458,Evergreen Medical Health System,Pennsylvania,2022,0,0,0.043829139980484697
A04467,Eastgate Integrated Health Medical Center,Minnesota,2022,0,0,0.07505102445214343
A04472,Beacon Health Partners Group,Colorado,2022,0,0,0.11257147305258476
A04473,Stonebridge Health Association,North Carolina,2022,1,1,0.8471250210393473
A04474,Beacon Physicians Medical Center,Connecticut,2022,0,0,0.05754595300709579
A04480,Highland Medical Group Physician Alliance,Washington,2022,0,0,0.22724543048144027
A04500,Meadow Health Alliance Collaborative,Maryland,2022,1,0,0.369368788387306
A04502,Fairview Care Network Alliance,Tennessee,2022,0,0,0.05994228977249898
A04515,Fairview Medical Partners Health System,Indiana,2022,1,1,0.677079448199241
A04517,Silverstone Medical Health System,Michigan,2022,0,0,0.16493236014408397
A04520,Valley Health Partners Alliance,Arizona,2022,0,0,0.0461620362383064
A04525,Canyon Integrated Health Group,Virginia,2022,0,0,0.0901771847839546
A04537,Maplewood Care Network Group,New York,2022,0,0,0.09576888801686101
A04538,Pioneer Care Association,Georgia,2022,0,0,0.16490991568633426
A04539,Silverstone Physician Network Association,Colorado,2022,0,0,0.04716331225258496
A04544,Valley Clinical Partners Health System,North Carolina,2022,1,0,0.40451058419397756
A04546,Horizon Provider Alliance Group,Indiana,2022,0,0,0.05412536397931555
A04550,Redwood Health Partners Group,Missouri,2022,0,0,0.21055393671405287
A04558,Blue Ridge Wellness Medical Center,Georgia,2022,1,0,0.1267529417449698
A04559,Redwood Health Partners Association,Alabama,2022,0,0,0.28715067738130945
A04561,Westfield Care Alliance Collaborative,Alabama,2022,0,0,0.16863231316119218
A04562,Pioneer Health Alliance Group,Tennessee,2022,0,0,0.3840248734210801
A04567,Stonebridge Wellness Medical Center,Florida,2022,0,0,0.019147385560536866
A04572,Oakridge Care Network Network,Virginia,2022,0,0,0.3510145743315239
A04575,Fairview Health Alliance Health System,Washington,2022,0,0,0.25822349220008844
A04576,Springfield Integrated Health Health System,Virginia,2022,0,0,0.07117616190975053
A04588,Maplewood Care Alliance Partners,Ohio,2022,1,0,0.3708489704339385
A04599,Gateway Health Partners,Florida,2022,0,0,0.10573687652357198
A04611,Oakridge Community Care Network,Pennsylvania,2022,0,0,0.10238973242302203
A04614,Springfield Community Care Health System,Pennsylvania,2022,0,0,0.2641009712103283
A04620,Eastgate Healthcare Group,Florida,2022,1,1,0.9433711742031881
A04627,Parkview Health Collaborative Physician Alliance,New Jersey,2022,0,0,0.016860792827318834
A04629,Gateway Health Collaborative Alliance,Alabama,2022,0,0,0.2063342704418204
A04631,Canyon Clinical Partners Health System,Arizona,2022,0,0,0.16370735553390714
A04645,Springfield Care Partners Medical Center,Michigan,2022,0,0,0.1374274221894796
A04651,Fairview Wellness Partners,Massachusetts,2022,0,0,0.04887191748134765
A04661,Crestview Medical Group Group,New Jersey,2022,0,0,0.06219329400349022
A04664,Oakridge Health Collaborative Collaborative,Minnesota,2022,0,0,0.481332205271872
A04665,WellSpring Care Physician Alliance,Massachusetts,2022,0,0,0.04395182471672622
A04666,Riverbend Medical Medical Center,Florida,2022,1,0,0.2170947884074395
A04667,Riverside Health Network,California,2022,0,0,0.06966153595613694
A04677,Lakeside Care Partners,Oregon,2022,0,0,0.26110306654313137
A04680,Beacon Medical Group Medical Center,Florida,2022,0,0,0.2575688052181655
A04688,Grandview Healthcare Alliance,Illinois,2022,0,0,0.10263694523293591
A04703,Riverside Care Partners Care Network,Missouri,2022,0,0,0.03581093496877349
A04722,Maplewood Health Network Care Network,Florida,2022,0,0,0.1824482958758021
A04729,Green Valley Health Partners Health System,Massachusetts,2022,0,0,0.034336901365692625
A04730,Heartland Care Care Network,Pennsylvania,2022,0,0,0.096098841765189
A04732,Highland Care Partners Physician Alliance,Tennessee,2022,0,0,0.0760232781329992
A04735,Grandview Integrated Health Group,Georgia,2022,1,1,0.8693300044998615
A04736,Valley Care Network Group,Illinois,2022,0,0,0.09296500338647105
A04749,Lakeside Medical Physician Alliance,Colorado,2022,0,0,0.016078535324204696
A04751,Meadow Wellness Medical Center,Arizona,2022,1,1,0.9239860008541976
A04752,Fairview Medical Partners Group,Massachusetts,2022,0,0,0.0292866362477331
A04755,Summit Clinical Partners Network,Connecticut,2022,0,0,0.04363012588608348
A04760,Westfield Medical Group Collaborative,Arizona,2022,0,0,0.09859484496855739
A04770,Oakridge Community Care Health System,North Carolina,2022,0,0,0.22889654785726107
A04786,Green Valley Wellness Physician Alliance,Arizona,2022,1,0,0.1293714685703017
A04796,Parkview Provider Alliance Health System,Texas,2022,0,0,0.25228944156944455
A04802,Lakeside Community Care Health System,New Jersey,2022,0,0,0.18659435257410462
A04809,Parkview Care Network Physician Alliance,Missouri,2022,0,0,0.011531362435584414
A04819,Metro Medical Group Network,Arizona,2022,0,0,0.027872843893667863
A04824,Eastgate Wellness Collaborative,Minnesota,2022,0,0,0.06625654146371426
A04825,Valley Physicians Physician Alliance,Oregon,2022,0,0,0.08290244668917046
A04829,Highland Care Alliance Medical Center,Pennsylvania,2022,0,0,0.09751456947430867
A04832,Lakeside Medical Alliance,Wisconsin,2022,0,0,0.20374225837254292
A04838,Summit Health Alliance Care Network,Ohio,2022,0,0,0.11882911213309603
A04846,Community Integrated Health Group,Tennessee,2022,0,0,0.07406374214046281
A04848,Valley Community Care Care Network,Massachusetts,2022,0,0,0.05832397373840168
A04856,Highland Clinical Partners Partners,Michigan,2022,0,0,0.16509540827864488
A04879,Northstar Provider Alliance Network,Illinois,2022,0,0,0.1445217910239309
A04883,Blue Ridge Care Group,Missouri,2022,0,0,0.16364276046151058
A04886,Beacon Care Alliance Health System,Illinois,2022,0,0,0.09113280581967223
A04889,Meadow Care Partners Alliance,Connecticut,2022,0,0,0.0569078076594363
A04892,Silverstone Health Partners Network,Washington,2022,0,0,0.2945604899947848
A04896,Horizon Care Alliance Partners,Washington,2022,0,0,0.10570473430120086
A04903,Blue Ridge Care Partners Alliance,New York,2022,0,0,0.033974335859531274
A04906,Gateway Provider Alliance Physician Alliance,Missouri,2022,0,0,0.29942245920499805
A04909,Redwood Health Network Health System,Arizona,2022,1,1,0.919647071106779
A04910,Oakridge Integrated Health Group,Minnesota,2022,0,0,0.13855762361929505
A04914,Golden Valley Community Care Collaborative,New York,2022,0,0,0.09461452821113615
A04916,Oakridge Integrated Health Health System,Michigan,2022,0,0,0.16523966025593978
A04918,Northstar Community Care Association,Massachusetts,2022,0,0,0.14065811772615194
A04919,Grandview Care Alliance Network,Arizona,2022,0,0,0.1616541450002721
A04921,Pinnacle Community Care Partners,Tennessee,2022,1,0,0.09073948813055231
A04922,Horizon Care Association,Colorado,2022,0,0,0.2681530389650053
A04930,Riverside Medical Physician Alliance,California,2022,0,0,0.1388799855492821
A04935,Meadow Care Partners Health System,Pennsylvania,2022,0,0,0.18388365163423026
A04943,Riverside Health Group,Indiana,2022,0,0,0.21255113023910754
A04944,Golden Valley Provider Alliance Physician Alliance,Missouri,2022,0,0,0.025585995023359624
A04946,Golden Valley Medical Health System,Texas,2022,1,0,0.2421587775257677
A04958,Heritage Medical Group Group,Minnesota,2022,0,0,0.05064631996387786
A04960,Horizon Physicians Health System,Illinois,2022,0,0,0.10046730167932376
A04961,Lakeside Health Alliance,Connecticut,2022,0,0,0.039069366219691565
A04964,Mountain View Care Alliance Care Network,California,2022,0,0,0.07737279424512639
A04965,Redwood Wellness Group,Wisconsin,2022,0,0,0.1621180097572686
A04970,Oakridge Care Network Partners,Connecticut,2022,0,0,0.03805893784995653
A04974,Canyon Physician Network Association,North Carolina,2022,0,0,0.10403025324700588
A04977,Valley Physicians Group,Missouri,2022,0,0,0.03920843349806173
A04978,Heritage Physician Network Medical Center,Michigan,2022,0,0,0.011261428744843866
A04979,Evergreen Care Network Collaborative,Virginia,2022,0,0,0.03368101631833194
A04984,Springfield Care Alliance Collaborative,Oregon,2022,1,0,0.1485715957407786
A04987,Oakridge Medical Partners Group,Connecticut,2022,0,0,0.2478372910108049
A04990,Oakridge Integrated Health Network,Wisconsin,2022,0,0,0.1115057324645676
A04994,Northstar Care Network Group,Indiana,2022,0,0,0.2021234100380264
A04997,Eastgate Physician Network Collaborative,Arizona,2022,0,0,0.009129175879584851
A05001,Fairview Care Alliance Alliance,Missouri,2022,0,0,0.11698970949299942
A05008,Summit Care Network,New Jersey,2022,0,0,0.07256371450116753
A05022,Horizon Health Partners,Pennsylvania,2022,0,0,0.02077443824146503
A05024,Mountain View Healthcare Group,Georgia,2022,1,1,0.5765491919130561
A05036,Cedar Wellness Group,New Jersey,2022,0,0,0.1556887465561269
A05038,Metro Medical Physician Alliance,Minnesota,2022,0,0,0.18468677192515226
A05045,Eastgate Medical Group Physician Alliance,Texas,2022,0,0,0.21517265198741978
A05048,Clearview Wellness Association,Missouri,2022,0,0,0.014174999386569805
A05049,Redwood Physician Network Group,Colorado,2022,0,0,0.11498975632327717
A05050,Springfield Physician Network Collaborative,Texas,2022,0,0,0.16062012010648266
A05053,Grandview Wellness Physician Alliance,Florida,2022,0,0,0.14391282114222628
A05061,Meadow Health Alliance Partners,Colorado,2022,0,0,0.017234776249000557
A05062,Evergreen Integrated Health Physician Alliance,Texas,2022,0,0,0.17459216639396896
A05066,Gateway Medical Partners Physician Alliance,Alabama,2022,0,0,0.15088371800289146
A05067,Mountain View Physician Network Association,Michigan,2022,0,0,0.3978931224551833
A05084,Beacon Community Care Association,Oregon,2022,0,0,0.23180438120851077
A05087,Grandview Healthcare Health System,Arizona,2022,0,0,0.07710709958770999
A05088,Cedar Medical Physician Alliance,Wisconsin,2022,0,0,0.07267530848139081
A05092,Brookside Community Care Care Network,Ohio,2022,0,0,0.261962542768289
A05095,Highland Health Physician Alliance,Oregon,2022,0,0,0.12526705876323999
A05107,Pioneer Health Collaborative Medical Center,Maryland,2022,0,0,0.1528374926915472
A05112,Summit Healthcare Collaborative,Wisconsin,2022,0,0,0.06853404743058228
A05117,Northstar Health Group,Pennsylvania,2022,1,1,0.8302571390282354
A05120,Horizon Health Network Alliance,Connecticut,2022,0,0,0.07544122541006039
A05126,Heartland Integrated Health Physician Alliance,Missouri,2022,0,0,0.22756479136296737
A05128,Gateway Integrated Health Association,Oregon,2022,1,0,0.051425376510604075
A05142,Riverbend Community Care Partners,Tennessee,2022,0,0,0.1968669927228673
A05148,Brookside Care Alliance Medical Center,California,2022,0,0,0.09828895438125887
A05149,Highland Health Partners Group,Maryland,2022,0,0,0.07039556446560445
A05154,Blue Ridge Physicians Physician Alliance,Tennessee,2022,0,0,0.12502822355134147
A05164,Westfield Community Care Partners,Missouri,2022,0,0,0.09721583790657654
A05167,Redwood Health Health System,Wisconsin,2022,0,0,0.02841342283942305
A05168,Oakridge Health Partners Network,Missouri,2022,0,0,0.07786085292857461
A05169,Stonebridge Medical Alliance,Missouri,2022,0,0,0.18105361925621338
A05186,Valley Health Physician Alliance,Maryland,2022,0,0,0.02325764841529814
A05191,Parkview Health Association,Tennessee,2022,0,0,0.30798041774095647
A05192,Gateway Medical Alliance,Tennessee,2022,0,0,0.15423635101623284
A05196,Highland Care Partners Group,Connecticut,2022,0,0,0.06342779392098546
A05198,Crestview Health Partners Health System,Minnesota,2022,0,0,0.057097271439785546
A05201,Horizon Medical Partners Partners,Ohio,2022,0,0,0.06817324803493664
A05208,Metro Provider Alliance Association,Colorado,2022,0,0,0.08569520342023453
A05210,Clearview Physicians Health System,Virginia,2022,0,0,0.0514523220708048
A05214,Northstar Wellness Association,Michigan,2022,0,0,0.08934829460343993
A05216,Grandview Physicians Care Network,Pennsylvania,2022,0,0,0.07043291803436195
A05217,Gateway Care Alliance Group,Ohio,2022,0,0,0.15933296019031362
A05224,Springfield Healthcare Care Network,North Carolina,2022,0,0,0.12664405720329905
A05225,Highland Provider Alliance Partners,Washington,2022,0,0,0.09180930267343568
A05237,WellSpring Health Alliance Alliance,Connecticut,2022,0,0,0.1648402963427323
A05244,Oakridge Care Group,Connecticut,2022,0,0,0.14222717472259713
A05261,Redwood Healthcare Physician Alliance,Texas,2022,0,0,0.04416166662239864
A05264,Meadow Health Alliance Care Network,Georgia,2022,0,0,0.3352377432171979
A05272,Brookside Health Partners Collaborative,Connecticut,2022,0,0,0.010589653623632279
A05281,Horizon Medical Group Health System,Maryland,2022,0,0,0.15799438599999535
A05288,Heritage Care Network Association,Virginia,2022,0,0,0.06606976532821668
A05290,Maplewood Clinical Partners Alliance,Florida,2022,0,0,0.0796979584170773
A05310,Pinnacle Health Collaborative Alliance,Washington,2022,1,0,0.12929085364865528
A05324,Northstar Medical Group Health System,Washington,2022,0,0,0.13919447143906843
A05329,Summit Health Collaborative Medical Center,Georgia,2022,0,0,0.17682919813639827
A05341,Pioneer Wellness Physician Alliance,North Carolina,2022,0,0,0.21107759782011967
A05345,Parkview Care Health System,Wisconsin,2022,0,0,0.12418049352815373
A05349,Springfield Health Partners Network,Pennsylvania,2022,0,0,0.38365194730180463
A05350,Northstar Clinical Partners Alliance,Oregon,2022,0,0,0.10986332426665875
A05353,Meadow Health Partners Care Network,California,2022,0,0,0.08978510004259159
A05356,Blue Ridge Health Collaborative Network,Georgia,2022,1,0,0.487587248941391
A05358,Clearview Health Network Care Network,New Jersey,2022,0,0,0.037830337903204427
A05359,Crestview Medical Collaborative,Wisconsin,2022,0,0,0.07079481692787455
A05360,Crestview Care Partners Alliance,Maryland,2022,0,0,0.0835783754310901
A05370,Parkview Health Physician Alliance,Maryland,2022,1,0,0.20269777926921048
A05373,Pinnacle Care Network Medical Center,Oregon,2022,0,0,0.050726434320622744
A05376,Riverbend Care Partners,Washington,2022,0,0,0.14771297043006615
A05379,Pioneer Care Alliance Medical Center,Connecticut,2022,0,0,0.2609829895241095
A05382,Pinnacle Medical Partners Group,Connecticut,2022,0,0,0.14415811183107005
A05384,Mountain View Community Care Physician Alliance,Illinois,2022,0,0,0.07845429732981736
A05386,Green Valley Integrated Health Collaborative,Florida,2022,0,0,0.4921739632890614
A05388,Gateway Care Partners Group,Florida,2022,0,0,0.13713928154727723
A05391,Community Community Care Medical Center,Arizona,2022,0,0,0.40335366161669095
A05393,Northstar Community Care Group,Maryland,2022,0,0,0.045589669488561475
A05394,Metro Health Collaborative Partners,Alabama,2022,0,0,0.23464419231079475
A05395,Westfield Health Partners Collaborative,Alabama,2022,0,0,0.024713422434396164
A05400,Heartland Care Medical Center,New York,2022,0,0,0.07553130576422934
A05403,Golden Valley Healthcare Partners,Georgia,2022,0,0,0.12635227157364068
A05418,Crestview Wellness Association,Oregon,2022,0,0,0.1736812346202546
A05423,Westfield Health Collaborative Association,Ohio,2022,0,0,0.19229250686947438
A05428,Metro Health Network Network,Missouri,2022,1,0,0.08366500084094866
A05430,Brookside Health Collaborative Group,Washington,2022,0,0,0.06047159508729295
A05433,Pioneer Care Alliance Care Network,North Carolina,2022,0,0,0.0367024381183896
A05434,Clearview Health Partners Medical Center,Indiana,2022,0,0,0.04311198030816562
A05436,Maplewood Physician Network Care Network,New Jersey,2022,0,0,0.24131457427074499
A05440,Metro Health Partners Care Network,Pennsylvania,2022,1,1,0.5991858883343144
A05444,Valley Healthcare Group,Tennessee,2022,0,0,0.06111088308190959
A05449,Valley Care Alliance Health System,Wisconsin,2022,0,0,0.1429129060987825
A05450,Clearview Health Collaborative Network,Ohio,2022,0,0,0.046864719876715505
A05458,Pioneer Wellness Group,Ohio,2022,0,0,0.10386426442136867
A05460,Canyon Physician Network Physician Alliance,Indiana,2022,0,0,0.006279454642870295
A05465,Pinnacle Care Partners Partners,Oregon,2022,0,0,0.019023498698268134
A05467,Meadow Healthcare Medical Center,Virginia,2022,1,0,0.22755240025592957
A05471,Cedar Care Alliance Partners,Arizona,2022,1,0,0.3192195987612568
A05475,Mountain View Care Partners Care Network,Michigan,2022,0,0,0.1594999718679442
A05478,Stonebridge Care Alliance Care Network,Illinois,2022,0,0,0.10315166748355606
A05479,Heartland Care Network Collaborative,North Carolina,2022,0,0,0.16816192886909978
A05484,Riverside Physicians Network,Florida,2022,0,0,0.28937929860586226
A05497,Community Healthcare Network,Missouri,2022,0,0,0.18438970060036577
A05507,Springfield Clinical Partners Alliance,Wisconsin,2022,0,0,0.05030451178231836
A05510,Riverside Medical Group Medical Center,North Carolina,2022,0,0,0.07860757138591376
A05516,Riverside Health Health System,Maryland,2022,0,0,0.14848760781501075
A05539,Gateway Community Care Care Network,Ohio,2022,0,0,0.06081043538399939
A05544,Mountain View Medical Group Association,Pennsylvania,2022,0,0,0.07544122541006039
A05551,Redwood Health Network Care Network,Minnesota,2022,0,0,0.18730092717073452
A05555,Clearview Clinical Partners Network,Massachusetts,2022,1,0,0.11056459358429803
A05557,Evergreen Health Network Alliance,Massachusetts,2022,0,0,0.05472221324662011
A05558,Heartland Care Health System,Oregon,2022,0,0,0.06088047912200704
A05563,Redwood Medical Group Partners,Virginia,2022,1,0,0.08296083680269539
A05567,Parkview Health Network Alliance,Illinois,2022,0,0,0.17498619843835284
A05570,Golden Valley Care Alliance Physician Alliance,Tennessee,2022,0,0,0.09796655620408812
A05572,Clearview Health Collaborative Care Network,Maryland,2022,0,0,0.017817964594224175
A05577,Horizon Wellness Partners,Alabama,2022,0,0,0.24885038043734362
A05584,Green Valley Clinical Partners Network,Indiana,2022,0,0,0.009868317359188387
A05592,Golden Valley Healthcare Health System,Illinois,2022,0,0,0.24050160743511104
A05594,Grandview Health Network Collaborative,Arizona,2022,0,0,0.05421757082631598
A05600,Crestview Healthcare Alliance,Colorado,2022,0,0,0.07786725415258547
A05604,Horizon Provider Alliance Partners,Pennsylvania,2022,0,0,0.16329433399487395
A05605,Riverside Care Alliance Care Network,Michigan,2022,0,0,0.0542669801209093
A05614,Unity Care Alliance Group,Colorado,2022,0,0,0.08287686317651524
A05616,Gateway Health Collaborative Care Network,Maryland,2022,0,0,0.19864928375487317
A05625,Cedar Medical Partners Medical Center,Washington,2022,0,0,0.1820670177515318
A05626,Valley Medical Partners Network,Virginia,2022,1,1,0.5228556728896947
A05628,Stonebridge Care Network Collaborative,Tennessee,2022,1,1,0.9348333260668046
A05630,Northstar Health Collaborative Partners,Alabama,2022,0,0,0.013192086593418034
A05631,Westfield Clinical Partners Partners,Alabama,2022,0,0,0.05510485317389933
A05633,Fairview Health Network Health System,Virginia,2022,0,0,0.07195922202290105
A05635,Beacon Integrated Health Network,Georgia,2022,1,1,0.8225332369965925
A05636,Pioneer Physician Network Association,New York,2022,1,1,0.8476495987971626
A05638,Unity Medical Partners Network,Wisconsin,2022,1,1,0.7607235727881724
A05643,Redwood Community Care Care Network,Minnesota,2022,0,0,0.03603143883454434
A05645,Riverbend Clinical Partners Collaborative,Oregon,2022,0,0,0.1459060938836209
A05646,Heritage Health Network Care Network,New Jersey,2022,0,0,0.06146798553837107
A05649,Oakridge Health Collaborative Health System,Massachusetts,2022,0,0,0.11894424681704457
A05650,Pioneer Medical Alliance,Colorado,2022,0,0,0.15289427238079983
A05655,Lakeside Medical Partners Alliance,Massachusetts,2022,0,0,0.0617621883195024
A05658,Community Provider Alliance Care Network,New Jersey,2022,0,0,0.19560616870306838
A05663,Green Valley Health Collaborative Association,Washington,2022,0,0,0.1238312646916197
A05668,Crestview Health Network Network,California,2022,0,0,0.13036361876899857
A05669,Northstar Physician Network Care Network,Massachusetts,2022,0,0,0.23531385398612945
A05677,Pinnacle Medical Alliance,New Jersey,2022,0,0,0.11497066022181418
A05678,Grandview Clinical Partners Collaborative,Illinois,2022,1,1,0.7170445869530491
A05679,Green Valley Health Collaborative Medical Center,Georgia,2022,0,0,0.0884516371519276
A05681,Highland Care Alliance Partners,North Carolina,2022,1,1,0.5991858883343144
A05687,Cedar Health Alliance Health System,Michigan,2022,0,0,0.09611038736175839
A05689,WellSpring Healthcare Collaborative,Ohio,2022,0,0,0.1309994197164077
A05693,Gateway Provider Alliance Group,California,2022,0,0,0.169113532443414
A05697,Parkview Care Partners Health System,Tennessee,2022,0,0,0.04692007497807109
A05698,WellSpring Integrated Health Group,Ohio,2022,0,0,0.15081255178984743
A05705,Redwood Health Collaborative Partners,Massachusetts,2022,0,0,0.21112504708119229
A05729,Pinnacle Healthcare Association,Pennsylvania,2022,0,0,0.12578825128526328
A05731,Springfield Medical Partners Care Network,Virginia,2022,0,0,0.0781432518392961
A05733,Redwood Health Partners Network,Colorado,2022,0,0,0.3048074402878499
A05735,Fairview Medical Health System,Connecticut,2022,0,0,0.05244403367274103
A05736,Pioneer Health Partners Network,Pennsylvania,2022,0,0,0.071549464721648
A05762,Riverside Healthcare Association,California,2022,0,0,0.15170802548541606
A05764,Summit Care Alliance Collaborative,Maryland,2022,1,0,0.10738571098620532
A05765,Valley Physician Network Alliance,Georgia,2022,1,0,0.07431244767788459
A05769,Green Valley Medical Group Physician Alliance,Georgia,2022,0,0,0.1558615530269256
A05772,Horizon Physician Network Physician Alliance,Massachusetts,2022,1,1,0.9718943548929312
A05781,Evergreen Health Partners Partners,Arizona,2022,1,0,0.27016931502115776
A05785,Summit Physician Network Care Network,Michigan,2022,0,0,0.13190798288930458
A05786,Lakeside Wellness Collaborative,Arizona,2022,1,0,0.10758478229001942
A05787,Heritage Community Care Collaborative,Minnesota,2022,0,0,0.11067561376974089
A05793,Mountain View Care Physician Alliance,Tennessee,2022,0,0,0.337929976615427
A05802,Gateway Health Association,Indiana,2022,0,0,0.03718360427665656
A05803,Summit Health Network Health System,Connecticut,2022,0,0,0.027240192225944516
A05804,Riverbend Clinical Partners Association,Texas,2022,0,0,0.17280071914270756
A05806,Westfield Physicians Partners,Alabama,2022,0,0,0.00981651231707589
A05808,Summit Health Association,Illinois,2022,0,0,0.13021022504102628
A05811,Heritage Care Medical Center,Illinois,2022,0,0,0.19121583174259513
A05817,Heartland Care Partners Physician Alliance,Texas,2022,0,0,0.09183745465810313
A05830,Westfield Physicians Health System,North Carolina,2022,0,0,0.25410004610972803
A05831,Parkview Health Network Partners,Illinois,2022,0,0,0.02989023103882955
A05851,Summit Provider Alliance Health System,New Jersey,2022,0,0,0.18002361373161693
A05856,Green Valley Health Partners Group,Wisconsin,2022,0,0,0.0848624133896938
A05861,Parkview Care Partners,Connecticut,2022,0,0,0.13241616997541447
A05862,Summit Community Care Medical Center,Oregon,2022,1,0,0.347392633289405
A05873,Summit Health Partners Health System,Illinois,2022,1,1,0.57096069090878
A05875,Northstar Wellness Health System,Florida,2022,0,0,0.07095636562767735
A05880,Cedar Health Network Group,Arizona,2022,0,0,0.051596138174782695
A05881,Evergreen Physician Network Health System,Missouri,2022,0,0,0.03999536047610499
A05882,Blue Ridge Health Collaborative Health System,Massachusetts,2022,0,0,0.19699657002542253
A05896,Pinnacle Health Network Group,North Carolina,2022,0,0,0.11826875551270001
A05905,Evergreen Medical Group Alliance,New Jersey,2022,0,0,0.0881136846743456
A05912,Community Care Network Collaborative,Pennsylvania,2022,0,0,0.14291880115338113
A05913,Northstar Health Network Care Network,Michigan,2022,1,1,0.990411492831329
A05917,Unity Care Network Group,Indiana,2022,0,0,0.16195407168168788
A05922,Evergreen Care Partners,New York,2022,0,0,0.47895776665104284
A05936,Beacon Care Network Health System,Arizona,2022,0,0,0.04256341062702908
A05939,Parkview Physician Network Medical Center,Minnesota,2022,0,0,0.06746665424710505
A05941,Blue Ridge Care Partners Medical Center,Missouri,2022,0,0,0.08851635261557668
A05947,Horizon Care Partners Care Network,Minnesota,2022,0,0,0.2575688052181655
A05948,Unity Integrated Health Association,Missouri,2022,1,1,0.8172544921778896
A05950,Maplewood Care Alliance Alliance,Pennsylvania,2022,0,0,0.20126536315194474
A05952,Beacon Care Partners Medical Center,Oregon,2022,0,0,0.1692972574503398
A05957,Springfield Care Network Association,Missouri,2022,0,0,0.2604134596544818
A05959,Evergreen Health Alliance,Maryland,2022,0,0,0.0260463943084143
A05975,Lakeside Healthcare Network,Alabama,2022,0,0,0.0959122789768208
A05982,Pioneer Physicians Alliance,Texas,2022,0,0,0.10676040982040476
A06010,Pinnacle Provider Alliance Physician Alliance,Maryland,2022,0,0,0.20662243595684657
A06033,Beacon Medical Partners Physician Alliance,New York,2022,1,1,0.825709897545602
A06039,Valley Care Partners Association,Tennessee,2022,1,0,0.12133713761743666
A06044,Westfield Provider Alliance Association,Indiana,2022,0,0,0.03686159850428343
A06052,Oakridge Health Health System,Tennessee,2022,0,0,0.10831059768911086
A06055,Westfield Health Network Health System,Florida,2022,1,0,0.15320445542352734
A06059,Crestview Care Alliance Partners,Pennsylvania,2022,0,0,0.09561136635642294
A06061,Metro Wellness Collaborative,Oregon,2022,0,0,0.08996596553499346
A06079,WellSpring Integrated Health Collaborative,Oregon,2022,0,0,0.020741485289943982
A06082,Highland Care Health System,Connecticut,2022,0,0,0.040764688396835023
A06092,Pioneer Medical Partners Physician Alliance,Missouri,2022,1,1,0.6495637771703383
A06097,Mountain View Integrated Health Care Network,Ohio,2022,0,0,0.06986238745380828
A06103,Green Valley Integrated Health Group,Maryland,2022,1,1,0.6342184930664349
A06109,Evergreen Care Partners Care Network,Alabama,2022,0,0,0.08549191135947386
A06133,Riverside Care Group,Maryland,2022,0,0,0.10215770277906967
A06137,Clearview Physician Network Collaborative,Connecticut,2022,1,1,0.9168725977281198
A06144,WellSpring Medical Alliance,New York,2022,0,0,0.24376661266538682
A06151,Evergreen Clinical Partners Association,Washington,2022,0,0,0.11020160359508252
A06161,Grandview Health Collaborative Partners,Arizona,2022,0,0,0.016983131518004083
A06163,Cedar Wellness Physician Alliance,Florida,2022,0,0,0.13969350007142706
A06173,Parkview Medical Group Medical Center,North Carolina,2022,0,0,0.18632617527100237
A06176,Green Valley Physician Network Health System,Georgia,2022,0,0,0.1359617553926299
A06179,Blue Ridge Care Partners Partners,Minnesota,2022,0,0,0.17178724510714066
A06181,Maplewood Medical Group Group,New Jersey,2022,0,0,0.10881536063104472
A06192,Highland Medical Partners Partners,Michigan,2022,0,0,0.05846749592474577
A06193,Stonebridge Community Care Association,Minnesota,2022,0,0,0.07119915197205924
A06199,Unity Physicians Association,Arizona,2022,0,0,0.04279160217304003
A06203,WellSpring Clinical Partners Care Network,Michigan,2022,1,1,0.6764858619128248
A06209,Westfield Care Group,Texas,2022,0,0,0.016908364965669744
A06211,Stonebridge Care Alliance Physician Alliance,Indiana,2022,0,0,0.417787420296812
A06212,Oakridge Medical Partners,California,2022,0,0,0.01697363584473954
A06213,Highland Care Alliance,Oregon,2022,0,0,0.12261461311190919
A06221,Silverstone Health Alliance,Pennsylvania,2022,0,0,0.25949511086433913
A06223,Lakeside Medical Partners Partners,Illinois,2022,0,0,0.14879317637023656
A06230,Eastgate Community Care Alliance,Virginia,2022,0,0,0.2428768494974305
A06236,Springfield Wellness Medical Center,Ohio,2022,0,0,0.04191337309404785
A06238,Grandview Health Collaborative Care Network,Tennessee,2022,0,0,0.08397673093593751
A06255,Springfield Care Association,Texas,2022,0,0,0.14661466384650873
A06257,Community Medical Group Association,Wisconsin,2022,0,0,0.0966895562502778
A06269,Westfield Wellness Partners,North Carolina,2022,0,0,0.3376764118219834
A06271,Metro Care Partners Group,Oregon,2022,0,0,0.10216838255745292
A06272,Beacon Health Collaborative Group,Massachusetts,2022,0,0,0.05902732356756735
A06274,Green Valley Medical Association,Georgia,2022,0,0,0.024590402766470575
A06280,Horizon Health Physician Alliance,North Carolina,2022,1,1,0.6423998743799757
A06286,Fairview Medical Collaborative,Washington,2022,0,0,0.20651169163242522
A06288,Pinnacle Medical Group Partners,Georgia,2022,0,0,0.15848010254922787
A06289,Valley Health Alliance Physician Alliance,Tennessee,2022,0,0,0.08152434362901854
A06293,Metro Health Alliance Physician Alliance,Virginia,2022,0,0,0.11866542118220112
A06294,Beacon Physicians Health System,Washington,2022,0,0,0.12076283472381784
A06313,Valley Medical Partners Medical Center,Florida,2022,0,0,0.08693958839427988
A06329,Valley Health Collaborative Network,Oregon,2022,0,0,0.030970277883431416
A06335,Canyon Health Collaborative Alliance,Tennessee,2022,0,0,0.028819444304329204
A06342,Riverside Clinical Partners Partners,Ohio,2022,0,0,0.06310203715735867
A06343,Riverbend Care Partners Collaborative,Michigan,2022,0,0,0.19852289805600176
A06344,Brookside Care Network Partners,Massachusetts,2022,0,0,0.054037028827841435
A06351,Beacon Health Alliance Physician Alliance,Florida,2022,0,0,0.1556887465561269
A06354,Springfield Clinical Partners Association,California,2022,0,0,0.03937116342485096
A06363,Valley Health Alliance Association,Washington,2022,0,0,0.02677108205246457
A06364,Metro Health Alliance Health System,Missouri,2022,0,0,0.29035124398760337
A06368,Golden Valley Provider Alliance Partners,Pennsylvania,2022,0,0,0.10831059768911086
A06369,Meadow Care Alliance Care Network,Ohio,2022,0,0,0.15877300533602576
A06371,Northstar Health Alliance Medical Center,Minnesota,2022,0,0,0.04499335327208542
A06379,Oakridge Wellness Network,Texas,2022,0,0,0.19372976919877666
A06389,Springfield Community Care Partners,Wisconsin,2022,0,0,0.11410035081782753
A06391,Silverstone Provider Alliance Care Network,Wisconsin,2022,0,0,0.13874373999260897
A06395,Golden Valley Physicians Group,Virginia,2022,0,0,0.19600800673385482
A06398,Maplewood Integrated Health Network,Minnesota,2022,0,0,0.16022025786318078
A06399,Oakridge Health Partners Health System,New York,2022,0,0,0.24632724827120855
A06405,Riverbend Medical Alliance,North Carolina,2022,0,0,0.07604632338487609
A06424,Oakridge Health Partners Alliance,Connecticut,2022,0,0,0.2836883674972436
A06429,Maplewood Health Partners Health System,Missouri,2022,0,0,0.08864376837373732
A06434,Parkview Health Group,Pennsylvania,2022,0,0,0.027799885129935344
A06435,Community Clinical Partners Alliance,Washington,2022,0,0,0.1036699172627376
A06437,Heritage Health Collaborative Care Network,Tennessee,2022,0,0,0.12110104777273366
A06438,Summit Healthcare Physician Alliance,Massachusetts,2022,1,0,0.11754138552788979
A06451,Gateway Healthcare Medical Center,Florida,2022,0,0,0.17086065980394338
A06454,Unity Clinical Partners Care Network,Missouri,2022,0,0,0.091747602037026
A06467,Horizon Healthcare Association,Tennessee,2022,0,0,0.050978264214162045
A06473,Mountain View Community Care Care Network,Ohio,2022,0,0,0.11803454193611772
A06476,Golden Valley Wellness Network,Missouri,2022,0,0,0.412839013548322
A06477,Stonebridge Health Partners Health System,Virginia,2022,0,0,0.2662124344140315
A06483,Meadow Care Network Health System,Georgia,2022,0,0,0.05472088076102732
A06484,WellSpring Care Alliance Group,Minnesota,2022,0,0,0.07555944950324008
A06491,Crestview Provider Alliance Care Network,Alabama,2022,0,0,0.1419942549522479
A06494,Mountain View Health Care Network,Florida,2022,1,0,0.21918798804462264
A06495,WellSpring Health Partners Group,Tennessee,2022,0,0,0.056676357755892776
A06501,Redwood Wellness Medical Center,Ohio,2022,0,0,0.048272950491132526
A06505,Evergreen Health Alliance Network,Minnesota,2022,1,1,0.5824306005122886
A06512,Silverstone Care Network Care Network,Minnesota,2022,0,0,0.07313384170812286
A06521,Heartland Physician Network Alliance,Massachusetts,2022,0,0,0.3135735413267251
A06523,Fairview Wellness Collaborative,Maryland,2022,1,1,0.6854876575895789
A06531,Crestview Care Partners,North Carolina,2022,0,0,0.19411980769613474
A06535,Gateway Medical Group Medical Center,Wisconsin,2022,1,1,0.9529996355961353
A06538,Meadow Provider Alliance Care Network,Wisconsin,2022,0,0,0.16539365702883818
A06541,Meadow Wellness Network,Colorado,2022,0,0,0.046491525222225515
A06542,Eastgate Care Alliance Partners,Pennsylvania,2022,0,0,0.0345220134935466
A06545,Beacon Health Alliance Partners,North Carolina,2022,0,0,0.08556401389885897
A06553,Mountain View Care Partners Medical Center,Connecticut,2022,0,0,0.05055194267360094
A06556,Blue Ridge Care Network Collaborative,New York,2022,0,0,0.02442567430122704
A06558,Canyon Integrated Health Collaborative,New York,2022,1,1,0.6384463614492429
A06560,Silverstone Healthcare Health System,Connecticut,2022,0,0,0.019748831197992957
A06564,Cedar Medical Partners Collaborative,Minnesota,2022,0,0,0.12654220815295644
A06580,Clearview Care Alliance Network,Illinois,2022,1,0,0.2014548431144004
A06592,Cedar Health Network Care Network,Colorado,2022,0,0,0.18159119190624864
A06606,Fairview Care Partners Partners,Tennessee,2022,0,0,0.23429998783249473
A06607,Unity Health Network Association,California,2022,0,0,0.09158898722055159
A06622,Eastgate Care Group,New York,2022,0,0,0.06940811031855897
A06624,Evergreen Health Network Partners,Wisconsin,2022,0,0,0.10106520102304745
A06627,Fairview Clinical Partners Collaborative,Ohio,2022,0,0,0.09266833766128425
A06635,Summit Care Collaborative,Illinois,2022,0,0,0.05929955397526749
A06638,Cedar Medical Group Alliance,Ohio,2022,0,0,0.08152434362901854
A06640,Grandview Clinical Partners Health System,California,2022,1,0,0.1953795417286183
A06645,Gateway Physician Network Network,New Jersey,2022,0,0,0.12626480074890925
A06648,Pioneer Health Association,Colorado,2022,0,0,0.22789344060171854
A06654,Westfield Provider Alliance Medical Center,Michigan,2022,0,0,0.1286444297682862
A06656,Oakridge Health Collaborative Physician Alliance,Florida,2022,0,0,0.2825673852222413
A06660,Maplewood Healthcare Health System,Washington,2022,1,1,0.5856887995944771
A06661,Blue Ridge Health Collaborative,Minnesota,2022,0,0,0.20065416151349022
A06664,Meadow Medical Group Partners,California,2022,0,0,0.25233470777723066
A06665,Stonebridge Health Medical Center,Pennsylvania,2022,0,0,0.08677532617653792
A06669,Heritage Health Network Collaborative,North Carolina,2022,0,0,0.1733105123205283
A06672,Brookside Care Partners Medical Center,Illinois,2022,1,1,0.8501954270081764
A06674,Fairview Medical Medical Center,Missouri,2022,0,0,0.1845086663144441
A06681,Eastgate Physician Network Group,Massachusetts,2022,0,0,0.14292729586353123
A06683,Pinnacle Medical Collaborative,Wisconsin,2022,0,0,0.05605465871372415
A06687,Evergreen Healthcare Collaborative,Connecticut,2022,0,0,0.09788573193880244
A06689,Riverside Integrated Health Physician Alliance,Indiana,2022,0,0,0.02531213029804398
A06692,Grandview Care Network Network,Missouri,2022,0,0,0.18275763234776626
A06693,Meadow Care Alliance,Colorado,2022,0,0,0.11750233977371057
A06696,Grandview Physicians Partners,Minnesota,2022,0,0,0.11434343825676331
A06700,WellSpring Medical Partners Alliance,Pennsylvania,2022,0,0,0.04248229918639586
A06702,Community Wellness Network,Minnesota,2022,0,0,0.06637119283745252
A06703,Beacon Health Collaborative,Alabama,2022,0,0,0.26230100331604567
A06705,Silverstone Care Collaborative,Texas,2022,1,1,0.7093670046066118
A06716,Clearview Medical Group Partners,Massachusetts,2022,0,0,0.06346798885763645
A06722,Redwood Care Partners,Massachusetts,2022,0,0,0.10479980511018291
A06748,Evergreen Health Collaborative Medical Center,Michigan,2022,0,0,0.1728465372749215
A06761,Highland Medical Health System,New Jersey,2022,0,0,0.20518188982698146
A06763,Green Valley Care Network Care Network,Washington,2022,1,1,0.6951757621662318
A06769,Pinnacle Medical Physician Alliance,North Carolina,2022,1,0,0.14281914947832836
A06783,Parkview Provider Alliance Association,Michigan,2022,0,0,0.035818985826904466
A06787,Horizon Care Network,Alabama,2022,0,0,0.1730447780510817
A06795,Silverstone Health Collaborative Group,Missouri,2022,0,0,0.30011264025471707
A06801,Unity Medical Partners,Minnesota,2022,0,0,0.11610686820099544
A06802,Horizon Medical Care Network,Georgia,2022,1,0,0.12996459788507722
A06807,Brookside Health Physician Alliance,Alabama,2022,0,0,0.07667466154025397
A06816,Golden Valley Health Network Care Network,Pennsylvania,2022,0,0,0.10071133816725199
A06835,Clearview Physicians Alliance,New Jersey,2022,0,0,0.1980834748666644
A06842,Lakeside Care Alliance Physician Alliance,Pennsylvania,2022,0,0,0.035846929861864156
A06846,Heritage Community Care Association,Arizona,2022,0,0,0.20624993364533478
A06849,Grandview Medical Physician Alliance,Georgia,2022,1,0,0.3543795784636984
A06851,Golden Valley Care Alliance Group,North Carolina,2022,0,0,0.06808127750534142
A06861,Green Valley Wellness Health System,Connecticut,2022,0,0,0.10502503853703632
A06865,Crestview Wellness Physician Alliance,Texas,2022,0,0,0.3490405206228464
A06907,Highland Medical Collaborative,Missouri,2022,0,0,0.14163017486644577
A06911,Highland Healthcare Physician Alliance,Indiana,2022,0,0,0.3143644096684994
A06918,Mountain View Care Network Group,New Jersey,2022,0,0,0.10097799884671625
A06919,Heritage Community Care Medical Center,Colorado,2022,0,0,0.06409379836302123
A06921,Crestview Care Partners Care Network,Virginia,2022,0,0,0.11823494153871873
A06940,Clearview Health Partners Alliance,Michigan,2022,0,0,0.27034152448777815
A06954,Redwood Physicians Physician Alliance,Georgia,2022,0,0,0.07796620040992482
A06955,Green Valley Provider Alliance Alliance,Connecticut,2022,0,0,0.04583086300296443
A06962,Eastgate Health Partners Health System,Minnesota,2022,0,0,0.021272069843398467
A06969,Horizon Medical Partners Medical Center,Massachusetts,2022,0,0,0.06997068879988987
A06971,Community Healthcare Group,Missouri,2022,0,0,0.04827624403035446
A06982,Green Valley Healthcare Alliance,Georgia,2022,1,1,0.6044974278180079
A06990,Parkview Clinical Partners Collaborative,Missouri,2022,0,0,0.02996824039878043
A06993,Eastgate Care Association,Alabama,2022,1,0,0.10628092325766193
A06994,Summit Community Care Association,Ohio,2022,0,0,0.1122745691922222
A06996,Golden Valley Care Network Collaborative,Maryland,2022,0,0,0.30233726114826814
A07011,Heritage Health Network Physician Alliance,Oregon,2022,0,0,0.1486260734786962
A07016,Riverbend Care Medical Center,Massachusetts,2022,0,0,0.08531128626290599
A07032,Springfield Care Network Network,Indiana,2022,0,0,0.026998853665466
A07038,Evergreen Care Partners Collaborative,Colorado,2022,0,0,0.08863951751520563
A07057,Mountain View Wellness Alliance,New York,2022,0,0,0.13784380714476746
A07062,WellSpring Care Partners Physician Alliance,Minnesota,2022,0,0,0.13390003937809403
A07065,Valley Health Alliance Network,North Carolina,2022,0,0,0.22420245565100583
A07069,Pioneer Provider Alliance Association,Alabama,2022,0,0,0.12576665528918407
A07073,Lakeside Medical Partners Medical Center,Missouri,2022,0,0,0.2294056406973316
A07079,Oakridge Health Alliance Network,Washington,2022,0,0,0.3261878847950038
A07081,Westfield Care Network Alliance,Alabama,2022,0,0,0.23066013642969488
A07083,Riverbend Physician Network Association,Virginia,2022,0,0,0.21433800826262875
A07084,Stonebridge Community Care Network,Indiana,2022,0,0,0.1005480543843969
A07085,Green Valley Care Care Network,Texas,2022,0,0,0.23988740243515239
A07089,Riverbend Health Collaborative Network,Ohio,2022,0,0,0.18081277281480554
A07093,Pinnacle Health Collaborative Partners,Maryland,2022,0,0,0.09234032520379541
A07101,Silverstone Physician Network Collaborative,Michigan,2022,0,0,0.04492809412887768
A07106,Heartland Integrated Health Medical Center,Indiana,2022,1,1,0.5381085742165608
A07110,Riverside Health Collaborative Association,Michigan,2022,0,0,0.35401711298316124
A07112,Blue Ridge Care Partners Care Network,Tennessee,2022,0,0,0.15441471581680596
A07119,Stonebridge Health Partners Group,New York,2022,1,0,0.46989237249362326
A07122,Maplewood Provider Alliance Alliance,Oregon,2022,0,0,0.13215926892956886
A07125,Highland Health Partners Network,North Carolina,2022,0,0,0.3623716051980063
A07136,Riverside Physician Network Medical Center,Illinois,2022,0,0,0.0521563416794511
A07137,Horizon Health Collaborative Network,Tennessee,2022,0,0,0.026149734102861158
A07138,Silverstone Healthcare Alliance,Florida,2022,1,1,0.7544790848398553
A07143,Gateway Care Alliance Collaborative,New Jersey,2022,1,1,0.6970350371843367
A07144,Springfield Health Partners,Tennessee,2022,0,0,0.044619812734754606
A07147,Redwood Wellness Alliance,Michigan,2022,0,0,0.1407594448190716
A07152,Brookside Health Alliance Network,Alabama,2022,0,0,0.03827049492584651
A07155,Beacon Physician Network Collaborative,Florida,2022,1,0,0.18698586386444332
A07161,Pioneer Clinical Partners Care Network,Massachusetts,2022,0,0,0.2625312357648649
A07175,Mountain View Clinical Partners Physician Alliance,Georgia,2022,0,0,0.06346490690628431
A07179,Fairview Medical Partners Medical Center,Virginia,2022,0,0,0.06725801720236188
A07184,Lakeside Health Collaborative Alliance,Texas,2022,0,0,0.21595838270486653
A07193,Fairview Clinical Partners Network,Wisconsin,2022,0,0,0.05966092441842105
A07203,Summit Provider Alliance Care Network,Oregon,2022,0,0,0.08135801842796013
A07209,Silverstone Health Partners Care Network,New Jersey,2022,0,0,0.05916640411575849
A07215,Horizon Health Collaborative Collaborative,Arizona,2022,0,0,0.013766335815740893
A07221,Maplewood Physician Network Collaborative,Minnesota,2022,0,0,0.015801285261129543
A07223,Summit Care Partners Collaborative,Maryland,2022,0,0,0.04865335666167037
A07224,Brookside Care Partners,Oregon,2022,0,0,0.11375757174382492
A07228,Valley Wellness Physician Alliance,Michigan,2022,1,1,0.8619242813960003
A07231,Community Health Network Care Network,New Jersey,2022,1,1,0.7125454076135282
A07236,Community Health Alliance Health System,Ohio,2022,0,0,0.04912458452035433
A07238,Westfield Health Network Physician Alliance,Connecticut,2022,0,0,0.10046730167932376
A07239,Highland Care Partners Health System,Pennsylvania,2022,0,0,0.08595864421081957
A07243,Green Valley Care Network Alliance,Oregon,2022,1,1,0.7393989733450336
A07248,Northstar Health Physician Alliance,Tennessee,2022,0,0,0.1565510520551629
A07250,Heartland Wellness Association,Texas,2022,0,0,0.032359335924938476
A07254,Beacon Medical Group,Washington,2022,0,0,0.11059407911184023
A07264,Riverside Community Care Health System,Massachusetts,2022,1,1,0.8497407968303144
A07267,Riverbend Wellness Medical Center,Florida,2022,0,0,0.01879380514815051
A07274,Mountain View Health Collaborative Care Network,Virginia,2022,0,0,0.08564119746915694
A07284,Lakeside Care Alliance Association,Illinois,2022,0,0,0.24450615532062606
A07291,Gateway Care Collaborative,Wisconsin,2022,0,0,0.26671328368704406
A07297,Summit Healthcare Care Network,Maryland,2022,0,0,0.05813516120729374
A07299,Gateway Health Alliance Association,Texas,2022,0,0,0.08863951751520563
A07303,Westfield Integrated Health Group,Massachusetts,2022,1,0,0.2255562658414533
A07334,Unity Health Health System,Tennessee,2022,0,0,0.11997573074578124
A07341,Northstar Care Network Alliance,New Jersey,2022,0,0,0.01684454969746965
A07346,Northstar Provider Alliance Care Network,Alabama,2022,0,0,0.03979370987209115
A07351,Northstar Medical Group Medical Center,Missouri,2022,0,0,0.03589150966899116
A07356,Community Physicians Physician Alliance,New Jersey,2022,0,0,0.05266384521721488
A07358,Golden Valley Wellness Health System,Illinois,2022,0,0,0.03491030007979257
A07361,Metro Integrated Health Care Network,Arizona,2022,0,0,0.09200212602195178
A07362,Pioneer Healthcare Partners,Connecticut,2022,1,1,0.9755468597273894
A07374,Oakridge Care Network Health System,Michigan,2022,0,0,0.13909449349624275
A07377,Grandview Physician Network Care Network,Pennsylvania,2022,0,0,0.15507669240944744
A07384,Summit Physician Network Medical Center,Minnesota,2022,0,0,0.1798557686040221
A07403,Clearview Medical Partners Partners,Ohio,2022,0,0,0.08362975031598965
A07414,Westfield Medical Partners,Ohio,2022,1,1,0.7027688395392653
A07416,Clearview Integrated Health Group,Indiana,2022,0,0,0.07986479551142907
A07420,Oakridge Medical Partners Alliance,Indiana,2022,0,0,0.07841372282108941
A07432,Evergreen Clinical Partners Health System,Illinois,2022,1,0,0.19182835200925902
A07434,Heritage Provider Alliance Collaborative,Minnesota,2022,0,0,0.17997720569375875
A07436,WellSpring Care Network Medical Center,Texas,2022,0,0,0.09746837870972351
A07442,Redwood Health Alliance Association,Illinois,2022,1,1,0.9065877533140321
A07450,Crestview Community Care Partners,California,2022,0,0,0.2312672530020247
A07452,Heartland Care Partners Group,Virginia,2022,0,0,0.08249958436725403
A07459,Unity Health Collaborative Partners,Connecticut,2022,0,0,0.2353865997436546
A07460,Lakeside Care Physician Alliance,Oregon,2022,0,0,0.14597507705872795
A07464,Silverstone Physicians Alliance,New York,2022,1,1,0.9752819007367877
A07467,Blue Ridge Physicians Collaborative,Texas,2022,0,0,0.21256682241063704
A07471,Evergreen Clinical Partners Alliance,New York,2022,0,0,0.029631857228721695
A07487,Horizon Clinical Partners Care Network,New Jersey,2022,1,1,0.6637946533943917
A07497,Redwood Care Alliance,Texas,2022,0,0,0.09931474911333887
A00005,Mountain View Care Alliance Collaborative,Ohio,2023,0,0,0.11664503512276575
A00011,Heritage Wellness Network,Maryland,2023,1,0,0.2756040093447613
A00012,Unity Provider Alliance Association,Florida,2023,0,0,0.05362421908748992
A00020,Canyon Care Alliance Medical Center,Texas,2023,0,0,0.07902630900834942
A00025,Northstar Healthcare Alliance,Oregon,2023,0,0,0.07916359218452182
A00028,Unity Medical Partners Health System,Alabama,2023,0,0,0.035818985826904466
A00047,Riverbend Care Alliance Alliance,Florida,2023,0,0,0.3080561095736526
A00054,Green Valley Medical Group Health System,Minnesota,2023,0,0,0.1502443959343792
A00055,Westfield Medical Partners Network,Illinois,2023,0,0,0.1803902675616454
A00059,Metro Care Partners Health System,Ohio,2023,0,0,0.02173993902569147
A00064,Metro Clinical Partners Physician Alliance,Michigan,2023,0,0,0.060398278358599074
A00070,Highland Physician Network Physician Alliance,Maryland,2023,0,0,0.07830865343061151
A00082,Heartland Care Alliance Care Network,Wisconsin,2023,0,0,0.20163106826603858
A00083,Heritage Wellness Health System,Pennsylvania,2023,1,0,0.12694656135210483
A00084,Meadow Medical Physician Alliance,Tennessee,2023,1,0,0.24593559816573246
A00087,Stonebridge Health Alliance Health System,Connecticut,2023,1,1,0.8424256466231584
A00094,Metro Care Care Network,Massachusetts,2023,0,0,0.0315943799406178
A00114,Westfield Community Care Medical Center,Missouri,2023,0,0,0.13290149090181916
A00116,Heartland Medical Group Collaborative,New York,2023,0,0,0.10340040147880934
A00132,WellSpring Health Network Medical Center,Minnesota,2023,0,0,0.016326597589694004
A00133,Clearview Health Partners Network,Tennessee,2023,0,0,0.1230844831671398
A00143,Springfield Clinical Partners Care Network,Maryland,2023,0,0,0.22832078841754885
A00146,Pinnacle Care Alliance Medical Center,Minnesota,2023,0,0,0.4138193245736993
A00177,Parkview Integrated Health Network,Indiana,2023,0,0,0.21506459699897093
A00178,Metro Wellness Medical Center,Texas,2023,0,0,0.17355073683997158
A00180,Highland Physician Network Care Network,New York,2023,1,0,0.10532014841607949
A00183,WellSpring Physician Network Group,Arizona,2023,0,0,0.034650776854906085
A00189,Mountain View Health Collaborative Partners,Texas,2023,0,0,0.021221607133928466
A00199,Grandview Medical Partners Collaborative,Oregon,2023,0,0,0.365852894582969
A00204,Golden Valley Physicians Care Network,Indiana,2023,0,0,0.0352500277989686
A00206,Parkview Health Partners Partners,Missouri,2023,0,0,0.04762337840147721
A00207,Gateway Health Partners Network,Washington,2023,0,0,0.0885605975007892
A00210,Redwood Physician Network Care Network,Ohio,2023,1,1,0.8227031551749705
A00223,Golden Valley Clinical Partners Association,Wisconsin,2023,0,0,0.04977569999162261
A00227,Golden Valley Care Network Group,New York,2023,0,0,0.025269555607436964
A00228,Highland Care Alliance Physician Alliance,Indiana,2023,0,0,0.030400055708783787
A00229,Heartland Health Alliance,Alabama,2023,0,0,0.015058064563793841
A00233,Horizon Medical Partners Alliance,Maryland,2023,0,0,0.11376959341062205
A00234,Valley Health Collaborative Medical Center,Oregon,2023,0,0,0.1942541948243221
A00237,Grandview Health Alliance Health System,Pennsylvania,2023,0,0,0.14419196097224474
A00247,Riverbend Health Alliance Group,Arizona,2023,0,0,0.10284398359425306
A00252,Gateway Care Network Network,Maryland,2023,0,0,0.2025059960549207
A00256,Valley Integrated Health Care Network,New York,2023,1,0,0.24411806531562202
A00260,Springfield Healthcare Network,Connecticut,2023,0,0,0.33964649786915563
A00262,Pinnacle Wellness Physician Alliance,Massachusetts,2023,0,0,0.125462167367756
A00264,Pinnacle Health Alliance Association,Minnesota,2023,0,0,0.1573813100869784
A00270,Valley Care Partners Medical Center,Colorado,2023,0,0,0.13057871130750187
A00285,Springfield Physicians Medical Center,Michigan,2023,0,0,0.18997266296125506
A00289,Oakridge Physicians Physician Alliance,Colorado,2023,0,0,0.12090697785401325
A00290,Riverside Physician Network Collaborative,Virginia,2023,1,1,0.7000346628169177
A00292,Stonebridge Care Partners,Michigan,2023,1,1,0.6813885698100058
A00294,Metro Medical Group Partners,Colorado,2023,0,0,0.056188754381771996
A00298,Heartland Medical Group Alliance,California,2023,1,1,0.6583977907771386
A00300,Grandview Physician Network Partners,Colorado,2023,0,0,0.17826534135901817
A00317,Blue Ridge Physicians Association,Massachusetts,2023,0,0,0.17715789150899502
A00320,Community Medical Group Care Network,California,2023,0,0,0.3261878847950038
A00323,Riverbend Care Network,Georgia,2023,0,0,0.13113097303035323
A00332,Valley Health Partners Group,Alabama,2023,0,0,0.04949805370491771
A00349,Unity Care Medical Center,Texas,2023,0,0,0.09317480285175027
A00352,Westfield Health Alliance Association,Virginia,2023,0,0,0.09445428751213955
A00354,Pinnacle Medical Health System,Washington,2023,0,0,0.1220427913207224
A00364,Fairview Community Care Physician Alliance,Ohio,2023,0,0,0.20931518345045375
A00378,Clearview Health Collaborative Collaborative,Ohio,2023,0,0,0.07128294563778757
A00385,Fairview Health Alliance,Colorado,2023,0,0,0.09524464595456034
A00387,Pinnacle Health Collaborative Physician Alliance,Virginia,2023,0,0,0.25734342715458974
A00388,Unity Health Partners Collaborative,Florida,2023,0,0,0.021686986734493544
A00401,Heartland Health Collaborative Group,Florida,2023,1,0,0.3782856049614217
A00403,Metro Care Alliance Care Network,Virginia,2023,0,0,0.027165366912518026
A00411,Green Valley Health Alliance Network,New York,2023,0,0,0.027760197239018226
A00418,Redwood Healthcare Network,Illinois,2023,0,0,0.1275816115917091
A00425,Crestview Medical Medical Center,Illinois,2023,1,0,0.207763132810718
A00427,Cedar Medical Partners Alliance,Georgia,2023,0,0,0.024766834285255123
A00428,Grandview Health Collaborative Group,Colorado,2023,0,0,0.11569414470589505
A00436,Gateway Health Alliance Care Network,Missouri,2023,0,0,0.0462614004212759
A00441,Gateway Medical Partners Collaborative,Wisconsin,2023,1,1,0.7946620041000401
A00443,Metro Care Medical Center,Oregon,2023,0,0,0.15651256013682702
A00446,Beacon Care Partners Care Network,Ohio,2023,0,0,0.11034453999224603
A00447,Westfield Medical Group,Georgia,2023,0,0,0.04521326787693139
A00451,Highland Clinical Partners Health System,Wisconsin,2023,0,0,0.14406441349219667
A00478,Beacon Care Partners Physician Alliance,Arizona,2023,0,0,0.16573688011933235
A00481,Brookside Medical Partners Health System,Washington,2023,0,0,0.036818901369514025
A00497,Green Valley Medical Care Network,Washington,2023,0,0,0.05746169654212443
A00510,Redwood Clinical Partners Collaborative,Maryland,2023,0,0,0.02183746677072616
A00514,Canyon Medical Group Medical Center,Florida,2023,0,0,0.12360476190613116
A00515,Redwood Integrated Health Medical Center,New York,2023,0,0,0.022524453240730855
A00523,Stonebridge Clinical Partners Group,Massachusetts,2023,0,0,0.0021517057227069774
A00525,Heritage Care Partners Group,Missouri,2023,0,0,0.19618030633560818
A00547,Mountain View Provider Alliance Network,Texas,2023,0,0,0.2553804773143757
A00550,Pioneer Health Collaborative Network,California,2023,1,0,0.11352539418564309
A00556,Highland Integrated Health Alliance,Massachusetts,2023,0,0,0.12095289236020544
A00561,Highland Health Partners Association,Massachusetts,2023,0,0,0.023921782832308988
A00565,Beacon Care Network Alliance,Maryland,2023,0,0,0.07086373109872021
A00574,Heritage Clinical Partners Group,Florida,2023,1,0,0.17943397085544313
A00575,Gateway Clinical Partners Network,Massachusetts,2023,0,0,0.15117087446899105
A00585,Pioneer Care Partners Physician Alliance,North Carolina,2023,0,0,0.17788332122680173
A00602,Community Community Care Network,Pennsylvania,2023,0,0,0.05534918417838542
A00619,Valley Health Alliance Health System,Washington,2023,0,0,0.10624796431491931
A00627,Fairview Care Collaborative,Missouri,2023,0,0,0.08863951751520563
A00634,Beacon Care Alliance Collaborative,Washington,2023,1,0,0.2781658254004714
A00638,Grandview Physicians Network,Texas,2023,0,0,0.09823687230742584
A00639,Silverstone Medical Partners Partners,Connecticut,2023,0,0,0.13246248470570923
A00652,Unity Health Network,Illinois,2023,0,0,0.22413605027540912
A00659,Metro Health Partners Collaborative,Massachusetts,2023,0,0,0.21174981640539084
A00663,Fairview Health Partners Partners,Wisconsin,2023,0,0,0.08706033574562405
A00680,Northstar Provider Alliance Medical Center,Indiana,2023,0,0,0.23725532494570545
A00682,Canyon Care Group,Alabama,2023,0,0,0.026921051104514072
A00687,Springfield Medical Medical Center,Tennessee,2023,0,0,0.2189186987450452
A00690,Heartland Healthcare Care Network,North Carolina,2023,0,0,0.05064638110739738
A00693,Cedar Health Collaborative Partners,New York,2023,0,0,0.27810243949977703
A00703,Heartland Healthcare Health System,Connecticut,2023,1,1,0.9731110769632246
A00707,Stonebridge Health Collaborative Collaborative,Missouri,2023,0,0,0.019202515436591495
A00708,Highland Medical Network,Connecticut,2023,1,1,0.5735479576554904
A00709,Summit Care Network Partners,New Jersey,2023,0,0,0.02954453739751633
A00719,Beacon Health Partners Alliance,Tennessee,2023,0,0,0.04367932851299102
A00721,Highland Health Alliance Health System,Florida,2023,0,0,0.1754547090033369
A00733,Northstar Care Alliance,Georgia,2023,0,0,0.14128729609841814
A00739,Horizon Healthcare Care Network,Georgia,2023,0,0,0.076892409690773
A00740,Redwood Care Health System,Connecticut,2023,0,0,0.030760484647009655
A00749,Heritage Provider Alliance Network,Wisconsin,2023,0,0,0.03641301970168164
A00771,Community Care Partners Group,New York,2023,0,0,0.07255490593004243
A00773,Northstar Health Collaborative Collaborative,Connecticut,2023,0,0,0.2881895807227432
A00776,Valley Health Alliance Alliance,Washington,2023,1,1,0.7777854904368751
A00794,WellSpring Clinical Partners Group,Minnesota,2023,0,0,0.21216064117247285
A00797,Eastgate Care Network Health System,New York,2023,0,0,0.11191048381971734
A00801,Beacon Medical Group Health System,Oregon,2023,0,0,0.1202348153886516
A00805,Northstar Healthcare Physician Alliance,North Carolina,2023,0,0,0.19864928375487317
A00806,Northstar Health Collaborative Alliance,Missouri,2023,1,1,0.9303414074928001
A00811,Gateway Care Partners Physician Alliance,Pennsylvania,2023,0,0,0.08473303194349845
A00814,Pioneer Health Network Group,Alabama,2023,0,0,0.17685235713789438
A00840,Golden Valley Care Partners Collaborative,California,2023,0,0,0.1152475209993388
A00848,Westfield Community Care Association,New York,2023,0,0,0.060955143439615174
A00857,Riverside Care Network Group,Alabama,2023,0,0,0.013132904586290559
A00867,Brookside Physicians Group,Oregon,2023,0,0,0.11984621270532679
A00869,Evergreen Integrated Health Alliance,New York,2023,0,0,0.022669231639876483
A00871,Stonebridge Physician Network Partners,Tennessee,2023,0,0,0.04195330829644536
A00878,Metro Care Network Group,Florida,2023,0,0,0.016533526591712727
A00892,Eastgate Medical Partners Alliance,Illinois,2023,0,0,0.263758055535664
A00900,Valley Health Collaborative Alliance,Ohio,2023,1,0,0.14409467907575244
A00902,Heritage Health Partners Collaborative,Minnesota,2023,0,0,0.06215427569186976
A00905,Green Valley Healthcare Collaborative,Colorado,2023,0,0,0.030634817689406922
A00907,WellSpring Health Partners Health System,Colorado,2023,0,0,0.18942345012486075
A00918,Horizon Care Partners Network,Minnesota,2023,0,0,0.0643995286494669
A00920,Cedar Community Care Alliance,Texas,2023,0,0,0.09273061957147995
A00925,Evergreen Provider Alliance Care Network,California,2023,0,0,0.3992963005874487
A00926,Maplewood Health Network Partners,Texas,2023,0,0,0.025303066755587137
A00937,Maplewood Health Collaborative Medical Center,North Carolina,2023,0,0,0.03602783802837661
A00942,Pioneer Health Alliance Partners,Oregon,2023,1,0,0.1723260770243013
A00947,Meadow Health Collaborative Association,Florida,2023,0,0,0.08597633225268836
A00953,Riverbend Medical Association,Ohio,2023,0,0,0.3814330091656384
A00954,Gateway Medical Group Collaborative,Washington,2023,1,0,0.10458913276462999
A00955,Metro Community Care Partners,California,2023,0,0,0.01672862050611661
A00958,Beacon Care Alliance Association,Maryland,2023,0,0,0.11774447148270084
A00964,Northstar Health Medical Center,California,2023,1,1,0.6837400296126022
A00967,Redwood Care Partners Group,Pennsylvania,2023,1,1,0.5582762432821173
A00970,Highland Clinical Partners Collaborative,Alabama,2023,1,1,0.9284615065996623
A00971,Canyon Health Alliance,Illinois,2023,0,0,0.21410310139202285
A00975,Highland Health Partners,Indiana,2023,0,0,0.19632683128260267
A00977,Parkview Care Network Group,Florida,2023,0,0,0.12779535758755556
A00986,Riverside Physicians Physician Alliance,Indiana,2023,0,0,0.00770947601678218
A00991,Horizon Medical Group Network,Colorado,2023,1,0,0.4097230893543314
A00999,Green Valley Healthcare Association,Wisconsin,2023,1,0,0.21357675963096656
A01000,Parkview Care Network Collaborative,Connecticut,2023,0,0,0.09634807302919773
A01010,Parkview Clinical Partners Association,Indiana,2023,0,0,0.16252020676580273
A01012,Heritage Medical Partners Group,Washington,2023,0,0,0.057876661598271234
A01015,Crestview Health Alliance Medical Center,Tennessee,2023,0,0,0.04747471356786314
A01017,Eastgate Care Alliance Care Network,Oregon,2023,0,0,0.055503412495912015
A01018,Eastgate Physician Network Network,Connecticut,2023,0,0,0.12492612941936207
A01031,Canyon Physician Network Care Network,Illinois,2023,0,0,0.13443198899358136
A01037,Crestview Health Partners Partners,Minnesota,2023,0,0,0.057726632144300155
A01042,Oakridge Care Alliance Partners,Texas,2023,0,0,0.38549398932201134
A01050,Metro Provider Alliance Network,New York,2023,0,0,0.2679364260312729
A01069,Lakeside Community Care Alliance,Missouri,2023,0,0,0.08193463346699352
A01079,Metro Physicians Care Network,Georgia,2023,0,0,0.047647727916882966
A01085,Summit Care Partners Partners,Oregon,2023,0,0,0.3622963621424098
A01087,Meadow Care Network Partners,Georgia,2023,0,0,0.12546579825372
A01088,Canyon Care Network Network,Tennessee,2023,0,0,0.08005085576602002
A01091,Valley Medical Partners Health System,Indiana,2023,0,0,0.2271763195806705
A01093,Mountain View Medical Partners Network,Washington,2023,0,0,0.04597650701817365
A01100,Mountain View Physicians Collaborative,Indiana,2023,0,0,0.07483484341028201
A01136,Redwood Wellness Physician Alliance,North Carolina,2023,0,0,0.09567156915582037
A01137,Springfield Health Partners Health System,Illinois,2023,0,0,0.16262142038164917
A01138,Lakeside Health Collaborative Care Network,Georgia,2023,0,0,0.11967478924796414
A01147,Heritage Physicians Network,Illinois,2023,0,0,0.10380898810753157
A01149,Canyon Wellness Group,New Jersey,2023,0,0,0.02296978679996483
A01151,Westfield Care Partners Collaborative,Florida,2023,0,0,0.41806066512773077
A01155,Golden Valley Health Partners Collaborative,Colorado,2023,0,0,0.2559715784001881
A01160,Horizon Healthcare Group,Michigan,2023,0,0,0.09329398469959801
A01164,Pinnacle Wellness Care Network,Missouri,2023,0,0,0.06265639391983213
A01166,Highland Health Collaborative,Colorado,2023,0,0,0.07981400559980636
A01169,Springfield Medical Partners,Michigan,2023,0,0,0.10509237502137198
A01171,Silverstone Healthcare Physician Alliance,Arizona,2023,1,0,0.3138236373185176
A01177,Stonebridge Medical Association,Massachusetts,2023,0,0,0.15986495308980322
A01179,Canyon Medical Partners Medical Center,Maryland,2023,0,0,0.1608278318888541
A01181,Heritage Physicians Collaborative,Washington,2023,0,0,0.03992539993912812
A01182,Gateway Physician Network Health System,Ohio,2023,1,0,0.23602613848920304
A01185,Pinnacle Health Partners Medical Center,Michigan,2023,1,1,0.5304827622795797
A01193,Heartland Physicians Alliance,Arizona,2023,0,0,0.19741919148671438
A01195,Community Care Medical Center,Wisconsin,2023,0,0,0.021529478273799627
A01205,Mountain View Provider Alliance Partners,Michigan,2023,1,1,0.8512512906881841
A01209,Riverbend Healthcare Physician Alliance,Minnesota,2023,0,0,0.06939053760053221
A01229,Riverbend Medical Group Care Network,California,2023,0,0,0.14944832073565797
A01230,Metro Health Collaborative Alliance,Maryland,2023,1,0,0.22103025386325842
A01235,Clearview Medical Partners Care Network,Massachusetts,2023,0,0,0.03875957402592861
A01242,Summit Care Partners Group,Georgia,2023,0,0,0.07326082916746511
A01245,Meadow Health Collaborative Physician Alliance,Ohio,2023,1,1,0.6228399530552345
A01246,Riverside Care Network Partners,California,2023,0,0,0.02538574335213943
A01247,Pinnacle Healthcare Partners,Wisconsin,2023,0,0,0.042233890237954715
A01259,Maplewood Physicians Care Network,Minnesota,2023,0,0,0.02602634399020705
A01261,Valley Healthcare Network,Washington,2023,1,1,0.9414369097731884
A01268,Valley Medical Group Alliance,Minnesota,2023,0,0,0.10405189892571247
A01269,Heartland Health Alliance Group,New York,2023,0,0,0.23573606167011932
A01270,Meadow Care Network Alliance,New Jersey,2023,0,0,0.07028562178323824
A01272,Metro Clinical Partners Alliance,Florida,2023,0,0,0.08838385368819526
A01281,Beacon Health Network Group,North Carolina,2023,0,0,0.23926707051039273
A01289,Mountain View Community Care Medical Center,Alabama,2023,0,0,0.13261810691069562
A01295,Valley Healthcare Partners,Wisconsin,2023,0,0,0.30357456740583255
A01298,Clearview Physicians Medical Center,Ohio,2023,0,0,0.09297185398688679
A01300,Valley Provider Alliance Physician Alliance,Arizona,2023,0,0,0.17015219973571669
A01303,Parkview Community Care Alliance,Michigan,2023,0,0,0.049661255686371225
A01309,Blue Ridge Medical Network,Ohio,2023,0,0,0.1401909106091769
A01310,Gateway Physicians Health System,Tennessee,2023,0,0,0.10703947892892232
A01311,Unity Medical Partners Physician Alliance,Texas,2023,0,0,0.08241284918050377
A01325,Parkview Care Alliance Network,Alabama,2023,0,0,0.09911741620985069
A01327,Eastgate Physicians Care Network,Pennsylvania,2023,0,0,0.044697678509776004
A01334,Highland Physician Network Health System,New York,2023,0,0,0.13087041133001984
A01336,Unity Health Network Care Network,Pennsylvania,2023,0,0,0.19842616342136574
A01344,Riverside Health Association,Maryland,2023,0,0,0.07286277426487932
A01355,Highland Healthcare Health System,Oregon,2023,0,0,0.2291808241874471
A01365,Green Valley Physician Network Care Network,Illinois,2023,0,0,0.42834824461984405
A01366,Lakeside Integrated Health Medical Center,Texas,2023,0,0,0.01221015695720693
A01368,Grandview Provider Alliance Network,Ohio,2023,0,0,0.1980027908674753
A01375,Brookside Health Alliance Care Network,New York,2023,0,0,0.03184512770407613
A01376,Cedar Health Medical Center,Ohio,2023,0,0,0.05385403753603956
A01377,Redwood Healthcare Partners,Maryland,2023,0,0,0.0
A01382,Green Valley Healthcare Health System,Missouri,2023,1,0,0.17456316921325474
A01384,Golden Valley Integrated Health Alliance,Washington,2023,0,0,0.10277370767079183
A01385,Crestview Medical Group Medical Center,Missouri,2023,0,0,0.08749306770411501
A01387,Metro Physicians Alliance,Tennessee,2023,0,0,0.019903884038527962
A01389,Maplewood Community Care Medical Center,California,2023,0,0,0.2629862690311344
A01397,Riverside Medical Care Network,New Jersey,2023,0,0,0.03414962100397017
A01399,Meadow Health Alliance Physician Alliance,Minnesota,2023,0,0,0.25990311772755287
A01401,Unity Provider Alliance Health System,Texas,2023,0,0,0.05167678074580154
A01407,Beacon Community Care Network,Connecticut,2023,1,0,0.16484487269145295
A01412,Canyon Provider Alliance Network,Tennessee,2023,1,0,0.17757035679365898
A01413,Westfield Care Alliance Care Network,Indiana,2023,1,0,0.34532948300457944
A01414,Maplewood Health Network Medical Center,New Jersey,2023,0,0,0.07038092667993283
A01417,Blue Ridge Medical Partners Alliance,New Jersey,2023,1,1,0.8759860790372735
A01420,Highland Wellness Health System,Colorado,2023,0,0,0.2343212476373079
A01421,Canyon Medical Group Collaborative,Arizona,2023,0,0,0.1202348153886516
A01423,Riverbend Community Care Care Network,Florida,2023,0,0,0.03812142917061051
A01439,Summit Clinical Partners Association,Missouri,2023,0,0,0.045289760154348734
A01445,Parkview Health Alliance Partners,Arizona,2023,1,0,0.29758140231600305
A01455,Brookside Care Partners Health System,Illinois,2023,0,0,0.2119406798316791
A01461,Redwood Provider Alliance Alliance,Colorado,2023,0,0,0.04693361534214484
A01462,Grandview Health Partners Network,Virginia,2023,0,0,0.0413295365470757
A01465,Green Valley Healthcare Care Network,Illinois,2023,0,0,0.03292334237630314
A01471,Northstar Integrated Health Alliance,Ohio,2023,0,0,0.03836830702453184
A01475,Beacon Health Partners Medical Center,Michigan,2023,0,0,0.09322854504990984
A01476,Redwood Medical Partners Health System,Wisconsin,2023,0,0,0.09772347160464405
A01477,Mountain View Care Network Physician Alliance,Connecticut,2023,0,0,0.042634455377814746
A01479,Beacon Medical Partners Association,New Jersey,2023,0,0,0.053421287245909645
A01487,Grandview Health Collaborative,Pennsylvania,2023,0,0,0.07132488666497454
A01492,Gateway Health Collaborative Collaborative,California,2023,0,0,0.13877629808640393
A01494,Meadow Healthcare Group,New York,2023,0,0,0.08430951298895442
A01500,Unity Medical Association,New York,2023,0,0,0.24132911887795902
A01510,Brookside Healthcare Alliance,Michigan,2023,0,0,0.050726636236614414
A01515,Oakridge Integrated Health Partners,Oregon,2023,0,0,0.17911236910590694
A01517,Golden Valley Health Physician Alliance,Missouri,2023,0,0,0.015444508757192908
A01521,Eastgate Health Alliance Medical Center,Colorado,2023,0,0,0.2562705964844763
A01522,Springfield Healthcare Group,Arizona,2023,0,0,0.14213953432758855
A01528,Redwood Wellness Partners,Georgia,2023,1,1,0.8728598477625651
A01529,Valley Care Alliance Care Network,Alabama,2023,0,0,0.24786511266994407
A01531,Oakridge Healthcare Partners,Connecticut,2023,1,1,0.8331403362625919
A01544,Stonebridge Care Network Care Network,New York,2023,0,0,0.05083822799352251
A01564,Mountain View Health Association,New Jersey,2023,1,1,0.7012699968717319
A01565,Valley Integrated Health Health System,Arizona,2023,0,0,0.22101837224289178
A01570,Gateway Healthcare Partners,Ohio,2023,1,0,0.14290653737039397
A01573,Canyon Medical Health System,New York,2023,0,0,0.04535384937004859
A01585,Gateway Integrated Health Network,Texas,2023,0,0,0.24745400870824788
A01588,Pinnacle Care Care Network,Minnesota,2023,0,0,0.05186555579995562
A01592,Evergreen Medical Partners Health System,California,2023,0,0,0.1150689417297043
A01595,Fairview Health Collaborative,Texas,2023,0,0,0.259369862413692
A01599,Evergreen Physician Network Group,Virginia,2023,0,0,0.1186629823078109
A01609,Northstar Medical Association,California,2023,0,0,0.28629764885415715
A01612,Green Valley Medical Partners Network,Massachusetts,2023,0,0,0.016092043314600003
A01616,Mountain View Medical Partners,Tennessee,2023,1,1,0.8535393000396713
A01620,Heritage Health Network Partners,Alabama,2023,0,0,0.06684875391722328
A01625,Eastgate Healthcare Collaborative,Virginia,2023,0,0,0.04073986832759194
A01629,Stonebridge Medical Group Care Network,Pennsylvania,2023,0,0,0.2423238848937798
A01630,Canyon Care Alliance,Pennsylvania,2023,1,0,0.09759144558418802
A01637,Pinnacle Wellness Alliance,Washington,2023,0,0,0.19241335068457982
A01654,Evergreen Wellness Association,Oregon,2023,0,0,0.1256853529605621
A01656,Crestview Medical Group Partners,Connecticut,2023,0,0,0.03634373035689962
A01663,Community Health Alliance Group,Connecticut,2023,0,0,0.07135779643505596
A01664,Oakridge Physicians Group,Indiana,2023,0,0,0.11096934479043453
A01665,Clearview Clinical Partners Medical Center,Massachusetts,2023,0,0,0.14235159906667963
A01670,Summit Community Care Health System,Illinois,2023,0,0,0.07453556994431926
A01682,Northstar Health Collaborative Medical Center,Tennessee,2023,1,1,0.7403984308650732
A01703,Oakridge Health Network Collaborative,Texas,2023,0,0,0.20877645471630946
A01706,Green Valley Health Partners Partners,Illinois,2023,0,0,0.27927325367593026
A01719,Springfield Integrated Health Network,Pennsylvania,2023,0,0,0.20951381227922286
A01723,Gateway Health Collaborative Physician Alliance,Connecticut,2023,1,0,0.06529235592497466
A01724,Pinnacle Physician Network Partners,Washington,2023,0,0,0.20796325034495142
A01727,WellSpring Healthcare Care Network,Washington,2023,0,0,0.0831347703414656
A01730,Pioneer Community Care Network,Florida,2023,1,0,0.3298157506697905
A01737,Horizon Medical Health System,Florida,2023,0,0,0.18561805673648443
A01739,Riverside Care Partners Network,Indiana,2023,0,0,0.04349132670553083
A01747,Silverstone Health Network Network,Tennessee,2023,0,0,0.048937072291929846
A01752,Parkview Health Alliance Association,Ohio,2023,0,0,0.09405528973962607
A01760,Clearview Physicians Group,Virginia,2023,0,0,0.06939522547251589
A01775,Cedar Medical Group Medical Center,Ohio,2023,1,1,0.6745430426202595
A01777,Oakridge Physicians Medical Center,Ohio,2023,0,0,0.10175844122052488
A01779,Springfield Care Network Collaborative,Washington,2023,0,0,0.047021533732901216
A01783,Beacon Community Care Medical Center,New Jersey,2023,0,0,0.03854573356635231
A01789,Beacon Physician Network Group,Pennsylvania,2023,0,0,0.014888145264791314
A01797,Crestview Provider Alliance Collaborative,California,2023,0,0,0.24977991511689557
A01813,Clearview Health Alliance Medical Center,New Jersey,2023,0,0,0.07233814035079866
A01814,Riverside Physician Network Group,Tennessee,2023,1,0,0.2179079129997265
A01816,Beacon Care Network Association,New Jersey,2023,0,0,0.2716450162654662
A01821,Parkview Wellness Medical Center,New York,2023,0,0,0.030798897057601384
A01822,Springfield Health Partners Care Network,Oregon,2023,1,1,0.8778928384552613
A01824,Cedar Healthcare Medical Center,Wisconsin,2023,0,0,0.09434683142123224
A01826,Heartland Health Care Network,Indiana,2023,1,0,0.13562896151342438
A01834,Horizon Health Group,Tennessee,2023,0,0,0.04681415620364704
A01837,Canyon Health Collaborative Group,Connecticut,2023,0,0,0.3021380158318055
A01847,Beacon Health Alliance Group,Tennessee,2023,0,0,0.03246277060619225
A01849,Gateway Care Alliance Network,Tennessee,2023,0,0,0.06348648583016481
A01860,Golden Valley Health Medical Center,Michigan,2023,0,0,0.09106360764195705
A01862,Fairview Care Network Group,Oregon,2023,0,0,0.04316077949079374
A01863,Canyon Physicians Medical Center,North Carolina,2023,0,0,0.05802091088969216
A01869,Redwood Provider Alliance Network,North Carolina,2023,0,0,0.05695850111088241
A01875,Canyon Physicians Network,Texas,2023,0,0,0.034635697944548884
A01876,Gateway Healthcare Health System,Connecticut,2023,0,0,0.09287232302621921
A01885,Heartland Health Partners Network,Maryland,2023,0,0,0.21272148784490186
A01886,Cedar Health Association,Ohio,2023,0,0,0.11894424681704457
A01891,Riverside Health Medical Center,North Carolina,2023,0,0,0.15542241639387885
A01893,Blue Ridge Integrated Health Partners,Connecticut,2023,0,0,0.26207577427039064
A01896,Riverside Physician Network Care Network,Maryland,2023,0,0,0.16375014925001163
A01900,WellSpring Provider Alliance Association,Virginia,2023,1,1,0.5507584427468507
A01902,Brookside Health Alliance Association,North Carolina,2023,0,0,0.05726238007264055
A01905,Pioneer Medical Partners Network,Connecticut,2023,0,0,0.021381933243818808
A01911,Grandview Care Alliance Partners,Florida,2023,0,0,0.03179050582809688
A01932,Brookside Clinical Partners Health System,Virginia,2023,0,0,0.057593755745788906
A01933,Unity Care Partners Partners,Michigan,2023,0,0,0.05622305294112222
A01939,Riverbend Provider Alliance Alliance,California,2023,0,0,0.06772088652119951
A01941,Springfield Health Collaborative Group,Pennsylvania,2023,0,0,0.08697782757307916
A01947,Pinnacle Health Alliance,Florida,2023,0,0,0.07861535164165392
A01950,Pioneer Care Alliance Physician Alliance,Washington,2023,0,0,0.12174102167031726
A01952,Grandview Medical Group Alliance,Arizona,2023,0,0,0.06615960230078587
A01956,Highland Care Partners Care Network,Ohio,2023,1,1,0.5405105835578873
A01958,Redwood Health Alliance Physician Alliance,Alabama,2023,0,0,0.07048798131870666
A01960,Stonebridge Community Care Medical Center,Ohio,2023,0,0,0.16354801132652397
A01962,Meadow Physician Network Care Network,Florida,2023,0,0,0.06624347661287626
A01965,Mountain View Healthcare Alliance,Arizona,2023,0,0,0.18288113203419334
A01970,Springfield Provider Alliance Collaborative,Tennessee,2023,1,1,0.6744682868936205
A01972,Beacon Health Group,Wisconsin,2023,0,0,0.24419332395344195
A01986,Brookside Community Care Association,North Carolina,2023,1,0,0.15446312394269668
A01988,Golden Valley Community Care Group,Connecticut,2023,0,0,0.041387335572442126
A01991,Meadow Wellness Collaborative,Washington,2023,0,0,0.17096728126147298
A01994,Meadow Care Partners Collaborative,Wisconsin,2023,1,0,0.1516238109804871
A01998,Meadow Community Care Network,Texas,2023,0,0,0.15845141947129032
A02003,Westfield Medical Care Network,Virginia,2023,1,1,0.9166765331930173
A02008,Pinnacle Health Network Physician Alliance,Texas,2023,0,0,0.08485159981553618
A02012,Highland Medical Group Care Network,California,2023,0,0,0.1626856957746118
A02013,Stonebridge Integrated Health Group,Virginia,2023,1,1,0.7596427841507933
A02019,Lakeside Health Group,Michigan,2023,0,0,0.025068300981134016
A02030,Mountain View Health Collaborative Health System,Oregon,2023,0,0,0.24855509814563895
A02032,Meadow Physicians Care Network,Pennsylvania,2023,0,0,0.08979235236226678
A02036,Pioneer Physicians Collaborative,Minnesota,2023,1,1,0.9305332303078157
A02037,WellSpring Health Health System,Colorado,2023,0,0,0.27469765832194215
A02043,Valley Medical Association,Minnesota,2023,0,0,0.040484533099785835
A02044,Meadow Health Network Medical Center,Colorado,2023,0,0,0.031919706170489844
A02046,Westfield Wellness Medical Center,Illinois,2023,0,0,0.23179223980559205
A02050,Silverstone Care Partners Collaborative,Massachusetts,2023,0,0,0.08251827178295298
A02052,Blue Ridge Care Network Network,New York,2023,0,0,0.1484215484440396
A02055,Community Care Group,North Carolina,2023,0,0,0.1927583368038241
A02068,Evergreen Health Partners Collaborative,Arizona,2023,0,0,0.02329852453709914
A02076,Mountain View Medical Partners Health System,Illinois,2023,0,0,0.27344964806053296
A02087,Metro Care Partners Collaborative,New York,2023,0,0,0.13787671896568582
A02090,Riverside Care Alliance Physician Alliance,California,2023,1,0,0.09498222591567364
A02092,Riverside Physicians Health System,Washington,2023,0,0,0.10208493275388408
A02094,Eastgate Medical Medical Center,Virginia,2023,0,0,0.19964976677743515
A02099,Riverside Health Partners Alliance,Florida,2023,0,0,0.33265392372364516
A02106,Metro Healthcare Health System,Oregon,2023,1,0,0.30982699315838114
A02108,Green Valley Physicians Care Network,Virginia,2023,0,0,0.009645420509523434
A02111,Valley Care Medical Center,Alabama,2023,0,0,0.03692051795464653
A02112,Westfield Medical Partners Physician Alliance,Ohio,2023,0,0,0.006353110879744055
A02113,Evergreen Provider Alliance Partners,Maryland,2023,0,0,0.11903131706428166
A02122,Highland Care Partners Association,Virginia,2023,0,0,0.10213784056378249
A02126,Parkview Health Alliance Health System,Maryland,2023,0,0,0.09091546856529535
A02156,Brookside Health Group,Oregon,2023,0,0,0.1382591549695469
A02172,Stonebridge Care Network Group,Wisconsin,2023,1,0,0.2390259894499124
A02176,Parkview Medical Association,Washington,2023,0,0,0.10076081006074862
A02178,WellSpring Community Care Health System,Indiana,2023,0,0,0.1707242850595725
A02182,Community Care Partners Medical Center,Georgia,2023,1,1,0.7491180200274168
A02183,Silverstone Medical Partners Group,Wisconsin,2023,0,0,0.15276179416573785
A02188,Golden Valley Physician Network Association,Illinois,2023,1,1,0.7178296891463296
A02192,Mountain View Provider Alliance Collaborative,California,2023,0,0,0.11875977626987279
A02195,Heartland Medical Partners Group,Virginia,2023,1,0,0.07907144987195576
A02200,Unity Health Network Group,Washington,2023,0,0,0.3760404859392814
A02221,WellSpring Care Alliance Care Network,Minnesota,2023,0,0,0.3490271922216382
A02222,Lakeside Physician Network Alliance,Georgia,2023,0,0,0.03486572387344253
A02232,Metro Provider Alliance Medical Center,Ohio,2023,0,0,0.15802115884144338
A02233,Oakridge Provider Alliance Network,Missouri,2023,0,0,0.2138001425545658
A02240,Pioneer Health Alliance Physician Alliance,California,2023,0,0,0.22395303868080899
A02242,Maplewood Health Medical Center,Arizona,2023,0,0,0.17323640101962276
A02246,Heartland Health Collaborative Physician Alliance,Alabama,2023,0,0,0.09181930364302207
A02251,Gateway Medical Partners Alliance,Ohio,2023,0,0,0.11870108350482673
A02264,Northstar Physicians Physician Alliance,Missouri,2023,0,0,0.06834530974192511
A02271,Beacon Medical Partners,Washington,2023,0,0,0.3989332224696565
A02278,Heritage Medical Partners Association,Massachusetts,2023,0,0,0.22681463566004884
A02283,Blue Ridge Physician Network Alliance,Massachusetts,2023,0,0,0.28933441003847193
A02290,Meadow Medical Partners,Michigan,2023,0,0,0.2274621912542286
A02291,Parkview Wellness Care Network,California,2023,0,0,0.07094108570988525
A02297,Riverside Health Collaborative Group,North Carolina,2023,0,0,0.19085096233578225
A02302,Oakridge Physicians Network,New York,2023,1,0,0.19127707238707858
A02313,Crestview Health Partners Medical Center,Virginia,2023,0,0,0.0600294824039575
A02346,Stonebridge Medical Partners Physician Alliance,New Jersey,2023,0,0,0.05216532607777766
A02349,Riverside Healthcare Physician Alliance,New Jersey,2023,0,0,0.09274163703132743
A02353,Redwood Health Alliance Network,Ohio,2023,0,0,0.06815892331586242
A02360,Riverbend Integrated Health Association,Tennessee,2023,0,0,0.44052256811200713
A02364,Heritage Physician Network Partners,North Carolina,2023,1,1,0.822810297579391
A02365,Parkview Care Association,Maryland,2023,0,0,0.2315154460610952
A02366,Oakridge Integrated Health Care Network,Pennsylvania,2023,0,0,0.043487247970433934
A02375,Maplewood Integrated Health Collaborative,New York,2023,0,0,0.04404949933004465
A02379,Northstar Health Partners Group,Massachusetts,2023,0,0,0.27927766044583746
A02386,Beacon Clinical Partners Association,Washington,2023,0,0,0.09833786232462277
A02390,Community Medical Partners Network,Illinois,2023,0,0,0.1382591549695469
A02393,Lakeside Physicians Health System,Massachusetts,2023,0,0,0.20340988713829483
A02400,Riverbend Health Collaborative Association,Wisconsin,2023,0,0,0.30828414283780825
A02413,Cedar Health Collaborative Alliance,Oregon,2023,0,0,0.09247298678432177
A02425,Heartland Health Alliance Physician Alliance,Minnesota,2023,0,0,0.11862631612807928
A02427,Maplewood Health Alliance,Missouri,2023,0,0,0.2791527480550353
A02430,Stonebridge Provider Alliance Collaborative,California,2023,0,0,0.1447680370128911
A02441,Lakeside Physicians Group,Arizona,2023,1,1,0.7746195071384195
A02445,Cedar Provider Alliance Collaborative,Washington,2023,0,0,0.033742767476466484
A02449,Northstar Community Care Medical Center,Michigan,2023,0,0,0.15558320569726647
A02451,Community Health Alliance Alliance,Florida,2023,0,0,0.10412035069166828
A02453,Highland Health Partners Partners,North Carolina,2023,0,0,0.17539076715055593
A02454,Evergreen Care Network Partners,Pennsylvania,2023,1,1,0.9163007780683823
A02457,Clearview Healthcare Group,Virginia,2023,0,0,0.11379713736194016
A02467,Grandview Provider Alliance Health System,Connecticut,2023,0,0,0.21980334126283294
A02468,Silverstone Integrated Health Alliance,New York,2023,0,0,0.08787123086759728
A02469,Valley Medical Group Physician Alliance,Minnesota,2023,0,0,0.05554747312017196
A02473,WellSpring Wellness Health System,Illinois,2023,0,0,0.3310527553573056
A02483,Brookside Health Alliance Health System,Michigan,2023,0,0,0.039598147466317984
A02484,Golden Valley Wellness Alliance,Texas,2023,0,0,0.02602634399020705
A02485,Silverstone Health Network Health System,Texas,2023,0,0,0.07580784482924625
A02487,Redwood Care Partners Network,Alabama,2023,0,0,0.03621664847576471
A02502,Parkview Medical Care Network,North Carolina,2023,0,0,0.29550639201530043
A02510,Maplewood Community Care Group,Oregon,2023,0,0,0.2635218620855311
A02517,Westfield Health Alliance Network,North Carolina,2023,0,0,0.07146521209927345
A02539,Summit Medical Partners Network,Wisconsin,2023,0,0,0.1566054707076809
A02543,Parkview Physician Network Physician Alliance,Arizona,2023,0,0,0.10127188784983793
A02545,Maplewood Integrated Health Health System,Georgia,2023,0,0,0.10792532753761255
A02572,Heartland Medical Partners Alliance,New Jersey,2023,0,0,0.04772553219072509
A02579,Horizon Health Alliance Physician Alliance,Illinois,2023,0,0,0.14955886166090882
A02580,Blue Ridge Health Network Collaborative,Indiana,2023,0,0,0.08351823810815118
A02581,Beacon Care Partners Partners,North Carolina,2023,0,0,0.08061666418253424
A02596,Unity Health Network Health System,Massachusetts,2023,0,0,0.1429295551793995
A02599,Riverside Health Alliance Association,Pennsylvania,2023,1,0,0.2190621996765347
A02610,Beacon Care Medical Center,New York,2023,1,0,0.27972981045766226
A02616,Riverside Health Care Network,California,2023,0,0,0.13919447143906843
A02619,Summit Healthcare Group,Illinois,2023,0,0,0.10073940683370468
A02623,Heritage Health Partners Association,New Jersey,2023,0,0,0.02564812516392891
A02624,Redwood Integrated Health Association,Missouri,2023,0,0,0.061065379174868234
A02629,Lakeside Clinical Partners Alliance,Colorado,2023,1,0,0.2978628509432762
A02635,Summit Care Alliance Medical Center,Virginia,2023,0,0,0.07302552157736827
A02638,Crestview Care Alliance Physician Alliance,Florida,2023,0,0,0.1738384514929454
A02639,Gateway Care Health System,Missouri,2023,0,0,0.16938186038318281
A02661,Pioneer Care Network,Connecticut,2023,0,0,0.0613621294864084
A02662,Silverstone Health Network Alliance,Wisconsin,2023,0,0,0.04960633571029392
A02664,Community Community Care Association,Pennsylvania,2023,0,0,0.2976998633988099
A02672,Mountain View Clinical Partners Alliance,Minnesota,2023,1,1,0.5924676398837402
A02673,Community Care Alliance Association,Colorado,2023,0,0,0.043394247452689605
A02675,Cedar Health Alliance Alliance,New York,2023,0,0,0.12084319401015561
A02679,Clearview Provider Alliance Network,Arizona,2023,0,0,0.09328319988512263
A02680,Evergreen Health Collaborative Network,Michigan,2023,0,0,0.029051629347837955
A02682,Fairview Care Partners Health System,Colorado,2023,0,0,0.08157124859027019
A02686,Pinnacle Care Network,Georgia,2023,0,0,0.05916640411575849
A02691,Pioneer Provider Alliance Partners,California,2023,0,0,0.16741387628494583
A02694,Stonebridge Care Network Physician Alliance,Indiana,2023,0,0,0.13523555593966916
A02696,Oakridge Medical Network,Oregon,2023,0,0,0.10161938000086718
A02703,Maplewood Medical Care Network,Wisconsin,2023,1,1,0.711166079547019
A02708,Maplewood Care Partners Network,Minnesota,2023,0,0,0.07645023512732664
A02712,Maplewood Physicians Physician Alliance,Colorado,2023,0,0,0.28562944305643995
A02720,Stonebridge Care Alliance Medical Center,Wisconsin,2023,0,0,0.02303501945556872
A02722,Parkview Integrated Health Alliance,Missouri,2023,0,0,0.007870583970361273
A02723,Eastgate Medical Partners Collaborative,Massachusetts,2023,0,0,0.11600220337379229
A02724,Brookside Medical Alliance,Missouri,2023,0,0,0.09024213151467622
A02738,Canyon Health Network Health System,Oregon,2023,0,0,0.16803198543004594
A02739,Pioneer Medical Group Group,Connecticut,2023,0,0,0.17410265817897919
A02740,Beacon Health Network Medical Center,Tennessee,2023,0,0,0.2418334168611413
A02752,Riverbend Health Alliance Physician Alliance,Connecticut,2023,0,0,0.015889069807917447
A02759,Beacon Integrated Health Care Network,Virginia,2023,0,0,0.19440484664068036
A02761,Northstar Clinical Partners Association,Arizona,2023,0,0,0.03701757759143922
A02763,Unity Integrated Health Physician Alliance,Connecticut,2023,0,0,0.04530812037283021
A02779,Metro Care Network Collaborative,New York,2023,1,0,0.36917261716712924
A02786,Community Community Care Physician Alliance,North Carolina,2023,0,0,0.013191609530067781
A02788,Summit Physician Network Health System,Pennsylvania,2023,0,0,0.07690775365323727
A02797,Meadow Provider Alliance Collaborative,Washington,2023,0,0,0.11492079214344356
A02799,Golden Valley Care Alliance Association,Illinois,2023,1,1,0.6693837489226033
A02803,Grandview Medical Partners Care Network,Alabama,2023,0,0,0.13866700611966543
A02804,Eastgate Care Network Physician Alliance,Minnesota,2023,1,0,0.3275084140798775
A02819,Riverbend Provider Alliance Physician Alliance,Michigan,2023,0,0,0.19949926526579495
A02848,Metro Care Alliance Alliance,New York,2023,0,0,0.09288709403638204
A02851,Northstar Clinical Partners Partners,Massachusetts,2023,0,0,0.33975254950931594
A02857,Clearview Physician Network Health System,Oregon,2023,0,0,0.23575306607132102
A02861,Green Valley Physicians Physician Alliance,Illinois,2023,0,0,0.07781228479668895
A02872,Oakridge Care Association,Michigan,2023,0,0,0.15048122059118993
A02874,Fairview Care Alliance Collaborative,Maryland,2023,0,0,0.21391480322287934
A02876,Northstar Health Network Network,California,2023,0,0,0.08496210376550022
A02883,Pioneer Health Collaborative Physician Alliance,Texas,2023,1,1,0.883670729745697
A02888,Valley Medical Alliance,Arizona,2023,0,0,0.12784092940507616
A02889,Lakeside Clinical Partners Group,New Jersey,2023,0,0,0.25487269095197546
A02894,Blue Ridge Provider Alliance Alliance,Minnesota,2023,1,0,0.06169449966918279
A02895,Gateway Medical Partners Health System,North Carolina,2023,0,0,0.0655621151840971
A02901,Golden Valley Health Network Health System,North Carolina,2023,0,0,0.030568131471347005
A02904,Mountain View Medical Partners Physician Alliance,North Carolina,2023,0,0,0.03378281917572201
A02907,Cedar Health Alliance Collaborative,Illinois,2023,0,0,0.19046073746851763
A02908,Gateway Health Network,Washington,2023,0,0,0.16537429577002802
A02911,Clearview Care Network Collaborative,Florida,2023,0,0,0.036715678627734165
A02922,Oakridge Health Partners Partners,Alabama,2023,1,1,0.6213026010512404
A02929,Clearview Care Partners Partners,Arizona,2023,0,0,0.3184579667593298
A02943,Evergreen Health Health System,Ohio,2023,0,0,0.08436614541621779
A02962,Grandview Care Alliance Alliance,Maryland,2023,0,0,0.13235940845892985
A02967,Riverside Care Alliance Medical Center,Connecticut,2023,0,0,0.1466201552918304
A02968,Clearview Medical Group Group,Georgia,2023,0,0,0.05129379712107229
A02969,Metro Health Collaborative Physician Alliance,Pennsylvania,2023,0,0,0.2663023840039351
A02972,Canyon Medical Network,Colorado,2023,0,0,0.10781774316275079
A02973,Clearview Medical Group Care Network,Tennessee,2023,0,0,0.20360828909047238
A02975,Eastgate Care Alliance Network,North Carolina,2023,0,0,0.17591914966647443
A02986,Cedar Health Network Network,Virginia,2023,0,0,0.06874160402439161
A02991,Horizon Provider Alliance Association,Texas,2023,0,0,0.24754412471218626
A02995,Crestview Medical Group Health System,Illinois,2023,0,0,0.2214679894088752
A03001,Cedar Integrated Health Health System,Georgia,2023,0,0,0.16336914882436504
A03004,Maplewood Physicians Network,New York,2023,0,0,0.24446187697900285
A03010,Brookside Physicians Network,Ohio,2023,0,0,0.14423431538036094
A03018,Beacon Provider Alliance Health System,Indiana,2023,1,0,0.30357938222618447
A03029,Springfield Healthcare Association,Michigan,2023,0,0,0.09565195273895083
A03037,Green Valley Health Alliance Alliance,Massachusetts,2023,0,0,0.05490524220556934
A03039,Canyon Community Care Health System,Massachusetts,2023,1,1,0.6519203292474883
A03040,Pinnacle Care Partners Association,New York,2023,0,0,0.02183746677072616
A03044,Metro Healthcare Association,Ohio,2023,0,0,0.16499832676313503
A03047,Crestview Health Collaborative Group,Texas,2023,1,1,0.7376299807031734
A03054,Riverside Physicians Care Network,Colorado,2023,0,0,0.1362961247638342
A03057,Eastgate Healthcare Health System,Indiana,2023,0,0,0.13116214437717408
A03059,Maplewood Physician Network Physician Alliance,California,2023,1,1,0.5961678510415163
A03063,Valley Health Network Care Network,Michigan,2023,0,0,0.0657966853827752
A03064,Crestview Healthcare Care Network,Wisconsin,2023,0,0,0.35077544245189174
A03070,Lakeside Wellness Alliance,Indiana,2023,0,0,0.031813658812952894
A03071,Meadow Care Group,Colorado,2023,1,0,0.3856548536573583
A03077,Maplewood Health Partners Care Network,Minnesota,2023,0,0,0.13238515830648212
A03079,Crestview Healthcare Health System,Tennessee,2023,0,0,0.03347508356585704
A03085,Cedar Clinical Partners Physician Alliance,Indiana,2023,0,0,0.19278326065465734
A03086,Silverstone Physicians Health System,Ohio,2023,0,0,0.04856695408159358
A03089,Mountain View Medical Group Partners,Washington,2023,0,0,0.017251944676980345
A03101,Parkview Care Network Alliance,Georgia,2023,0,0,0.024465063282346097
A03106,Westfield Physician Network Collaborative,Florida,2023,1,0,0.28260803464085055
A03111,Lakeside Wellness Partners,Michigan,2023,0,0,0.1202348153886516
A03112,Riverbend Medical Group Association,New Jersey,2023,0,0,0.08864439388824477
A03116,Community Health Alliance Partners,Oregon,2023,1,1,0.540514718478933
A03121,Canyon Physician Network Medical Center,Missouri,2023,0,0,0.055857626543130395
A03125,Clearview Care Alliance Association,Minnesota,2023,0,0,0.03952650323077844
A03126,Pinnacle Care Collaborative,Georgia,2023,0,0,0.15950473018791342
A03129,Crestview Clinical Partners Group,Minnesota,2023,0,0,0.042788810936976944
A03144,Gateway Integrated Health Collaborative,Wisconsin,2023,0,0,0.07708956377670574
A03146,Evergreen Physician Network Alliance,Pennsylvania,2023,1,1,0.6754597760327958
A03149,Parkview Physician Network Association,Alabama,2023,0,0,0.14715363886192587
A03152,Summit Health Network Association,Florida,2023,0,0,0.044885614419585614
A03156,Highland Clinical Partners Medical Center,Wisconsin,2023,0,0,0.09398647491212833
A03166,Stonebridge Medical Group Group,Texas,2023,0,0,0.1998625684049101
A03167,Crestview Health Alliance Partners,Indiana,2023,0,0,0.09465216725718958
A03172,Fairview Integrated Health Group,Colorado,2023,0,0,0.10318730691494311
A03185,Springfield Physicians Group,North Carolina,2023,0,0,0.16498450535825415
A03193,Riverbend Physicians Collaborative,Missouri,2023,1,1,0.7014798075472248
A03196,Highland Community Care Network,Missouri,2023,0,0,0.11324891985048417
A03200,Stonebridge Medical Group Partners,Washington,2023,0,0,0.1817214479595508
A03201,Beacon Community Care Alliance,Texas,2023,0,0,0.026939468024879832
A03202,Golden Valley Health Network Alliance,Missouri,2023,0,0,0.014088625141882258
A03204,Horizon Clinical Partners Medical Center,Washington,2023,0,0,0.15586603894142295
A03212,Green Valley Clinical Partners Group,California,2023,0,0,0.053954227079051266
A03217,Community Care Partners Care Network,Indiana,2023,0,0,0.0540091845408361
A03230,Gateway Health Alliance Physician Alliance,New York,2023,0,0,0.127576568925219
A03243,Beacon Wellness Association,Georgia,2023,0,0,0.12391451607908727
A03244,Gateway Physicians Medical Center,Colorado,2023,0,0,0.1799787474563776
A03256,Maplewood Community Care Network,Indiana,2023,0,0,0.07976820162870346
A03263,Springfield Healthcare Collaborative,Massachusetts,2023,0,0,0.08673074729641007
A03265,Summit Health Collaborative Network,California,2023,0,0,0.03037530122343235
A03268,Grandview Health Partners Alliance,Massachusetts,2023,0,0,0.2902184812889674
A03271,Cedar Health Alliance Association,Indiana,2023,1,1,0.5507584427468507
A03273,Stonebridge Care Alliance Alliance,Texas,2023,0,0,0.06076656531598208
A03284,Fairview Health Network Network,Wisconsin,2023,0,0,0.05001698099580887
A03291,Stonebridge Integrated Health Medical Center,California,2023,1,1,0.6541841254201195
A03293,Evergreen Medical Group,Indiana,2023,0,0,0.13888265406756392
A03296,Meadow Medical Group,Massachusetts,2023,0,0,0.126404698837797
A03305,Heartland Care Network Physician Alliance,New York,2023,0,0,0.04918736696345486
A03306,Crestview Physician Network Network,New Jersey,2023,0,0,0.24578299208430157
A03307,Unity Medical Group,Alabama,2023,0,0,0.08875573295874543
A03316,Pinnacle Health Alliance Alliance,Tennessee,2023,0,0,0.05882594113435625
A03317,Westfield Care Network Medical Center,Connecticut,2023,0,0,0.08738601642357625
A03320,Horizon Medical Group Collaborative,Pennsylvania,2023,0,0,0.16920319830982714
A03329,Springfield Medical Care Network,Indiana,2023,0,0,0.17279306799980745
A03335,Stonebridge Medical Partners Medical Center,Minnesota,2023,0,0,0.044836285929543356
A03340,Canyon Health Alliance Network,Virginia,2023,0,0,0.1531748590314065
A03346,Lakeside Health Partners Medical Center,Tennessee,2023,0,0,0.13312158794767234
A03347,Silverstone Healthcare Association,New York,2023,0,0,0.20437534815779895
A03359,Unity Medical Medical Center,Colorado,2023,0,0,0.07398357281722752
A03360,Blue Ridge Health Partners Partners,Missouri,2023,0,0,0.40417139302735355
A03361,Unity Health Alliance,Georgia,2023,0,0,0.16490991568633426
A03363,Metro Healthcare Group,Minnesota,2023,0,0,0.17948308637124746
A03373,Metro Care Partners Medical Center,Ohio,2023,0,0,0.08804804230287294
A03376,Heartland Community Care Collaborative,New York,2023,0,0,0.13754480767927033
A03379,Cedar Integrated Health Care Network,Maryland,2023,0,0,0.08990564215982619
A03388,Pinnacle Care Partners Collaborative,Missouri,2023,0,0,0.13084934081467126
A03396,Valley Health Network Network,California,2023,0,0,0.06874716131284626
A03408,Grandview Medical Medical Center,Tennessee,2023,0,0,0.0881205025796938
A03410,Lakeside Integrated Health Association,Pennsylvania,2023,1,1,0.6510265577554888
A03428,Riverbend Integrated Health Collaborative,Ohio,2023,0,0,0.05082958763051737
A03430,Fairview Health Network,New York,2023,1,0,0.3306550283186224
A03435,Community Health Partners Physician Alliance,Massachusetts,2023,0,0,0.008860843056450024
A03440,Valley Health Network Health System,California,2023,0,0,0.1275043020402258
A03444,Horizon Care Partners Health System,Washington,2023,0,0,0.13769213087691598
A03463,Clearview Community Care Group,Florida,2023,0,0,0.0908521096630588
A03467,Oakridge Physician Network Care Network,Massachusetts,2023,0,0,0.18877465291781814
A03470,Pinnacle Physicians Physician Alliance,North Carolina,2023,0,0,0.04934251412076045
A03474,Northstar Clinical Partners Care Network,Michigan,2023,0,0,0.11815496414422105
A03477,Crestview Medical Partners Partners,Colorado,2023,0,0,0.039815409280222626
A03478,Evergreen Physician Network Collaborative,Tennessee,2023,1,0,0.038162269927122204
A03483,Heritage Health Partners Physician Alliance,Illinois,2023,0,0,0.016326597589694004
A03491,Beacon Integrated Health Collaborative,North Carolina,2023,0,0,0.07717541639723034
A03504,Grandview Provider Alliance Group,Arizona,2023,0,0,0.1612403905223057
A03509,Highland Medical Group Medical Center,Ohio,2023,0,0,0.025172214074228493
A03512,Northstar Health Network Association,Minnesota,2023,1,1,0.543047459625435
A03515,Canyon Medical Group Physician Alliance,Oregon,2023,0,0,0.07116960421634239
A03517,Oakridge Health Network Care Network,Massachusetts,2023,0,0,0.016356809520533876
A03522,Gateway Clinical Partners Health System,Michigan,2023,0,0,0.1237269504949173
A03523,Pinnacle Health Network Medical Center,Georgia,2023,0,0,0.13931149673189017
A03525,Brookside Health Network Partners,Ohio,2023,0,0,0.07483684252814354
A03526,Golden Valley Care Alliance Care Network,Massachusetts,2023,0,0,0.04796396124843075
A03554,Community Physician Network Physician Alliance,Indiana,2023,0,0,0.2277837617256865
A03556,Grandview Care Network Care Network,New York,2023,0,0,0.23136980092008272
A03562,Springfield Health Partners Group,Oregon,2023,0,0,0.021700064038810175
A03565,Fairview Health Partners Network,Illinois,2023,0,0,0.14306678752014068
A03567,Green Valley Clinical Partners Collaborative,Maryland,2023,1,0,0.3306550283186224
A03569,Heartland Health Partners Collaborative,Connecticut,2023,0,0,0.09038905987926342
A03570,Meadow Care Network Group,Michigan,2023,0,0,0.1777037557461107
A03582,Metro Medical Network,Michigan,2023,0,0,0.24337240647608574
A03586,Riverside Provider Alliance Group,Connecticut,2023,0,0,0.20423847482325808
A03588,Riverbend Health Network Physician Alliance,Massachusetts,2023,0,0,0.19581938256230544
A03591,Riverside Medical Network,Alabama,2023,0,0,0.1189554287462087
A03599,Summit Wellness Partners,Connecticut,2023,0,0,0.07803019140597141
A03601,Evergreen Care Network Care Network,Pennsylvania,2023,0,0,0.17887922906504156
A03603,Riverside Community Care Collaborative,Georgia,2023,1,0,0.10010889625857972
A03605,Stonebridge Care Partners Group,Michigan,2023,0,0,0.04214002183452028
A03606,Westfield Physician Network Network,Oregon,2023,1,0,0.19710527514819898
A03608,Riverside Healthcare Partners,Minnesota,2023,0,0,0.03565534659096568
A03621,Northstar Medical Group Network,Oregon,2023,0,0,0.10273547722499783
A03626,Heritage Clinical Partners Medical Center,Minnesota,2023,0,0,0.2670876319844639
A03634,Springfield Health Collaborative Health System,Minnesota,2023,0,0,0.09118589084277519
A03636,Heritage Medical Partners Collaborative,Colorado,2023,0,0,0.024749795492472824
A03640,Crestview Wellness Alliance,Ohio,2023,0,0,0.08638938584285011
A03642,Eastgate Care Partners Collaborative,North Carolina,2023,0,0,0.05729214519119848
A03643,Evergreen Health Partners Care Network,Massachusetts,2023,0,0,0.07019861290929798
A03648,Metro Health Network Medical Center,Florida,2023,0,0,0.041306271517459886
A03649,Heartland Care Collaborative,Massachusetts,2023,0,0,0.022516054861826083
A03654,Heartland Health Collaborative Collaborative,Massachusetts,2023,1,0,0.2006866212894329
A03659,Westfield Wellness Collaborative,Virginia,2023,0,0,0.2322278864020107
A03672,Canyon Healthcare Association,Tennessee,2023,1,0,0.3715844680750571
A03674,Green Valley Wellness Care Network,Massachusetts,2023,0,0,0.2211114574856979
A03676,Summit Care Network Association,New Jersey,2023,0,0,0.3297653785194676
A03680,Beacon Health Alliance Network,Wisconsin,2023,0,0,0.18078222395241825
A03686,Pinnacle Medical Care Network,Wisconsin,2023,1,0,0.1271060437687846
A03688,Golden Valley Health Group,Arizona,2023,0,0,0.13705391087478516
A03689,Golden Valley Integrated Health Group,Minnesota,2023,0,0,0.1641209278961135
A03715,Golden Valley Medical Medical Center,Wisconsin,2023,0,0,0.02512172329010262
A03721,Heritage Wellness Collaborative,Indiana,2023,0,0,0.12025282533990447
A03723,Silverstone Wellness Medical Center,Wisconsin,2023,0,0,0.08346116595944392
A03724,Lakeside Care Partners Network,Illinois,2023,0,0,0.12574004127832927
A03736,Blue Ridge Clinical Partners Partners,Texas,2023,0,0,0.246150069908417
A03738,Community Care Network Partners,New Jersey,2023,0,0,0.11386300681513031
A03747,Cedar Care Alliance Network,Florida,2023,0,0,0.15192080531362076
A03769,Highland Provider Alliance Association,California,2023,0,0,0.21112504708119229
A03772,Pinnacle Medical Medical Center,Michigan,2023,0,0,0.0950557531002974
A03776,Pinnacle Health Health System,New Jersey,2023,0,0,0.27219659268281066
A03781,Silverstone Healthcare Network,Illinois,2023,0,0,0.018207368855279266
A03783,Silverstone Physicians Group,Michigan,2023,0,0,0.021607870486761774
A03787,Summit Provider Alliance Alliance,Wisconsin,2023,0,0,0.06876869135581558
A03795,Heartland Provider Alliance Group,California,2023,1,0,0.13058204099514506
A03801,WellSpring Care Network Collaborative,Georgia,2023,0,0,0.11021744924333747
A03802,Oakridge Community Care Group,North Carolina,2023,0,0,0.12084427130238984
A03817,Horizon Health Partners Group,Maryland,2023,0,0,0.36725753424246504
A03818,Northstar Healthcare Network,Connecticut,2023,0,0,0.17610316481458616
A03830,Brookside Care Partners Alliance,Colorado,2023,0,0,0.13356342939772634
A03840,Blue Ridge Community Care Association,North Carolina,2023,1,1,0.6483694218629481
A03843,Brookside Care Alliance Network,North Carolina,2023,0,0,0.37335115264291757
A03846,Heritage Integrated Health Group,Missouri,2023,0,0,0.031640107490980215
A03850,Unity Care Network Care Network,California,2023,0,0,0.061830172575904736
A03852,Springfield Care Health System,Virginia,2023,0,0,0.1389561834987506
A03854,Northstar Health Partners,Minnesota,2023,0,0,0.050070908328690725
A03855,Meadow Clinical Partners Group,Georgia,2023,1,1,0.7918300936090218
A03874,Metro Medical Partners Alliance,Colorado,2023,0,0,0.07418414800599896
A03880,Grandview Health Network Care Network,North Carolina,2023,0,0,0.29547506221574005
A03886,Heartland Physicians Network,Maryland,2023,0,0,0.10136431195163807
A03891,Maplewood Medical Partners Partners,Minnesota,2023,1,1,0.6228399530552345
A03894,Eastgate Medical Partners Group,Ohio,2023,0,0,0.03589839886356705
A03903,Oakridge Medical Physician Alliance,Indiana,2023,1,1,0.5238296029966277
A03909,Valley Health Partners Health System,New Jersey,2023,0,0,0.04665604756842737
A03910,Maplewood Medical Association,New York,2023,0,0,0.10512495404013053
A03914,Summit Physicians Network,Alabama,2023,0,0,0.14385876075818768
A03922,Riverbend Healthcare Partners,Washington,2023,1,0,0.24916036149819146
A03928,Heartland Clinical Partners Network,Washington,2023,0,0,0.047583313810871705
A03930,Riverside Medical Group Association,Georgia,2023,0,0,0.05422335314954949
A03931,Riverside Community Care Care Network,Oregon,2023,0,0,0.08396472417178272
A03932,Westfield Wellness Group,Indiana,2023,0,0,0.11680478803375799
A03938,Canyon Care Alliance Association,New York,2023,1,0,0.3422261226818722
A03943,Golden Valley Care Partners Network,Massachusetts,2023,0,0,0.10253930966994622
A03952,Riverbend Health Collaborative Alliance,Maryland,2023,0,0,0.05427184887788715
A03956,Lakeside Care Network Alliance,Minnesota,2023,0,0,0.12384362657801756
A03959,Westfield Care Partners Partners,Colorado,2023,0,0,0.17969747671143513
A03976,Pinnacle Medical Group Association,North Carolina,2023,0,0,0.1477827738272463
A03986,Northstar Healthcare Health System,Missouri,2023,0,0,0.0155868195934156
A03995,Springfield Physicians Physician Alliance,Minnesota,2023,0,0,0.2068181689203636
A04000,Unity Wellness Partners,Oregon,2023,0,0,0.020441438012130487
A04009,Evergreen Health Group,Connecticut,2023,1,1,0.6434214309766335
A04019,Redwood Integrated Health Group,Colorado,2023,0,0,0.04730823355690019
A04020,Clearview Integrated Health Network,Wisconsin,2023,0,0,0.16452762751597386
A04024,Parkview Health Collaborative Collaborative,Maryland,2023,0,0,0.2581578505203652
A04025,Westfield Medical Group Health System,Alabama,2023,0,0,0.09061837162646313
A04037,Heartland Care Alliance Health System,Alabama,2023,0,0,0.20213926998057447
A04038,Horizon Medical Partners Association,Wisconsin,2023,0,0,0.09478767859326143
A04041,Heartland Community Care Group,Connecticut,2023,0,0,0.022525358805535505
A04042,Summit Care Partners,North Carolina,2023,0,0,0.008943063892392857
A04043,Clearview Health Network Collaborative,Washington,2023,0,0,0.049656468580176645
A04045,Valley Care Partners Alliance,Illinois,2023,0,0,0.2582181962547164
A04046,Northstar Provider Alliance Health System,Connecticut,2023,0,0,0.04475176380822636
A04047,Golden Valley Physician Network Collaborative,Texas,2023,1,1,0.5774021205728127
A04072,Community Physicians Partners,Tennessee,2023,0,0,0.19961366415332243
A04074,Golden Valley Health Network Association,Tennessee,2023,0,0,0.041760778730581476
A04075,Metro Care Network Physician Alliance,Georgia,2023,0,0,0.13055845554121281
A04087,Community Community Care Collaborative,New York,2023,0,0,0.056477139553760776
A04091,Green Valley Wellness Medical Center,New York,2023,0,0,0.07010566045127199
A04095,Horizon Care Health System,Florida,2023,0,0,0.05716567393507562
A04106,Riverbend Health Physician Alliance,New Jersey,2023,0,0,0.25717065435283054
A04111,Riverside Wellness Network,Connecticut,2023,1,0,0.11717413106567699
A04115,Golden Valley Care Group,Virginia,2023,0,0,0.12834013975327255
A04116,Pioneer Provider Alliance Collaborative,Georgia,2023,1,0,0.3782483852688921
A04130,Heartland Provider Alliance Network,Massachusetts,2023,0,0,0.05091945306859049
A04131,Valley Integrated Health Physician Alliance,Indiana,2023,0,0,0.05173330702232217
A04137,Springfield Physician Network Physician Alliance,Tennessee,2023,0,0,0.15758529618290207
A04138,Pinnacle Physicians Health System,California,2023,1,0,0.19225695491664876
A04140,Evergreen Medical Group Network,Colorado,2023,0,0,0.030938014921524336
A04152,Summit Physician Network Physician Alliance,Massachusetts,2023,0,0,0.3696317491889747
A04154,Highland Health Medical Center,Oregon,2023,0,0,0.03977555272657817
A04155,Metro Medical Partners Care Network,California,2023,1,1,0.809079919542024
A04161,Pinnacle Healthcare Health System,Missouri,2023,0,0,0.05686075798842325
A04171,Mountain View Provider Alliance Group,Ohio,2023,0,0,0.12301466105386476
A04174,Heartland Health Physician Alliance,Missouri,2023,1,1,0.6873595555310353
A04185,Riverbend Provider Alliance Care Network,Connecticut,2023,0,0,0.1497244195061688
A04196,Riverside Physicians Collaborative,New York,2023,0,0,0.06279508895525919
A04198,Maplewood Medical Partners Group,Minnesota,2023,0,0,0.12041172864382851
A04204,Eastgate Medical Group Care Network,Georgia,2023,0,0,0.07638030105933341
A04208,Blue Ridge Provider Alliance Partners,Tennessee,2023,0,0,0.08459895344761692
A04220,Silverstone Care Care Network,Connecticut,2023,1,1,0.6645584459917621
A04224,Pioneer Health Network Partners,Minnesota,2023,0,0,0.008618374618367081
A04227,Highland Care Alliance Network,California,2023,0,0,0.0321715794157873
A04241,Springfield Medical Network,North Carolina,2023,0,0,0.25057106516438377
A04246,Riverbend Care Partners Network,California,2023,0,0,0.06156638215035579
A04252,Riverside Care Network Alliance,Minnesota,2023,0,0,0.1024422575788342
A04255,Canyon Care Alliance Network,Colorado,2023,0,0,0.18015038306901773
A04267,Springfield Integrated Health Physician Alliance,Virginia,2023,0,0,0.17890603679304565
A04269,Brookside Provider Alliance Collaborative,Georgia,2023,0,0,0.032550431474083555
A04270,Redwood Clinical Partners Association,Minnesota,2023,0,0,0.054871117459396525
A04281,Riverbend Healthcare Medical Center,Texas,2023,0,0,0.1132257323706555
A04282,Oakridge Care Network Care Network,Indiana,2023,1,0,0.05409039699987652
A04289,Stonebridge Health Collaborative Network,Maryland,2023,1,0,0.18649749453145537
A04291,Blue Ridge Clinical Partners Network,Texas,2023,0,0,0.01172884326442599
A04301,Heritage Healthcare Alliance,Ohio,2023,0,0,0.19409837160749963
A04304,Mountain View Health Partners Physician Alliance,North Carolina,2023,0,0,0.1822669449111219
A04307,Metro Health Partners,New Jersey,2023,0,0,0.12331895761005095
A04308,Pioneer Health Network Collaborative,Maryland,2023,0,0,0.122511969121953
A04313,Metro Health Health System,Texas,2023,0,0,0.015501591900397375
A04316,Golden Valley Clinical Partners Physician Alliance,Indiana,2023,0,0,0.1711253197170877
A04327,Heartland Health Alliance Partners,Maryland,2023,1,1,0.6171918674472447
A04331,Beacon Care Network Medical Center,Colorado,2023,0,0,0.12836154059405483
A04335,Evergreen Care Alliance Collaborative,Missouri,2023,0,0,0.0678063317096275
A04336,Pinnacle Care Medical Center,Florida,2023,0,0,0.00955233348568061
A04343,Community Community Care Partners,California,2023,0,0,0.11963626114824237
A04352,Heartland Medical Care Network,Virginia,2023,0,0,0.27036741352963106
A04356,Northstar Integrated Health Care Network,Georgia,2023,0,0,0.04801163367786173
A04371,Metro Medical Partners Partners,Pennsylvania,2023,0,0,0.09886382224843691
A04397,Gateway Health Collaborative,Texas,2023,0,0,0.1936505877817836
A04399,Silverstone Care Partners Physician Alliance,Connecticut,2023,0,0,0.057772611840074574
A04400,Cedar Community Care Physician Alliance,Maryland,2023,0,0,0.06462622475560634
A04404,Blue Ridge Community Care Network,Arizona,2023,0,0,0.4764941112176355
A04406,Blue Ridge Care Network Physician Alliance,Arizona,2023,0,0,0.31897389700713613
A04409,Evergreen Community Care Physician Alliance,Michigan,2023,0,0,0.13207253062704
A04411,Valley Physician Network Medical Center,Tennessee,2023,0,0,0.12628429465203211
A04416,Stonebridge Physicians Association,Texas,2023,0,0,0.11789692159713983
A04420,Parkview Healthcare Health System,Florida,2023,0,0,0.23195400233996757
A04422,Canyon Health Network Alliance,Virginia,2023,0,0,0.12294324013488761
A04426,Grandview Medical Group Physician Alliance,New York,2023,1,0,0.12533769254363564
A04428,Cedar Clinical Partners Partners,Wisconsin,2023,0,0,0.26458252796339166
A04437,Metro Healthcare Care Network,Michigan,2023,0,0,0.08389389326502586
A04445,Eastgate Community Care Care Network,Ohio,2023,0,0,0.4018803097980031
A04447,Pinnacle Community Care Collaborative,Ohio,2023,0,0,0.23298019901689573
A04453,Metro Physicians Group,Maryland,2023,0,0,0.040527843740975865
A04455,Redwood Care Alliance Group,Georgia,2023,0,0,0.032359335924938476
A04463,Riverbend Clinical Partners Care Network,Colorado,2023,1,0,0.06515369135171886
A04465,Clearview Health Network Alliance,Florida,2023,0,0,0.12984759300069496
A04476,Cedar Care Partners,Florida,2023,0,0,0.11614409134567766
A04482,Eastgate Physician Network Alliance,Michigan,2023,0,0,0.07864173683517735
A04487,Maplewood Health Alliance Health System,New York,2023,0,0,0.11924976934678697
A04507,Community Clinical Partners Care Network,New Jersey,2023,1,0,0.2626839260273458
A04510,WellSpring Health Physician Alliance,Massachusetts,2023,0,0,0.073583694249051
A04514,WellSpring Integrated Health Care Network,Arizona,2023,0,0,0.19242665348360094
A04516,Golden Valley Medical Partners Association,Minnesota,2023,0,1,0.5693404965562437
A04520,Valley Health Partners Alliance,Arizona,2023,0,0,0.2995194774245211
A04523,Maplewood Community Care Partners,Indiana,2023,0,1,0.5937219625512945
A04527,Heritage Care Association,North Carolina,2023,0,0,0.1459831927611828
A04529,Gateway Health Network Medical Center,Indiana,2023,0,0,0.08361905781031866
A04542,Beacon Health Partners Partners,Washington,2023,0,0,0.26853303126451317
A04548,Summit Physicians Group,Virginia,2023,0,0,0.07680510882759337
A04550,Redwood Health Partners Group,Missouri,2023,0,0,0.15836754921796548
A04556,Cedar Healthcare Association,Wisconsin,2023,0,0,0.16495523857570077
A04577,Horizon Health Network,Georgia,2023,0,0,0.199664440161009
A04580,Springfield Health Alliance Association,Virginia,2023,1,0,0.3058021046766186
A04583,Blue Ridge Clinical Partners Alliance,Colorado,2023,1,0,0.20915305521998392
A04589,Highland Medical Partners Network,Minnesota,2023,0,0,0.1672388721810166
A04591,Summit Medical Health System,Virginia,2023,0,0,0.12119159645348113
A04608,Community Care Alliance Partners,Wisconsin,2023,0,0,0.10728065606520003
A04609,Northstar Provider Alliance Partners,Washington,2023,0,0,0.04979423401687933
A04623,Canyon Care Medical Center,Florida,2023,0,0,0.010825350061028076
A04630,Blue Ridge Health Collaborative Medical Center,Ohio,2023,0,0,0.016930640227901018
A04631,Canyon Clinical Partners Health System,Arizona,2023,0,0,0.2215550773247313
A04637,Cedar Health Partners Partners,Arizona,2023,0,0,0.15948718737584103
A04648,Parkview Health Collaborative Health System,Connecticut,2023,0,0,0.055421060687353786
A04655,Northstar Care Alliance Medical Center,Texas,2023,0,0,0.032596084854080595
A04658,Eastgate Care Network,Illinois,2023,1,0,0.41699361484126013
A04663,Maplewood Community Care Alliance,Florida,2023,0,0,0.1791264519623751
A04668,Pioneer Clinical Partners Health System,Maryland,2023,0,0,0.020193292718961572
A04674,WellSpring Physician Network Network,New Jersey,2023,0,0,0.06928237719131876
A04677,Lakeside Care Partners,Oregon,2023,0,0,0.1486286934894797
A04684,Pioneer Health Network Alliance,Pennsylvania,2023,0,0,0.10300609187997418
A04686,Metro Clinical Partners Medical Center,Tennessee,2023,0,0,0.06434414034127232
A04689,Clearview Health Partners Care Network,Wisconsin,2023,0,0,0.007852310267304277
A04699,Springfield Care Network Partners,North Carolina,2023,0,0,0.07421387303120906
A04700,Northstar Medical Physician Alliance,Minnesota,2023,0,0,0.2535661173298616
A04701,Summit Care Network Health System,Florida,2023,0,0,0.03074385914647042
A04704,Oakridge Health Alliance Collaborative,Washington,2023,0,0,0.16912542733028704
A04710,Crestview Health Alliance Alliance,Washington,2023,0,0,0.3620136360370579
A04715,Cedar Health Collaborative Group,Tennessee,2023,0,0,0.03384957645222008
A04720,Stonebridge Integrated Health Partners,Texas,2023,0,0,0.27949415799697824
A04754,Stonebridge Health Network Network,Missouri,2023,0,0,0.1011763083371611
A04755,Summit Clinical Partners Network,Connecticut,2023,0,0,0.08632578398139529
A04769,Green Valley Physicians Association,Arizona,2023,0,0,0.20928690857699092
A04770,Oakridge Community Care Health System,North Carolina,2023,1,1,0.8064295457086129
A04771,Springfield Health Health System,Wisconsin,2023,0,0,0.14955886166090882
A04773,Maplewood Health Alliance Collaborative,Wisconsin,2023,1,1,0.6483694218629481
A04774,Silverstone Provider Alliance Physician Alliance,Illinois,2023,0,0,0.07654986846207852
A04777,Pinnacle Health Association,Washington,2023,0,0,0.089376207267113
A04791,Pinnacle Health Alliance Partners,Arizona,2023,0,0,0.030093666628931474
A04794,Westfield Healthcare Network,Massachusetts,2023,0,0,0.022863387851843768
A04798,Lakeside Healthcare Medical Center,Connecticut,2023,0,0,0.08185675516146841
A04801,Eastgate Care Partners Association,New York,2023,0,0,0.07493260196037851
A04803,Redwood Integrated Health Collaborative,Minnesota,2023,0,0,0.08032239034400188
A04806,Maplewood Care Partners Collaborative,Texas,2023,0,0,0.15244909987431265
A04811,Silverstone Clinical Partners Alliance,Ohio,2023,0,0,0.1711253197170877
A04832,Lakeside Medical Alliance,Wisconsin,2023,0,0,0.1267651531673715
A04843,WellSpring Healthcare Association,New Jersey,2023,0,0,0.04042657896091582
A04856,Highland Clinical Partners Partners,Michigan,2023,0,0,0.11128237333852298
A04865,Lakeside Care Alliance Medical Center,Maryland,2023,0,0,0.06526627384099616
A04867,Summit Care Association,Virginia,2023,0,0,0.12599936888269203
A04868,Cedar Health Collaborative Association,Arizona,2023,0,0,0.12111356826593177
A04874,Cedar Care Partners Physician Alliance,Florida,2023,1,0,0.4565694789879483
A04876,Brookside Care Network Group,California,2023,0,0,0.1342476531485813
A04878,Grandview Health Partners Collaborative,Maryland,2023,0,0,0.17227410054869682
A04879,Northstar Provider Alliance Network,Illinois,2023,0,0,0.07662508208667614
A04880,Stonebridge Physicians Physician Alliance,Maryland,2023,0,0,0.0641281979493083
A04882,Summit Medical Association,Wisconsin,2023,0,0,0.18137620238104618
A04885,Heartland Health Alliance Alliance,Alabama,2023,1,1,0.6024673374351333
A04890,Community Health Collaborative Health System,North Carolina,2023,0,0,0.1550343251594045
A04905,Gateway Care Partners Medical Center,Texas,2023,0,1,0.5940584568905438
A04916,Oakridge Integrated Health Health System,Michigan,2023,0,0,0.05660438956433191
A04924,Summit Health Partners Group,North Carolina,2023,0,0,0.1335907695152866
A04937,WellSpring Health Partners Association,Colorado,2023,0,0,0.130738334129379
A04940,Maplewood Health Alliance Partners,Oregon,2023,1,0,0.21689430653792707
A04942,Northstar Health Collaborative Physician Alliance,Maryland,2023,0,0,0.12398733979315298
A04945,Pinnacle Physician Network Medical Center,Texas,2023,0,0,0.131449685768887
A04948,Eastgate Healthcare Alliance,Arizona,2023,0,0,0.20598988265873125
A04957,Gateway Health Partners Medical Center,Ohio,2023,0,0,0.03256324675456835
A04958,Heritage Medical Group Group,Minnesota,2023,0,0,0.063996496176225
A04959,Horizon Wellness Group,Indiana,2023,0,0,0.16516975510475845
A04964,Mountain View Care Alliance Care Network,California,2023,0,0,0.17274629073774977
A04974,Canyon Physician Network Association,North Carolina,2023,0,0,0.23695243747715197
A04981,Springfield Physician Network Medical Center,Illinois,2023,0,0,0.15055808759450465
A04985,Northstar Medical Partners Alliance,Arizona,2023,0,0,0.2258000180841242
A04987,Oakridge Medical Partners Group,Connecticut,2023,0,0,0.11061008702983481
A04996,Evergreen Care Alliance Group,Indiana,2023,1,0,0.28954616143196626
A05001,Fairview Care Alliance Alliance,Missouri,2023,0,0,0.23160327049696747
A05006,Mountain View Community Care Alliance,Pennsylvania,2023,0,0,0.06202867639258998
A05014,Clearview Health Collaborative Physician Alliance,Georgia,2023,0,0,0.15513811951816395
A05027,Pinnacle Clinical Partners Partners,Arizona,2023,1,1,0.6833854908492427
A05029,Unity Health Collaborative,California,2023,0,0,0.33701014922617284
A05030,Riverbend Care Alliance Care Network,Maryland,2023,0,0,0.12273489901867704
A05031,Highland Health Alliance Group,Minnesota,2023,0,0,0.1537560936227276
A05035,Springfield Integrated Health Medical Center,North Carolina,2023,0,0,0.024298145894664967
A05043,Grandview Wellness Care Network,Missouri,2023,0,0,0.05030932602016554
A05046,Unity Health Partners Group,Wisconsin,2023,1,1,0.7702447313134655
A05047,Westfield Health Collaborative Medical Center,North Carolina,2023,0,0,0.06532443732050958
A05056,Pioneer Care Network Medical Center,Texas,2023,1,0,0.21683285910484534
A05058,Cedar Wellness Care Network,Arizona,2023,0,0,0.04706824463258247
A05059,Clearview Care Partners Group,Alabama,2023,0,0,0.022808285337644004
A05062,Evergreen Integrated Health Physician Alliance,Texas,2023,0,0,0.01588478683580688
A05067,Mountain View Physician Network Association,Michigan,2023,0,0,0.01662418051371029
A05079,Springfield Health Network Alliance,Washington,2023,1,1,0.7253400570482839
A05083,Redwood Care Partners Alliance,Maryland,2023,0,0,0.082778472491526
A05088,Cedar Medical Physician Alliance,Wisconsin,2023,0,0,0.18190706064892012
A05090,Pinnacle Medical Group,Missouri,2023,0,0,0.03446306487591089
A05092,Brookside Community Care Care Network,Ohio,2023,0,0,0.22432913485684003
A05093,Pinnacle Care Network Partners,Texas,2023,0,0,0.15692458407565252
A05094,Fairview Health Partners Collaborative,Georgia,2023,1,0,0.25244965147397985
A05095,Highland Health Physician Alliance,Oregon,2023,0,0,0.0332707310886176
A05108,Green Valley Wellness Partners,Georgia,2023,0,0,0.02207648823639116
A05109,Heritage Care Partners Association,Missouri,2023,0,0,0.1481498636323029
A05121,Fairview Medical Group Medical Center,Michigan,2023,0,0,0.091087390120988
A05122,Mountain View Health Partners Care Network,Tennessee,2023,0,0,0.10399564526989186
A05123,Metro Health Partners Medical Center,New Jersey,2023,0,0,0.14920210399086456
A05126,Heartland Integrated Health Physician Alliance,Missouri,2023,0,0,0.07811435430455309
A05131,Evergreen Care Alliance Association,California,2023,0,0,0.0820602017655468
A05144,Redwood Health Partners Care Network,Texas,2023,0,0,0.2259260778398814
A05146,Grandview Wellness Group,Washington,2023,0,0,0.1444183558933092
A05152,Pioneer Medical Group Physician Alliance,Indiana,2023,1,0,0.1260090049567623
A05154,Blue Ridge Physicians Physician Alliance,Tennessee,2023,1,0,0.3081513702055502
A05156,Maplewood Health Partners Partners,Pennsylvania,2023,0,0,0.031698738821890546
A05162,Pioneer Medical Medical Center,Florida,2023,0,0,0.1719994304250492
A05163,Meadow Community Care Physician Alliance,Arizona,2023,0,0,0.05323025742899198
A05177,Redwood Physicians Group,Oregon,2023,1,0,0.0700944313286689
A05186,Valley Health Physician Alliance,Maryland,2023,0,0,0.09327173682812016
A05189,Westfield Community Care Network,Arizona,2023,0,0,0.21692360273675132
A05206,Metro Wellness Group,Indiana,2023,0,0,0.08019581732886294
A05209,Grandview Medical Group Care Network,Massachusetts,2023,0,0,0.05694573369949186
A05223,Silverstone Health Alliance Medical Center,Wisconsin,2023,0,0,0.025992721302906818
A05229,Oakridge Healthcare Collaborative,Maryland,2023,0,0,0.4112156993846381
A05234,Community Medical Group Physician Alliance,Illinois,2023,0,0,0.08433480020873553
A05235,Mountain View Medical Partners Collaborative,Missouri,2023,1,0,0.1080646356046631
A05248,Cedar Care Medical Center,Washington,2023,0,0,0.04591910691632774
A05275,Meadow Physicians Health System,Indiana,2023,0,0,0.48244461992668536
A05277,Meadow Integrated Health Alliance,New Jersey,2023,0,0,0.12544635839214296
A05285,Lakeside Care Association,Massachusetts,2023,0,0,0.14226143355599877
A05288,Heritage Care Network Association,Virginia,2023,0,0,0.02755684800457316
A05289,Riverbend Wellness Care Network,Texas,2023,0,0,0.4587517090548881
A05295,Clearview Health Alliance Health System,Georgia,2023,0,0,0.16486160185033719
A05296,Northstar Health Alliance Alliance,Maryland,2023,0,0,0.04435236833258868
A05299,Mountain View Healthcare Health System,Texas,2023,0,0,0.12662484400648436
A05301,Eastgate Medical Group Network,Alabama,2023,0,0,0.1983054091984836
A05304,Westfield Care Network Group,Ohio,2023,0,0,0.10880742833727877
A05310,Pinnacle Health Collaborative Alliance,Washington,2023,0,0,0.035890771820604205
A05313,Riverbend Clinical Partners Physician Alliance,Massachusetts,2023,0,0,0.16910612261374236
A05315,Parkview Care Partners Group,Illinois,2023,0,0,0.051099476991397254
A05332,Maplewood Health Partners Physician Alliance,Massachusetts,2023,1,0,0.23003185563952475
A05335,Springfield Wellness Care Network,New York,2023,0,0,0.0788622617944284
A05342,Horizon Health Partners Partners,Washington,2023,0,0,0.04359229261683975
A05349,Springfield Health Partners Network,Pennsylvania,2023,0,0,0.10993646645096361
A05354,Springfield Care Alliance Medical Center,Connecticut,2023,0,0,0.12647444058281987
A05357,Stonebridge Medical Physician Alliance,Florida,2023,1,0,0.2505007950228809
A05359,Crestview Medical Collaborative,Wisconsin,2023,0,0,0.21819048877881111
A05364,Redwood Health Collaborative Alliance,Connecticut,2023,1,0,0.06878302415306627
A05367,Heartland Care Partners Association,Michigan,2023,0,0,0.028169815582175114
A05371,Pioneer Clinical Partners Network,Missouri,2023,0,0,0.029899533071475175
A05374,Valley Health Partners Care Network,Indiana,2023,0,0,0.16097990936193296
A05375,Community Care Partners Network,Florida,2023,0,0,0.08754641017976898
A05378,Northstar Community Care Alliance,Ohio,2023,0,0,0.13350509670104016
A05387,Metro Healthcare Collaborative,Virginia,2023,0,0,0.06076111350902598
A05388,Gateway Care Partners Group,Florida,2023,1,1,0.8972351261170313
A05389,Highland Physician Network Network,Connecticut,2023,0,0,0.02338791790258554
A05392,Pinnacle Care Partners Medical Center,Colorado,2023,0,0,0.12124458799714166
A05401,Heritage Care Partners Physician Alliance,Oregon,2023,0,0,0.11470185419013386
A05408,Northstar Wellness Alliance,New Jersey,2023,0,0,0.08674718415081357
A05409,Riverside Care Network Health System,Texas,2023,0,0,0.16910612261374236
A05420,Silverstone Community Care Health System,Virginia,2023,0,0,0.09951909037471682
A05422,Beacon Medical Group Network,Connecticut,2023,0,0,0.021958561182782957
A05427,Northstar Care Network Health System,New York,2023,0,0,0.18915876071430698
A05430,Brookside Health Collaborative Group,Washington,2023,0,0,0.09350180594412967
A05431,Maplewood Care Network Network,Georgia,2023,0,0,0.03505229024471548
A05433,Pioneer Care Alliance Care Network,North Carolina,2023,0,0,0.034034003197651694
A05436,Maplewood Physician Network Care Network,New Jersey,2023,0,0,0.02115756992109187
A05441,Blue Ridge Medical Group Partners,Ohio,2023,0,0,0.03688434619179773
A05459,Community Care Alliance Care Network,Wisconsin,2023,0,0,0.18036144098123563
A05462,Maplewood Medical Group,Minnesota,2023,0,0,0.15979297064002318
A05483,Blue Ridge Care Network,Maryland,2023,0,0,0.03838263369671014
A05485,Beacon Medical Group Association,New York,2023,0,0,0.08261611978928714
A05491,Westfield Medical Partners Alliance,Florida,2023,0,0,0.3015806597670993
A05492,Green Valley Community Care Physician Alliance,Maryland,2023,0,0,0.08157124859027019
A05495,Maplewood Health Partners,Indiana,2023,1,0,0.37514095145420484
A05505,Crestview Medical Partners Physician Alliance,Michigan,2023,0,0,0.06502094317789782
A05506,Horizon Health Collaborative Physician Alliance,Pennsylvania,2023,0,0,0.177865205156578
A05512,Pinnacle Wellness Partners,Indiana,2023,0,0,0.1709144632246474
A05514,Westfield Medical Partners Care Network,North Carolina,2023,0,0,0.11069690065214177
A05517,Clearview Medical Alliance,Missouri,2023,1,0,0.21918798804462264
A05523,Mountain View Integrated Health Network,Oregon,2023,0,0,0.14492987587959738
A05526,Beacon Care Network Care Network,Georgia,2023,0,0,0.26671328368704406
A05529,Northstar Care Network Association,Michigan,2023,0,0,0.0936955935502572
A05532,Mountain View Integrated Health Alliance,New Jersey,2023,0,0,0.07208183371252481
A05534,WellSpring Medical Partners Health System,Virginia,2023,0,0,0.08521772394161647
A05541,Silverstone Health Alliance Collaborative,Indiana,2023,0,0,0.20224345298589605
A05544,Mountain View Medical Group Association,Pennsylvania,2023,0,0,0.11700394195624844
A05549,Meadow Community Care Association,Minnesota,2023,1,1,0.8438332246169484
A05561,Community Clinical Partners Medical Center,North Carolina,2023,0,0,0.09682018661040855
A05564,Redwood Integrated Health Health System,Tennessee,2023,0,0,0.127605729196917
A05575,Canyon Medical Partners Network,California,2023,0,0,0.07514450598051979
A05579,Canyon Health Alliance Medical Center,Connecticut,2023,0,0,0.15035515804858113
A05588,Green Valley Health Partners Alliance,Pennsylvania,2023,0,0,0.20686116058939524
A05590,Gateway Medical Group Network,Wisconsin,2023,0,0,0.050578498314731976
A05597,Gateway Care Network Association,Connecticut,2023,1,0,0.1732403339064
A05600,Crestview Healthcare Alliance,Colorado,2023,0,0,0.07727521506927507
A05604,Horizon Provider Alliance Partners,Pennsylvania,2023,0,0,0.12347283165059585
A05605,Riverside Care Alliance Care Network,Michigan,2023,0,0,0.03443210525826942
A05610,Blue Ridge Medical Group,Tennessee,2023,1,0,0.41129170519909325
A05611,Brookside Health Collaborative Association,Alabama,2023,0,0,0.07408583035438379
A05612,Riverside Medical Partners Physician Alliance,Georgia,2023,0,0,0.28800901220744424
A05616,Gateway Health Collaborative Care Network,Maryland,2023,0,0,0.2933211527170799
A05622,Green Valley Care Network Network,Tennessee,2023,0,0,0.13070399129803037
A05624,Green Valley Medical Medical Center,Connecticut,2023,1,0,0.21951205612828123
A05628,Stonebridge Care Network Collaborative,Tennessee,2023,0,0,0.021926369500758457
A05634,Evergreen Care Physician Alliance,Arizona,2023,0,0,0.08205279679129639
A05636,Pioneer Physician Network Association,New York,2023,1,1,0.7198708658555418
A05641,Eastgate Health Care Network,Florida,2023,0,0,0.07902090296810176
A05673,Canyon Healthcare Collaborative,California,2023,0,0,0.21654350142105636
A05675,Green Valley Physician Network Collaborative,Oregon,2023,0,0,0.11748997157579798
A05679,Green Valley Health Collaborative Medical Center,Georgia,2023,0,0,0.1660182233256629
A05683,Evergreen Integrated Health Care Network,Alabama,2023,0,0,0.041613263642320965
A05684,Gateway Community Care Association,North Carolina,2023,0,0,0.10907103587811363
A05690,WellSpring Care Partners Collaborative,Alabama,2023,0,1,0.5923624093335108
A05698,WellSpring Integrated Health Group,Ohio,2023,0,0,0.1267651531673715
A05702,Pioneer Health Collaborative Collaborative,Tennessee,2023,0,0,0.02360930378771195
A05703,Northstar Care Alliance Health System,Illinois,2023,0,0,0.08475737355802412
A05708,Pinnacle Care Network Physician Alliance,Washington,2023,1,1,0.5709398931773488
A05715,Heritage Healthcare Physician Alliance,Tennessee,2023,0,0,0.23935009421055178
A05719,Heartland Care Network Partners,Minnesota,2023,0,0,0.1110740291351051
A05720,Riverbend Health Alliance Alliance,New York,2023,0,0,0.06395780516520415
A05728,Northstar Community Care Network,Oregon,2023,0,0,0.07129687560073196
A05730,Community Health Partners Alliance,Maryland,2023,0,0,0.17508123175605386
A05731,Springfield Medical Partners Care Network,Virginia,2023,1,1,0.9915031529405198
A05752,Heartland Integrated Health Partners,Colorado,2023,0,0,0.20893518200639227
A05763,Riverbend Health Network Group,Connecticut,2023,0,0,0.1303519526288727
A05778,Community Health Physician Alliance,Alabama,2023,0,0,0.08223454022590236
A05780,Highland Provider Alliance Alliance,Minnesota,2023,0,0,0.10479498164894935
A05787,Heritage Community Care Collaborative,Minnesota,2023,0,0,0.37628024648581404
A05792,Redwood Medical Partners Network,New Jersey,2023,0,0,0.17677567157765384
A05801,Highland Care Group,Ohio,2023,1,1,0.619268377952556
A05812,Gateway Community Care Medical Center,Washington,2023,0,0,0.13024343660389895
A05814,Oakridge Community Care Association,Tennessee,2023,0,0,0.046805862368575805
A05821,Northstar Health Partners Network,Wisconsin,2023,1,1,0.9435971613466986
A05830,Westfield Physicians Health System,North Carolina,2023,0,0,0.021653046557414526
A05834,Pioneer Care Alliance,New Jersey,2023,1,1,0.634250329178902
A05843,Clearview Provider Alliance Physician Alliance,Massachusetts,2023,0,0,0.0661315921664736
A05853,Pioneer Care Alliance Network,Massachusetts,2023,0,1,0.5503335645094921
A05857,Riverbend Health Group,Massachusetts,2023,0,0,0.027828517625109853
A05865,Canyon Community Care Partners,Indiana,2023,1,1,0.7429189714198843
A05867,Mountain View Healthcare Partners,Tennessee,2023,0,0,0.04002383428162597
A05871,Heartland Integrated Health Network,Colorado,2023,0,0,0.12399743070255624
A05873,Summit Health Partners Health System,Illinois,2023,0,0,0.20908631490705276
A05880,Cedar Health Network Group,Arizona,2023,0,0,0.023940236388962744
A05881,Evergreen Physician Network Health System,Missouri,2023,0,0,0.06704376866412468
A05882,Blue Ridge Health Collaborative Health System,Massachusetts,2023,1,0,0.10833454143616135
A05884,Golden Valley Clinical Partners Alliance,Ohio,2023,0,0,0.10331117916581047
A05886,Golden Valley Wellness Group,Illinois,2023,1,1,0.657647429487436
A05895,Oakridge Care Health System,Virginia,2023,0,0,0.27098215129996356
A05902,Horizon Medical Group Care Network,Oregon,2023,0,0,0.16581642242488046
A05904,Beacon Physician Network Physician Alliance,Alabama,2023,0,0,0.20064725787691415
A05916,Northstar Physicians Network,Wisconsin,2023,0,0,0.16617109519122625
A05923,Summit Wellness Health System,Tennessee,2023,1,0,0.09670814591570888
A05924,Riverside Care Network Physician Alliance,Connecticut,2023,0,0,0.04913518100845056
A05928,Green Valley Physicians Partners,Oregon,2023,0,0,0.20283476378463713
A05931,Pinnacle Integrated Health Care Network,Washington,2023,0,0,0.07418403355216727
A05941,Blue Ridge Care Partners Medical Center,Missouri,2023,0,0,0.11218414586212606
A05942,Clearview Health Group,North Carolina,2023,1,1,0.7979762258924059
A05943,Green Valley Care Partners Network,Pennsylvania,2023,1,0,0.24660366212586246
A05944,Golden Valley Clinical Partners Care Network,Pennsylvania,2023,0,0,0.06390196659295291
A05950,Maplewood Care Alliance Alliance,Pennsylvania,2023,0,0,0.11470185419013386
A05952,Beacon Care Partners Medical Center,Oregon,2023,0,0,0.10944993304898185
A05972,Fairview Provider Alliance Group,Maryland,2023,0,0,0.13170365555896502
A05986,Oakridge Health Network Association,Virginia,2023,0,0,0.07937538203841292
A06000,Fairview Healthcare Health System,Pennsylvania,2023,1,1,0.6372705792996811
A06003,Fairview Care Network Network,Minnesota,2023,0,0,0.11533261457384855
A06009,Horizon Health Alliance Group,California,2023,0,0,0.07577218686306611
A06011,Unity Physicians Alliance,Florida,2023,0,0,0.10260736237504521
A06012,Northstar Health Collaborative Care Network,Maryland,2023,0,0,0.1784519209113845
A06013,Oakridge Care Partners Care Network,Wisconsin,2023,0,0,0.06678114360605457
A06017,Maplewood Medical Network,Georgia,2023,1,1,0.7229726674588206
A06018,Summit Health Alliance Alliance,California,2023,0,0,0.08139234368366344
A06020,Clearview Health Alliance Partners,Massachusetts,2023,0,0,0.09168045379750639
A06021,Horizon Care Group,Missouri,2023,0,0,0.0432460766411834
A06028,Highland Health Alliance Physician Alliance,Virginia,2023,0,0,0.2200684336225662
A06040,Redwood Physician Network Alliance,Tennessee,2023,0,0,0.11772182363849039
A06051,Cedar Wellness Network,Arizona,2023,0,0,0.09242316223399158
A06079,WellSpring Integrated Health Collaborative,Oregon,2023,0,0,0.3774069803516803
A06096,Metro Physician Network Care Network,Arizona,2023,0,0,0.04589909290700807
A06098,Crestview Clinical Partners Physician Alliance,Virginia,2023,0,0,0.1328552602133822
A06100,Eastgate Provider Alliance Alliance,Michigan,2023,0,0,0.05480299523096601
A06107,Heartland Health Partners Partners,Maryland,2023,0,0,0.12310146524255411
A06115,Eastgate Care Network Group,Oregon,2023,1,0,0.4785017817446649
A06119,Clearview Provider Alliance Association,Georgia,2023,1,1,0.7395649453761566
A06121,Evergreen Medical Network,Minnesota,2023,0,0,0.0955520757215051
A06126,Pinnacle Provider Alliance Alliance,Indiana,2023,0,0,0.044976297955349916
A06128,Pinnacle Physician Network Care Network,Tennessee,2023,1,0,0.046486961619524134
A06135,Metro Clinical Partners Group,Illinois,2023,0,0,0.2576998737013777
A06137,Clearview Physician Network Collaborative,Connecticut,2023,1,0,0.06263576026349903
A06140,Maplewood Health Partners Association,New York,2023,0,0,0.1657448331853684
A06142,Stonebridge Medical Group Alliance,California,2023,0,0,0.1340548277698984
A06144,WellSpring Medical Alliance,New York,2023,0,0,0.12750492034645758
A06148,Meadow Clinical Partners Alliance,New Jersey,2023,0,0,0.31368003831741853
A06149,Golden Valley Community Care Physician Alliance,Oregon,2023,0,0,0.15608559833314664
A06150,Valley Care Alliance Alliance,New Jersey,2023,0,0,0.09673882116509887
A06153,Riverbend Physician Network Collaborative,New Jersey,2023,0,0,0.09297185398688679
A06159,WellSpring Physicians Physician Alliance,Tennessee,2023,1,0,0.09035504944708712
A06165,Highland Medical Partners,Virginia,2023,0,0,0.06803727274044154
A06170,Parkview Integrated Health Partners,North Carolina,2023,0,0,0.16158665218658644
A06176,Green Valley Physician Network Health System,Georgia,2023,0,0,0.15705901620613255
A06178,Canyon Care Alliance Collaborative,Texas,2023,0,0,0.10646802084621142
A06179,Blue Ridge Care Partners Partners,Minnesota,2023,0,0,0.2276252875699866
A06180,Brookside Care Alliance Association,Indiana,2023,0,0,0.013226598980714224
A06193,Stonebridge Community Care Association,Minnesota,2023,0,0,0.2866612059880476
A06195,Meadow Community Care Care Network,Oregon,2023,0,0,0.06093698066535108
A06202,Blue Ridge Medical Group Association,Arizona,2023,1,0,0.27818320961777254
A06211,Stonebridge Care Alliance Physician Alliance,Indiana,2023,0,0,0.0816521930761514
A06214,Golden Valley Care Physician Alliance,Georgia,2023,0,0,0.030530133176025705
A06216,Maplewood Care Partners Partners,Georgia,2023,0,0,0.24272197054069422
A06225,Cedar Medical Partners,Michigan,2023,0,0,0.05412536397931555
A06231,Mountain View Health Health System,Tennessee,2023,0,0,0.08866807225205803
A06232,Lakeside Community Care Network,Georgia,2023,0,0,0.04004684946837361
A06233,Clearview Medical Partners Medical Center,Michigan,2023,0,0,0.16203150060910498
A06234,Golden Valley Clinical Partners Network,Florida,2023,0,0,0.18701695719352862
A06238,Grandview Health Collaborative Care Network,Tennessee,2023,0,0,0.17513893796969499
A06253,Beacon Care Collaborative,New York,2023,0,0,0.22484637155768078
A06257,Community Medical Group Association,Wisconsin,2023,0,0,0.36652394363983537
A06262,Evergreen Physician Network Physician Alliance,Maryland,2023,0,0,0.036619486496209636
A06266,Grandview Health Collaborative Medical Center,California,2023,0,0,0.19045216542789048
A06269,Westfield Wellness Partners,North Carolina,2023,0,0,0.07240538690657077
A06279,Lakeside Wellness Medical Center,Pennsylvania,2023,0,0,0.04885082485619245
A06303,Westfield Physicians Medical Center,Texas,2023,0,0,0.1856812245484498
A06315,Gateway Medical Group Association,California,2023,0,0,0.07520856914335916
A06316,Canyon Health Alliance Alliance,Missouri,2023,0,0,0.03216073142975604
A06319,Evergreen Integrated Health Collaborative,Tennessee,2023,0,0,0.14015284974320694
A06321,Silverstone Care Alliance Health System,North Carolina,2023,0,0,0.1267503622591829
A06322,Westfield Health Partners Medical Center,Colorado,2023,0,0,0.04915649483512209
A06328,Maplewood Care Network Health System,Massachusetts,2023,0,0,0.04291737918070628
A06332,Fairview Physician Network Collaborative,Illinois,2023,0,0,0.018207368855279266
A06343,Riverbend Care Partners Collaborative,Michigan,2023,0,0,0.3918933552847016
A06345,Riverside Physicians Alliance,Michigan,2023,1,0,0.2809260213141297
A06357,Eastgate Medical Group Group,Minnesota,2023,0,0,0.12434003582490273
A06362,Eastgate Medical Partners Association,Minnesota,2023,0,0,0.08568647176992186
A06363,Valley Health Alliance Association,Washington,2023,0,0,0.08237209094796723
A06367,Mountain View Health Partners Group,Washington,2023,0,0,0.0685642696023781
A06369,Meadow Care Alliance Care Network,Ohio,2023,0,0,0.05293442933854322
A06370,Brookside Healthcare Partners,Indiana,2023,0,0,0.07520856914335916
A06377,Springfield Health Collaborative Association,Minnesota,2023,0,0,0.1938961649601671
A06378,Stonebridge Health Physician Alliance,Missouri,2023,0,0,0.12516191855856945
A06382,Springfield Medical Group Association,Texas,2023,0,0,0.08396472417178272
A06383,Valley Care Alliance Network,Massachusetts,2023,1,1,0.5972246360763612
A06388,Grandview Healthcare Network,Virginia,2023,0,0,0.10979986119104324
A06392,Eastgate Medical Group Association,New Jersey,2023,0,0,0.11370811962328249
A06393,WellSpring Health Network Care Network,Indiana,2023,0,0,0.015624041355317338
A06394,Meadow Care Network,Ohio,2023,0,0,0.11168961276693
A06395,Golden Valley Physicians Group,Virginia,2023,0,0,0.14310721064035262
A06410,Brookside Care Network Care Network,Alabama,2023,0,0,0.22455702994482937
A06415,Highland Health Collaborative Care Network,Texas,2023,0,0,0.08660982190389084
A06425,Brookside Care Alliance Group,Indiana,2023,0,0,0.04940053583112399
A06436,Horizon Community Care Medical Center,Massachusetts,2023,1,1,0.6802685777929368
A06447,Beacon Provider Alliance Group,Arizona,2023,0,0,0.11656661002300511
A06449,Highland Health Alliance Network,Missouri,2023,1,1,0.8119805418099724
A06457,Springfield Care Care Network,Wisconsin,2023,0,0,0.07983118865532836
A06464,Pioneer Wellness Collaborative,Maryland,2023,0,0,0.15272711428941388
A06466,Cedar Care Network Alliance,Michigan,2023,0,0,0.019017187482948558
A06472,Gateway Integrated Health Care Network,Georgia,2023,0,0,0.013481621380448798
A06473,Mountain View Community Care Care Network,Ohio,2023,0,0,0.06867657409786135
A06474,Lakeside Integrated Health Health System,Colorado,2023,0,0,0.05196812759231124
A06478,Heartland Health Alliance Medical Center,Connecticut,2023,1,1,0.6540357843510384
A06479,Cedar Health Alliance Medical Center,Georgia,2023,0,0,0.1970008225631995
A06485,Parkview Medical Partners Physician Alliance,Tennessee,2023,0,0,0.035321914326698
A06498,Green Valley Care Alliance Association,California,2023,1,1,0.6973048298392338
A06517,Highland Provider Alliance Care Network,Missouri,2023,1,0,0.14724442372588065
A06530,Crestview Health Physician Alliance,Georgia,2023,0,0,0.1981025477134541
A06531,Crestview Care Partners,North Carolina,2023,0,0,0.07944971854884982
A06551,WellSpring Care Network Association,California,2023,0,0,0.018488988134720042
A06556,Blue Ridge Care Network Collaborative,New York,2023,1,1,0.6931846207452504
A06566,Crestview Health Network Medical Center,Indiana,2023,0,0,0.1480875693125759
A06570,Crestview Clinical Partners Association,Illinois,2023,1,1,0.6496669985550172
A06572,Heritage Care Alliance Network,New Jersey,2023,0,0,0.03558130160417621
A06579,Highland Physician Network Group,North Carolina,2023,1,0,0.16176321822129452
A06583,Beacon Medical Partners Health System,Minnesota,2023,1,1,0.6886490399273545
A06584,Fairview Care Alliance Care Network,Illinois,2023,0,0,0.0903114963002703
A06585,Community Wellness Collaborative,Arizona,2023,0,0,0.36964589312377305
A06597,Summit Medical Network,Florida,2023,0,0,0.22798092303281653
A06601,Pinnacle Provider Alliance Health System,Michigan,2023,0,0,0.08240555271965508
A06604,Summit Health Partners Physician Alliance,California,2023,0,0,0.06441652291770308
A06609,Clearview Health Alliance Network,Michigan,2023,0,0,0.3381944148621631
A06610,Westfield Clinical Partners Care Network,Alabama,2023,0,0,0.23829747854157893
A06615,Heritage Wellness Medical Center,Washington,2023,0,0,0.2069620889295063
A06616,Riverside Health Physician Alliance,Connecticut,2023,0,0,0.11002959820939058
A06617,Crestview Integrated Health Group,Arizona,2023,1,0,0.3297426512466826
A06633,Gateway Wellness Group,Pennsylvania,2023,0,0,0.06483833834578287
A06638,Cedar Medical Group Alliance,Ohio,2023,0,0,0.03344723671636473
A06639,Westfield Provider Alliance Physician Alliance,Washington,2023,0,0,0.008756123358755238
A06641,Lakeside Clinical Partners Association,Maryland,2023,0,0,0.05679566191727638
A06642,Silverstone Community Care Collaborative,Wisconsin,2023,0,0,0.2159445857566339
A06665,Stonebridge Health Medical Center,Pennsylvania,2023,0,0,0.16413350243459404
A06667,Green Valley Community Care Care Network,Arizona,2023,0,0,0.0657243294119086
A06668,Green Valley Integrated Health Medical Center,Illinois,2023,0,0,0.08294385910677791
A06673,Mountain View Health Partners Partners,Alabama,2023,0,1,0.5044320353547534
A06677,Lakeside Medical Partners Physician Alliance,Washington,2023,0,0,0.05682137847388043
A06678,Cedar Clinical Partners Health System,Illinois,2023,0,0,0.1684041854480034
A06692,Grandview Care Network Network,Missouri,2023,0,0,0.095039582369039
A06701,Evergreen Medical Alliance,Indiana,2023,0,0,0.08483547022390871
A06703,Beacon Health Collaborative,Alabama,2023,0,0,0.1267503622591829
A06705,Silverstone Care Collaborative,Texas,2023,0,0,0.09087450397892088
A06709,Eastgate Integrated Health Group,Colorado,2023,0,0,0.12144824929306405
A06711,Redwood Care Network Partners,Oregon,2023,0,0,0.15653827444816554
A06712,Green Valley Health Alliance Medical Center,Connecticut,2023,0,0,0.040352729202186036
A06716,Clearview Medical Group Partners,Massachusetts,2023,0,0,0.12064068173889353
A06730,Community Healthcare Alliance,Virginia,2023,1,0,0.05606308749950533
A06731,Golden Valley Medical Association,Connecticut,2023,1,1,0.6620619656023989
A06740,Fairview Care Partners Network,New York,2023,0,0,0.11482433277265809
A06744,Beacon Clinical Partners Collaborative,Colorado,2023,0,0,0.13736734408168472
A06745,Oakridge Medical Medical Center,Minnesota,2023,0,0,0.038529154112307215
A06753,Pioneer Provider Alliance Medical Center,Oregon,2023,0,0,0.061766195871851635
A06765,Meadow Clinical Partners Medical Center,Florida,2023,0,0,0.1447313411318847
A06768,Silverstone Care Network Association,Minnesota,2023,0,0,0.1609822496724257
A06785,Evergreen Physicians Collaborative,Maryland,2023,0,0,0.0421440400149058
A06786,Evergreen Medical Group Health System,Wisconsin,2023,0,0,0.014617049187121358
A06789,Canyon Care Network Alliance,Florida,2023,1,1,0.8728118804187305
A06795,Silverstone Health Collaborative Group,Missouri,2023,0,0,0.05099658711259644
A06796,Cedar Community Care Care Network,Maryland,2023,0,0,0.08957863616802075
A06801,Unity Medical Partners,Minnesota,2023,1,1,0.840804857717128
A06806,Golden Valley Wellness Collaborative,Illinois,2023,0,0,0.3063368864655991
A06807,Brookside Health Physician Alliance,Alabama,2023,0,0,0.4040895529012708
A06809,Maplewood Care Group,Washington,2023,0,0,0.17410265817897919
A06814,Stonebridge Healthcare Group,Minnesota,2023,0,0,0.18714303987147227
A06817,Meadow Medical Partners Association,Minnesota,2023,0,0,0.12852816738356707
A06823,Evergreen Provider Alliance Collaborative,Michigan,2023,0,0,0.10134355277761857
A06831,Community Wellness Alliance,Michigan,2023,0,0,0.2552037768477649
A06832,Beacon Health Network Collaborative,Georgia,2023,0,0,0.013137327021507144
A06833,Fairview Community Care Collaborative,New York,2023,0,0,0.027159024307041563
A06835,Clearview Physicians Alliance,New Jersey,2023,0,0,0.20286069832667686
A06837,Summit Health Network Physician Alliance,Tennessee,2023,0,0,0.12035343803212387
A06842,Lakeside Care Alliance Physician Alliance,Pennsylvania,2023,0,0,0.04573645934097996
A06844,Blue Ridge Clinical Partners Group,Illinois,2023,0,0,0.09115288039998244
A06863,Meadow Medical Partners Physician Alliance,Tennessee,2023,1,0,0.3061204448668755
A06868,Metro Healthcare Network,Missouri,2023,0,0,0.05526365545854992
A06874,Horizon Care Partners Partners,Connecticut,2023,1,1,0.6940499444061436
A06878,Redwood Wellness Association,New Jersey,2023,0,0,0.026416168575076556
A06881,Pinnacle Care Network Network,New York,2023,0,0,0.3078745364622242
A06882,Evergreen Healthcare Network,Michigan,2023,0,0,0.08498178023098141
A06886,Northstar Health Partners Collaborative,Texas,2023,0,0,0.16951026834860414
A06894,Brookside Health Medical Center,Texas,2023,0,0,0.10842342524485686
A06896,Valley Medical Group Partners,Ohio,2023,0,0,0.04248452774968436
A06897,Community Health Alliance,Missouri,2023,0,0,0.1409157549199013
A06900,Westfield Care Partners Association,Alabama,2023,0,0,0.05099868165154351
A06911,Highland Healthcare Physician Alliance,Indiana,2023,0,0,0.03189402813361367
A06916,Unity Care Network Partners,Connecticut,2023,0,0,0.07336728347831291
A06922,Riverside Care Alliance Collaborative,Tennessee,2023,0,0,0.10751416873607303
A06931,Brookside Clinical Partners Network,Tennessee,2023,0,0,0.08397673093593751
A06937,Beacon Medical Partners Medical Center,Oregon,2023,0,0,0.1733105123205283
A06942,Maplewood Care Medical Center,Indiana,2023,0,0,0.14750720328256478
A06943,Riverside Physicians Partners,Connecticut,2023,0,0,0.08249958436725403
A06945,Golden Valley Clinical Partners Group,Massachusetts,2023,0,0,0.11499605047996596
A06946,Evergreen Clinical Partners Care Network,Massachusetts,2023,0,0,0.17686297659878167
A06955,Green Valley Provider Alliance Alliance,Connecticut,2023,0,0,0.3381944148621631
A06963,Golden Valley Wellness Partners,Wisconsin,2023,1,1,0.931978971034673
A06974,Gateway Health Partners Partners,Michigan,2023,0,0,0.008017333932224265
A06980,Horizon Medical Group Alliance,Texas,2023,0,0,0.061404790629558496
A06981,Beacon Care Partners,Michigan,2023,0,0,0.05014723614375376
A06986,Crestview Care Partners Group,Texas,2023,0,0,0.15661021110038897
A06999,Fairview Health Care Network,Minnesota,2023,0,0,0.06177505896066563
A07007,Eastgate Provider Alliance Care Network,Wisconsin,2023,0,0,0.10140251689675685
A07008,Mountain View Wellness Care Network,Florida,2023,0,0,0.314573376066311
A07016,Riverbend Care Medical Center,Massachusetts,2023,0,0,0.06758223455322128
A07017,Lakeside Provider Alliance Partners,Florida,2023,0,0,0.06084757799782453
A07023,Springfield Health Network Health System,Texas,2023,0,0,0.11540489532673553
A07024,Heritage Care Group,Indiana,2023,0,0,0.09834019535046426
A07036,Highland Clinical Partners Physician Alliance,Pennsylvania,2023,0,0,0.08733982547546085
A07063,Riverside Provider Alliance Alliance,Massachusetts,2023,1,1,0.8428287046917174
A07074,Community Medical Partners Collaborative,Florida,2023,0,0,0.0921217751925003
A07083,Riverbend Physician Network Association,Virginia,2023,0,0,0.11098619045427074
A07089,Riverbend Health Collaborative Network,Ohio,2023,0,0,0.10195919724812505
A07092,Valley Health Network,Indiana,2023,0,0,0.0725717420962382
A07095,Riverbend Healthcare Group,Arizona,2023,1,1,0.69397387428324
A07110,Riverside Health Collaborative Association,Michigan,2023,0,0,0.3855315210358456
A07115,Cedar Medical Group Collaborative,Pennsylvania,2023,0,0,0.061764362378113793
A07121,Heritage Medical Medical Center,New Jersey,2023,0,0,0.04039880333115906
A07126,Stonebridge Care Association,Minnesota,2023,0,0,0.18114101476809544
A07128,Clearview Health Partners Association,Alabama,2023,0,0,0.0220961717355636
A07135,Summit Physician Network Association,Indiana,2023,0,0,0.21177240204817238
A07139,Redwood Care Medical Center,Maryland,2023,0,0,0.13497836567304294
A07149,Beacon Health Partners Health System,Virginia,2023,0,0,0.05588041136151168
A07150,Maplewood Physicians Collaborative,New York,2023,0,0,0.14845148408925365
A07158,Golden Valley Medical Group Health System,Florida,2023,0,0,0.07727360645083475
A07159,Northstar Care Collaborative,Texas,2023,0,0,0.05164569964465908
A07161,Pioneer Clinical Partners Care Network,Massachusetts,2023,0,0,0.0349418508244618
A07164,Summit Medical Partners Alliance,Alabama,2023,0,0,0.1949632839527098
A07166,Riverbend Health Collaborative Collaborative,Michigan,2023,1,1,0.5816444167366881
A07171,Horizon Integrated Health Alliance,Oregon,2023,0,0,0.02569360126758152
A07184,Lakeside Health Collaborative Alliance,Texas,2023,0,0,0.11924976934678697
A07194,Beacon Health Network Partners,Pennsylvania,2023,0,0,0.0843559497202947
A07203,Summit Provider Alliance Care Network,Oregon,2023,0,0,0.012345003226324557
A07207,Oakridge Medical Partners Partners,North Carolina,2023,0,0,0.1659217375634299
A07208,Heritage Medical Group Collaborative,Washington,2023,0,0,0.036063522991328874
A07209,Silverstone Health Partners Care Network,New Jersey,2023,0,0,0.023118251683435606
A07215,Horizon Health Collaborative Collaborative,Arizona,2023,0,0,0.36288473429168827
A07217,Oakridge Medical Partners Medical Center,Virginia,2023,0,0,0.16112183543080622
A07221,Maplewood Physician Network Collaborative,Minnesota,2023,1,0,0.20532693902862037
A07231,Community Health Network Care Network,New Jersey,2023,1,1,0.8738208993727725
A07233,Silverstone Health Health System,New York,2023,1,0,0.2551270592151094
A07244,Springfield Clinical Partners Network,Illinois,2023,0,0,0.04010993524601161
A07249,Cedar Care Alliance Collaborative,Tennessee,2023,0,0,0.05649816146113022
A07251,Gateway Community Care Group,Tennessee,2023,0,0,0.07063405617363547
A07256,Evergreen Healthcare Health System,Virginia,2023,0,0,0.24327664346608302
A07265,Springfield Health Partners Alliance,Missouri,2023,0,0,0.07432325926123513
A07273,Mountain View Wellness Association,Georgia,2023,0,0,0.032471729238272094
A07287,Brookside Care Alliance Collaborative,Oregon,2023,0,0,0.2112805491722538
A07290,Golden Valley Provider Alliance Medical Center,Washington,2023,0,0,0.07900332229524147
A07294,Redwood Medical Collaborative,Minnesota,2023,1,0,0.11967899128673619
A07295,Heritage Health Collaborative Network,Tennessee,2023,1,0,0.08877884739077244
A07298,Lakeside Physician Network Collaborative,Pennsylvania,2023,0,0,0.013806499803726996
A07299,Gateway Health Alliance Association,Texas,2023,0,0,0.08315728284498076
A07340,Gateway Health Partners Care Network,New York,2023,0,0,0.06815278544016637
A07341,Northstar Care Network Alliance,New Jersey,2023,1,0,0.16126772323599045
A07342,Valley Health Partners Collaborative,Maryland,2023,0,0,0.05146461857170393
A07343,Oakridge Clinical Partners Care Network,Florida,2023,0,0,0.25487269095197546
A07349,Community Physicians Group,New York,2023,0,0,0.2237324172911254
A07351,Northstar Medical Group Medical Center,Missouri,2023,0,0,0.11827387319618499
A07358,Golden Valley Wellness Health System,Illinois,2023,0,0,0.057494436427702425
A07363,Evergreen Clinical Partners Medical Center,Texas,2023,0,0,0.1092327120881566
A07367,Clearview Health Network Group,North Carolina,2023,0,0,0.012542300493007872
A07371,Heartland Medical Partners Health System,Indiana,2023,0,0,0.06053023134728479
A07373,Pioneer Care Partners Health System,Texas,2023,0,0,0.16573688011933235
A07378,Gateway Provider Alliance Health System,Tennessee,2023,0,0,0.08417021358614418
A07379,Springfield Community Care Association,Pennsylvania,2023,0,0,0.18397432757960513
A07413,Beacon Health Network Physician Alliance,Tennessee,2023,0,0,0.05869786008210061
A07414,Westfield Medical Partners,Ohio,2023,0,0,0.19481845916457854
A07415,Eastgate Clinical Partners Collaborative,North Carolina,2023,1,1,0.5179975778104233
A07424,Heartland Care Alliance,Oregon,2023,0,0,0.3808013917818138
A07428,Grandview Care Network Physician Alliance,Alabama,2023,0,0,0.17617833787533418
A07429,Golden Valley Physicians Collaborative,Minnesota,2023,1,0,0.28361588625765377
A07430,Silverstone Physician Network Health System,Washington,2023,0,0,0.1459104157702823
A07433,Stonebridge Medical Network,Georgia,2023,0,0,0.2111538006044177
A07439,Clearview Care Alliance Alliance,Pennsylvania,2023,0,0,0.23745189824593363
A07445,Clearview Medical Group Medical Center,Missouri,2023,0,0,0.1719670865474433
A07446,Lakeside Care Alliance Partners,Connecticut,2023,1,1,0.9184452713666214
A07449,Metro Community Care Physician Alliance,Texas,2023,0,0,0.08757566207783293
A07458,Cedar Care Network,Wisconsin,2023,0,0,0.21691667838553605
A07459,Unity Health Collaborative Partners,Connecticut,2023,0,0,0.3622963621424098
A07478,Riverbend Health Alliance Medical Center,Maryland,2023,0,0,0.12718642905556213
A07480,Valley Wellness Medical Center,Indiana,2023,0,0,0.09513569379419165
A07482,Eastgate Medical Partners,Texas,2023,1,0,0.14325316861419712
A07484,Canyon Health Network Care Network,Oregon,2023,0,0,0.1543657854049004
A07498,Parkview Wellness Network,Florida,2023,1,0,0.2348585446945417
