ACO_ID,ACO_NAME,STATE,YEAR,FORECASTED_NEXT_YEAR_SAVINGS_RATE,FORECASTED_NEXT_YEAR_SAVINGS_RATE_PCT,SAVINGS_FORECAST_CATEGORY
A00001,Golden Valley Care Alliance Partners,Illinois,2024,-0.003037936352641688,-0.3037936352641688,LOW SAVINGS
A00002,Brookside Care Network Network,Massachusetts,2024,0.042264726680697716,4.226472668069771,HIGH SAVINGS
A00003,Oakridge Health Physician Alliance,Arizona,2024,0.015257378866035292,1.5257378866035292,MODERATE SAVINGS
A00004,Eastgate Medical Group Health System,Michigan,2024,0.011504347264740072,1.1504347264740071,MODERATE SAVINGS
A00005,Mountain View Care Alliance Collaborative,Ohio,2024,0.0008559312002535111,0.08559312002535112,MODERATE SAVINGS
A00006,Riverbend Care Alliance Partners,Indiana,2024,0.02295087455893072,2.2950874558930723,MODERATE SAVINGS
A00007,Metro Health Alliance Medical Center,Missouri,2024,0.06470864221098865,6.470864221098865,HIGH SAVINGS
A00008,Summit Care Network Medical Center,Massachusetts,2024,-0.0001990776054808419,-0.01990776054808419,LOW SAVINGS
A00009,Redwood Care Partners Health System,Minnesota,2024,0.05034825952340734,5.034825952340734,HIGH SAVINGS
A00010,Heartland Physicians Care Network,Arizona,2024,0.05052316790328245,5.052316790328245,HIGH SAVINGS
A00011,Heritage Wellness Network,Maryland,2024,0.03305197841287362,3.305197841287362,HIGH SAVINGS
A00012,Unity Provider Alliance Association,Florida,2024,-0.009541745561726349,-0.9541745561726348,LOW SAVINGS
A00014,Unity Care Association,North Carolina,2024,0.007598690584073335,0.7598690584073334,MODERATE SAVINGS
A00015,Parkview Health Network Physician Alliance,Indiana,2024,0.017375464435502377,1.7375464435502377,MODERATE SAVINGS
A00016,Meadow Physician Network Group,Wisconsin,2024,0.007109682675999831,0.7109682675999831,MODERATE SAVINGS
A00018,Grandview Health Network Network,Michigan,2024,0.0028456040269480482,0.2845604026948048,MODERATE SAVINGS
A00019,Cedar Care Group,Pennsylvania,2024,-0.017722959411609913,-1.7722959411609913,LOW SAVINGS
A00020,Canyon Care Alliance Medical Center,Texas,2024,0.019391830274484944,1.9391830274484945,MODERATE SAVINGS
A00021,Northstar Integrated Health Partners,Wisconsin,2024,-0.005808134830578391,-0.5808134830578391,LOW SAVINGS
A00022,Riverside Care Alliance Health System,Maryland,2024,0.015509457940111996,1.5509457940111997,MODERATE SAVINGS
A00023,Maplewood Integrated Health Physician Alliance,Arizona,2024,0.059212234435160264,5.921223443516026,HIGH SAVINGS
A00024,Valley Health Partners Association,Arizona,2024,0.04840305613183882,4.840305613183881,HIGH SAVINGS
A00025,Northstar Healthcare Alliance,Oregon,2024,-0.00697638473670864,-0.697638473670864,LOW SAVINGS
A00026,Pinnacle Wellness Group,New York,2024,0.012052678357965592,1.2052678357965592,MODERATE SAVINGS
A00027,Highland Care Network Physician Alliance,Oregon,2024,0.09827950055990771,9.82795005599077,HIGH SAVINGS
A00028,Unity Medical Partners Health System,Alabama,2024,0.0034709277134693755,0.34709277134693756,MODERATE SAVINGS
A00029,Cedar Medical Group Care Network,Massachusetts,2024,-0.015766247013857596,-1.5766247013857597,LOW SAVINGS
A00030,Valley Healthcare Collaborative,Connecticut,2024,0.059058113558858684,5.905811355885868,HIGH SAVINGS
A00031,Brookside Care Alliance Health System,Missouri,2024,0.017861727982286774,1.7861727982286775,MODERATE SAVINGS
A00032,Heartland Medical Partners Partners,Alabama,2024,0.013418267290952718,1.341826729095272,MODERATE SAVINGS
A00033,Horizon Care Partners Physician Alliance,New York,2024,0.020370552043260857,2.037055204326086,MODERATE SAVINGS
A00034,Valley Clinical Partners Alliance,New York,2024,0.05723021109083546,5.723021109083546,HIGH SAVINGS
A00035,Stonebridge Clinical Partners Alliance,Massachusetts,2024,0.033943537615452636,3.3943537615452635,HIGH SAVINGS
A00036,Metro Medical Group Physician Alliance,North Carolina,2024,0.012410892066928306,1.2410892066928307,MODERATE SAVINGS
A00037,WellSpring Care Network Network,Maryland,2024,0.04888731606332072,4.888731606332072,HIGH SAVINGS
A00038,Gateway Clinical Partners Collaborative,Georgia,2024,-0.015709091378271856,-1.5709091378271856,LOW SAVINGS
A00039,Valley Care Alliance Medical Center,Colorado,2024,0.010624054631099517,1.0624054631099518,MODERATE SAVINGS
A00040,Cedar Health Alliance Physician Alliance,Minnesota,2024,-0.014188391189611514,-1.4188391189611513,LOW SAVINGS
A00041,Westfield Health Network Care Network,Tennessee,2024,0.0168900597933266,1.6890059793326602,MODERATE SAVINGS
A00042,Brookside Integrated Health Partners,New York,2024,0.011629503283439225,1.1629503283439224,MODERATE SAVINGS
A00043,Crestview Medical Network,Missouri,2024,0.01783076890143685,1.7830768901436849,MODERATE SAVINGS
A00044,Mountain View Clinical Partners Group,Massachusetts,2024,0.0363876028135422,3.6387602813542195,HIGH SAVINGS
A00045,Meadow Physician Network Health System,Oregon,2024,0.06289684139125203,6.289684139125202,HIGH SAVINGS
A00046,Riverside Medical Association,Michigan,2024,-0.004435206820902603,-0.44352068209026035,LOW SAVINGS
A00047,Riverbend Care Alliance Alliance,Florida,2024,0.052981300622506854,5.298130062250685,HIGH SAVINGS
A00048,Gateway Medical Partners,Florida,2024,0.03843018694868071,3.843018694868071,HIGH SAVINGS
A00049,Community Health Partners Health System,Missouri,2024,0.0004975240828323382,0.049752408283233816,MODERATE SAVINGS
A00050,Maplewood Medical Group Physician Alliance,New Jersey,2024,0.019898403708677216,1.9898403708677217,MODERATE SAVINGS
A00051,Parkview Care Group,Colorado,2024,-0.03157382656629087,-3.157382656629087,LOW SAVINGS
A00052,Pinnacle Wellness Association,Florida,2024,0.016186404014530618,1.6186404014530618,MODERATE SAVINGS
A00053,Pioneer Wellness Care Network,Indiana,2024,0.05659529129592893,5.659529129592893,HIGH SAVINGS
A00054,Green Valley Medical Group Health System,Minnesota,2024,0.04704057476577183,4.704057476577183,HIGH SAVINGS
A00055,Westfield Medical Partners Network,Illinois,2024,0.058375057490554126,5.8375057490554125,HIGH SAVINGS
A00056,Silverstone Physicians Network,New Jersey,2024,0.02444759879921082,2.444759879921082,MODERATE SAVINGS
A00057,Brookside Health Partners Health System,Illinois,2024,0.000189127808094452,0.018912780809445202,MODERATE SAVINGS
A00058,Evergreen Health Partners Group,Wisconsin,2024,0.03143027977646971,3.1430279776469714,HIGH SAVINGS
A00059,Metro Care Partners Health System,Ohio,2024,0.044504469967737006,4.4504469967737,HIGH SAVINGS
A00060,Riverside Health Collaborative Network,Maryland,2024,0.006423610980497269,0.6423610980497269,MODERATE SAVINGS
A00062,WellSpring Wellness Group,Washington,2024,0.023431563414809134,2.3431563414809133,MODERATE SAVINGS
A00063,Canyon Wellness Health System,Indiana,2024,-0.012942818261049961,-1.2942818261049962,LOW SAVINGS
A00064,Metro Clinical Partners Physician Alliance,Michigan,2024,0.006312377565693997,0.6312377565693997,MODERATE SAVINGS
A00065,Metro Healthcare Partners,Indiana,2024,-0.001828191790876668,-0.18281917908766682,LOW SAVINGS
A00066,Community Clinical Partners Collaborative,Colorado,2024,0.04237643554667398,4.2376435546673985,HIGH SAVINGS
A00067,Metro Provider Alliance Health System,Colorado,2024,-0.004243044611590628,-0.4243044611590628,LOW SAVINGS
A00068,Grandview Medical Group Partners,Missouri,2024,-0.022845162436211975,-2.2845162436211974,LOW SAVINGS
A00069,Fairview Health Partners Health System,Connecticut,2024,0.010348688836055265,1.0348688836055264,MODERATE SAVINGS
A00070,Highland Physician Network Physician Alliance,Maryland,2024,0.0218203565557535,2.18203565557535,MODERATE SAVINGS
A00071,Fairview Health Alliance Care Network,Tennessee,2024,0.01077242771245259,1.077242771245259,MODERATE SAVINGS
A00072,Crestview Health Alliance Network,Indiana,2024,0.009235348670273431,0.9235348670273431,MODERATE SAVINGS
A00073,Maplewood Health Alliance Care Network,Florida,2024,0.025925292640639773,2.592529264063977,MODERATE SAVINGS
A00074,Redwood Health Collaborative Collaborative,Oregon,2024,0.055686152614876396,5.56861526148764,HIGH SAVINGS
A00075,Crestview Integrated Health Physician Alliance,New York,2024,-0.026606026028650268,-2.6606026028650267,LOW SAVINGS
A00076,Parkview Provider Alliance Physician Alliance,California,2024,0.0256534928286002,2.5653492828600197,MODERATE SAVINGS
A00078,Heartland Clinical Partners Medical Center,Colorado,2024,-0.007221429726533951,-0.7221429726533951,LOW SAVINGS
A00079,Brookside Medical Group Network,Maryland,2024,0.015589529257299417,1.5589529257299417,MODERATE SAVINGS
A00080,Maplewood Community Care Health System,Arizona,2024,-0.010926165305420444,-1.0926165305420443,LOW SAVINGS
A00081,Pioneer Medical Health System,New York,2024,0.026694665946038615,2.6694665946038616,MODERATE SAVINGS
A00082,Heartland Care Alliance Care Network,Wisconsin,2024,0.047517788307598605,4.751778830759861,HIGH SAVINGS
A00083,Heritage Wellness Health System,Pennsylvania,2024,0.008723543112878793,0.8723543112878793,MODERATE SAVINGS
A00084,Meadow Medical Physician Alliance,Tennessee,2024,0.04229355798477701,4.229355798477701,HIGH SAVINGS
A00085,Lakeside Care Group,Ohio,2024,-0.024172964697838598,-2.4172964697838597,LOW SAVINGS
A00086,Metro Healthcare Alliance,North Carolina,2024,-0.025557004115924254,-2.5557004115924253,LOW SAVINGS
A00087,Stonebridge Health Alliance Health System,Connecticut,2024,0.0065374811518337005,0.6537481151833701,MODERATE SAVINGS
A00088,Unity Health Collaborative Physician Alliance,Indiana,2024,0.019392902184186465,1.9392902184186465,MODERATE SAVINGS
A00089,Brookside Care Network Alliance,New York,2024,-0.01635567996263203,-1.635567996263203,LOW SAVINGS
A00090,Lakeside Medical Group Health System,Tennessee,2024,0.03736490170517733,3.736490170517733,HIGH SAVINGS
A00091,Metro Care Association,Minnesota,2024,0.03559436973820905,3.559436973820905,HIGH SAVINGS
A00092,Parkview Medical Partners,Pennsylvania,2024,-0.031062487799314795,-3.1062487799314793,LOW SAVINGS
A00093,Gateway Provider Alliance Alliance,Ohio,2024,0.01593865531258733,1.593865531258733,MODERATE SAVINGS
A00094,Metro Care Care Network,Massachusetts,2024,0.012069693787590577,1.2069693787590576,MODERATE SAVINGS
A00095,Oakridge Physician Network Collaborative,Wisconsin,2024,0.04797731631239372,4.7977316312393725,HIGH SAVINGS
A00096,Meadow Care Partners Physician Alliance,Florida,2024,-0.015226827766705746,-1.5226827766705746,LOW SAVINGS
A00097,Brookside Medical Association,Michigan,2024,0.020556275389389176,2.055627538938918,MODERATE SAVINGS
A00098,Stonebridge Care Collaborative,Arizona,2024,-0.026358328946611824,-2.635832894661182,LOW SAVINGS
A00099,Canyon Integrated Health Physician Alliance,Minnesota,2024,0.05130653281510472,5.130653281510472,HIGH SAVINGS
A00100,Golden Valley Integrated Health Association,Georgia,2024,0.013328996587792328,1.3328996587792328,MODERATE SAVINGS
A00101,Heritage Care Network Group,Tennessee,2024,0.037464760744404614,3.7464760744404613,HIGH SAVINGS
A00102,Canyon Care Alliance Partners,Michigan,2024,0.017029202385524075,1.7029202385524074,MODERATE SAVINGS
A00103,Pioneer Integrated Health Health System,Pennsylvania,2024,0.04099121938013166,4.099121938013166,HIGH SAVINGS
A00104,Beacon Health Partners Physician Alliance,Michigan,2024,0.013254518538685997,1.3254518538685998,MODERATE SAVINGS
A00105,Riverbend Physicians Alliance,New Jersey,2024,0.06209175860166778,6.209175860166778,HIGH SAVINGS
A00106,Maplewood Health Collaborative Alliance,Michigan,2024,-0.004107696250315951,-0.41076962503159514,LOW SAVINGS
A00107,Heartland Care Network Network,Texas,2024,0.01710664865508264,1.710664865508264,MODERATE SAVINGS
A00108,Cedar Care Alliance Group,New Jersey,2024,-0.019401457303538316,-1.9401457303538316,LOW SAVINGS
A00109,Eastgate Care Alliance Association,Texas,2024,0.03426570345070427,3.426570345070427,HIGH SAVINGS
A00110,Evergreen Health Collaborative Physician Alliance,Texas,2024,-0.04252621465715806,-4.252621465715806,LOW SAVINGS
A00111,Mountain View Integrated Health Collaborative,New Jersey,2024,0.06675267041064267,6.675267041064267,HIGH SAVINGS
A00112,Pinnacle Wellness Network,North Carolina,2024,-0.01189714842193641,-1.189714842193641,LOW SAVINGS
A00113,Unity Healthcare Physician Alliance,Washington,2024,0.016153352655795514,1.6153352655795514,MODERATE SAVINGS
A00114,Westfield Community Care Medical Center,Missouri,2024,0.07938832296692463,7.938832296692463,HIGH SAVINGS
A00115,Blue Ridge Care Alliance Collaborative,Minnesota,2024,0.03737927357080549,3.737927357080549,HIGH SAVINGS
A00116,Heartland Medical Group Collaborative,New York,2024,0.06489135246353828,6.489135246353827,HIGH SAVINGS
A00117,Evergreen Care Alliance Health System,Florida,2024,-0.022924603370951712,-2.292460337095171,LOW SAVINGS
A00119,Pinnacle Physicians Collaborative,Michigan,2024,0.041799985004571945,4.179998500457194,HIGH SAVINGS
A00120,Riverside Medical Partners Health System,Pennsylvania,2024,0.03891525937974217,3.891525937974217,HIGH SAVINGS
A00121,Silverstone Physicians Physician Alliance,Missouri,2024,0.07782176394588733,7.782176394588733,HIGH SAVINGS
A00122,Blue Ridge Health Physician Alliance,Georgia,2024,-0.007487610671716825,-0.7487610671716824,LOW SAVINGS
A00123,WellSpring Healthcare Physician Alliance,Ohio,2024,0.019130124311153435,1.9130124311153436,MODERATE SAVINGS
A00124,Blue Ridge Integrated Health Alliance,Arizona,2024,0.010693652153070082,1.0693652153070081,MODERATE SAVINGS
A00125,Clearview Physician Network Care Network,Indiana,2024,-0.023859892936763855,-2.3859892936763853,LOW SAVINGS
A00126,Riverside Physician Network Physician Alliance,Texas,2024,0.04567080324314657,4.567080324314657,HIGH SAVINGS
A00127,Pinnacle Care Alliance Network,Arizona,2024,0.03195775222478217,3.195775222478217,HIGH SAVINGS
A00128,Blue Ridge Health Partners Medical Center,Texas,2024,0.012346414139802862,1.2346414139802862,MODERATE SAVINGS
A00129,Redwood Health Collaborative Network,Pennsylvania,2024,0.03488208943084614,3.488208943084614,HIGH SAVINGS
A00130,Cedar Community Care Group,Missouri,2024,0.027199210786418345,2.7199210786418346,MODERATE SAVINGS
A00131,Silverstone Medical Partners Network,Georgia,2024,0.03239035372553381,3.239035372553381,HIGH SAVINGS
A00134,Summit Medical Partners Collaborative,Wisconsin,2024,0.009141415860623,0.9141415860623,MODERATE SAVINGS
A00135,Highland Medical Physician Alliance,Illinois,2024,0.027388099554020724,2.7388099554020724,MODERATE SAVINGS
A00136,Heartland Integrated Health Collaborative,New York,2024,0.020540899824597652,2.0540899824597654,MODERATE SAVINGS
A00137,Oakridge Care Network,Arizona,2024,-0.019518492883815422,-1.9518492883815421,LOW SAVINGS
A00138,Fairview Care Network Physician Alliance,Wisconsin,2024,0.012236231528067982,1.2236231528067982,MODERATE SAVINGS
A00139,Horizon Care Alliance Association,North Carolina,2024,0.05076009972052611,5.076009972052611,HIGH SAVINGS
A00140,Community Community Care Alliance,Illinois,2024,-0.03979781652436185,-3.979781652436185,LOW SAVINGS
A00141,Stonebridge Provider Alliance Network,New York,2024,-0.015334545698107029,-1.533454569810703,LOW SAVINGS
A00142,Heritage Integrated Health Network,Missouri,2024,0.0033792417253704294,0.33792417253704293,MODERATE SAVINGS
A00143,Springfield Clinical Partners Care Network,Maryland,2024,0.032458134212229366,3.2458134212229366,HIGH SAVINGS
A00144,Evergreen Care Health System,Connecticut,2024,-0.008095098152304112,-0.8095098152304112,LOW SAVINGS
A00146,Pinnacle Care Alliance Medical Center,Minnesota,2024,0.012181653427614661,1.218165342761466,MODERATE SAVINGS
A00148,Community Care Network Alliance,Virginia,2024,-0.038545726868639676,-3.8545726868639676,LOW SAVINGS
A00149,Maplewood Care Partners,Tennessee,2024,0.04995901145804808,4.995901145804808,HIGH SAVINGS
A00150,Maplewood Provider Alliance Care Network,Indiana,2024,-0.04069583635400558,-4.069583635400558,LOW SAVINGS
A00151,Green Valley Health Network Network,Connecticut,2024,0.036672511131186955,3.6672511131186956,HIGH SAVINGS
A00152,Crestview Health Collaborative Physician Alliance,New Jersey,2024,0.027388099554020724,2.7388099554020724,MODERATE SAVINGS
A00153,Springfield Care Medical Center,Michigan,2024,-0.016445030590703003,-1.6445030590703003,LOW SAVINGS
A00154,Stonebridge Health Network Partners,Wisconsin,2024,0.06728774817624684,6.728774817624685,HIGH SAVINGS
A00155,Westfield Clinical Partners Medical Center,Washington,2024,-0.03945037338131737,-3.945037338131737,LOW SAVINGS
A00156,Blue Ridge Health Partners,Connecticut,2024,0.011268787769221343,1.1268787769221345,MODERATE SAVINGS
A00157,Clearview Care Alliance Medical Center,Maryland,2024,-0.04004317761758519,-4.004317761758519,LOW SAVINGS
A00158,Evergreen Clinical Partners Collaborative,Indiana,2024,0.03626437066259845,3.6264370662598453,HIGH SAVINGS
A00159,Fairview Health Partners Alliance,Massachusetts,2024,-0.002368866306514633,-0.2368866306514633,LOW SAVINGS
A00160,Eastgate Medical Partners Partners,Washington,2024,0.0036043573640754125,0.36043573640754123,MODERATE SAVINGS
A00161,WellSpring Care Alliance Physician Alliance,Maryland,2024,-0.02699720130680766,-2.699720130680766,LOW SAVINGS
A00162,Mountain View Care Network Care Network,Arizona,2024,0.030335012698494822,3.033501269849482,HIGH SAVINGS
A00163,Westfield Wellness Care Network,Missouri,2024,0.04990828589473376,4.990828589473376,HIGH SAVINGS
A00164,Maplewood Provider Alliance Group,Alabama,2024,0.0029667038956830366,0.29667038956830366,MODERATE SAVINGS
A00165,Northstar Health Alliance Health System,Ohio,2024,0.010995248255700219,1.0995248255700218,MODERATE SAVINGS
A00166,Silverstone Medical Partners Alliance,Michigan,2024,0.014245408400302372,1.4245408400302373,MODERATE SAVINGS
A00167,Summit Medical Alliance,Pennsylvania,2024,-0.005509920740300843,-0.5509920740300843,LOW SAVINGS
A00168,Cedar Care Partners Partners,Oregon,2024,0.009399442300713849,0.9399442300713848,MODERATE SAVINGS
A00169,Maplewood Health Partners Network,Massachusetts,2024,0.010039791343091948,1.0039791343091948,MODERATE SAVINGS
A00170,Pioneer Health Group,Maryland,2024,0.031704673385857675,3.1704673385857673,HIGH SAVINGS
A00171,Riverbend Medical Partners Network,Wisconsin,2024,0.04525822412820435,4.525822412820435,HIGH SAVINGS
A00172,Silverstone Provider Alliance Association,California,2024,-0.034998969509839946,-3.499896950983995,LOW SAVINGS
A00173,Crestview Care Alliance Alliance,Arizona,2024,0.04411205761246588,4.411205761246588,HIGH SAVINGS
A00174,Pioneer Community Care Group,Texas,2024,0.010271594762125313,1.0271594762125313,MODERATE SAVINGS
A00175,Canyon Healthcare Medical Center,Wisconsin,2024,-0.05148112578903654,-5.148112578903654,LOW SAVINGS
A00176,Pinnacle Medical Partners Health System,Missouri,2024,0.021821766973685874,2.1821766973685874,MODERATE SAVINGS
A00177,Parkview Integrated Health Network,Indiana,2024,-0.012505276532353641,-1.2505276532353642,LOW SAVINGS
A00178,Metro Wellness Medical Center,Texas,2024,0.05740331367056451,5.740331367056451,HIGH SAVINGS
A00179,Heartland Health Partners Group,Connecticut,2024,0.006548003091233024,0.6548003091233023,MODERATE SAVINGS
A00180,Highland Physician Network Care Network,New York,2024,0.052951771984874746,5.295177198487474,HIGH SAVINGS
A00181,Horizon Care Network Group,New York,2024,0.002065483108595275,0.20654831085952752,MODERATE SAVINGS
A00182,Evergreen Physician Network Medical Center,Maryland,2024,-0.013208671161125838,-1.3208671161125838,LOW SAVINGS
A00183,WellSpring Physician Network Group,Arizona,2024,-0.014899233298564891,-1.4899233298564891,LOW SAVINGS
A00184,Westfield Medical Group Network,Maryland,2024,0.03912846416013199,3.912846416013199,HIGH SAVINGS
A00186,Canyon Medical Collaborative,Illinois,2024,-0.03938519904085398,-3.9385199040853984,LOW SAVINGS
A00187,Brookside Health Alliance Physician Alliance,Illinois,2024,0.07368606365107659,7.368606365107659,HIGH SAVINGS
A00188,Blue Ridge Healthcare Care Network,New Jersey,2024,0.007146425562937613,0.7146425562937613,MODERATE SAVINGS
A00189,Mountain View Health Collaborative Partners,Texas,2024,0.01220103515775349,1.220103515775349,MODERATE SAVINGS
A00190,Pioneer Health Network Health System,Arizona,2024,0.003800437460740731,0.3800437460740731,MODERATE SAVINGS
A00191,Eastgate Care Alliance,Virginia,2024,-0.0064340612124126955,-0.6434061212412695,LOW SAVINGS
A00192,Mountain View Integrated Health Association,New York,2024,0.05592447228979089,5.592447228979089,HIGH SAVINGS
A00193,Springfield Physician Network Care Network,Wisconsin,2024,0.025577843504891732,2.557784350489173,MODERATE SAVINGS
A00194,Northstar Wellness Collaborative,Arizona,2024,0.04294489145361346,4.294489145361346,HIGH SAVINGS
A00195,Pioneer Community Care Association,California,2024,0.024981094293832256,2.4981094293832258,MODERATE SAVINGS
A00196,Canyon Provider Alliance Care Network,Oregon,2024,0.010849248861263611,1.0849248861263612,MODERATE SAVINGS
A00197,Springfield Physicians Alliance,Indiana,2024,0.01720090480551524,1.720090480551524,MODERATE SAVINGS
A00198,Northstar Integrated Health Network,Arizona,2024,0.047904084473532685,4.790408447353268,HIGH SAVINGS
A00200,Golden Valley Health Alliance Medical Center,Ohio,2024,0.04420120394808969,4.420120394808969,HIGH SAVINGS
A00201,Metro Physician Network Partners,Tennessee,2024,0.0381306052808442,3.81306052808442,HIGH SAVINGS
A00202,Clearview Provider Alliance Collaborative,New Jersey,2024,0.05435446478606843,5.435446478606843,HIGH SAVINGS
A00203,Oakridge Wellness Partners,Alabama,2024,0.0696948424941623,6.96948424941623,HIGH SAVINGS
A00205,Highland Care Network Network,Oregon,2024,0.0011647411895939013,0.11647411895939012,MODERATE SAVINGS
A00206,Parkview Health Partners Partners,Missouri,2024,0.04295606413920229,4.295606413920229,HIGH SAVINGS
A00207,Gateway Health Partners Network,Washington,2024,0.035743758580375075,3.5743758580375076,HIGH SAVINGS
A00208,Parkview Integrated Health Medical Center,Alabama,2024,0.007293981471003493,0.7293981471003493,MODERATE SAVINGS
A00209,Parkview Care Partners Collaborative,Virginia,2024,-0.03699549331160491,-3.6995493311604912,LOW SAVINGS
A00210,Redwood Physician Network Care Network,Ohio,2024,0.0071734829237310805,0.717348292373108,MODERATE SAVINGS
A00211,Westfield Clinical Partners Health System,Colorado,2024,0.011556021336598072,1.1556021336598072,MODERATE SAVINGS
A00212,Springfield Physician Network Alliance,Missouri,2024,0.06268576809225149,6.268576809225149,HIGH SAVINGS
A00213,Summit Care Medical Center,Colorado,2024,-0.018795579459450165,-1.8795579459450165,LOW SAVINGS
A00214,Horizon Care Alliance Group,Arizona,2024,0.024423064629210765,2.4423064629210764,MODERATE SAVINGS
A00215,Fairview Provider Alliance Association,Ohio,2024,0.018670156328216107,1.8670156328216108,MODERATE SAVINGS
A00216,Lakeside Health Collaborative Health System,Alabama,2024,0.0028496088866463067,0.28496088866463065,MODERATE SAVINGS
A00218,Westfield Medical Group Group,Indiana,2024,-0.007161269904632472,-0.7161269904632472,LOW SAVINGS
A00219,Gateway Health Network Association,Connecticut,2024,0.04244873263667252,4.244873263667253,HIGH SAVINGS
A00220,Cedar Care Care Network,Washington,2024,0.06098340638360544,6.098340638360544,HIGH SAVINGS
A00221,Green Valley Provider Alliance Association,Washington,2024,0.017019881366320846,1.7019881366320846,MODERATE SAVINGS
A00222,Lakeside Physicians Network,Indiana,2024,0.050288222719591956,5.0288222719591955,HIGH SAVINGS
A00223,Golden Valley Clinical Partners Association,Wisconsin,2024,0.005339326907696636,0.5339326907696635,MODERATE SAVINGS
A00224,Westfield Care Care Network,Maryland,2024,0.0460528032431182,4.6052803243118206,HIGH SAVINGS
A00225,Summit Community Care Group,Massachusetts,2024,0.046473626991817465,4.6473626991817465,HIGH SAVINGS
A00226,Mountain View Care Alliance Partners,New York,2024,0.037231156006141145,3.7231156006141144,HIGH SAVINGS
A00227,Golden Valley Care Network Group,New York,2024,-0.014820883136005951,-1.4820883136005951,LOW SAVINGS
A00228,Highland Care Alliance Physician Alliance,Indiana,2024,0.020857556612916817,2.0857556612916817,MODERATE SAVINGS
A00229,Heartland Health Alliance,Alabama,2024,0.008396092475029234,0.8396092475029234,MODERATE SAVINGS
A00230,Blue Ridge Care Partners Association,Massachusetts,2024,0.059605566822210805,5.960556682221081,HIGH SAVINGS
A00231,Parkview Provider Alliance Medical Center,Minnesota,2024,0.019422811558842335,1.9422811558842334,MODERATE SAVINGS
A00232,Silverstone Care Partners Health System,California,2024,0.052648078736115184,5.2648078736115185,HIGH SAVINGS
A00234,Valley Health Collaborative Medical Center,Oregon,2024,-0.004139696651356276,-0.4139696651356276,LOW SAVINGS
A00235,Evergreen Healthcare Alliance,Connecticut,2024,0.02238493009427614,2.238493009427614,MODERATE SAVINGS
A00236,Pinnacle Medical Association,Connecticut,2024,0.019323707367534058,1.9323707367534058,MODERATE SAVINGS
A00237,Grandview Health Alliance Health System,Pennsylvania,2024,0.0072567858480721,0.72567858480721,MODERATE SAVINGS
A00238,Valley Health Care Network,Missouri,2024,-0.01976836771375196,-1.976836771375196,LOW SAVINGS
A00239,Beacon Healthcare Collaborative,Florida,2024,-0.0442416807973758,-4.42416807973758,LOW SAVINGS
A00240,Fairview Medical Association,Arizona,2024,0.022027184327091935,2.2027184327091933,MODERATE SAVINGS
A00241,Fairview Medical Group Collaborative,Ohio,2024,-0.014710066615628802,-1.4710066615628803,LOW SAVINGS
A00242,Eastgate Physicians Physician Alliance,Missouri,2024,0.03790429820190723,3.790429820190723,HIGH SAVINGS
A00243,Evergreen Medical Medical Center,Connecticut,2024,0.040847183151080615,4.084718315108062,HIGH SAVINGS
A00244,Community Care Alliance,Pennsylvania,2024,0.03303005898352044,3.303005898352044,HIGH SAVINGS
A00245,Riverside Physician Network Association,North Carolina,2024,0.015615770791679333,1.5615770791679333,MODERATE SAVINGS
A00246,Unity Healthcare Alliance,Virginia,2024,-7.363947327486741e-05,-0.007363947327486741,LOW SAVINGS
A00247,Riverbend Health Alliance Group,Arizona,2024,0.023973711473755214,2.3973711473755213,MODERATE SAVINGS
A00248,Community Healthcare Care Network,North Carolina,2024,0.03856461879994654,3.856461879994654,HIGH SAVINGS
A00249,Highland Integrated Health Collaborative,Florida,2024,0.0626568161020647,6.265681610206469,HIGH SAVINGS
A00250,Blue Ridge Care Network Medical Center,Illinois,2024,0.04593694078952988,4.593694078952988,HIGH SAVINGS
A00251,Heartland Community Care Physician Alliance,Wisconsin,2024,0.016060584036433533,1.6060584036433532,MODERATE SAVINGS
A00252,Gateway Care Network Network,Maryland,2024,0.007869206205120037,0.7869206205120037,MODERATE SAVINGS
A00253,Unity Medical Group Partners,Indiana,2024,0.036143617341843924,3.6143617341843925,HIGH SAVINGS
A00255,Pioneer Physician Network Collaborative,Washington,2024,0.019779859658884843,1.9779859658884842,MODERATE SAVINGS
A00256,Valley Integrated Health Care Network,New York,2024,-0.011026021251393072,-1.1026021251393072,LOW SAVINGS
A00257,Northstar Integrated Health Group,Alabama,2024,0.02396145266047095,2.396145266047095,MODERATE SAVINGS
A00258,Horizon Provider Alliance Network,Maryland,2024,0.046328676315975835,4.632867631597583,HIGH SAVINGS
A00259,Metro Care Alliance Association,Missouri,2024,-0.02394651487748813,-2.394651487748813,LOW SAVINGS
A00262,Pinnacle Wellness Physician Alliance,Massachusetts,2024,0.0020307178334597917,0.20307178334597917,MODERATE SAVINGS
A00263,Mountain View Clinical Partners Collaborative,New Jersey,2024,0.012767594792350583,1.2767594792350583,MODERATE SAVINGS
A00264,Pinnacle Health Alliance Association,Minnesota,2024,0.002996191928871211,0.2996191928871211,MODERATE SAVINGS
A00265,Gateway Health Alliance Health System,Wisconsin,2024,0.059304982384670066,5.930498238467006,HIGH SAVINGS
A00266,Silverstone Health Collaborative Health System,Connecticut,2024,0.030226208159770576,3.022620815977058,HIGH SAVINGS
A00267,Grandview Care Alliance Health System,Illinois,2024,0.005732258396098223,0.5732258396098223,MODERATE SAVINGS
A00268,Grandview Health Alliance,Indiana,2024,-0.0006241679809984931,-0.062416798099849305,LOW SAVINGS
A00269,Metro Health Partners Health System,Virginia,2024,0.034376800623431784,3.4376800623431785,HIGH SAVINGS
A00270,Valley Care Partners Medical Center,Colorado,2024,0.017387673572153036,1.7387673572153035,MODERATE SAVINGS
A00271,Riverbend Care Alliance Network,Ohio,2024,0.02400630302697928,2.400630302697928,MODERATE SAVINGS
A00273,Lakeside Care Network Physician Alliance,Michigan,2024,0.013663721287754163,1.3663721287754163,MODERATE SAVINGS
A00274,Crestview Health Network Association,North Carolina,2024,0.024207315433430587,2.4207315433430585,MODERATE SAVINGS
A00275,WellSpring Medical Group Alliance,Ohio,2024,0.012581510623416555,1.2581510623416554,MODERATE SAVINGS
A00276,Riverbend Care Alliance Medical Center,Florida,2024,0.0348341716246609,3.4834171624660906,HIGH SAVINGS
A00277,Silverstone Health Alliance Health System,Michigan,2024,0.011520362608144298,1.15203626081443,MODERATE SAVINGS
A00278,Horizon Health Medical Center,Michigan,2024,-0.003995610781317598,-0.39956107813175984,LOW SAVINGS
A00279,Heritage Physicians Medical Center,Oregon,2024,0.05243726097749766,5.243726097749766,HIGH SAVINGS
A00280,Gateway Health Collaborative Health System,California,2024,0.026633852541267145,2.6633852541267147,MODERATE SAVINGS
A00281,Oakridge Care Network Association,Florida,2024,0.06292098556754688,6.292098556754688,HIGH SAVINGS
A00282,Stonebridge Healthcare Physician Alliance,New York,2024,0.05145007167882523,5.1450071678825235,HIGH SAVINGS
A00283,Golden Valley Care Partners,Oregon,2024,0.015289636042582771,1.528963604258277,MODERATE SAVINGS
A00284,Metro Medical Group Association,Tennessee,2024,0.01342823709467671,1.342823709467671,MODERATE SAVINGS
A00285,Springfield Physicians Medical Center,Michigan,2024,-0.057307721942127354,-5.730772194212736,LOW SAVINGS
A00286,Stonebridge Physicians Partners,Missouri,2024,0.04714732648797986,4.714732648797986,HIGH SAVINGS
A00287,Community Health Network,Wisconsin,2024,0.033292279690269155,3.3292279690269155,HIGH SAVINGS
A00288,Grandview Wellness Collaborative,California,2024,0.017052753294413036,1.7052753294413037,MODERATE SAVINGS
A00289,Oakridge Physicians Physician Alliance,Colorado,2024,0.01892905833640741,1.8929058336407412,MODERATE SAVINGS
A00290,Riverside Physician Network Collaborative,Virginia,2024,0.01291146177952487,1.291146177952487,MODERATE SAVINGS
A00291,Canyon Clinical Partners Care Network,Illinois,2024,0.013545020727616618,1.3545020727616617,MODERATE SAVINGS
A00292,Stonebridge Care Partners,Michigan,2024,-0.025016857845377317,-2.501685784537732,LOW SAVINGS
A00293,Gateway Clinical Partners Medical Center,Minnesota,2024,0.023225800778002202,2.3225800778002204,MODERATE SAVINGS
A00294,Metro Medical Group Partners,Colorado,2024,0.0024802768201064927,0.24802768201064926,MODERATE SAVINGS
A00295,Highland Care Alliance Care Network,Michigan,2024,0.0602378449721281,6.02378449721281,HIGH SAVINGS
A00297,Fairview Medical Partners Physician Alliance,New Jersey,2024,0.05460992408763136,5.460992408763135,HIGH SAVINGS
A00298,Heartland Medical Group Alliance,California,2024,0.044671770179629686,4.467177017962968,HIGH SAVINGS
A00299,Cedar Medical Partners Partners,North Carolina,2024,0.0021091003345643866,0.21091003345643866,MODERATE SAVINGS
A00300,Grandview Physician Network Partners,Colorado,2024,-0.02433329752158834,-2.433329752158834,LOW SAVINGS
A00301,Gateway Medical Group Alliance,Missouri,2024,0.0014817907826293925,0.14817907826293925,MODERATE SAVINGS
A00302,Redwood Healthcare Group,New York,2024,0.02313777668479826,2.3137776684798257,MODERATE SAVINGS
A00303,Blue Ridge Care Alliance Health System,New Jersey,2024,0.03595643635680685,3.595643635680685,HIGH SAVINGS
A00304,Westfield Healthcare Collaborative,North Carolina,2024,0.012323473925318271,1.2323473925318271,MODERATE SAVINGS
A00305,Riverside Health Alliance Collaborative,New York,2024,0.044381381435420586,4.438138143542059,HIGH SAVINGS
A00306,Maplewood Physician Network Group,Connecticut,2024,-0.0009257688129186577,-0.09257688129186577,LOW SAVINGS
A00307,Beacon Care Group,California,2024,-0.021538706507372607,-2.153870650737261,LOW SAVINGS
A00308,Eastgate Care Partners Care Network,Illinois,2024,-0.0015989255417581687,-0.15989255417581685,LOW SAVINGS
A00309,Heartland Health Collaborative Association,California,2024,0.017258528601246655,1.7258528601246654,MODERATE SAVINGS
A00310,Redwood Health Collaborative Association,Oregon,2024,0.005319783423771554,0.5319783423771554,MODERATE SAVINGS
A00311,Metro Community Care Association,North Carolina,2024,0.033369483410649756,3.3369483410649754,HIGH SAVINGS
A00312,Pioneer Health Medical Center,North Carolina,2024,0.05121797316190551,5.121797316190551,HIGH SAVINGS
A00313,Valley Physician Network Physician Alliance,New Jersey,2024,0.021858775293266967,2.1858775293266968,MODERATE SAVINGS
A00314,Blue Ridge Medical Partners Physician Alliance,Massachusetts,2024,0.01816191468801091,1.816191468801091,MODERATE SAVINGS
A00315,Meadow Care Network Medical Center,Georgia,2024,0.028977339761665905,2.8977339761665903,MODERATE SAVINGS
A00316,Northstar Health Alliance Collaborative,Texas,2024,-0.007695361565722481,-0.7695361565722482,LOW SAVINGS
A00317,Blue Ridge Physicians Association,Massachusetts,2024,0.012554919515229778,1.2554919515229779,MODERATE SAVINGS
A00318,Crestview Care Network Alliance,Illinois,2024,0.008241862161318485,0.8241862161318485,MODERATE SAVINGS
A00319,Riverside Health Partners Partners,Missouri,2024,0.013434744663109356,1.3434744663109355,MODERATE SAVINGS
A00320,Community Medical Group Care Network,California,2024,-0.025450909652132023,-2.5450909652132023,LOW SAVINGS
A00321,Springfield Care Alliance Physician Alliance,Maryland,2024,0.010111662968323441,1.011166296832344,MODERATE SAVINGS
A00322,Meadow Health Collaborative Health System,Michigan,2024,-0.008600299305187215,-0.8600299305187215,LOW SAVINGS
A00323,Riverbend Care Network,Georgia,2024,0.011816794201528617,1.1816794201528618,MODERATE SAVINGS
A00324,Evergreen Provider Alliance Group,Alabama,2024,0.0076613904133620275,0.7661390413362027,MODERATE SAVINGS
A00325,Fairview Wellness Alliance,Pennsylvania,2024,0.05501742171181496,5.501742171181496,HIGH SAVINGS
A00326,Brookside Care Partners Collaborative,New Jersey,2024,0.0627933518803878,6.27933518803878,HIGH SAVINGS
A00327,Golden Valley Wellness Physician Alliance,Wisconsin,2024,0.004488732278613003,0.4488732278613003,MODERATE SAVINGS
A00328,WellSpring Care Medical Center,New York,2024,0.125420495788378,12.5420495788378,HIGH SAVINGS
A00329,Parkview Health Collaborative,Illinois,2024,0.04713448946675773,4.713448946675773,HIGH SAVINGS
A00330,Fairview Wellness Physician Alliance,Indiana,2024,-0.002453955526391143,-0.24539555263911433,LOW SAVINGS
A00331,Summit Care Partners Physician Alliance,Wisconsin,2024,-0.0193907268418875,-1.93907268418875,LOW SAVINGS
A00332,Valley Health Partners Group,Alabama,2024,0.023362054867923646,2.3362054867923647,MODERATE SAVINGS
A00333,Highland Care Medical Center,Georgia,2024,0.01681092888565215,1.6810928885652152,MODERATE SAVINGS
A00334,Silverstone Care Partners,Georgia,2024,0.0279133011105738,2.79133011105738,MODERATE SAVINGS
A00335,Unity Health Alliance Alliance,Pennsylvania,2024,0.04470363881477016,4.470363881477016,HIGH SAVINGS
A00337,Golden Valley Care Medical Center,Maryland,2024,0.04727581105020467,4.727581105020467,HIGH SAVINGS
A00338,Beacon Care Network Group,North Carolina,2024,-0.047162312688850315,-4.716231268885031,LOW SAVINGS
A00339,Clearview Physicians Network,Washington,2024,0.032530769199614104,3.2530769199614102,HIGH SAVINGS
A00340,Unity Health Collaborative Association,Florida,2024,0.0230722023877717,2.30722023877717,MODERATE SAVINGS
A00341,Horizon Health Network Group,New York,2024,0.015424895393574238,1.5424895393574238,MODERATE SAVINGS
A00342,Horizon Healthcare Network,New York,2024,0.0003257247161765647,0.03257247161765647,MODERATE SAVINGS
A00343,Stonebridge Physicians Group,Wisconsin,2024,-0.007741367460654701,-0.7741367460654701,LOW SAVINGS
A00344,WellSpring Care Alliance,Missouri,2024,0.018953865834509778,1.8953865834509778,MODERATE SAVINGS
A00345,Pioneer Care Partners Partners,Indiana,2024,-0.001936951776982407,-0.19369517769824068,LOW SAVINGS
A00346,Horizon Health Alliance Partners,North Carolina,2024,-0.01326469153162943,-1.3264691531629431,LOW SAVINGS
A00347,Clearview Care Partners Network,North Carolina,2024,-0.006706467792537566,-0.6706467792537566,LOW SAVINGS
A00348,Canyon Physician Network Partners,Texas,2024,0.01074379939176169,1.074379939176169,MODERATE SAVINGS
A00349,Unity Care Medical Center,Texas,2024,0.050388558132432364,5.038855813243236,HIGH SAVINGS
A00350,Clearview Health Network,Alabama,2024,0.041764274923375394,4.176427492337539,HIGH SAVINGS
A00351,Riverside Clinical Partners Physician Alliance,New York,2024,0.04824576613240315,4.824576613240315,HIGH SAVINGS
A00352,Westfield Health Alliance Association,Virginia,2024,-0.022108344231322692,-2.2108344231322694,LOW SAVINGS
A00353,Brookside Care Network Physician Alliance,Ohio,2024,0.025749681234878516,2.5749681234878516,MODERATE SAVINGS
A00354,Pinnacle Medical Health System,Washington,2024,0.00011310192958923897,0.011310192958923897,MODERATE SAVINGS
A00355,Gateway Care Alliance Care Network,Missouri,2024,0.04667025424102958,4.667025424102958,HIGH SAVINGS
A00356,Lakeside Health Network Health System,Pennsylvania,2024,0.005101283013394053,0.5101283013394053,MODERATE SAVINGS
A00357,Fairview Community Care Association,Connecticut,2024,-0.0031275097680134294,-0.31275097680134295,LOW SAVINGS
A00358,Oakridge Care Alliance Health System,Georgia,2024,0.010404966372059316,1.0404966372059317,MODERATE SAVINGS
A00359,Clearview Provider Alliance Group,New York,2024,0.02795352343231232,2.7953523432312317,MODERATE SAVINGS
A00360,Riverside Clinical Partners Care Network,Michigan,2024,-0.008898559404328057,-0.8898559404328057,LOW SAVINGS
A00361,Heartland Physician Network Group,Pennsylvania,2024,0.05419782898824813,5.419782898824813,HIGH SAVINGS
A00362,Silverstone Provider Alliance Network,Massachusetts,2024,0.04529545847723681,4.529545847723681,HIGH SAVINGS
A00363,Horizon Integrated Health Physician Alliance,Florida,2024,-0.0578074406801365,-5.78074406801365,LOW SAVINGS
A00364,Fairview Community Care Physician Alliance,Ohio,2024,0.005678454776775727,0.5678454776775728,MODERATE SAVINGS
A00365,Heritage Clinical Partners Association,Washington,2024,0.04467939579235523,4.467939579235523,HIGH SAVINGS
A00366,Parkview Healthcare Care Network,Tennessee,2024,0.03633876238239291,3.6338762382392913,HIGH SAVINGS
A00367,Green Valley Wellness Association,Wisconsin,2024,-0.03783176676312275,-3.7831766763122747,LOW SAVINGS
A00368,Evergreen Care Network Health System,Wisconsin,2024,-0.0069463191393999086,-0.6946319139399909,LOW SAVINGS
A00369,Green Valley Health Association,Connecticut,2024,0.031835804761442585,3.1835804761442583,HIGH SAVINGS
A00370,Redwood Care Network Physician Alliance,Ohio,2024,0.013951994655105077,1.3951994655105078,MODERATE SAVINGS
A00371,Clearview Clinical Partners Care Network,Georgia,2024,0.04049621237315423,4.0496212373154234,HIGH SAVINGS
A00372,Unity Provider Alliance Group,Ohio,2024,-0.013746323813314244,-1.3746323813314243,LOW SAVINGS
A00373,Pioneer Integrated Health Medical Center,Alabama,2024,0.04605943636461737,4.605943636461737,HIGH SAVINGS
A00374,Stonebridge Health Collaborative Partners,California,2024,-0.008651377474337515,-0.8651377474337516,LOW SAVINGS
A00375,Meadow Medical Association,Minnesota,2024,0.059133513564211815,5.913351356421181,HIGH SAVINGS
A00376,Blue Ridge Care Partners Physician Alliance,Pennsylvania,2024,0.011795511749504462,1.1795511749504461,MODERATE SAVINGS
A00377,Horizon Clinical Partners Group,Massachusetts,2024,0.024682187456085358,2.468218745608536,MODERATE SAVINGS
A00378,Clearview Health Collaborative Collaborative,Ohio,2024,-0.03948354339829057,-3.948354339829057,LOW SAVINGS
A00379,Grandview Provider Alliance Physician Alliance,Washington,2024,0.01886821109330409,1.886821109330409,MODERATE SAVINGS
A00381,Riverside Health Partners Group,California,2024,0.029448681854771255,2.9448681854771253,MODERATE SAVINGS
A00382,Heartland Medical Group,California,2024,-0.0031726743158873106,-0.31726743158873105,LOW SAVINGS
A00383,Canyon Community Care Alliance,Georgia,2024,0.028363924953733757,2.8363924953733757,MODERATE SAVINGS
A00384,Riverbend Care Physician Alliance,Connecticut,2024,0.02971237041011004,2.9712370410110043,MODERATE SAVINGS
A00385,Fairview Health Alliance,Colorado,2024,0.02970106048197225,2.9701060481972252,MODERATE SAVINGS
A00386,Brookside Health Collaborative Medical Center,Oregon,2024,0.04233879243851975,4.233879243851975,HIGH SAVINGS
A00387,Pinnacle Health Collaborative Physician Alliance,Virginia,2024,0.006782840187866685,0.6782840187866684,MODERATE SAVINGS
A00388,Unity Health Partners Collaborative,Florida,2024,0.029397463052748977,2.9397463052748978,MODERATE SAVINGS
A00389,Riverbend Medical Network,Alabama,2024,0.0670172945182428,6.7017294518242805,HIGH SAVINGS
A00390,Green Valley Care Partners,Florida,2024,0.033658358026797376,3.3658358026797375,HIGH SAVINGS
A00391,Brookside Medical Partners Medical Center,Alabama,2024,0.007782152376493272,0.7782152376493272,MODERATE SAVINGS
A00392,Green Valley Medical Network,Massachusetts,2024,0.014844993492755242,1.4844993492755243,MODERATE SAVINGS
A00393,Pioneer Provider Alliance Physician Alliance,California,2024,0.037389152795217255,3.7389152795217253,HIGH SAVINGS
A00394,Pinnacle Health Alliance Health System,Minnesota,2024,0.02215634884755936,2.2156348847559357,MODERATE SAVINGS
A00395,Valley Provider Alliance Group,Maryland,2024,0.08038891733245863,8.038891733245864,HIGH SAVINGS
A00396,Riverbend Physician Network Group,New Jersey,2024,-0.002986131222393311,-0.2986131222393311,LOW SAVINGS
A00397,Eastgate Community Care Health System,Texas,2024,0.019610889690817937,1.9610889690817936,MODERATE SAVINGS
A00398,Meadow Provider Alliance Group,Texas,2024,0.028500287229035127,2.8500287229035126,MODERATE SAVINGS
A00399,Northstar Health Alliance Network,Washington,2024,-0.004203643485416121,-0.42036434854161214,LOW SAVINGS
A00400,Highland Community Care Health System,New York,2024,0.003315028466516345,0.3315028466516345,MODERATE SAVINGS
A00401,Heartland Health Collaborative Group,Florida,2024,0.000300085884083098,0.0300085884083098,MODERATE SAVINGS
A00402,Golden Valley Care Network Care Network,Ohio,2024,0.04048798553411094,4.048798553411094,HIGH SAVINGS
A00403,Metro Care Alliance Care Network,Virginia,2024,0.025577843504891732,2.557784350489173,MODERATE SAVINGS
A00404,Summit Medical Group Network,Virginia,2024,-0.00609078429801001,-0.609078429801001,LOW SAVINGS
A00405,Springfield Medical Partners Alliance,New Jersey,2024,0.0316096890202635,3.16096890202635,HIGH SAVINGS
A00406,Brookside Medical Partners Group,Alabama,2024,0.011660700078331634,1.1660700078331634,MODERATE SAVINGS
A00407,Canyon Medical Group Health System,Missouri,2024,0.010364248323048332,1.0364248323048333,MODERATE SAVINGS
A00408,Pioneer Medical Partners Health System,Minnesota,2024,0.04456229110171729,4.456229110171729,HIGH SAVINGS
A00409,Oakridge Healthcare Association,Pennsylvania,2024,0.04344973636060267,4.344973636060267,HIGH SAVINGS
A00410,Evergreen Health Physician Alliance,Pennsylvania,2024,-0.020091346528026188,-2.0091346528026186,LOW SAVINGS
A00411,Green Valley Health Alliance Network,New York,2024,0.082400257624886,8.2400257624886,HIGH SAVINGS
A00412,Unity Wellness Group,Pennsylvania,2024,0.017124999577629335,1.7124999577629336,MODERATE SAVINGS
A00413,Redwood Health Collaborative Health System,Illinois,2024,0.006271688345944581,0.6271688345944582,MODERATE SAVINGS
A00414,Parkview Care Alliance Alliance,North Carolina,2024,-0.016460322076559723,-1.6460322076559724,LOW SAVINGS
A00415,Heritage Care Care Network,Virginia,2024,0.029254914399189026,2.9254914399189027,MODERATE SAVINGS
A00416,Cedar Care Partners Medical Center,Washington,2024,0.029975277702744697,2.99752777027447,MODERATE SAVINGS
A00417,Lakeside Community Care Collaborative,New Jersey,2024,-0.0009577846862679363,-0.09577846862679362,LOW SAVINGS
A00418,Redwood Healthcare Network,Illinois,2024,0.019392902184186465,1.9392902184186465,MODERATE SAVINGS
A00419,Metro Care Partners,New York,2024,0.035532115334560584,3.5532115334560586,HIGH SAVINGS
A00420,Fairview Medical Partners Association,Wisconsin,2024,0.014996526769638153,1.4996526769638152,MODERATE SAVINGS
A00421,Lakeside Care Partners Physician Alliance,Maryland,2024,-0.0033071472191105763,-0.3307147219110576,LOW SAVINGS
A00423,Cedar Health Group,New York,2024,-0.005346341254994661,-0.5346341254994661,LOW SAVINGS
A00424,Golden Valley Health Alliance Network,Missouri,2024,-0.008176693458278398,-0.8176693458278398,LOW SAVINGS
A00425,Crestview Medical Medical Center,Illinois,2024,0.007423840620382887,0.7423840620382887,MODERATE SAVINGS
A00426,WellSpring Medical Partners Physician Alliance,Massachusetts,2024,0.03598585294470017,3.598585294470017,HIGH SAVINGS
A00427,Cedar Medical Partners Alliance,Georgia,2024,0.0040368116013382235,0.4036811601338224,MODERATE SAVINGS
A00428,Grandview Health Collaborative Group,Colorado,2024,0.005419441757841099,0.5419441757841098,MODERATE SAVINGS
A00429,Metro Care Alliance Collaborative,Wisconsin,2024,0.006115577251321967,0.6115577251321968,MODERATE SAVINGS
A00430,Mountain View Care Care Network,Tennessee,2024,-0.013606363175800149,-1.360636317580015,LOW SAVINGS
A00431,Cedar Provider Alliance Group,Ohio,2024,0.012475411081389914,1.2475411081389916,MODERATE SAVINGS
A00432,Heritage Community Care Alliance,Michigan,2024,-0.0012247476590819138,-0.12247476590819138,LOW SAVINGS
A00433,Springfield Health Alliance Group,Colorado,2024,0.0025773583606210127,0.25773583606210126,MODERATE SAVINGS
A00434,Westfield Clinical Partners Alliance,Virginia,2024,0.03452945254338836,3.452945254338836,HIGH SAVINGS
A00435,Riverside Community Care Partners,Connecticut,2024,0.05898210698146734,5.898210698146734,HIGH SAVINGS
A00436,Gateway Health Alliance Care Network,Missouri,2024,-0.023467204451819577,-2.346720445181958,LOW SAVINGS
A00438,WellSpring Medical Physician Alliance,Illinois,2024,0.03170922868412727,3.1709228684127266,HIGH SAVINGS
A00441,Gateway Medical Partners Collaborative,Wisconsin,2024,0.003775421550034701,0.3775421550034701,MODERATE SAVINGS
A00442,Clearview Integrated Health Collaborative,Maryland,2024,0.01932686001427541,1.9326860014275409,MODERATE SAVINGS
A00443,Metro Care Medical Center,Oregon,2024,0.01008964556507762,1.008964556507762,MODERATE SAVINGS
A00444,Brookside Medical Physician Alliance,Massachusetts,2024,0.04112370755935954,4.112370755935954,HIGH SAVINGS
A00445,Stonebridge Healthcare Care Network,California,2024,0.012015848528332722,1.2015848528332722,MODERATE SAVINGS
A00446,Beacon Care Partners Care Network,Ohio,2024,0.03135918297866549,3.135918297866549,HIGH SAVINGS
A00447,Westfield Medical Group,Georgia,2024,0.08876709797966043,8.876709797966043,HIGH SAVINGS
A00448,Crestview Care Medical Center,Ohio,2024,0.012130207536587735,1.2130207536587734,MODERATE SAVINGS
A00449,Fairview Care Alliance Health System,Connecticut,2024,-0.004106152267016537,-0.41061522670165373,LOW SAVINGS
A00450,Summit Wellness Association,Alabama,2024,0.021221542609399596,2.1221542609399595,MODERATE SAVINGS
A00451,Highland Clinical Partners Health System,Wisconsin,2024,0.03849906464706217,3.849906464706217,HIGH SAVINGS
A00452,Oakridge Medical Partners Physician Alliance,Colorado,2024,-0.02982208133938659,-2.982208133938659,LOW SAVINGS
A00453,Highland Integrated Health Health System,Connecticut,2024,-0.006101356698526696,-0.6101356698526696,LOW SAVINGS
A00454,Cedar Medical Collaborative,Colorado,2024,0.07289483908732772,7.289483908732771,HIGH SAVINGS
A00456,Evergreen Health Partners Physician Alliance,Indiana,2024,0.0421007206282406,4.21007206282406,HIGH SAVINGS
A00457,Westfield Community Care Alliance,Washington,2024,0.01666986106448499,1.6669861064484992,MODERATE SAVINGS
A00458,Lakeside Care Collaborative,California,2024,0.001918841662342316,0.1918841662342316,MODERATE SAVINGS
A00459,Heartland Medical Group Medical Center,Virginia,2024,0.0728496847388861,7.28496847388861,HIGH SAVINGS
A00460,Valley Physician Network Care Network,Texas,2024,0.007651634112699792,0.7651634112699792,MODERATE SAVINGS
A00461,Northstar Medical Group Physician Alliance,Indiana,2024,0.008077092274842436,0.8077092274842437,MODERATE SAVINGS
A00462,WellSpring Healthcare Medical Center,Oregon,2024,0.029801271122737116,2.9801271122737116,MODERATE SAVINGS
A00463,Parkview Community Care Physician Alliance,Minnesota,2024,0.007346605847264613,0.7346605847264612,MODERATE SAVINGS
A00464,Redwood Integrated Health Partners,Tennessee,2024,-0.007354276853706412,-0.7354276853706412,LOW SAVINGS
A00466,Green Valley Health Network Alliance,Illinois,2024,-0.016937323338090556,-1.6937323338090555,LOW SAVINGS
A00467,Riverbend Medical Health System,North Carolina,2024,0.007371824517255616,0.7371824517255616,MODERATE SAVINGS
A00468,Crestview Clinical Partners Health System,Connecticut,2024,0.010205747966058259,1.0205747966058258,MODERATE SAVINGS
A00469,Pinnacle Health Collaborative Group,Connecticut,2024,0.01038245088828086,1.038245088828086,MODERATE SAVINGS
A00470,Unity Care Partners,New Jersey,2024,0.0315510410649933,3.15510410649933,HIGH SAVINGS
A00471,Riverside Care Alliance Partners,Wisconsin,2024,-0.044323424760768754,-4.432342476076875,LOW SAVINGS
A00472,Oakridge Physician Network Network,New York,2024,0.04844280002375655,4.844280002375656,HIGH SAVINGS
A00473,Lakeside Provider Alliance Collaborative,New York,2024,0.03042403266543129,3.042403266543129,HIGH SAVINGS
A00474,Westfield Wellness Health System,Ohio,2024,0.03792611775834668,3.792611775834668,HIGH SAVINGS
A00475,Canyon Care Network Group,Washington,2024,-0.030557422735246885,-3.0557422735246886,LOW SAVINGS
A00476,Canyon Integrated Health Partners,Alabama,2024,-0.02142360801489031,-2.142360801489031,LOW SAVINGS
A00477,Grandview Physician Network Alliance,Alabama,2024,0.034417741658789275,3.4417741658789276,HIGH SAVINGS
A00478,Beacon Care Partners Physician Alliance,Arizona,2024,-0.019566130043470503,-1.9566130043470502,LOW SAVINGS
A00479,Westfield Physicians Network,Maryland,2024,0.052608396206381365,5.260839620638136,HIGH SAVINGS
A00480,Oakridge Health Collaborative Partners,Texas,2024,0.05032420365262902,5.032420365262902,HIGH SAVINGS
A00481,Brookside Medical Partners Health System,Washington,2024,0.02740730929056924,2.740730929056924,MODERATE SAVINGS
A00482,Meadow Health Care Network,Minnesota,2024,0.03621624030998313,3.6216240309983134,HIGH SAVINGS
A00483,Meadow Healthcare Partners,North Carolina,2024,0.031868819245378696,3.1868819245378694,HIGH SAVINGS
A00484,Golden Valley Health Collaborative,Illinois,2024,0.008261014478716733,0.8261014478716734,MODERATE SAVINGS
A00485,Eastgate Clinical Partners Health System,Florida,2024,0.04686881596774444,4.686881596774444,HIGH SAVINGS
A00486,Green Valley Care Medical Center,Tennessee,2024,-0.04165859176667372,-4.165859176667372,LOW SAVINGS
A00487,Gateway Care Network Alliance,Virginia,2024,0.044030787207049824,4.403078720704983,HIGH SAVINGS
A00488,Community Physician Network Network,Oregon,2024,0.0057947157621469425,0.5794715762146943,MODERATE SAVINGS
A00489,Pioneer Provider Alliance Network,California,2024,0.025494437050277537,2.5494437050277536,MODERATE SAVINGS
A00490,Westfield Medical Health System,Colorado,2024,0.03842902136989985,3.8429021369899847,HIGH SAVINGS
A00491,Heartland Medical Group Network,Maryland,2024,0.026049606669341165,2.6049606669341165,MODERATE SAVINGS
A00492,Lakeside Wellness Health System,Minnesota,2024,0.03131293416699685,3.131293416699685,HIGH SAVINGS
A00493,Lakeside Care Network Health System,California,2024,-0.015824290075494095,-1.5824290075494094,LOW SAVINGS
A00494,Gateway Care Alliance Alliance,Texas,2024,-0.028204486069512775,-2.8204486069512775,LOW SAVINGS
A00495,Unity Health Alliance Group,Pennsylvania,2024,-0.025736730975690614,-2.5736730975690616,LOW SAVINGS
A00496,Parkview Clinical Partners Network,Colorado,2024,0.040638459993795645,4.063845999379565,HIGH SAVINGS
A00497,Green Valley Medical Care Network,Washington,2024,0.01627201890457342,1.627201890457342,MODERATE SAVINGS
A00498,Pioneer Care Alliance Alliance,Arizona,2024,0.07164536658132056,7.164536658132056,HIGH SAVINGS
A00499,Fairview Care Physician Alliance,Texas,2024,-0.0043077471634430245,-0.4307747163443025,LOW SAVINGS
A00500,Lakeside Community Care Physician Alliance,Colorado,2024,0.04189874471363633,4.189874471363633,HIGH SAVINGS
A00501,Riverside Care Network Network,Missouri,2024,-0.0017907824106115529,-0.17907824106115527,LOW SAVINGS
A00502,Lakeside Health Collaborative Network,Florida,2024,0.02822438914506429,2.822438914506429,MODERATE SAVINGS
A00503,Blue Ridge Physicians Care Network,California,2024,0.009574873387478967,0.9574873387478967,MODERATE SAVINGS
A00504,Brookside Health Collaborative Physician Alliance,North Carolina,2024,0.027282042115221998,2.7282042115221996,MODERATE SAVINGS
A00505,Brookside Care Partners Network,New York,2024,-0.000115978427402256,-0.0115978427402256,LOW SAVINGS
A00506,Pinnacle Medical Partners Collaborative,Colorado,2024,-0.00983851046790704,-0.9838510467907039,LOW SAVINGS
A00507,Maplewood Medical Partners Alliance,Minnesota,2024,0.08260534158241316,8.260534158241315,HIGH SAVINGS
A00508,Springfield Health Partners Collaborative,Colorado,2024,0.029164526733326493,2.9164526733326492,MODERATE SAVINGS
A00509,Brookside Provider Alliance Alliance,Missouri,2024,0.042187185171325664,4.218718517132566,HIGH SAVINGS
A00510,Redwood Clinical Partners Collaborative,Maryland,2024,0.07147905058378337,7.1479050583783375,HIGH SAVINGS
A00511,Lakeside Physicians Care Network,Tennessee,2024,0.028795411683685462,2.8795411683685463,MODERATE SAVINGS
A00512,Heartland Health Network Physician Alliance,California,2024,0.012476468054091102,1.2476468054091103,MODERATE SAVINGS
A00513,Grandview Provider Alliance Collaborative,Wisconsin,2024,0.014726665207046654,1.4726665207046654,MODERATE SAVINGS
A00514,Canyon Medical Group Medical Center,Florida,2024,0.00011559895277425683,0.011559895277425684,MODERATE SAVINGS
A00515,Redwood Integrated Health Medical Center,New York,2024,0.04288493330582223,4.288493330582223,HIGH SAVINGS
A00516,Eastgate Health Partners Association,Washington,2024,0.020751615599206144,2.0751615599206144,MODERATE SAVINGS
A00517,Redwood Care Partners Physician Alliance,Texas,2024,0.056672145432312415,5.667214543231242,HIGH SAVINGS
A00519,Riverside Health Collaborative Partners,Washington,2024,0.014649258851649945,1.4649258851649944,MODERATE SAVINGS
A00520,Westfield Health Network Medical Center,Texas,2024,0.018338504945830267,1.8338504945830267,MODERATE SAVINGS
A00521,Pioneer Care Partners Medical Center,Georgia,2024,0.06498168063299085,6.498168063299086,HIGH SAVINGS
A00522,Stonebridge Care Network,Indiana,2024,0.011586199897109737,1.1586199897109737,MODERATE SAVINGS
A00523,Stonebridge Clinical Partners Group,Massachusetts,2024,0.05102292474036653,5.102292474036653,HIGH SAVINGS
A00524,Clearview Clinical Partners Alliance,Virginia,2024,0.030887927320184336,3.0887927320184336,HIGH SAVINGS
A00525,Heritage Care Partners Group,Missouri,2024,0.053523356631139295,5.352335663113929,HIGH SAVINGS
A00526,Maplewood Care Partners Alliance,New Jersey,2024,0.018941924442641436,1.8941924442641436,MODERATE SAVINGS
A00527,Heritage Care Alliance Alliance,Florida,2024,0.015355318895656611,1.5355318895656611,MODERATE SAVINGS
A00528,Grandview Healthcare Association,Indiana,2024,-0.013442456304331161,-1.344245630433116,LOW SAVINGS
A00529,Highland Health Group,Wisconsin,2024,0.04140034512605474,4.1400345126054745,HIGH SAVINGS
A00530,Pioneer Care Physician Alliance,Alabama,2024,-0.009198332282169808,-0.9198332282169809,LOW SAVINGS
A00531,Eastgate Health Association,Wisconsin,2024,-0.003971565622428585,-0.3971565622428585,LOW SAVINGS
A00532,Meadow Medical Partners Collaborative,Michigan,2024,0.04460678743658034,4.460678743658034,HIGH SAVINGS
A00533,Canyon Provider Alliance Group,North Carolina,2024,0.014824624769741317,1.4824624769741317,MODERATE SAVINGS
A00534,Eastgate Care Alliance Medical Center,Georgia,2024,0.002565473015115216,0.2565473015115216,MODERATE SAVINGS
A00535,Gateway Healthcare Collaborative,New Jersey,2024,0.006334965953644186,0.6334965953644186,MODERATE SAVINGS
A00536,Pinnacle Physicians Association,California,2024,0.02545550581479052,2.545550581479052,MODERATE SAVINGS
A00537,Riverbend Care Network Care Network,Arizona,2024,0.04000333822795651,4.000333822795651,HIGH SAVINGS
A00538,Eastgate Physician Network Association,Ohio,2024,0.009138577216791545,0.9138577216791545,MODERATE SAVINGS
A00539,Brookside Medical Network,Indiana,2024,0.015736484649007634,1.5736484649007634,MODERATE SAVINGS
A00540,Valley Integrated Health Alliance,Indiana,2024,0.009792025738194985,0.9792025738194985,MODERATE SAVINGS
A00541,Canyon Clinical Partners Partners,New York,2024,0.002225416320277399,0.22254163202773988,MODERATE SAVINGS
A00542,Fairview Care Partners Group,Tennessee,2024,0.02651913902749316,2.651913902749316,MODERATE SAVINGS
A00543,Redwood Medical Alliance,Washington,2024,0.04412567006445186,4.412567006445186,HIGH SAVINGS
A00544,Golden Valley Health Partners Network,Massachusetts,2024,0.014875098195220102,1.4875098195220102,MODERATE SAVINGS
A00545,Cedar Physicians Alliance,Illinois,2024,0.008326364519096782,0.8326364519096783,MODERATE SAVINGS
A00546,Horizon Clinical Partners Alliance,North Carolina,2024,-0.02126271158187844,-2.126271158187844,LOW SAVINGS
A00547,Mountain View Provider Alliance Network,Texas,2024,0.03995639448661349,3.995639448661349,HIGH SAVINGS
A00548,Summit Medical Group Association,Missouri,2024,0.024015115198295252,2.4015115198295254,MODERATE SAVINGS
A00549,Pioneer Community Care Physician Alliance,Maryland,2024,0.012935926589076833,1.2935926589076834,MODERATE SAVINGS
A00550,Pioneer Health Collaborative Network,California,2024,0.036654042020412676,3.665404202041268,HIGH SAVINGS
A00551,Fairview Physician Network Group,Virginia,2024,-0.013487394785418766,-1.3487394785418767,LOW SAVINGS
A00552,Golden Valley Medical Group Alliance,Texas,2024,0.01124084490554692,1.124084490554692,MODERATE SAVINGS
A00553,Silverstone Integrated Health Health System,Pennsylvania,2024,0.0030881441385495066,0.3088144138549507,MODERATE SAVINGS
A00554,Silverstone Care Alliance Collaborative,Arizona,2024,0.0009893528477323452,0.09893528477323453,MODERATE SAVINGS
A00555,Beacon Medical Partners Collaborative,Tennessee,2024,-0.005036145326789348,-0.5036145326789347,LOW SAVINGS
A00556,Highland Integrated Health Alliance,Massachusetts,2024,0.0340578720874674,3.4057872087467396,HIGH SAVINGS
A00557,Lakeside Health Partners Health System,Virginia,2024,0.04932417138249676,4.932417138249677,HIGH SAVINGS
A00558,Pinnacle Health Partners Care Network,Tennessee,2024,0.035159431830990455,3.5159431830990453,HIGH SAVINGS
A00559,Golden Valley Care Alliance Health System,Georgia,2024,-0.020154296934470205,-2.0154296934470204,LOW SAVINGS
A00560,Mountain View Physicians Health System,Massachusetts,2024,-0.045094246243899135,-4.509424624389913,LOW SAVINGS
A00561,Highland Health Partners Association,Massachusetts,2024,-1.150783124353627e-06,-0.0001150783124353627,LOW SAVINGS
A00562,Riverside Medical Partners Alliance,Arizona,2024,0.004676178421997957,0.4676178421997957,MODERATE SAVINGS
A00563,Highland Health Alliance Medical Center,Ohio,2024,0.07142265771532223,7.142265771532223,HIGH SAVINGS
A00564,Springfield Medical Partners Association,Tennessee,2024,0.008938126219199687,0.8938126219199687,MODERATE SAVINGS
A00565,Beacon Care Network Alliance,Maryland,2024,0.0211478476098756,2.11478476098756,MODERATE SAVINGS
A00566,Evergreen Medical Association,Colorado,2024,-0.047162312688850315,-4.716231268885031,LOW SAVINGS
A00567,Riverside Care Network Collaborative,Alabama,2024,0.004628464203653747,0.4628464203653747,MODERATE SAVINGS
A00568,Golden Valley Integrated Health Health System,Michigan,2024,0.009372480454418838,0.9372480454418839,MODERATE SAVINGS
A00569,Fairview Integrated Health Alliance,Colorado,2024,-0.04731506870206066,-4.731506870206066,LOW SAVINGS
A00570,Brookside Medical Group Health System,Wisconsin,2024,0.037205397419116486,3.7205397419116486,HIGH SAVINGS
A00571,Stonebridge Clinical Partners Health System,Alabama,2024,-0.017041261848146593,-1.7041261848146594,LOW SAVINGS
A00572,Beacon Care Alliance Network,Illinois,2024,0.04887203423277665,4.887203423277665,HIGH SAVINGS
A00573,Northstar Medical Partners Association,Florida,2024,0.03651249892931502,3.651249892931502,HIGH SAVINGS
A00574,Heritage Clinical Partners Group,Florida,2024,0.003647694860171299,0.36476948601712994,MODERATE SAVINGS
A00575,Gateway Clinical Partners Network,Massachusetts,2024,0.031974211403503004,3.1974211403503006,HIGH SAVINGS
A00576,Fairview Physician Network Care Network,Illinois,2024,-0.0036764228881587153,-0.3676422888158715,LOW SAVINGS
A00577,Eastgate Health Network Alliance,Illinois,2024,0.005024789014126562,0.5024789014126562,MODERATE SAVINGS
A00578,Highland Medical Partners Physician Alliance,Michigan,2024,0.03536751791682092,3.536751791682092,HIGH SAVINGS
A00579,Fairview Health Network Care Network,Florida,2024,0.06793511935961825,6.793511935961825,HIGH SAVINGS
A00580,Community Care Physician Alliance,Alabama,2024,0.002968555495382267,0.29685554953822674,MODERATE SAVINGS
A00581,Fairview Health Partners Medical Center,Minnesota,2024,0.018134806796963276,1.8134806796963276,MODERATE SAVINGS
A00582,Fairview Health Collaborative Network,Arizona,2024,0.019701686057352744,1.9701686057352743,MODERATE SAVINGS
A00583,Crestview Medical Group Collaborative,Texas,2024,-0.002210471476469943,-0.2210471476469943,LOW SAVINGS
A00584,Evergreen Healthcare Partners,Indiana,2024,0.06244146087116089,6.244146087116089,HIGH SAVINGS
A00585,Pioneer Care Partners Physician Alliance,North Carolina,2024,-0.0009252432587520897,-0.09252432587520897,LOW SAVINGS
A00586,Redwood Integrated Health Alliance,Georgia,2024,-0.007092441611175089,-0.709244161117509,LOW SAVINGS
A00587,Lakeside Health Collaborative Group,Connecticut,2024,0.04037199913838394,4.0371999138383945,HIGH SAVINGS
A00588,Horizon Medical Partners Physician Alliance,Oregon,2024,-0.03518914960736025,-3.5189149607360246,LOW SAVINGS
A00589,Unity Provider Alliance Alliance,Colorado,2024,0.07447262991782061,7.447262991782061,HIGH SAVINGS
A00590,Brookside Integrated Health Collaborative,Michigan,2024,0.0239036295654532,2.39036295654532,MODERATE SAVINGS
A00591,Grandview Care Health System,New Jersey,2024,0.01197693100203447,1.197693100203447,MODERATE SAVINGS
A00592,Metro Health Partners Alliance,Oregon,2024,0.01678122798843562,1.678122798843562,MODERATE SAVINGS
A00593,Blue Ridge Community Care Physician Alliance,Georgia,2024,0.03608146186290364,3.608146186290364,HIGH SAVINGS
A00594,Riverbend Health Collaborative Medical Center,California,2024,0.00936635134155768,0.9366351341557679,MODERATE SAVINGS
A00595,Stonebridge Care Alliance Group,Massachusetts,2024,0.014892685175413733,1.4892685175413733,MODERATE SAVINGS
A00596,Riverbend Integrated Health Medical Center,Michigan,2024,-0.009544247572348237,-0.9544247572348237,LOW SAVINGS
A00597,Pinnacle Health Partners Physician Alliance,Illinois,2024,0.0004826944195515882,0.04826944195515882,MODERATE SAVINGS
A00598,Eastgate Health Alliance,Missouri,2024,0.03322004829268519,3.322004829268519,HIGH SAVINGS
A00599,Metro Health Partners Partners,Florida,2024,0.02277204934406959,2.277204934406959,MODERATE SAVINGS
A00600,Cedar Physician Network Care Network,Massachusetts,2024,0.009493452877572235,0.9493452877572235,MODERATE SAVINGS
A00601,Canyon Medical Partners Alliance,Colorado,2024,0.08353311746167913,8.353311746167913,HIGH SAVINGS
A00602,Community Community Care Network,Pennsylvania,2024,-0.011787882247965868,-1.1787882247965868,LOW SAVINGS
A00603,Pinnacle Health Alliance Collaborative,Texas,2024,0.045323354136448564,4.532335413644857,HIGH SAVINGS
A00604,Brookside Community Care Health System,Michigan,2024,-0.047162312688850315,-4.716231268885031,LOW SAVINGS
A00605,Brookside Medical Group Collaborative,Ohio,2024,-0.0010481633599280183,-0.10481633599280184,LOW SAVINGS
A00606,Valley Community Care Health System,Pennsylvania,2024,-0.00470103220921094,-0.470103220921094,LOW SAVINGS
A00607,Heartland Medical Partners Medical Center,Alabama,2024,0.04251382518575252,4.2513825185752525,HIGH SAVINGS
A00608,Horizon Health Alliance Association,Massachusetts,2024,0.00034788283004522335,0.03478828300452234,MODERATE SAVINGS
A00609,Valley Care Care Network,New York,2024,0.049666785252359597,4.9666785252359595,HIGH SAVINGS
A00610,Brookside Health Alliance Alliance,Missouri,2024,0.06264982892874263,6.264982892874263,HIGH SAVINGS
A00611,Gateway Care Network Group,Missouri,2024,0.03735063508377045,3.7350635083770447,HIGH SAVINGS
A00612,Northstar Physicians Health System,Oregon,2024,0.04386355058687962,4.386355058687962,HIGH SAVINGS
A00613,Canyon Health Network Medical Center,Tennessee,2024,0.05307088341763255,5.307088341763255,HIGH SAVINGS
A00614,Riverbend Care Group,Colorado,2024,0.029678782940093615,2.9678782940093615,MODERATE SAVINGS
A00615,Eastgate Medical Group Medical Center,Maryland,2024,-0.003352354547447523,-0.3352354547447523,LOW SAVINGS
A00616,Grandview Integrated Health Care Network,Washington,2024,-0.009132420459597789,-0.9132420459597789,LOW SAVINGS
A00617,Blue Ridge Care Alliance Physician Alliance,Tennessee,2024,0.04164601434214668,4.164601434214668,HIGH SAVINGS
A00618,Brookside Health Partners,Missouri,2024,0.018472503734868775,1.8472503734868775,MODERATE SAVINGS
A00619,Valley Health Alliance Health System,Washington,2024,0.02356117887397351,2.356117887397351,MODERATE SAVINGS
A00620,Unity Wellness Care Network,Virginia,2024,-0.022191683926804748,-2.2191683926804746,LOW SAVINGS
A00622,Fairview Physicians Collaborative,Florida,2024,0.03342722172181274,3.3427221721812743,HIGH SAVINGS
A00623,WellSpring Health Network Partners,Colorado,2024,0.03687229997581671,3.687229997581671,HIGH SAVINGS
A00624,Northstar Provider Alliance Association,North Carolina,2024,0.04438747732410851,4.438747732410851,HIGH SAVINGS
A00625,Eastgate Care Partners Network,Minnesota,2024,-0.02751751591818274,-2.751751591818274,LOW SAVINGS
A00626,Clearview Care Partners Medical Center,Washington,2024,0.01051191186259839,1.051191186259839,MODERATE SAVINGS
A00627,Fairview Care Collaborative,Missouri,2024,-0.04689694425018675,-4.689694425018675,LOW SAVINGS
A00628,Golden Valley Health Alliance Collaborative,Massachusetts,2024,0.027383266420903038,2.738326642090304,MODERATE SAVINGS
A00629,Westfield Physicians Group,Missouri,2024,-0.017781495091285952,-1.7781495091285953,LOW SAVINGS
A00630,Grandview Community Care Network,New York,2024,0.010181457001631412,1.018145700163141,MODERATE SAVINGS
A00631,Crestview Care Network Partners,Alabama,2024,-0.013267678165170303,-1.3267678165170302,LOW SAVINGS
A00632,Maplewood Health Partners Medical Center,Texas,2024,-0.003250396202160782,-0.3250396202160782,LOW SAVINGS
A00633,Valley Care Network Medical Center,Missouri,2024,0.011821713332822828,1.1821713332822827,MODERATE SAVINGS
A00634,Beacon Care Alliance Collaborative,Washington,2024,0.0355561136675028,3.5556113667502802,HIGH SAVINGS
A00635,Crestview Health Collaborative Care Network,Florida,2024,0.0128126740671693,1.2812674067169298,MODERATE SAVINGS
A00636,Beacon Medical Network,Pennsylvania,2024,0.03333184781014764,3.333184781014764,HIGH SAVINGS
A00637,Canyon Community Care Medical Center,Massachusetts,2024,0.022193711315539856,2.2193711315539857,MODERATE SAVINGS
A00639,Silverstone Medical Partners Partners,Connecticut,2024,0.010708618891939725,1.0708618891939725,MODERATE SAVINGS
A00640,Maplewood Health Partners Alliance,Illinois,2024,0.03384884701420955,3.384884701420955,HIGH SAVINGS
A00641,Riverbend Health Network Care Network,Indiana,2024,0.06699490791804204,6.6994907918042035,HIGH SAVINGS
A00643,Community Wellness Care Network,Maryland,2024,-0.005334564098583321,-0.5334564098583321,LOW SAVINGS
A00644,Green Valley Care Network Physician Alliance,California,2024,0.030121620237633814,3.0121620237633815,HIGH SAVINGS
A00645,Valley Wellness Group,Georgia,2024,0.0054614629225647505,0.546146292256475,MODERATE SAVINGS
A00646,Brookside Care Partners Physician Alliance,Colorado,2024,0.010553647513192132,1.0553647513192133,MODERATE SAVINGS
A00647,Pinnacle Physicians Partners,Massachusetts,2024,0.021856260413975957,2.1856260413975956,MODERATE SAVINGS
A00648,Blue Ridge Community Care Medical Center,Washington,2024,0.010877097463082264,1.0877097463082264,MODERATE SAVINGS
A00649,Evergreen Health Alliance Care Network,Illinois,2024,0.04088257828132816,4.088257828132816,HIGH SAVINGS
A00650,Heartland Care Partners Network,Florida,2024,0.014285671758543797,1.4285671758543796,MODERATE SAVINGS
A00651,Eastgate Care Network Care Network,Illinois,2024,0.01883530635342168,1.8835306353421681,MODERATE SAVINGS
A00652,Unity Health Network,Illinois,2024,0.018587101844104177,1.8587101844104177,MODERATE SAVINGS
A00653,Eastgate Care Alliance Health System,Oregon,2024,-0.02198981227366072,-2.198981227366072,LOW SAVINGS
A00654,Silverstone Clinical Partners Network,Minnesota,2024,0.01899545977056319,1.8995459770563188,MODERATE SAVINGS
A00655,Meadow Provider Alliance Network,Tennessee,2024,0.009629669822726969,0.9629669822726968,MODERATE SAVINGS
A00656,Evergreen Community Care Partners,New York,2024,0.006785419821158067,0.6785419821158067,MODERATE SAVINGS
A00657,Metro Medical Partners Physician Alliance,Washington,2024,0.048018433125155954,4.8018433125155955,HIGH SAVINGS
A00658,Westfield Integrated Health Collaborative,Oregon,2024,0.009146680763797346,0.9146680763797346,MODERATE SAVINGS
A00659,Metro Health Partners Collaborative,Massachusetts,2024,-0.004958551091587338,-0.49585510915873376,LOW SAVINGS
A00660,Canyon Health Partners Partners,Pennsylvania,2024,0.007530954711521458,0.7530954711521458,MODERATE SAVINGS
A00661,Golden Valley Community Care Partners,Arizona,2024,-0.015898573318962914,-1.5898573318962914,LOW SAVINGS
A00662,Golden Valley Health Collaborative Care Network,Oregon,2024,0.04954407018432284,4.954407018432284,HIGH SAVINGS
A00663,Fairview Health Partners Partners,Wisconsin,2024,0.003437367089324643,0.3437367089324643,MODERATE SAVINGS
A00664,Evergreen Provider Alliance Health System,California,2024,-0.001487892811254835,-0.1487892811254835,LOW SAVINGS
A00665,Eastgate Health Partners Physician Alliance,Alabama,2024,0.055282505027410486,5.528250502741049,HIGH SAVINGS
A00666,Pioneer Integrated Health Collaborative,Florida,2024,0.007480988523323441,0.7480988523323441,MODERATE SAVINGS
A00667,Heartland Community Care Alliance,Washington,2024,0.01781903952358683,1.7819039523586828,MODERATE SAVINGS
A00668,Clearview Medical Collaborative,Illinois,2024,-0.001682768359545048,-0.16827683595450482,LOW SAVINGS
A00669,Springfield Provider Alliance Medical Center,New York,2024,0.031091182326838808,3.1091182326838807,HIGH SAVINGS
A00670,Cedar Health Collaborative Collaborative,Colorado,2024,0.06854786926653887,6.854786926653887,HIGH SAVINGS
A00671,Evergreen Health Partners Network,Missouri,2024,0.047787566174233374,4.778756617423338,HIGH SAVINGS
A00672,Brookside Integrated Health Network,California,2024,0.011958574425055525,1.1958574425055526,MODERATE SAVINGS
A00673,Clearview Health Collaborative,Texas,2024,0.02069021243151253,2.069021243151253,MODERATE SAVINGS
A00674,Lakeside Care Partners Partners,Illinois,2024,0.039357404830101514,3.9357404830101514,HIGH SAVINGS
A00675,WellSpring Physician Network Association,Illinois,2024,-0.04381544991020817,-4.381544991020817,LOW SAVINGS
A00676,Stonebridge Health Network Alliance,Tennessee,2024,0.029673117445839434,2.9673117445839434,MODERATE SAVINGS
A00677,WellSpring Health Collaborative Medical Center,Florida,2024,0.020788198897947273,2.0788198897947274,MODERATE SAVINGS
A00679,Oakridge Health Alliance,Colorado,2024,-0.010191496671975147,-1.0191496671975147,LOW SAVINGS
A00680,Northstar Provider Alliance Medical Center,Indiana,2024,0.021282610016320203,2.12826100163202,MODERATE SAVINGS
A00681,Grandview Care Alliance Medical Center,Tennessee,2024,0.04857357196626676,4.857357196626675,HIGH SAVINGS
A00682,Canyon Care Group,Alabama,2024,0.039145862051934606,3.914586205193461,HIGH SAVINGS
A00683,Northstar Care Alliance Care Network,Oregon,2024,-0.02428448451898577,-2.428448451898577,LOW SAVINGS
A00684,Highland Physician Network Medical Center,Maryland,2024,-0.05133042124591464,-5.133042124591464,LOW SAVINGS
A00685,Springfield Health Network Care Network,Michigan,2024,0.04908774915458538,4.908774915458538,HIGH SAVINGS
A00686,Mountain View Health Network Network,Pennsylvania,2024,0.03937658090371275,3.9376580903712752,HIGH SAVINGS
A00687,Springfield Medical Medical Center,Tennessee,2024,0.003104053376873671,0.3104053376873671,MODERATE SAVINGS
A00688,Lakeside Care Alliance Alliance,Ohio,2024,0.05374677548194063,5.374677548194063,HIGH SAVINGS
A00689,Grandview Health Partners Association,Missouri,2024,0.015906234509970897,1.5906234509970898,MODERATE SAVINGS
A00690,Heartland Healthcare Care Network,North Carolina,2024,-0.0061839725501064485,-0.6183972550106448,LOW SAVINGS
A00691,Fairview Physicians Network,Connecticut,2024,-0.0266451606159069,-2.6645160615906898,LOW SAVINGS
A00692,Cedar Health Network Medical Center,Washington,2024,0.014133698703071532,1.413369870307153,MODERATE SAVINGS
A00693,Cedar Health Collaborative Partners,New York,2024,-0.046823479814583686,-4.682347981458369,LOW SAVINGS
A00694,Horizon Physicians Physician Alliance,Maryland,2024,0.039696899557670154,3.9696899557670156,HIGH SAVINGS
A00695,Fairview Health Health System,Michigan,2024,0.04711863206343439,4.711863206343439,HIGH SAVINGS
A00696,Oakridge Health Alliance Partners,Massachusetts,2024,0.014693803844392247,1.4693803844392248,MODERATE SAVINGS
A00697,Redwood Clinical Partners Group,New York,2024,0.03440290190790094,3.440290190790094,HIGH SAVINGS
A00698,Riverside Physician Network Health System,Oregon,2024,0.021821766973685874,2.1821766973685874,MODERATE SAVINGS
A00699,Mountain View Health Collaborative Collaborative,Ohio,2024,0.03490775093511327,3.4907750935113273,HIGH SAVINGS
A00700,Crestview Care Network Care Network,New York,2024,0.04324207181565726,4.3242071815657255,HIGH SAVINGS
A00701,Community Integrated Health Partners,North Carolina,2024,-0.0026466754431861894,-0.26466754431861894,LOW SAVINGS
A00703,Heartland Healthcare Health System,Connecticut,2024,0.026271156002652184,2.6271156002652183,MODERATE SAVINGS
A00704,Maplewood Medical Group Alliance,Georgia,2024,-0.00774345182779444,-0.774345182779444,LOW SAVINGS
A00705,Fairview Health Alliance Physician Alliance,New Jersey,2024,0.044066538538576686,4.4066538538576685,HIGH SAVINGS
A00706,Beacon Clinical Partners Group,Illinois,2024,0.02125072232515273,2.125072232515273,MODERATE SAVINGS
A00707,Stonebridge Health Collaborative Collaborative,Missouri,2024,0.024949570124178515,2.4949570124178515,MODERATE SAVINGS
A00708,Highland Medical Network,Connecticut,2024,-0.01540864261255846,-1.540864261255846,LOW SAVINGS
A00709,Summit Care Network Partners,New Jersey,2024,0.01537049079275076,1.537049079275076,MODERATE SAVINGS
A00710,Riverbend Physicians Partners,Connecticut,2024,-0.04002931715731502,-4.002931715731502,LOW SAVINGS
A00711,Pioneer Provider Alliance Alliance,Georgia,2024,0.04496728053735442,4.496728053735442,HIGH SAVINGS
A00712,Riverbend Medical Group Group,Georgia,2024,0.020633299089729027,2.0633299089729027,MODERATE SAVINGS
A00713,Summit Medical Partners Medical Center,Colorado,2024,0.05182790222918379,5.1827902229183795,HIGH SAVINGS
A00714,Stonebridge Health Network Health System,Illinois,2024,0.05431171025713986,5.431171025713986,HIGH SAVINGS
A00715,Springfield Health Network Medical Center,Texas,2024,0.001583288025331075,0.15832880253310752,MODERATE SAVINGS
A00716,Valley Health Network Medical Center,Florida,2024,0.031704673385857675,3.1704673385857673,HIGH SAVINGS
A00717,Clearview Physician Network Group,Michigan,2024,0.044958150326110856,4.495815032611086,HIGH SAVINGS
A00718,Community Health Partners Care Network,North Carolina,2024,0.06992506347042468,6.992506347042468,HIGH SAVINGS
A00719,Beacon Health Partners Alliance,Tennessee,2024,0.010601464520590359,1.0601464520590358,MODERATE SAVINGS
A00720,Crestview Health Network Alliance,Pennsylvania,2024,0.04643621475802923,4.643621475802924,HIGH SAVINGS
A00721,Highland Health Alliance Health System,Florida,2024,-0.0061751690669393225,-0.6175169066939322,LOW SAVINGS
A00722,Brookside Health Alliance Group,Georgia,2024,0.053895570507587,5.389557050758699,HIGH SAVINGS
A00723,Pioneer Medical Group,Arizona,2024,0.025087377956277572,2.508737795627757,MODERATE SAVINGS
A00724,Highland Healthcare Medical Center,Ohio,2024,0.047030698319493205,4.70306983194932,HIGH SAVINGS
A00725,Pioneer Physician Network Health System,Alabama,2024,0.007293981471003493,0.7293981471003493,MODERATE SAVINGS
A00726,Westfield Health Medical Center,Arizona,2024,-0.052057625717815345,-5.205762571781534,LOW SAVINGS
A00727,Beacon Health Alliance Health System,Oregon,2024,0.06413244599560797,6.413244599560796,HIGH SAVINGS
A00728,Meadow Medical Partners Health System,Virginia,2024,0.02187801561343312,2.187801561343312,MODERATE SAVINGS
A00729,Unity Medical Partners Alliance,Arizona,2024,0.02683061485761999,2.683061485761999,MODERATE SAVINGS
A00730,Evergreen Health Partners,Pennsylvania,2024,0.014348994604301325,1.4348994604301324,MODERATE SAVINGS
A00731,Green Valley Physicians Network,Wisconsin,2024,0.02720790596393417,2.720790596393417,MODERATE SAVINGS
A00732,Heartland Health Alliance Collaborative,North Carolina,2024,-0.05014225808660792,-5.014225808660791,LOW SAVINGS
A00733,Northstar Care Alliance,Georgia,2024,0.012899731546162132,1.2899731546162132,MODERATE SAVINGS
A00734,Brookside Care Network,Washington,2024,0.013181673143896188,1.3181673143896189,MODERATE SAVINGS
A00735,Evergreen Health Collaborative Group,Maryland,2024,0.06944765128491538,6.944765128491539,HIGH SAVINGS
A00736,Parkview Health Collaborative Partners,Maryland,2024,0.02257369968687182,2.2573699686871818,MODERATE SAVINGS
A00737,Summit Health Physician Alliance,Washington,2024,0.04122451158147399,4.122451158147399,HIGH SAVINGS
A00738,Brookside Care Association,Alabama,2024,0.0317194950299586,3.1719495029958598,HIGH SAVINGS
A00739,Horizon Healthcare Care Network,Georgia,2024,0.03120602383804359,3.120602383804359,HIGH SAVINGS
A00741,Canyon Wellness Physician Alliance,Massachusetts,2024,-0.010271679448961206,-1.0271679448961206,LOW SAVINGS
A00742,Maplewood Provider Alliance Association,Minnesota,2024,0.013165610335945578,1.316561033594558,MODERATE SAVINGS
A00743,Oakridge Healthcare Care Network,Florida,2024,-0.012361576840271855,-1.2361576840271855,LOW SAVINGS
A00744,Highland Medical Partners Group,Connecticut,2024,-0.0010655639815632034,-0.10655639815632034,LOW SAVINGS
A00745,Heartland Health Collaborative,Arizona,2024,-0.02011778376307307,-2.011778376307307,LOW SAVINGS
A00746,Valley Integrated Health Network,Alabama,2024,0.017659877755184752,1.7659877755184752,MODERATE SAVINGS
A00747,Fairview Health Collaborative Physician Alliance,Maryland,2024,0.012267058587253582,1.226705858725358,MODERATE SAVINGS
A00748,Heritage Health Partners Health System,California,2024,0.019566016742241284,1.9566016742241283,MODERATE SAVINGS
A00749,Heritage Provider Alliance Network,Wisconsin,2024,0.013643770014770958,1.3643770014770957,MODERATE SAVINGS
A00750,Riverbend Clinical Partners Medical Center,Florida,2024,0.027098949381571785,2.7098949381571784,MODERATE SAVINGS
A00751,Fairview Clinical Partners Alliance,Alabama,2024,-0.022075153487530794,-2.207515348753079,LOW SAVINGS
A00752,Mountain View Medical Group Physician Alliance,Michigan,2024,-0.00190916415861457,-0.190916415861457,LOW SAVINGS
A00753,Northstar Medical Network,Maryland,2024,-0.016336737703577724,-1.6336737703577724,LOW SAVINGS
A00754,Clearview Medical Association,Tennessee,2024,0.03235478978078473,3.235478978078473,HIGH SAVINGS
A00755,Heartland Health Partners Association,Tennessee,2024,0.05430998201817102,5.430998201817102,HIGH SAVINGS
A00756,Green Valley Care Network Medical Center,Indiana,2024,0.04378105344576326,4.378105344576326,HIGH SAVINGS
A00757,Brookside Integrated Health Health System,Indiana,2024,0.02786904107816531,2.786904107816531,MODERATE SAVINGS
A00758,Oakridge Clinical Partners Group,New Jersey,2024,-0.03286802538677418,-3.2868025386774176,LOW SAVINGS
A00759,Crestview Medical Group,Texas,2024,0.0016738112610313932,0.16738112610313932,MODERATE SAVINGS
A00760,Riverside Integrated Health Collaborative,Michigan,2024,0.00592512269953802,0.592512269953802,MODERATE SAVINGS
A00761,Mountain View Integrated Health Group,Missouri,2024,0.03741418609026785,3.741418609026785,HIGH SAVINGS
A00762,Silverstone Clinical Partners Health System,North Carolina,2024,0.028481795229234993,2.848179522923499,MODERATE SAVINGS
A00763,Gateway Health Alliance,Wisconsin,2024,-0.04579877495782122,-4.579877495782122,LOW SAVINGS
A00764,Clearview Health Collaborative Association,Alabama,2024,0.04083593320731813,4.083593320731813,HIGH SAVINGS
A00765,Oakridge Medical Group Physician Alliance,Michigan,2024,0.015079159518403894,1.5079159518403895,MODERATE SAVINGS
A00766,Maplewood Medical Alliance,Washington,2024,0.02828815975495268,2.828815975495268,MODERATE SAVINGS
A00767,Riverside Clinical Partners Medical Center,Georgia,2024,0.016296052452065675,1.6296052452065675,MODERATE SAVINGS
A00768,Grandview Health Alliance Physician Alliance,Tennessee,2024,-0.025195720494976113,-2.5195720494976115,LOW SAVINGS
A00769,Cedar Integrated Health Association,Minnesota,2024,0.05412685461794716,5.412685461794716,HIGH SAVINGS
A00770,Golden Valley Medical Group Group,Florida,2024,0.013281216864536493,1.3281216864536494,MODERATE SAVINGS
A00771,Community Care Partners Group,New York,2024,-0.04862723491343861,-4.862723491343861,LOW SAVINGS
A00772,Fairview Clinical Partners Group,Missouri,2024,0.0342424427538854,3.4242442753885403,HIGH SAVINGS
A00773,Northstar Health Collaborative Collaborative,Connecticut,2024,0.008170271891143634,0.8170271891143635,MODERATE SAVINGS
A00774,Green Valley Medical Group Partners,New Jersey,2024,0.04070663998145459,4.070663998145458,HIGH SAVINGS
A00775,Evergreen Integrated Health Association,Colorado,2024,0.030284228140698595,3.0284228140698595,HIGH SAVINGS
A00776,Valley Health Alliance Alliance,Washington,2024,0.08811368107151027,8.811368107151027,HIGH SAVINGS
A00777,Lakeside Health Network Collaborative,Ohio,2024,0.022664570756188357,2.2664570756188356,MODERATE SAVINGS
A00778,Redwood Care Alliance Physician Alliance,Maryland,2024,-0.005683387513009514,-0.5683387513009514,LOW SAVINGS
A00779,Heartland Community Care Health System,Missouri,2024,-0.02621695288201787,-2.621695288201787,LOW SAVINGS
A00780,Pinnacle Healthcare Medical Center,Indiana,2024,0.0670674183909677,6.706741839096771,HIGH SAVINGS
A00781,Blue Ridge Physicians Group,Arizona,2024,0.013949358207556875,1.3949358207556875,MODERATE SAVINGS
A00782,Stonebridge Integrated Health Network,New Jersey,2024,0.046845620402827616,4.684562040282762,HIGH SAVINGS
A00783,Grandview Health Partners Medical Center,North Carolina,2024,0.02456842655702532,2.456842655702532,MODERATE SAVINGS
A00784,Heritage Health Network Group,Alabama,2024,0.016596208747607522,1.6596208747607522,MODERATE SAVINGS
A00785,Redwood Health Medical Center,Pennsylvania,2024,-0.006988224405620157,-0.6988224405620157,LOW SAVINGS
A00786,Silverstone Health Partners Partners,Ohio,2024,-0.02196366250884626,-2.196366250884626,LOW SAVINGS
A00787,Springfield Health Partners Association,Oregon,2024,0.07032562828663252,7.032562828663252,HIGH SAVINGS
A00788,Cedar Provider Alliance Partners,Tennessee,2024,-0.05681338727496221,-5.681338727496222,LOW SAVINGS
A00789,Westfield Healthcare Alliance,Alabama,2024,0.02461532281501912,2.461532281501912,MODERATE SAVINGS
A00790,Lakeside Clinical Partners Collaborative,Massachusetts,2024,0.023874779569872658,2.387477956987266,MODERATE SAVINGS
A00791,Riverbend Healthcare Care Network,Washington,2024,0.03197703741158963,3.197703741158963,HIGH SAVINGS
A00792,Northstar Physicians Alliance,Ohio,2024,0.018148416214021988,1.8148416214021987,MODERATE SAVINGS
A00793,Cedar Physicians Care Network,Connecticut,2024,0.009045570313561535,0.9045570313561535,MODERATE SAVINGS
A00794,WellSpring Clinical Partners Group,Minnesota,2024,0.01971768582521064,1.9717685825210642,MODERATE SAVINGS
A00795,Green Valley Care Alliance Group,Massachusetts,2024,-0.003676707099602216,-0.3676707099602216,LOW SAVINGS
A00796,Cedar Wellness Medical Center,Tennessee,2024,-0.024387506835281098,-2.43875068352811,LOW SAVINGS
A00797,Eastgate Care Network Health System,New York,2024,0.005526568654360218,0.5526568654360218,MODERATE SAVINGS
A00798,Springfield Clinical Partners Collaborative,Massachusetts,2024,0.04162304824536675,4.162304824536675,HIGH SAVINGS
A00799,Cedar Care Network Network,Pennsylvania,2024,0.04995977722807468,4.995977722807468,HIGH SAVINGS
A00800,Stonebridge Health Network Medical Center,Pennsylvania,2024,-0.01019996551508812,-1.019996551508812,LOW SAVINGS
A00801,Beacon Medical Group Health System,Oregon,2024,0.01831657288838132,1.831657288838132,MODERATE SAVINGS
A00802,Brookside Care Alliance Alliance,Missouri,2024,0.04724293895636071,4.724293895636071,HIGH SAVINGS
A00803,Pinnacle Physicians Medical Center,Indiana,2024,-0.019583194966294064,-1.9583194966294064,LOW SAVINGS
A00804,Heritage Physicians Association,Connecticut,2024,0.049731238119108886,4.973123811910889,HIGH SAVINGS
A00805,Northstar Healthcare Physician Alliance,North Carolina,2024,0.032670215462603895,3.2670215462603895,HIGH SAVINGS
A00806,Northstar Health Collaborative Alliance,Missouri,2024,-0.006328936225719837,-0.6328936225719837,LOW SAVINGS
A00807,Community Medical Partners Physician Alliance,North Carolina,2024,0.032741113484715915,3.2741113484715916,HIGH SAVINGS
A00808,Heartland Healthcare Group,Massachusetts,2024,-0.012556412589921727,-1.2556412589921728,LOW SAVINGS
A00809,Oakridge Medical Partners Health System,Connecticut,2024,0.06846496600815064,6.846496600815064,HIGH SAVINGS
A00810,Beacon Health Collaborative Network,Minnesota,2024,0.0066783432771121256,0.6678343277112125,MODERATE SAVINGS
A00811,Gateway Care Partners Physician Alliance,Pennsylvania,2024,0.0408343801895508,4.08343801895508,HIGH SAVINGS
A00812,Blue Ridge Care Alliance Group,Alabama,2024,0.00036959354265681617,0.036959354265681615,MODERATE SAVINGS
A00813,Oakridge Care Alliance Medical Center,Massachusetts,2024,0.05019330374268185,5.0193303742681845,HIGH SAVINGS
A00814,Pioneer Health Network Group,Alabama,2024,0.012353130949037883,1.2353130949037883,MODERATE SAVINGS
A00815,Evergreen Medical Partners Alliance,Alabama,2024,0.030083607311206864,3.0083607311206864,HIGH SAVINGS
A00816,Meadow Physicians Collaborative,New Jersey,2024,-0.013161993508068475,-1.3161993508068475,LOW SAVINGS
A00817,Summit Care Partners Care Network,Arizona,2024,-0.00018749361348671716,-0.018749361348671716,LOW SAVINGS
A00818,Valley Care Partners Health System,Pennsylvania,2024,0.04024302417345147,4.024302417345147,HIGH SAVINGS
A00819,Valley Medical Collaborative,Massachusetts,2024,0.06536789382467557,6.536789382467558,HIGH SAVINGS
A00820,Maplewood Care Partners Medical Center,New Jersey,2024,-0.02728013062250222,-2.728013062250222,LOW SAVINGS
A00821,Eastgate Medical Association,Oregon,2024,0.04819493777215754,4.819493777215754,HIGH SAVINGS
A00822,Heartland Medical Partners Physician Alliance,Alabama,2024,0.03882305158716964,3.8823051587169637,HIGH SAVINGS
A00823,Lakeside Community Care Care Network,Illinois,2024,0.0010636226816628108,0.10636226816628108,MODERATE SAVINGS
A00824,Green Valley Health Health System,Virginia,2024,-0.02408455986700907,-2.408455986700907,LOW SAVINGS
A00825,Springfield Integrated Health Association,New York,2024,-0.03069142661909546,-3.069142661909546,LOW SAVINGS
A00826,Mountain View Health Network Health System,New York,2024,0.04620988850834406,4.620988850834406,HIGH SAVINGS
A00827,Lakeside Provider Alliance Health System,Maryland,2024,-0.0028212053435471077,-0.28212053435471074,LOW SAVINGS
A00828,Riverside Health Partners Care Network,New York,2024,0.027199715291023423,2.7199715291023425,MODERATE SAVINGS
A00829,Metro Health Collaborative Health System,Florida,2024,-0.035453094202205535,-3.5453094202205535,LOW SAVINGS
A00830,Crestview Care Network Collaborative,California,2024,0.022479618308290525,2.2479618308290523,MODERATE SAVINGS
A00831,Unity Provider Alliance Partners,New Jersey,2024,0.022496269621462138,2.249626962146214,MODERATE SAVINGS
A00832,Unity Clinical Partners Physician Alliance,Tennessee,2024,0.038423569569677796,3.8423569569677793,HIGH SAVINGS
A00833,Horizon Integrated Health Medical Center,Florida,2024,-0.003344856785432794,-0.33448567854327943,LOW SAVINGS
A00834,WellSpring Health Partners,Connecticut,2024,0.046864761952836946,4.686476195283695,HIGH SAVINGS
A00835,Northstar Medical Partners Network,Tennessee,2024,0.041173987627966674,4.117398762796667,HIGH SAVINGS
A00836,Oakridge Healthcare Health System,Connecticut,2024,0.03765411967573923,3.7654119675739226,HIGH SAVINGS
A00837,Oakridge Physician Network Alliance,Arizona,2024,0.051672378880320106,5.167237888032011,HIGH SAVINGS
A00838,Oakridge Integrated Health Collaborative,Connecticut,2024,0.020898258450027806,2.0898258450027805,MODERATE SAVINGS
A00839,Gateway Care Care Network,Massachusetts,2024,0.01559933727591007,1.559933727591007,MODERATE SAVINGS
A00840,Golden Valley Care Partners Collaborative,California,2024,0.02517472642104472,2.517472642104472,MODERATE SAVINGS
A00841,Gateway Health Network Alliance,Virginia,2024,0.05375059710133582,5.3750597101335815,HIGH SAVINGS
A00842,Summit Care Partners Health System,Arizona,2024,0.0021045474770127843,0.21045474770127842,MODERATE SAVINGS
A00843,Mountain View Medical Alliance,Missouri,2024,0.01074472732874213,1.074472732874213,MODERATE SAVINGS
A00844,Brookside Clinical Partners Physician Alliance,California,2024,-0.022105035776218345,-2.2105035776218345,LOW SAVINGS
A00845,Evergreen Physicians Group,Arizona,2024,0.0015118989981180622,0.15118989981180622,MODERATE SAVINGS
A00846,Fairview Healthcare Alliance,New York,2024,0.01270070798740548,1.270070798740548,MODERATE SAVINGS
A00847,Mountain View Care Network Medical Center,Colorado,2024,0.011291773969502629,1.129177396950263,MODERATE SAVINGS
A00848,Westfield Community Care Association,New York,2024,0.025886517928098117,2.5886517928098116,MODERATE SAVINGS
A00849,Golden Valley Provider Alliance Network,Texas,2024,0.03508311896375291,3.508311896375291,HIGH SAVINGS
A00850,Parkview Community Care Care Network,Illinois,2024,-0.059530804311602556,-5.953080431160256,LOW SAVINGS
A00851,Blue Ridge Health Collaborative Group,Oregon,2024,0.008945587890212724,0.8945587890212724,MODERATE SAVINGS
A00852,WellSpring Health Care Network,Alabama,2024,0.05470507361624123,5.470507361624123,HIGH SAVINGS
A00853,Riverside Care Partners Alliance,Indiana,2024,0.03553567925140711,3.5535679251407113,HIGH SAVINGS
A00854,Riverside Community Care Group,Alabama,2024,0.04824576613240315,4.824576613240315,HIGH SAVINGS
A00855,Fairview Care Partners Medical Center,Georgia,2024,-0.0014564276073648554,-0.14564276073648555,LOW SAVINGS
A00856,Cedar Healthcare Physician Alliance,New Jersey,2024,0.01080696189410507,1.080696189410507,MODERATE SAVINGS
A00857,Riverside Care Network Group,Alabama,2024,0.04888731606332072,4.888731606332072,HIGH SAVINGS
A00858,Canyon Health Network Association,Florida,2024,-0.004191587169147133,-0.4191587169147133,LOW SAVINGS
A00859,Highland Care Network Association,Virginia,2024,0.026628416902119846,2.6628416902119847,MODERATE SAVINGS
A00860,Lakeside Clinical Partners Partners,New Jersey,2024,0.05737838903446667,5.737838903446667,HIGH SAVINGS
A00861,Cedar Medical Group Association,North Carolina,2024,0.05084078840833704,5.084078840833704,HIGH SAVINGS
A00862,Oakridge Care Partners Medical Center,Tennessee,2024,0.05152678254507619,5.152678254507619,HIGH SAVINGS
A00863,Grandview Health Network Association,Indiana,2024,0.032909431520284055,3.2909431520284054,HIGH SAVINGS
A00864,Blue Ridge Wellness Network,New Jersey,2024,-0.001272310974471261,-0.1272310974471261,LOW SAVINGS
A00865,Northstar Health Health System,Indiana,2024,0.013162857300067327,1.3162857300067328,MODERATE SAVINGS
A00866,Clearview Care Medical Center,Minnesota,2024,0.02537737030122256,2.537737030122256,MODERATE SAVINGS
A00867,Brookside Physicians Group,Oregon,2024,0.020587452112804716,2.0587452112804714,MODERATE SAVINGS
A00868,Valley Medical Group Care Network,Oregon,2024,0.022503598721753396,2.2503598721753395,MODERATE SAVINGS
A00869,Evergreen Integrated Health Alliance,New York,2024,0.040015459215320896,4.00154592153209,HIGH SAVINGS
A00870,Fairview Care Alliance Medical Center,Colorado,2024,-0.027198747070485953,-2.719874707048595,LOW SAVINGS
A00871,Stonebridge Physician Network Partners,Tennessee,2024,0.03261707652720488,3.261707652720488,HIGH SAVINGS
A00872,Unity Care Network Association,Illinois,2024,0.015721236073870746,1.5721236073870746,MODERATE SAVINGS
A00873,Stonebridge Health Collaborative Association,Connecticut,2024,-0.012381701526051834,-1.2381701526051834,LOW SAVINGS
A00874,Horizon Health Alliance Network,Tennessee,2024,0.028758626023782683,2.8758626023782683,MODERATE SAVINGS
A00875,Golden Valley Care Network Partners,Michigan,2024,0.04019338945783009,4.019338945783009,HIGH SAVINGS
A00876,Gateway Medical Group,Virginia,2024,-0.0064550921981579665,-0.6455092198157967,LOW SAVINGS
A00877,Unity Health Medical Center,Maryland,2024,0.01821285823551469,1.8212858235514688,MODERATE SAVINGS
A00878,Metro Care Network Group,Florida,2024,0.048100874940063855,4.810087494006385,HIGH SAVINGS
A00879,Heritage Health Network Alliance,Alabama,2024,0.021912467928766933,2.191246792876693,MODERATE SAVINGS
A00880,Riverbend Medical Care Network,Indiana,2024,0.04701303612150992,4.701303612150992,HIGH SAVINGS
A00881,Mountain View Provider Alliance Medical Center,Virginia,2024,-0.006791970301437842,-0.6791970301437842,LOW SAVINGS
A00882,Riverbend Health Network Association,Michigan,2024,-0.021053996975041987,-2.1053996975041986,LOW SAVINGS
A00883,Westfield Provider Alliance Collaborative,Tennessee,2024,0.029338193081205756,2.9338193081205755,MODERATE SAVINGS
A00884,Mountain View Healthcare Network,Colorado,2024,0.019785816664917667,1.9785816664917668,MODERATE SAVINGS
A00885,Brookside Medical Partners,Massachusetts,2024,0.04920456604563748,4.920456604563748,HIGH SAVINGS
A00886,Springfield Medical Partners Health System,Oregon,2024,0.013402863934192705,1.3402863934192706,MODERATE SAVINGS
A00887,Unity Health Partners Health System,Virginia,2024,0.015134742203052583,1.5134742203052582,MODERATE SAVINGS
A00888,Grandview Health Physician Alliance,Alabama,2024,0.048520713736492985,4.852071373649299,HIGH SAVINGS
A00889,Clearview Medical Partners Network,Pennsylvania,2024,0.03503610543074824,3.503610543074824,HIGH SAVINGS
A00890,Blue Ridge Health Network Partners,Indiana,2024,0.011549611415552065,1.1549611415552063,MODERATE SAVINGS
A00891,Brookside Clinical Partners Association,Oregon,2024,0.0013786589588427993,0.13786589588427992,MODERATE SAVINGS
A00892,Eastgate Medical Partners Alliance,Illinois,2024,-0.0029485165982878485,-0.29485165982878486,LOW SAVINGS
A00893,Cedar Physician Network Association,Connecticut,2024,0.012529623964590174,1.2529623964590173,MODERATE SAVINGS
A00894,Stonebridge Health Network Group,Virginia,2024,-0.021389934099626834,-2.1389934099626835,LOW SAVINGS
A00895,Beacon Health Network Network,Illinois,2024,0.017136764883640757,1.7136764883640756,MODERATE SAVINGS
A00896,Blue Ridge Health Partners Network,Colorado,2024,0.014861994429662847,1.4861994429662846,MODERATE SAVINGS
A00897,Crestview Provider Alliance Partners,Connecticut,2024,0.017083505310297828,1.7083505310297828,MODERATE SAVINGS
A00898,Fairview Health Network Alliance,North Carolina,2024,0.006621139588775834,0.6621139588775834,MODERATE SAVINGS
A00899,Gateway Integrated Health Group,New Jersey,2024,0.005707411363331315,0.5707411363331315,MODERATE SAVINGS
A00900,Valley Health Collaborative Alliance,Ohio,2024,0.03019769110829705,3.019769110829705,HIGH SAVINGS
A00901,Riverside Care Collaborative,Florida,2024,0.06396031894487823,6.396031894487823,HIGH SAVINGS
A00902,Heritage Health Partners Collaborative,Minnesota,2024,0.008131098880061954,0.8131098880061953,MODERATE SAVINGS
A00903,Stonebridge Community Care Care Network,Oregon,2024,0.014535150552771008,1.4535150552771008,MODERATE SAVINGS
A00904,Brookside Provider Alliance Care Network,New Jersey,2024,0.07341400529756444,7.341400529756443,HIGH SAVINGS
A00905,Green Valley Healthcare Collaborative,Colorado,2024,0.025723465600294638,2.5723465600294637,MODERATE SAVINGS
A00906,Maplewood Wellness Network,Tennessee,2024,-0.020001441538842972,-2.000144153884297,LOW SAVINGS
A00907,WellSpring Health Partners Health System,Colorado,2024,-0.004059838789742683,-0.4059838789742683,LOW SAVINGS
A00908,Lakeside Integrated Health Collaborative,Tennessee,2024,0.005710086830315731,0.571008683031573,MODERATE SAVINGS
A00909,Oakridge Health Collaborative Medical Center,Oregon,2024,0.025600454225261388,2.5600454225261386,MODERATE SAVINGS
A00910,Valley Health Collaborative,Massachusetts,2024,0.06494069370204104,6.494069370204104,HIGH SAVINGS
A00911,Beacon Clinical Partners Network,Alabama,2024,0.05067607328713842,5.067607328713842,HIGH SAVINGS
A00912,Mountain View Care Alliance Physician Alliance,Colorado,2024,-0.005481667123503176,-0.5481667123503177,LOW SAVINGS
A00913,Brookside Medical Group Care Network,New Jersey,2024,-0.017855046826874294,-1.7855046826874295,LOW SAVINGS
A00914,WellSpring Physician Network Care Network,Tennessee,2024,0.044382107228015596,4.43821072280156,HIGH SAVINGS
A00915,WellSpring Health Network Physician Alliance,Michigan,2024,-0.02121076220655799,-2.121076220655799,LOW SAVINGS
A00916,Mountain View Provider Alliance Alliance,Colorado,2024,0.02423477326321614,2.4234773263216143,MODERATE SAVINGS
A00917,Riverbend Provider Alliance Group,Tennessee,2024,0.023897126858236112,2.389712685823611,MODERATE SAVINGS
A00918,Horizon Care Partners Network,Minnesota,2024,-0.004065527759057509,-0.4065527759057509,LOW SAVINGS
A00919,WellSpring Health Alliance Care Network,Alabama,2024,0.024266025512111333,2.426602551211133,MODERATE SAVINGS
A00921,Unity Medical Partners Care Network,Virginia,2024,0.013907564039605661,1.3907564039605662,MODERATE SAVINGS
A00922,Horizon Clinical Partners Collaborative,Oregon,2024,0.02095884456368816,2.095884456368816,MODERATE SAVINGS
A00923,Valley Provider Alliance Health System,Michigan,2024,0.0008134081337605952,0.08134081337605951,MODERATE SAVINGS
A00925,Evergreen Provider Alliance Care Network,California,2024,0.048993213846442035,4.899321384644203,HIGH SAVINGS
A00926,Maplewood Health Network Partners,Texas,2024,0.004580985772654099,0.45809857726540987,MODERATE SAVINGS
A00927,Metro Healthcare Physician Alliance,Washington,2024,0.026506522122194568,2.6506522122194567,MODERATE SAVINGS
A00928,Fairview Healthcare Care Network,Missouri,2024,0.017412157991526223,1.7412157991526223,MODERATE SAVINGS
A00929,Stonebridge Medical Group Collaborative,Illinois,2024,0.0399773146140694,3.99773146140694,HIGH SAVINGS
A00930,Evergreen Clinical Partners Group,Maryland,2024,-0.05281057963288166,-5.281057963288166,LOW SAVINGS
A00931,Metro Care Collaborative,Connecticut,2024,0.037950558858918064,3.795055885891806,HIGH SAVINGS
A00932,Valley Integrated Health Association,Connecticut,2024,0.03935670202470089,3.9356702024700887,HIGH SAVINGS
A00933,Clearview Care Association,Virginia,2024,0.042173104811555416,4.2173104811555415,HIGH SAVINGS
A00934,Heartland Health Medical Center,New York,2024,0.018586382994266643,1.8586382994266644,MODERATE SAVINGS
A00935,Green Valley Care Alliance Physician Alliance,Illinois,2024,-0.008327530315580886,-0.8327530315580886,LOW SAVINGS
A00936,Fairview Provider Alliance Medical Center,Florida,2024,0.0019397021093934769,0.1939702109393477,MODERATE SAVINGS
A00937,Maplewood Health Collaborative Medical Center,North Carolina,2024,0.025809459043307517,2.580945904330752,MODERATE SAVINGS
A00938,Crestview Care Care Network,Florida,2024,0.0152200770187138,1.52200770187138,MODERATE SAVINGS
A00939,Eastgate Community Care Association,Alabama,2024,-0.0030278908199396462,-0.30278908199396465,LOW SAVINGS
A00940,Grandview Clinical Partners Physician Alliance,Michigan,2024,0.000801129108577217,0.08011291085772171,MODERATE SAVINGS
A00941,Redwood Physician Network Health System,Tennessee,2024,0.010434282136217284,1.0434282136217283,MODERATE SAVINGS
A00942,Pioneer Health Alliance Partners,Oregon,2024,-0.0003355991049996701,-0.03355991049996701,LOW SAVINGS
A00943,Heritage Physician Network Group,Washington,2024,0.02425007793220862,2.4250077932208622,MODERATE SAVINGS
A00944,Lakeside Medical Group Network,Missouri,2024,-0.007507940089357583,-0.7507940089357583,LOW SAVINGS
A00945,Clearview Health Health System,North Carolina,2024,-0.0028596088595724814,-0.2859608859572481,LOW SAVINGS
A00946,Pinnacle Clinical Partners Medical Center,Ohio,2024,0.04525629107775407,4.525629107775407,HIGH SAVINGS
A00947,Meadow Health Collaborative Association,Florida,2024,0.008423116404372866,0.8423116404372867,MODERATE SAVINGS
A00948,Crestview Healthcare Collaborative,Texas,2024,0.021082554843662116,2.108255484366212,MODERATE SAVINGS
A00949,Mountain View Provider Alliance Physician Alliance,Washington,2024,0.0262918914329376,2.62918914329376,MODERATE SAVINGS
A00950,Northstar Care Physician Alliance,North Carolina,2024,-0.005101378808943083,-0.5101378808943082,LOW SAVINGS
A00951,Crestview Health Collaborative,New Jersey,2024,0.03980084718187691,3.980084718187691,HIGH SAVINGS
A00952,Pinnacle Medical Group Physician Alliance,Alabama,2024,-0.05258728276661175,-5.258728276661175,LOW SAVINGS
A00953,Riverbend Medical Association,Ohio,2024,0.04275111168090773,4.275111168090772,HIGH SAVINGS
A00954,Gateway Medical Group Collaborative,Washington,2024,0.008049543124594376,0.8049543124594376,MODERATE SAVINGS
A00955,Metro Community Care Partners,California,2024,0.02713134964824123,2.713134964824123,MODERATE SAVINGS
A00957,Green Valley Care Partners Medical Center,Texas,2024,-0.0445353806911897,-4.45353806911897,LOW SAVINGS
A00958,Beacon Care Alliance Association,Maryland,2024,-0.015302552493448295,-1.5302552493448296,LOW SAVINGS
A00959,Cedar Health Network Alliance,Michigan,2024,0.012350233583217572,1.2350233583217571,MODERATE SAVINGS
A00960,Stonebridge Clinical Partners Care Network,Illinois,2024,-0.006332212756624115,-0.6332212756624115,LOW SAVINGS
A00961,Highland Medical Partners Medical Center,Missouri,2024,0.001645822031461268,0.1645822031461268,MODERATE SAVINGS
A00962,Brookside Community Care Physician Alliance,Washington,2024,0.041260449791643075,4.126044979164307,HIGH SAVINGS
A00963,Valley Health Collaborative Association,New York,2024,0.03498122871006161,3.498122871006161,HIGH SAVINGS
A00964,Northstar Health Medical Center,California,2024,-0.004880147195223167,-0.48801471952231673,LOW SAVINGS
A00965,Green Valley Health Network,Maryland,2024,0.021912468818871662,2.1912468818871664,MODERATE SAVINGS
A00966,Metro Health Collaborative Association,Washington,2024,0.07807352638797485,7.807352638797485,HIGH SAVINGS
A00967,Redwood Care Partners Group,Pennsylvania,2024,0.007127646501769761,0.7127646501769761,MODERATE SAVINGS
A00968,Unity Physician Network Physician Alliance,Georgia,2024,0.006594285433752482,0.6594285433752481,MODERATE SAVINGS
A00969,Golden Valley Provider Alliance Association,Michigan,2024,-0.0009972999853657832,-0.09972999853657832,LOW SAVINGS
A00970,Highland Clinical Partners Collaborative,Alabama,2024,0.02919358685131429,2.919358685131429,MODERATE SAVINGS
A00971,Canyon Health Alliance,Illinois,2024,-0.011559435136504197,-1.1559435136504197,LOW SAVINGS
A00972,Valley Care Alliance Group,Minnesota,2024,0.030952526247151512,3.095252624715151,HIGH SAVINGS
A00973,Westfield Care Network Care Network,Oregon,2024,0.03647475638950108,3.647475638950108,HIGH SAVINGS
A00974,Westfield Care Alliance Alliance,North Carolina,2024,0.0028429803621447306,0.2842980362144731,MODERATE SAVINGS
A00975,Highland Health Partners,Indiana,2024,-0.01762638378632235,-1.762638378632235,LOW SAVINGS
A00976,Oakridge Health Network Medical Center,Virginia,2024,0.014214860907846716,1.4214860907846716,MODERATE SAVINGS
A00977,Parkview Care Network Group,Florida,2024,0.07653804891878294,7.653804891878294,HIGH SAVINGS
A00978,Clearview Community Care Alliance,Missouri,2024,0.04497044619712289,4.497044619712289,HIGH SAVINGS
A00979,Maplewood Integrated Health Medical Center,Texas,2024,0.035028216402807656,3.5028216402807657,HIGH SAVINGS
A00980,Fairview Integrated Health Partners,Connecticut,2024,0.03702398655382349,3.702398655382349,HIGH SAVINGS
A00981,Riverside Medical Health System,Illinois,2024,0.009124530264057436,0.9124530264057437,MODERATE SAVINGS
A00982,Lakeside Physician Network Group,Michigan,2024,0.0010500514675885334,0.10500514675885333,MODERATE SAVINGS
A00983,Silverstone Integrated Health Network,Tennessee,2024,0.01047114999007036,1.047114999007036,MODERATE SAVINGS
A00984,Green Valley Community Care Collaborative,North Carolina,2024,0.03487069192868702,3.487069192868702,HIGH SAVINGS
A00985,Riverside Health Alliance,Colorado,2024,0.060550144903047075,6.055014490304708,HIGH SAVINGS
A00986,Riverside Physicians Physician Alliance,Indiana,2024,0.01197717073426687,1.197717073426687,MODERATE SAVINGS
A00987,Pioneer Care Partners Collaborative,New York,2024,0.014438987187773844,1.4438987187773844,MODERATE SAVINGS
A00989,Valley Care Group,Connecticut,2024,0.006785419821158067,0.6785419821158067,MODERATE SAVINGS
A00990,Grandview Medical Group Association,Colorado,2024,0.04924044661661612,4.924044661661612,HIGH SAVINGS
A00991,Horizon Medical Group Network,Colorado,2024,0.0272239918954743,2.72239918954743,MODERATE SAVINGS
A00992,Cedar Clinical Partners Medical Center,Missouri,2024,0.01923206045733949,1.923206045733949,MODERATE SAVINGS
A00993,Summit Health Network Network,Texas,2024,0.023712209795151425,2.3712209795151424,MODERATE SAVINGS
A00994,Evergreen Physician Network Care Network,Alabama,2024,-0.01955582138715058,-1.955582138715058,LOW SAVINGS
A00997,Horizon Medical Group Physician Alliance,Connecticut,2024,0.037403025585422654,3.7403025585422656,HIGH SAVINGS
A00998,Grandview Care Network,Connecticut,2024,-0.024520007852522407,-2.4520007852522405,LOW SAVINGS
A00999,Green Valley Healthcare Association,Wisconsin,2024,0.06386849234960808,6.386849234960808,HIGH SAVINGS
A01000,Parkview Care Network Collaborative,Connecticut,2024,0.05290932624062526,5.290932624062526,HIGH SAVINGS
A01001,Pinnacle Physician Network Association,Oregon,2024,0.005326395685997224,0.5326395685997224,MODERATE SAVINGS
A01002,Canyon Care Network,Arizona,2024,0.034375572380595965,3.4375572380595965,HIGH SAVINGS
A01003,Redwood Care Network Association,New Jersey,2024,0.044979439956261684,4.497943995626168,HIGH SAVINGS
A01004,Heritage Medical Partners Care Network,Connecticut,2024,0.0531696493961373,5.31696493961373,HIGH SAVINGS
A01005,Heritage Health Alliance Alliance,Minnesota,2024,0.020587452112804716,2.0587452112804714,MODERATE SAVINGS
A01006,Summit Community Care Physician Alliance,Georgia,2024,0.019249610448048366,1.9249610448048367,MODERATE SAVINGS
A01007,Pinnacle Community Care Association,Ohio,2024,-0.012402236576036185,-1.2402236576036185,LOW SAVINGS
A01008,Meadow Care Partners Medical Center,New York,2024,-0.0006038364334565328,-0.06038364334565328,LOW SAVINGS
A01009,Oakridge Health Collaborative Association,Ohio,2024,0.03491097790599868,3.491097790599868,HIGH SAVINGS
A01010,Parkview Clinical Partners Association,Indiana,2024,-0.021053996975041987,-2.1053996975041986,LOW SAVINGS
A01011,Parkview Medical Group Alliance,Texas,2024,-0.01400502634865142,-1.4005026348651421,LOW SAVINGS
A01012,Heritage Medical Partners Group,Washington,2024,0.0639739865750085,6.397398657500849,HIGH SAVINGS
A01013,Heritage Medical Partners Physician Alliance,Colorado,2024,0.008938126219199687,0.8938126219199687,MODERATE SAVINGS
A01014,Clearview Care Network Alliance,Maryland,2024,0.038432416129472166,3.8432416129472164,HIGH SAVINGS
A01015,Crestview Health Alliance Medical Center,Tennessee,2024,0.026393578197415623,2.639357819741562,MODERATE SAVINGS
A01016,Blue Ridge Provider Alliance Collaborative,Georgia,2024,0.013977633438241942,1.3977633438241943,MODERATE SAVINGS
A01018,Eastgate Physician Network Network,Connecticut,2024,0.0011198574505442717,0.11198574505442717,MODERATE SAVINGS
A01019,Riverside Community Care Network,Wisconsin,2024,-0.004466446025345063,-0.4466446025345063,LOW SAVINGS
A01020,Pioneer Healthcare Physician Alliance,Colorado,2024,-0.0007419182835251449,-0.07419182835251449,LOW SAVINGS
A01021,Metro Community Care Collaborative,Florida,2024,0.08620774961799901,8.620774961799901,HIGH SAVINGS
A01022,Summit Health Collaborative Alliance,California,2024,-0.031724055518495255,-3.1724055518495256,LOW SAVINGS
A01023,Fairview Health Alliance Network,Virginia,2024,0.010796894325921118,1.0796894325921118,MODERATE SAVINGS
A01024,Silverstone Medical Group Collaborative,Washington,2024,0.014210355713085264,1.4210355713085263,MODERATE SAVINGS
A01025,Cedar Health Partners Care Network,Wisconsin,2024,0.006403294267486361,0.640329426748636,MODERATE SAVINGS
A01026,Valley Care Partners,Missouri,2024,0.012972806478488688,1.2972806478488688,MODERATE SAVINGS
A01027,Heartland Health Alliance Care Network,Alabama,2024,0.00702397060024506,0.7023970600245061,MODERATE SAVINGS
A01028,Mountain View Health Partners Medical Center,Oregon,2024,0.023643629588523916,2.3643629588523916,MODERATE SAVINGS
A01029,Parkview Provider Alliance Collaborative,North Carolina,2024,0.004433196896766022,0.4433196896766022,MODERATE SAVINGS
A01030,Eastgate Healthcare Care Network,North Carolina,2024,0.006304886942414324,0.6304886942414324,MODERATE SAVINGS
A01031,Canyon Physician Network Care Network,Illinois,2024,0.007309393456235296,0.7309393456235296,MODERATE SAVINGS
A01032,Oakridge Care Alliance Network,North Carolina,2024,0.034684644922825365,3.4684644922825365,HIGH SAVINGS
A01033,Oakridge Wellness Physician Alliance,Virginia,2024,-0.012425091037122138,-1.2425091037122138,LOW SAVINGS
A01034,Valley Health Network Alliance,Oregon,2024,-0.02219659878875245,-2.219659878875245,LOW SAVINGS
A01035,Stonebridge Medical Group Medical Center,New Jersey,2024,0.026442863394724316,2.6442863394724316,MODERATE SAVINGS
A01036,Lakeside Care Partners Collaborative,Virginia,2024,0.045289704597766385,4.528970459776638,HIGH SAVINGS
A01037,Crestview Health Partners Partners,Minnesota,2024,0.016423067756235223,1.6423067756235223,MODERATE SAVINGS
A01038,Oakridge Medical Group Alliance,Arizona,2024,0.023861372665427108,2.3861372665427107,MODERATE SAVINGS
A01040,Heartland Health Collaborative Partners,Georgia,2024,0.03826904441073468,3.826904441073468,HIGH SAVINGS
A01041,Riverbend Care Association,Illinois,2024,0.014842761603686125,1.4842761603686125,MODERATE SAVINGS
A01042,Oakridge Care Alliance Partners,Texas,2024,0.04730238839385749,4.730238839385749,HIGH SAVINGS
A01043,Horizon Healthcare Medical Center,New York,2024,0.025387169761800436,2.5387169761800434,MODERATE SAVINGS
A01044,Springfield Wellness Group,Georgia,2024,0.008918260005577428,0.8918260005577429,MODERATE SAVINGS
A01045,Beacon Integrated Health Medical Center,Massachusetts,2024,-0.006461963727696799,-0.6461963727696799,LOW SAVINGS
A01046,Fairview Provider Alliance Care Network,New York,2024,0.04189039490983453,4.189039490983453,HIGH SAVINGS
A01047,Horizon Care Network Partners,Georgia,2024,0.012150618846538013,1.2150618846538013,MODERATE SAVINGS
A01048,Beacon Clinical Partners Partners,Tennessee,2024,0.012467950045297072,1.2467950045297072,MODERATE SAVINGS
A01049,WellSpring Health Partners Network,Wisconsin,2024,0.05458193350292079,5.4581933502920785,HIGH SAVINGS
A01050,Metro Provider Alliance Network,New York,2024,0.05959886638446828,5.959886638446828,HIGH SAVINGS
A01051,Unity Care Network Medical Center,Virginia,2024,0.009983820475734442,0.9983820475734442,MODERATE SAVINGS
A01052,Green Valley Health Collaborative Health System,Washington,2024,0.06990406610702332,6.990406610702332,HIGH SAVINGS
A01053,Riverbend Care Alliance,Oregon,2024,0.01697050135670658,1.697050135670658,MODERATE SAVINGS
A01054,Pioneer Health Alliance Collaborative,California,2024,-0.01659953865287283,-1.659953865287283,LOW SAVINGS
A01055,Riverside Medical Partners Network,Florida,2024,0.017429128783254935,1.7429128783254935,MODERATE SAVINGS
A01057,Summit Medical Partners Partners,North Carolina,2024,0.04249166320093978,4.249166320093978,HIGH SAVINGS
A01058,Clearview Medical Group Association,Georgia,2024,0.02933557361636267,2.933557361636267,MODERATE SAVINGS
A01059,Pioneer Provider Alliance Care Network,Georgia,2024,0.01059706650805909,1.059706650805909,MODERATE SAVINGS
A01061,Pioneer Provider Alliance Group,New York,2024,0.028363434073733512,2.8363434073733513,MODERATE SAVINGS
A01062,Grandview Healthcare Collaborative,Michigan,2024,0.027615666917315068,2.761566691731507,MODERATE SAVINGS
A01063,Mountain View Care Partners,Massachusetts,2024,0.01427321700472329,1.427321700472329,MODERATE SAVINGS
A01065,Brookside Medical Health System,New Jersey,2024,0.006451759957259623,0.6451759957259623,MODERATE SAVINGS
A01066,Riverside Community Care Medical Center,Colorado,2024,0.002856733764077577,0.2856733764077577,MODERATE SAVINGS
A01067,Heartland Medical Collaborative,Michigan,2024,-0.02542174448857647,-2.542174448857647,LOW SAVINGS
A01068,Evergreen Medical Partners Care Network,Alabama,2024,0.03708648738106474,3.708648738106474,HIGH SAVINGS
A01069,Lakeside Community Care Alliance,Missouri,2024,0.05540763107691262,5.540763107691262,HIGH SAVINGS
A01070,Summit Wellness Alliance,Michigan,2024,0.01570684960365346,1.5706849603653459,MODERATE SAVINGS
A01071,Redwood Health Collaborative Physician Alliance,Alabama,2024,0.02177407956509864,2.177407956509864,MODERATE SAVINGS
A01072,Canyon Medical Care Network,Massachusetts,2024,0.01250926493854728,1.250926493854728,MODERATE SAVINGS
A01073,Canyon Integrated Health Alliance,Georgia,2024,-0.012801534220395974,-1.2801534220395974,LOW SAVINGS
A01074,WellSpring Clinical Partners Collaborative,Georgia,2024,0.016153352655795514,1.6153352655795514,MODERATE SAVINGS
A01075,Meadow Medical Network,Maryland,2024,0.043295307041272144,4.329530704127214,HIGH SAVINGS
A01076,Riverbend Integrated Health Group,Washington,2024,0.03971728341348294,3.9717283413482942,HIGH SAVINGS
A01077,Eastgate Care Alliance Collaborative,Michigan,2024,0.042508232660336064,4.250823266033606,HIGH SAVINGS
A01079,Metro Physicians Care Network,Georgia,2024,-0.01948859397493699,-1.948859397493699,LOW SAVINGS
A01080,Lakeside Health Partners Partners,Florida,2024,0.01832226489571284,1.8322264895712839,MODERATE SAVINGS
A01081,Blue Ridge Physician Network Collaborative,Arizona,2024,0.015826568176662243,1.5826568176662243,MODERATE SAVINGS
A01082,Northstar Wellness Medical Center,Colorado,2024,0.028246045208408028,2.824604520840803,MODERATE SAVINGS
A01083,WellSpring Care Partners Alliance,Texas,2024,0.03214328802821352,3.214328802821352,HIGH SAVINGS
A01084,Heritage Health Network Health System,Wisconsin,2024,-0.04441919401742407,-4.441919401742407,LOW SAVINGS
A01085,Summit Care Partners Partners,Oregon,2024,0.020566783217635987,2.0566783217635987,MODERATE SAVINGS
A01086,Cedar Health Collaborative Health System,New York,2024,0.04305996995389415,4.305996995389415,HIGH SAVINGS
A01087,Meadow Care Network Partners,Georgia,2024,0.03846867211756962,3.8468672117569622,HIGH SAVINGS
A01088,Canyon Care Network Network,Tennessee,2024,0.012057168219050755,1.2057168219050756,MODERATE SAVINGS
A01089,Northstar Healthcare Care Network,Maryland,2024,0.04339058199246875,4.339058199246875,HIGH SAVINGS
A01090,Oakridge Physician Network Group,Missouri,2024,0.05615794725175278,5.615794725175278,HIGH SAVINGS
A01091,Valley Medical Partners Health System,Indiana,2024,-0.03009265492865162,-3.009265492865162,LOW SAVINGS
A01092,Summit Medical Group Group,Alabama,2024,0.014480231799710586,1.4480231799710586,MODERATE SAVINGS
A01093,Mountain View Medical Partners Network,Washington,2024,0.04902028682880815,4.902028682880815,HIGH SAVINGS
A01094,Golden Valley Health Health System,North Carolina,2024,0.011524167799878218,1.1524167799878218,MODERATE SAVINGS
A01095,Crestview Medical Partners Alliance,Florida,2024,-0.012015122687823785,-1.2015122687823785,LOW SAVINGS
A01096,Community Community Care Health System,Maryland,2024,0.05197164836064697,5.197164836064697,HIGH SAVINGS
A01097,Canyon Integrated Health Health System,Alabama,2024,-0.03770919279770074,-3.770919279770074,LOW SAVINGS
A01098,Springfield Health Care Network,Missouri,2024,0.01548757609718092,1.5487576097180922,MODERATE SAVINGS
A01101,Crestview Physician Network Physician Alliance,North Carolina,2024,0.04386355058687962,4.386355058687962,HIGH SAVINGS
A01102,Riverbend Care Alliance Group,North Carolina,2024,0.01603418348288161,1.603418348288161,MODERATE SAVINGS
A01103,Fairview Care Partners Association,Florida,2024,-0.010764859428917745,-1.0764859428917746,LOW SAVINGS
A01104,Stonebridge Health Partners Care Network,Washington,2024,-0.038078987412226234,-3.8078987412226235,LOW SAVINGS
A01105,Westfield Health Physician Alliance,Washington,2024,-0.012628165658226002,-1.2628165658226003,LOW SAVINGS
A01106,Unity Health Partners Alliance,Texas,2024,0.018928096645037914,1.8928096645037913,MODERATE SAVINGS
A01107,Riverside Health Alliance Health System,Connecticut,2024,-0.0030457508892591406,-0.30457508892591406,LOW SAVINGS
A01108,Unity Care Care Network,Missouri,2024,0.03744226200751697,3.744226200751697,HIGH SAVINGS
A01110,Heritage Health Alliance Association,Tennessee,2024,0.0548501608179091,5.48501608179091,HIGH SAVINGS
A01111,Grandview Medical Group,Indiana,2024,0.008341554504689094,0.8341554504689094,MODERATE SAVINGS
A01112,Unity Community Care Alliance,Texas,2024,0.018025229046173034,1.8025229046173035,MODERATE SAVINGS
A01113,Gateway Physician Network Alliance,Indiana,2024,0.0512137506178373,5.12137506178373,HIGH SAVINGS
A01114,Stonebridge Health Alliance Collaborative,Massachusetts,2024,-0.017601986362299194,-1.7601986362299193,LOW SAVINGS
A01115,Silverstone Health Group,Alabama,2024,0.015753957813078825,1.5753957813078825,MODERATE SAVINGS
A01116,Maplewood Integrated Health Care Network,Florida,2024,0.006664730892231418,0.6664730892231417,MODERATE SAVINGS
A01117,Highland Care Network Health System,Connecticut,2024,0.04304975599240826,4.3049755992408265,HIGH SAVINGS
A01118,Brookside Community Care Partners,Illinois,2024,0.04286108250324586,4.286108250324586,HIGH SAVINGS
A01119,Northstar Wellness Network,North Carolina,2024,-0.034339722798982425,-3.4339722798982426,LOW SAVINGS
A01120,Maplewood Health Network Association,Michigan,2024,0.035835404721390025,3.5835404721390027,HIGH SAVINGS
A01121,Golden Valley Integrated Health Care Network,Florida,2024,0.036268919105744805,3.6268919105744803,HIGH SAVINGS
A01122,Meadow Medical Partners Medical Center,Arizona,2024,0.036597522869266555,3.6597522869266554,HIGH SAVINGS
A01123,Parkview Health Collaborative Group,Illinois,2024,-0.001799743596470163,-0.1799743596470163,LOW SAVINGS
A01124,Silverstone Health Network Medical Center,North Carolina,2024,-0.028815215756239736,-2.8815215756239736,LOW SAVINGS
A01125,Meadow Care Network Care Network,Arizona,2024,0.04813661659176652,4.813661659176652,HIGH SAVINGS
A01126,Riverbend Health Collaborative Physician Alliance,Alabama,2024,-0.0008254878095509933,-0.08254878095509932,LOW SAVINGS
A01127,Parkview Physicians Group,Michigan,2024,0.024874505017618995,2.4874505017618995,MODERATE SAVINGS
A01128,Gateway Clinical Partners Care Network,New Jersey,2024,-0.002113992396627985,-0.2113992396627985,LOW SAVINGS
A01129,Stonebridge Health Alliance Care Network,Tennessee,2024,0.027434806628084223,2.7434806628084223,MODERATE SAVINGS
A01130,Golden Valley Health Alliance Health System,Alabama,2024,0.02499146439330543,2.499146439330543,MODERATE SAVINGS
A01131,Valley Medical Partners Alliance,Pennsylvania,2024,0.01887993016153019,1.8879930161530192,MODERATE SAVINGS
A01132,Evergreen Community Care Health System,Ohio,2024,-0.013919955693036938,-1.3919955693036938,LOW SAVINGS
A01133,Green Valley Community Care Group,Washington,2024,0.010153972627042119,1.0153972627042118,MODERATE SAVINGS
A01134,Golden Valley Care Network Health System,New Jersey,2024,-0.002652286464046147,-0.2652286464046147,LOW SAVINGS
A01135,Lakeside Health Network Partners,Texas,2024,0.005367921836124054,0.5367921836124054,MODERATE SAVINGS
A01136,Redwood Wellness Physician Alliance,North Carolina,2024,0.011729130209537766,1.1729130209537766,MODERATE SAVINGS
A01137,Springfield Health Partners Health System,Illinois,2024,0.03311372816859259,3.3113728168592593,HIGH SAVINGS
A01138,Lakeside Health Collaborative Care Network,Georgia,2024,0.07447262991782061,7.447262991782061,HIGH SAVINGS
A01139,Golden Valley Medical Partners Care Network,Wisconsin,2024,0.038728158262058214,3.872815826205821,HIGH SAVINGS
A01140,Gateway Physicians Group,Michigan,2024,0.038605017845083585,3.8605017845083585,HIGH SAVINGS
A01141,Brookside Wellness Collaborative,New York,2024,-0.002128399616052891,-0.2128399616052891,LOW SAVINGS
A01142,Heartland Wellness Care Network,Virginia,2024,0.05420104154311217,5.420104154311217,HIGH SAVINGS
A01143,Meadow Integrated Health Physician Alliance,Florida,2024,0.009244737279691306,0.9244737279691306,MODERATE SAVINGS
A01145,Horizon Health Alliance Collaborative,Washington,2024,-0.03897987707454289,-3.897987707454289,LOW SAVINGS
A01146,Pinnacle Health Alliance Physician Alliance,Maryland,2024,0.014085739782107577,1.4085739782107576,MODERATE SAVINGS
A01147,Heritage Physicians Network,Illinois,2024,0.020803136173562796,2.0803136173562797,MODERATE SAVINGS
A01148,Parkview Health Partners Network,New York,2024,-0.0012736328962946021,-0.12736328962946022,LOW SAVINGS
A01149,Canyon Wellness Group,New Jersey,2024,-0.00810258794532053,-0.810258794532053,LOW SAVINGS
A01150,Community Physician Network Collaborative,Missouri,2024,-0.005426176085692265,-0.5426176085692266,LOW SAVINGS
A01151,Westfield Care Partners Collaborative,Florida,2024,0.03434727395628549,3.434727395628549,HIGH SAVINGS
A01152,Blue Ridge Physician Network Group,Washington,2024,-0.062486237508487495,-6.24862375084875,LOW SAVINGS
A01153,Metro Clinical Partners Care Network,Maryland,2024,0.01197754025207984,1.197754025207984,MODERATE SAVINGS
A01155,Golden Valley Health Partners Collaborative,Colorado,2024,0.05250051180910018,5.2500511809100185,HIGH SAVINGS
A01156,Cedar Medical Group Group,Alabama,2024,0.0017425929800002988,0.17425929800002987,MODERATE SAVINGS
A01157,Canyon Provider Alliance Medical Center,Arizona,2024,0.03755769220864696,3.755769220864696,HIGH SAVINGS
A01158,Pioneer Physicians Network,Minnesota,2024,0.012459969321927748,1.2459969321927749,MODERATE SAVINGS
A01159,Fairview Care Network Health System,North Carolina,2024,0.06373270711277607,6.373270711277606,HIGH SAVINGS
A01160,Horizon Healthcare Group,Michigan,2024,-0.026521534968345473,-2.652153496834547,LOW SAVINGS
A01161,Riverbend Wellness Group,Oregon,2024,0.025482468176037828,2.5482468176037827,MODERATE SAVINGS
A01162,Grandview Care Partners Association,Virginia,2024,0.0662789452371603,6.62789452371603,HIGH SAVINGS
A01163,Unity Provider Alliance Physician Alliance,Alabama,2024,-0.051092317631838566,-5.109231763183857,LOW SAVINGS
A01164,Pinnacle Wellness Care Network,Missouri,2024,-0.0309386909849065,-3.09386909849065,LOW SAVINGS
A01165,Highland Health Partners Health System,Illinois,2024,0.01842539260909828,1.8425392609098281,MODERATE SAVINGS
A01166,Highland Health Collaborative,Colorado,2024,-0.004449112502134229,-0.4449112502134229,LOW SAVINGS
A01167,Heartland Care Partners,Connecticut,2024,0.010223394668486274,1.0223394668486274,MODERATE SAVINGS
A01168,Lakeside Care Partners Group,Pennsylvania,2024,0.032537891076795195,3.2537891076795193,HIGH SAVINGS
A01169,Springfield Medical Partners,Michigan,2024,-0.013245238342263675,-1.3245238342263674,LOW SAVINGS
A01170,Northstar Care Partners Collaborative,New York,2024,-0.0001294095961568791,-0.01294095961568791,LOW SAVINGS
A01171,Silverstone Healthcare Physician Alliance,Arizona,2024,-0.005320002976515298,-0.5320002976515298,LOW SAVINGS
A01172,Heartland Health Association,Massachusetts,2024,0.0313357898476288,3.13357898476288,HIGH SAVINGS
A01173,Springfield Integrated Health Care Network,Texas,2024,0.0020108746327060505,0.20108746327060506,MODERATE SAVINGS
A01174,Golden Valley Physician Network Care Network,Illinois,2024,-0.03652582043797985,-3.6525820437979846,LOW SAVINGS
A01175,Evergreen Health Alliance Association,Texas,2024,0.014703229502404852,1.4703229502404853,MODERATE SAVINGS
A01176,Community Health Alliance Network,Georgia,2024,-0.02027356837581336,-2.027356837581336,LOW SAVINGS
A01177,Stonebridge Medical Association,Massachusetts,2024,-0.020224586427129713,-2.022458642712971,LOW SAVINGS
A01178,Horizon Care Alliance Collaborative,North Carolina,2024,0.02171425087126279,2.171425087126279,MODERATE SAVINGS
A01179,Canyon Medical Partners Medical Center,Maryland,2024,0.009635035799964754,0.9635035799964754,MODERATE SAVINGS
A01180,Evergreen Provider Alliance Association,Texas,2024,0.06095997339742413,6.0959973397424125,HIGH SAVINGS
A01181,Heritage Physicians Collaborative,Washington,2024,0.003841698002868044,0.3841698002868044,MODERATE SAVINGS
A01182,Gateway Physician Network Health System,Ohio,2024,-0.004159861233247082,-0.4159861233247082,LOW SAVINGS
A01183,Maplewood Medical Collaborative,Ohio,2024,0.0793486963271914,7.934869632719139,HIGH SAVINGS
A01184,WellSpring Health Alliance Health System,Connecticut,2024,0.020557947868353996,2.0557947868353996,MODERATE SAVINGS
A01185,Pinnacle Health Partners Medical Center,Michigan,2024,0.00741780218092048,0.741780218092048,MODERATE SAVINGS
A01186,Gateway Physician Network Partners,Oregon,2024,0.015238871938747666,1.5238871938747667,MODERATE SAVINGS
A01187,Stonebridge Care Network Partners,Maryland,2024,-0.010790628529863068,-1.0790628529863069,LOW SAVINGS
A01188,Riverside Care Alliance Group,North Carolina,2024,0.05147996767239112,5.147996767239112,HIGH SAVINGS
A01189,Clearview Medical Medical Center,Ohio,2024,0.01662195528913432,1.6621955289134323,MODERATE SAVINGS
A01190,Oakridge Clinical Partners Alliance,Massachusetts,2024,0.05262497867594233,5.2624978675942335,HIGH SAVINGS
A01191,Redwood Wellness Network,Missouri,2024,0.05713178497089499,5.7131784970894985,HIGH SAVINGS
A01192,Summit Health Partners Network,Georgia,2024,0.006591693561779591,0.659169356177959,MODERATE SAVINGS
A01193,Heartland Physicians Alliance,Arizona,2024,-0.0015109656268557244,-0.15109656268557245,LOW SAVINGS
A01194,Green Valley Medical Group,Oregon,2024,0.04977197767867398,4.977197767867398,HIGH SAVINGS
A01195,Community Care Medical Center,Wisconsin,2024,0.031103984443538384,3.1103984443538386,HIGH SAVINGS
A01196,Blue Ridge Provider Alliance Association,New York,2024,0.021196521698282463,2.1196521698282464,MODERATE SAVINGS
A01197,Silverstone Clinical Partners Association,Ohio,2024,0.03096091082011818,3.096091082011818,HIGH SAVINGS
A01198,Cedar Health Partners Collaborative,Arizona,2024,0.08727992405401327,8.727992405401327,HIGH SAVINGS
A01199,Eastgate Medical Partners Physician Alliance,Pennsylvania,2024,0.015465161915348056,1.5465161915348056,MODERATE SAVINGS
A01200,Heartland Clinical Partners Physician Alliance,Georgia,2024,0.04573399776790257,4.573399776790257,HIGH SAVINGS
A01201,Green Valley Health Partners Care Network,Indiana,2024,0.044066538538576686,4.4066538538576685,HIGH SAVINGS
A01203,Pioneer Care Care Network,Massachusetts,2024,0.0652760514558981,6.52760514558981,HIGH SAVINGS
A01204,Fairview Healthcare Network,Indiana,2024,0.021088475949985527,2.1088475949985526,MODERATE SAVINGS
A01205,Mountain View Provider Alliance Partners,Michigan,2024,0.0003079084380644127,0.030790843806441266,MODERATE SAVINGS
A01206,Clearview Care Partners Association,Oregon,2024,0.03349134075763342,3.349134075763342,HIGH SAVINGS
A01207,Beacon Wellness Partners,Connecticut,2024,0.011973919242821226,1.1973919242821227,MODERATE SAVINGS
A01208,Mountain View Health Network Medical Center,Oregon,2024,0.017107180477349933,1.7107180477349933,MODERATE SAVINGS
A01210,Eastgate Healthcare Medical Center,Georgia,2024,0.015277538006521868,1.527753800652187,MODERATE SAVINGS
A01211,Silverstone Physician Network Medical Center,California,2024,0.018322451027992168,1.8322451027992168,MODERATE SAVINGS
A01212,Springfield Care Alliance Group,Wisconsin,2024,-0.04140862734678964,-4.140862734678964,LOW SAVINGS
A01213,Westfield Physician Network Physician Alliance,Ohio,2024,0.004712700858257888,0.4712700858257888,MODERATE SAVINGS
A01214,Eastgate Integrated Health Network,Alabama,2024,0.02363716176283404,2.363716176283404,MODERATE SAVINGS
A01215,Silverstone Healthcare Group,Illinois,2024,0.04398757590582611,4.398757590582611,HIGH SAVINGS
A01216,Crestview Physician Network Medical Center,Illinois,2024,0.013526405110142472,1.3526405110142472,MODERATE SAVINGS
A01217,Silverstone Healthcare Collaborative,Pennsylvania,2024,0.021133818031000985,2.1133818031000984,MODERATE SAVINGS
A01219,Blue Ridge Health Network Network,Arizona,2024,0.006758684001448324,0.6758684001448324,MODERATE SAVINGS
A01220,Green Valley Care Alliance Partners,Tennessee,2024,-0.0041484852018541666,-0.4148485201854167,LOW SAVINGS
A01221,WellSpring Provider Alliance Collaborative,Florida,2024,-0.03794259266109491,-3.794259266109491,LOW SAVINGS
A01222,Oakridge Medical Alliance,Oregon,2024,-0.0036832704186553736,-0.3683270418655374,LOW SAVINGS
A01224,Northstar Physician Network Association,Florida,2024,0.016062271416759862,1.6062271416759861,MODERATE SAVINGS
A01225,Golden Valley Health Partners Association,Tennessee,2024,0.012670368999182984,1.2670368999182984,MODERATE SAVINGS
A01226,WellSpring Health Association,Pennsylvania,2024,0.06984113498071162,6.984113498071162,HIGH SAVINGS
A01227,Golden Valley Care Partners Group,Washington,2024,0.019576494507128964,1.9576494507128963,MODERATE SAVINGS
A01228,Oakridge Medical Health System,New York,2024,0.019913678201019636,1.9913678201019636,MODERATE SAVINGS
A01229,Riverbend Medical Group Care Network,California,2024,-0.002069723216658393,-0.2069723216658393,LOW SAVINGS
A01230,Metro Health Collaborative Alliance,Maryland,2024,-0.0065321850781881905,-0.6532185078188191,LOW SAVINGS
A01231,WellSpring Care Alliance Network,Indiana,2024,0.008115445123835243,0.8115445123835243,MODERATE SAVINGS
A01232,Horizon Community Care Care Network,Illinois,2024,0.025100823844574342,2.510082384457434,MODERATE SAVINGS
A01233,Cedar Care Partners Association,Massachusetts,2024,0.03871411902466708,3.8714119024667077,HIGH SAVINGS
A01234,Unity Health Alliance Health System,Minnesota,2024,-0.0033071472191105763,-0.3307147219110576,LOW SAVINGS
A01235,Clearview Medical Partners Care Network,Massachusetts,2024,-0.06322131446940389,-6.322131446940389,LOW SAVINGS
A01236,Community Provider Alliance Medical Center,Wisconsin,2024,0.031653391189742246,3.1653391189742246,HIGH SAVINGS
A01237,Grandview Clinical Partners Partners,Massachusetts,2024,0.02943236005511773,2.943236005511773,MODERATE SAVINGS
A01238,Maplewood Care Partners Association,Florida,2024,0.047634241984557096,4.763424198455709,HIGH SAVINGS
A01239,Pinnacle Medical Partners Alliance,Illinois,2024,0.013082806821577194,1.3082806821577193,MODERATE SAVINGS
A01241,Northstar Health Network Group,Pennsylvania,2024,0.03363236431004768,3.363236431004768,HIGH SAVINGS
A01242,Summit Care Partners Group,Georgia,2024,0.061910176400879084,6.1910176400879084,HIGH SAVINGS
A01243,Oakridge Provider Alliance Care Network,Connecticut,2024,0.03131041623886004,3.1310416238860035,HIGH SAVINGS
A01244,Northstar Physician Network Partners,Indiana,2024,-0.016918260752432728,-1.6918260752432728,LOW SAVINGS
A01245,Meadow Health Collaborative Physician Alliance,Ohio,2024,0.027708314559081203,2.7708314559081204,MODERATE SAVINGS
A01246,Riverside Care Network Partners,California,2024,0.027217672005656647,2.721767200565665,MODERATE SAVINGS
A01247,Pinnacle Healthcare Partners,Wisconsin,2024,-0.03728031898807651,-3.728031898807651,LOW SAVINGS
A01248,Grandview Health Alliance Partners,Michigan,2024,-0.021389175670527737,-2.138917567052774,LOW SAVINGS
A01249,Oakridge Medical Group Medical Center,Texas,2024,0.02391368197930389,2.391368197930389,MODERATE SAVINGS
A01250,Meadow Medical Group Association,Indiana,2024,-0.0016835511787374603,-0.16835511787374602,LOW SAVINGS
A01251,Summit Wellness Medical Center,Virginia,2024,-0.02065737833596685,-2.065737833596685,LOW SAVINGS
A01252,Mountain View Clinical Partners Care Network,Pennsylvania,2024,-0.01290549836212316,-1.290549836212316,LOW SAVINGS
A01253,Golden Valley Physician Network Partners,Illinois,2024,0.0026425006507065653,0.2642500650706565,MODERATE SAVINGS
A01254,Springfield Medical Group Physician Alliance,Virginia,2024,-0.0019453231475565743,-0.19453231475565744,LOW SAVINGS
A01255,Canyon Clinical Partners Collaborative,New Jersey,2024,0.04416138045907188,4.4161380459071875,HIGH SAVINGS
A01256,Brookside Health Alliance Medical Center,Massachusetts,2024,-0.011755933589191626,-1.1755933589191625,LOW SAVINGS
A01257,Westfield Medical Group Medical Center,Arizona,2024,0.022413495190153763,2.2413495190153765,MODERATE SAVINGS
A01258,WellSpring Provider Alliance Medical Center,California,2024,-0.005194245946434594,-0.5194245946434594,LOW SAVINGS
A01259,Maplewood Physicians Care Network,Minnesota,2024,0.06005505880509306,6.005505880509307,HIGH SAVINGS
A01260,Redwood Health Network Partners,Georgia,2024,-0.02219731580412573,-2.219731580412573,LOW SAVINGS
A01261,Valley Healthcare Network,Washington,2024,0.008547114852370377,0.8547114852370377,MODERATE SAVINGS
A01262,Pioneer Healthcare Association,Ohio,2024,0.023308628225585975,2.3308628225585974,MODERATE SAVINGS
A01263,Fairview Health Collaborative Partners,Wisconsin,2024,0.022828679759553216,2.2828679759553214,MODERATE SAVINGS
A01264,Blue Ridge Clinical Partners Medical Center,Florida,2024,0.002169842511112795,0.21698425111127947,MODERATE SAVINGS
A01265,Highland Care Alliance Group,Arizona,2024,-0.00056248900639412,-0.05624890063941201,LOW SAVINGS
A01266,Riverside Community Care Physician Alliance,Tennessee,2024,0.011807516773493896,1.1807516773493896,MODERATE SAVINGS
A01267,Redwood Provider Alliance Association,Georgia,2024,0.07239043962853996,7.239043962853995,HIGH SAVINGS
A01268,Valley Medical Group Alliance,Minnesota,2024,0.026564946511087886,2.6564946511087886,MODERATE SAVINGS
A01269,Heartland Health Alliance Group,New York,2024,0.08410247904333532,8.41024790433353,HIGH SAVINGS
A01270,Meadow Care Network Alliance,New Jersey,2024,-0.01680006648245827,-1.680006648245827,LOW SAVINGS
A01271,Fairview Medical Partners Alliance,Tennessee,2024,0.02005375017252379,2.005375017252379,MODERATE SAVINGS
A01272,Metro Clinical Partners Alliance,Florida,2024,0.017460045253687946,1.7460045253687946,MODERATE SAVINGS
A01273,Unity Physician Network Partners,Arizona,2024,0.03347193907110963,3.347193907110963,HIGH SAVINGS
A01274,Beacon Care Partners Group,Tennessee,2024,-0.008910597215136094,-0.8910597215136093,LOW SAVINGS
A01275,Mountain View Community Care Partners,Arizona,2024,-0.02536253178567838,-2.536253178567838,LOW SAVINGS
A01277,Unity Physician Network Health System,Ohio,2024,0.025886816648458842,2.5886816648458844,MODERATE SAVINGS
A01278,Parkview Medical Group Network,Pennsylvania,2024,0.001571865965654022,0.1571865965654022,MODERATE SAVINGS
A01279,Golden Valley Health Partners Care Network,Virginia,2024,0.016939409448749092,1.6939409448749092,MODERATE SAVINGS
A01280,Horizon Care Network Collaborative,Ohio,2024,0.007249905634798473,0.7249905634798474,MODERATE SAVINGS
A01281,Beacon Health Network Group,North Carolina,2024,-0.03883317023488845,-3.883317023488845,LOW SAVINGS
A01282,Beacon Physicians Collaborative,Connecticut,2024,0.007923879505153466,0.7923879505153466,MODERATE SAVINGS
A01283,Stonebridge Integrated Health Care Network,Massachusetts,2024,0.010238558756026276,1.0238558756026277,MODERATE SAVINGS
A01284,Westfield Health Collaborative Group,New Jersey,2024,-0.023866277305395638,-2.386627730539564,LOW SAVINGS
A01285,Golden Valley Health Network Collaborative,Indiana,2024,0.006285732767110591,0.6285732767110591,MODERATE SAVINGS
A01286,Evergreen Physician Network Network,Illinois,2024,-0.002954556700827063,-0.2954556700827063,LOW SAVINGS
A01287,Oakridge Clinical Partners Association,Missouri,2024,0.035179843958600736,3.5179843958600734,HIGH SAVINGS
A01288,Canyon Provider Alliance Collaborative,California,2024,0.00029948863475002255,0.029948863475002255,MODERATE SAVINGS
A01289,Mountain View Community Care Medical Center,Alabama,2024,0.009169345233934237,0.9169345233934237,MODERATE SAVINGS
A01290,Heartland Clinical Partners Collaborative,Massachusetts,2024,0.04075211456647311,4.075211456647311,HIGH SAVINGS
A01291,Meadow Clinical Partners Partners,Texas,2024,0.018869623756991402,1.8869623756991403,MODERATE SAVINGS
A01292,Golden Valley Medical Group Partners,Florida,2024,0.004232926109535273,0.42329261095352727,MODERATE SAVINGS
A01293,Silverstone Community Care Alliance,Missouri,2024,-0.0037491850855636577,-0.37491850855636577,LOW SAVINGS
A01294,Oakridge Health Alliance Physician Alliance,Illinois,2024,0.027993521597010153,2.7993521597010154,MODERATE SAVINGS
A01295,Valley Healthcare Partners,Wisconsin,2024,-0.010510275814196982,-1.051027581419698,LOW SAVINGS
A01296,Golden Valley Medical Partners Medical Center,Wisconsin,2024,-0.006531518137685887,-0.6531518137685887,LOW SAVINGS
A01297,Evergreen Health Care Network,New York,2024,0.03136239823443011,3.136239823443011,HIGH SAVINGS
A01298,Clearview Physicians Medical Center,Ohio,2024,0.06863618570484789,6.863618570484789,HIGH SAVINGS
A01299,Cedar Clinical Partners Alliance,Illinois,2024,0.03639936699571615,3.639936699571615,HIGH SAVINGS
A01300,Valley Provider Alliance Physician Alliance,Arizona,2024,0.014389654986753543,1.4389654986753544,MODERATE SAVINGS
A01301,Green Valley Health Partners Association,Arizona,2024,-0.041275965769475155,-4.127596576947515,LOW SAVINGS
A01302,Canyon Healthcare Care Network,Georgia,2024,0.03843639209726945,3.8436392097269447,HIGH SAVINGS
A01303,Parkview Community Care Alliance,Michigan,2024,0.03873966451170029,3.873966451170029,HIGH SAVINGS
A01305,Pinnacle Clinical Partners Physician Alliance,Missouri,2024,0.015031867287528677,1.5031867287528677,MODERATE SAVINGS
A01306,Riverside Care Partners Medical Center,New York,2024,0.01349578588793143,1.3495785887931429,MODERATE SAVINGS
A01307,Cedar Physicians Network,Oregon,2024,0.000545597438729472,0.0545597438729472,MODERATE SAVINGS
A01308,Community Medical Medical Center,Maryland,2024,0.0051300908339812264,0.5130090833981227,MODERATE SAVINGS
A01309,Blue Ridge Medical Network,Ohio,2024,0.014003808527547876,1.4003808527547876,MODERATE SAVINGS
A01310,Gateway Physicians Health System,Tennessee,2024,0.02227429512167535,2.227429512167535,MODERATE SAVINGS
A01311,Unity Medical Partners Physician Alliance,Texas,2024,-0.027524293329728357,-2.7524293329728358,LOW SAVINGS
A01312,Unity Wellness Health System,Texas,2024,0.027589268088121323,2.758926808812132,MODERATE SAVINGS
A01313,Blue Ridge Medical Medical Center,New York,2024,0.035888196532028585,3.5888196532028585,HIGH SAVINGS
A01314,Highland Health Network Group,Maryland,2024,0.025031486281227346,2.5031486281227346,MODERATE SAVINGS
A01315,Meadow Health Partners Health System,Oregon,2024,-0.001970608085292581,-0.1970608085292581,LOW SAVINGS
A01316,Parkview Health Partners Group,North Carolina,2024,0.0326540805426828,3.2654080542682804,HIGH SAVINGS
A01317,Silverstone Medical Collaborative,Minnesota,2024,0.011521806870896958,1.1521806870896958,MODERATE SAVINGS
A01318,Community Care Health System,Massachusetts,2024,-0.020590011498293162,-2.0590011498293164,LOW SAVINGS
A01319,Fairview Medical Physician Alliance,Virginia,2024,0.06945772156756162,6.9457721567561626,HIGH SAVINGS
A01320,Metro Care Alliance,Michigan,2024,-0.025486895790222536,-2.5486895790222537,LOW SAVINGS
A01321,Beacon Community Care Collaborative,New Jersey,2024,0.06609306088461438,6.609306088461437,HIGH SAVINGS
A01322,Pinnacle Care Partners Network,Georgia,2024,0.003002576933490425,0.3002576933490425,MODERATE SAVINGS
A01323,Oakridge Medical Partners Network,Michigan,2024,-0.015341648710020323,-1.5341648710020324,LOW SAVINGS
A01324,Evergreen Care Network Physician Alliance,New Jersey,2024,-0.006344593069990423,-0.6344593069990423,LOW SAVINGS
A01325,Parkview Care Alliance Network,Alabama,2024,-0.022196124081366456,-2.2196124081366455,LOW SAVINGS
A01326,Horizon Care Partners,Massachusetts,2024,0.017541820877647222,1.7541820877647223,MODERATE SAVINGS
A01327,Eastgate Physicians Care Network,Pennsylvania,2024,0.05838097752353726,5.838097752353726,HIGH SAVINGS
A01328,Lakeside Health Health System,Washington,2024,0.05165696498502709,5.165696498502709,HIGH SAVINGS
A01329,Oakridge Health Partners Group,New York,2024,0.016665570928666815,1.6665570928666815,MODERATE SAVINGS
A01330,Metro Wellness Health System,Indiana,2024,-0.006215930536886751,-0.6215930536886751,LOW SAVINGS
A01331,Meadow Health Collaborative Network,Maryland,2024,0.014731454516852566,1.4731454516852565,MODERATE SAVINGS
A01332,Heartland Physicians Group,Virginia,2024,0.016520898618791413,1.6520898618791413,MODERATE SAVINGS
A01333,Fairview Physician Network Health System,Connecticut,2024,0.03465139410787525,3.465139410787525,HIGH SAVINGS
A01334,Highland Physician Network Health System,New York,2024,0.0417070130139359,4.17070130139359,HIGH SAVINGS
A01335,Brookside Care Alliance Care Network,Colorado,2024,0.046055196930435936,4.605519693043593,HIGH SAVINGS
A01336,Unity Health Network Care Network,Pennsylvania,2024,0.019139912014497332,1.9139912014497333,MODERATE SAVINGS
A01337,Stonebridge Wellness Group,Texas,2024,0.004369525029340032,0.43695250293400323,MODERATE SAVINGS
A01338,Clearview Healthcare Physician Alliance,Georgia,2024,0.03244915603890363,3.244915603890363,HIGH SAVINGS
A01339,Brookside Health Collaborative Collaborative,Washington,2024,-0.0426332673274293,-4.2633267327429305,LOW SAVINGS
A01340,WellSpring Medical Health System,New York,2024,0.03617975261905587,3.6179752619055874,HIGH SAVINGS
A01341,Brookside Healthcare Collaborative,Oregon,2024,0.017822332335050938,1.7822332335050939,MODERATE SAVINGS
A01342,Northstar Integrated Health Medical Center,Illinois,2024,-0.033657954311573916,-3.3657954311573914,LOW SAVINGS
A01343,Eastgate Medical Partners Network,Connecticut,2024,0.006075687808263709,0.6075687808263709,MODERATE SAVINGS
A01344,Riverside Health Association,Maryland,2024,0.009323082479138364,0.9323082479138365,MODERATE SAVINGS
A01345,Golden Valley Care Partners Alliance,Maryland,2024,-0.018427455175899648,-1.8427455175899647,LOW SAVINGS
A01346,Eastgate Care Partners Medical Center,Maryland,2024,0.023229809667392697,2.32298096673927,MODERATE SAVINGS
A01347,Maplewood Medical Partners Care Network,California,2024,0.024241052709545415,2.4241052709545414,MODERATE SAVINGS
A01348,Blue Ridge Medical Partners Collaborative,Texas,2024,-0.005947625841614155,-0.5947625841614155,LOW SAVINGS
A01349,Clearview Medical Partners Collaborative,Pennsylvania,2024,0.010256373878136089,1.025637387813609,MODERATE SAVINGS
A01350,Oakridge Wellness Medical Center,Oregon,2024,-0.0007061026974461548,-0.07061026974461548,LOW SAVINGS
A01351,Mountain View Healthcare Care Network,Michigan,2024,0.0038551022005592103,0.385510220055921,MODERATE SAVINGS
A01352,Eastgate Wellness Health System,North Carolina,2024,0.013408420255449045,1.3408420255449045,MODERATE SAVINGS
A01353,Northstar Clinical Partners Physician Alliance,Indiana,2024,-0.015264751597997549,-1.526475159799755,LOW SAVINGS
A01354,Pinnacle Community Care Network,Illinois,2024,0.04989241421456445,4.989241421456446,HIGH SAVINGS
A01355,Highland Healthcare Health System,Oregon,2024,-0.013884796297596053,-1.3884796297596054,LOW SAVINGS
A01356,Blue Ridge Health Care Network,Indiana,2024,0.00738648586076065,0.738648586076065,MODERATE SAVINGS
A01357,Crestview Medical Group Alliance,Washington,2024,0.03033794951756977,3.033794951756977,HIGH SAVINGS
A01358,Beacon Medical Partners Care Network,Tennessee,2024,0.023422471917510818,2.3422471917510816,MODERATE SAVINGS
A01359,Cedar Care Partners Care Network,Massachusetts,2024,0.0033849497871058943,0.3384949787105894,MODERATE SAVINGS
A01360,Blue Ridge Physician Network Care Network,Connecticut,2024,0.00545849834770818,0.5458498347708179,MODERATE SAVINGS
A01361,Crestview Wellness Health System,Texas,2024,0.0007888644772053008,0.07888644772053008,MODERATE SAVINGS
A01362,Highland Healthcare Partners,Colorado,2024,0.0348774365604095,3.48774365604095,HIGH SAVINGS
A01363,Eastgate Provider Alliance Medical Center,Wisconsin,2024,0.027097011729228307,2.7097011729228306,MODERATE SAVINGS
A01364,Lakeside Health Partners Group,Pennsylvania,2024,0.01951893903809355,1.9518939038093552,MODERATE SAVINGS
A01365,Green Valley Physician Network Care Network,Illinois,2024,0.015113647117850954,1.5113647117850955,MODERATE SAVINGS
A01366,Lakeside Integrated Health Medical Center,Texas,2024,0.016338322908569677,1.6338322908569676,MODERATE SAVINGS
A01367,Horizon Care Alliance,North Carolina,2024,0.01920088674220978,1.920088674220978,MODERATE SAVINGS
A01368,Grandview Provider Alliance Network,Ohio,2024,-0.046916246610800835,-4.691624661080083,LOW SAVINGS
A01369,Evergreen Care Partners Network,Oregon,2024,0.05169588560617552,5.1695885606175525,HIGH SAVINGS
A01370,Metro Health Group,North Carolina,2024,-0.006798580562355559,-0.679858056235556,LOW SAVINGS
A01371,Heritage Care Partners,New Jersey,2024,-0.01328446005403067,-1.3284460054030671,LOW SAVINGS
A01372,Fairview Health Collaborative Group,Michigan,2024,0.06360016635383879,6.360016635383879,HIGH SAVINGS
A01374,Maplewood Care Alliance Network,North Carolina,2024,0.0373942200217644,3.73942200217644,HIGH SAVINGS
A01375,Brookside Health Alliance Care Network,New York,2024,0.041209295283390394,4.1209295283390395,HIGH SAVINGS
A01376,Cedar Health Medical Center,Ohio,2024,-0.0066500552578105145,-0.6650055257810514,LOW SAVINGS
A01377,Redwood Healthcare Partners,Maryland,2024,0.017021076025078824,1.7021076025078825,MODERATE SAVINGS
A01378,Community Integrated Health Association,Indiana,2024,-0.011842985712108341,-1.184298571210834,LOW SAVINGS
A01379,Pinnacle Provider Alliance Collaborative,Alabama,2024,0.006852496249474831,0.6852496249474831,MODERATE SAVINGS
A01380,Northstar Health Partners Alliance,Illinois,2024,-0.010194541903136099,-1.0194541903136098,LOW SAVINGS
A01381,Pioneer Care Health System,Minnesota,2024,0.005025552794254915,0.5025552794254915,MODERATE SAVINGS
A01382,Green Valley Healthcare Health System,Missouri,2024,0.013207068132320157,1.3207068132320157,MODERATE SAVINGS
A01383,Pinnacle Medical Group Group,Maryland,2024,0.01319911573734006,1.319911573734006,MODERATE SAVINGS
A01384,Golden Valley Integrated Health Alliance,Washington,2024,0.03371575503074285,3.3715755030742853,HIGH SAVINGS
A01386,Northstar Health Collaborative,Connecticut,2024,-0.021956662933928343,-2.195666293392834,LOW SAVINGS
A01387,Metro Physicians Alliance,Tennessee,2024,0.04353576194244109,4.353576194244109,HIGH SAVINGS
A01389,Maplewood Community Care Medical Center,California,2024,0.029402809518898558,2.940280951889856,MODERATE SAVINGS
A01390,Meadow Medical Care Network,Connecticut,2024,0.03699287821482916,3.6992878214829163,HIGH SAVINGS
A01391,Unity Integrated Health Group,Oregon,2024,-0.011037128638412287,-1.1037128638412286,LOW SAVINGS
A01392,Heritage Physicians Partners,Pennsylvania,2024,0.05169790572088192,5.169790572088192,HIGH SAVINGS
A01393,Meadow Physician Network Alliance,Indiana,2024,0.008702524382580602,0.8702524382580602,MODERATE SAVINGS
A01394,Heritage Wellness Alliance,Michigan,2024,0.0024847443919766713,0.24847443919766712,MODERATE SAVINGS
A01395,Unity Medical Group Physician Alliance,California,2024,0.004190825208787591,0.4190825208787591,MODERATE SAVINGS
A01396,Riverside Medical Alliance,Alabama,2024,-0.014322815212531157,-1.4322815212531157,LOW SAVINGS
A01397,Riverside Medical Care Network,New Jersey,2024,-0.004108400491922193,-0.4108400491922193,LOW SAVINGS
A01398,Canyon Integrated Health Medical Center,Massachusetts,2024,0.06460217921151397,6.460217921151397,HIGH SAVINGS
A01399,Meadow Health Alliance Physician Alliance,Minnesota,2024,0.020099502861966406,2.0099502861966405,MODERATE SAVINGS
A01400,Beacon Wellness Collaborative,New York,2024,0.02747926715955714,2.747926715955714,MODERATE SAVINGS
A01401,Unity Provider Alliance Health System,Texas,2024,-0.019164655550466453,-1.9164655550466452,LOW SAVINGS
A01402,Beacon Care Network Collaborative,Maryland,2024,-0.011374232656285715,-1.1374232656285714,LOW SAVINGS
A01403,Valley Physicians Health System,Illinois,2024,0.024132308713014573,2.413230871301457,MODERATE SAVINGS
A01404,Silverstone Community Care Association,California,2024,0.03234354514879717,3.2343545148797173,HIGH SAVINGS
A01405,Community Healthcare Association,Colorado,2024,0.05685319295160545,5.685319295160545,HIGH SAVINGS
A01406,Green Valley Medical Partners Health System,Pennsylvania,2024,0.039568764590197904,3.9568764590197905,HIGH SAVINGS
A01407,Beacon Community Care Network,Connecticut,2024,0.023024363533684804,2.3024363533684804,MODERATE SAVINGS
A01408,Springfield Health Collaborative Collaborative,Georgia,2024,0.001675842336313802,0.1675842336313802,MODERATE SAVINGS
A01409,Green Valley Care Network Collaborative,Tennessee,2024,0.012989063059982472,1.2989063059982473,MODERATE SAVINGS
A01410,Oakridge Clinical Partners Network,California,2024,0.02605289673522058,2.605289673522058,MODERATE SAVINGS
A01411,Valley Clinical Partners Network,Connecticut,2024,-0.012222628773377072,-1.222262877337707,LOW SAVINGS
A01412,Canyon Provider Alliance Network,Tennessee,2024,0.06578591278294384,6.578591278294383,HIGH SAVINGS
A01413,Westfield Care Alliance Care Network,Indiana,2024,0.03635918005379167,3.635918005379167,HIGH SAVINGS
A01414,Maplewood Health Network Medical Center,New Jersey,2024,0.01745523115219034,1.7455231152190338,MODERATE SAVINGS
A01415,WellSpring Health Collaborative Collaborative,Connecticut,2024,-0.018368261545253197,-1.8368261545253197,LOW SAVINGS
A01417,Blue Ridge Medical Partners Alliance,New Jersey,2024,0.017107403651653676,1.7107403651653676,MODERATE SAVINGS
A01418,Maplewood Health Collaborative Partners,Tennessee,2024,0.035290128553844134,3.5290128553844133,HIGH SAVINGS
A01419,Eastgate Clinical Partners Physician Alliance,Michigan,2024,0.07851254921222382,7.851254921222382,HIGH SAVINGS
A01420,Highland Wellness Health System,Colorado,2024,0.024015115198295252,2.4015115198295254,MODERATE SAVINGS
A01421,Canyon Medical Group Collaborative,Arizona,2024,0.034901925601714116,3.4901925601714114,HIGH SAVINGS
A01422,Springfield Health Alliance Network,New Jersey,2024,0.02405837688036063,2.4058376880360632,MODERATE SAVINGS
A01423,Riverbend Community Care Care Network,Florida,2024,0.006597043167851826,0.6597043167851826,MODERATE SAVINGS
A01424,Heritage Healthcare Collaborative,Indiana,2024,0.0018873373157531849,0.18873373157531848,MODERATE SAVINGS
A01425,Pinnacle Physician Network Physician Alliance,Minnesota,2024,-0.003545672620401092,-0.35456726204010924,LOW SAVINGS
A01426,Clearview Health Network Partners,Connecticut,2024,0.024487827191101652,2.448782719110165,MODERATE SAVINGS
A01427,Maplewood Care Partners Health System,Maryland,2024,0.03850662089786424,3.850662089786424,HIGH SAVINGS
A01428,Heritage Provider Alliance Care Network,Missouri,2024,-0.01546775244421384,-1.546775244421384,LOW SAVINGS
A01429,Meadow Medical Partners Alliance,Alabama,2024,0.020424194887586733,2.0424194887586733,MODERATE SAVINGS
A01430,Parkview Provider Alliance Partners,Wisconsin,2024,0.00109111424081978,0.10911142408197799,MODERATE SAVINGS
A01431,Clearview Physician Network Network,Virginia,2024,0.07263304631663772,7.263304631663773,HIGH SAVINGS
A01432,Riverbend Provider Alliance Collaborative,Georgia,2024,0.011281817446082754,1.1281817446082754,MODERATE SAVINGS
A01433,Pinnacle Care Network Association,Missouri,2024,-0.004140014264570827,-0.4140014264570827,LOW SAVINGS
A01434,Grandview Care Network Collaborative,Ohio,2024,0.013517890608378698,1.3517890608378698,MODERATE SAVINGS
A01435,Canyon Medical Partners Collaborative,New Jersey,2024,-0.006314349711071299,-0.63143497110713,LOW SAVINGS
A01436,Blue Ridge Community Care Group,Indiana,2024,-0.019018429346530946,-1.9018429346530947,LOW SAVINGS
A01437,Clearview Medical Group Physician Alliance,Indiana,2024,0.02398242085670259,2.398242085670259,MODERATE SAVINGS
A01438,Summit Medical Care Network,Missouri,2024,-0.004636020081528446,-0.4636020081528446,LOW SAVINGS
A01439,Summit Clinical Partners Association,Missouri,2024,0.05078822934224041,5.078822934224041,HIGH SAVINGS
A01440,Stonebridge Integrated Health Physician Alliance,Ohio,2024,0.05247458734237352,5.247458734237352,HIGH SAVINGS
A01441,Canyon Health Health System,New Jersey,2024,0.022549563833049187,2.254956383304919,MODERATE SAVINGS
A01442,Golden Valley Physicians Medical Center,Illinois,2024,-0.011998761307860994,-1.1998761307860994,LOW SAVINGS
A01443,Parkview Provider Alliance Group,Oregon,2024,-0.011515461216307045,-1.1515461216307044,LOW SAVINGS
A01444,Redwood Healthcare Alliance,Michigan,2024,0.01507434287699735,1.507434287699735,MODERATE SAVINGS
A01445,Parkview Health Alliance Partners,Arizona,2024,0.03243171087184038,3.243171087184038,HIGH SAVINGS
A01446,Summit Medical Medical Center,North Carolina,2024,0.025639968345734652,2.5639968345734654,MODERATE SAVINGS
A01447,Green Valley Provider Alliance Collaborative,Oregon,2024,0.05533917052819449,5.533917052819449,HIGH SAVINGS
A01449,Brookside Provider Alliance Medical Center,Wisconsin,2024,0.017055301898547804,1.7055301898547803,MODERATE SAVINGS
A01450,Green Valley Care Partners Collaborative,Michigan,2024,0.014343307840840556,1.4343307840840556,MODERATE SAVINGS
A01452,Lakeside Physician Network Partners,Florida,2024,0.0031339055901932924,0.3133905590193292,MODERATE SAVINGS
A01453,Horizon Health Network Association,Wisconsin,2024,0.061643276392302736,6.164327639230273,HIGH SAVINGS
A01454,Gateway Community Care Network,New York,2024,-0.0005183428081523929,-0.05183428081523929,LOW SAVINGS
A01455,Brookside Care Partners Health System,Illinois,2024,0.04701840465371372,4.701840465371372,HIGH SAVINGS
A01456,Pioneer Care Network Health System,Michigan,2024,0.03710607178905434,3.710607178905434,HIGH SAVINGS
A01457,Cedar Wellness Health System,Maryland,2024,0.04876021237388679,4.876021237388679,HIGH SAVINGS
A01458,Fairview Physicians Medical Center,New York,2024,0.002414321663363202,0.24143216633632023,MODERATE SAVINGS
A01459,Redwood Medical Physician Alliance,Wisconsin,2024,0.0015331701777575766,0.15331701777575765,MODERATE SAVINGS
A01460,Community Medical Network,Illinois,2024,0.028835980788349296,2.88359807883493,MODERATE SAVINGS
A01461,Redwood Provider Alliance Alliance,Colorado,2024,-0.017793669832602905,-1.7793669832602905,LOW SAVINGS
A01462,Grandview Health Partners Network,Virginia,2024,0.020353553514612197,2.0353553514612197,MODERATE SAVINGS
A01463,Metro Health Network Physician Alliance,Alabama,2024,0.0057729212328963605,0.5772921232896361,MODERATE SAVINGS
A01464,Heartland Physicians Medical Center,New York,2024,0.01312162009869072,1.3121620098690718,MODERATE SAVINGS
A01465,Green Valley Healthcare Care Network,Illinois,2024,-0.021483548474668875,-2.1483548474668877,LOW SAVINGS
A01466,Parkview Care Physician Alliance,North Carolina,2024,0.008556486771308422,0.8556486771308423,MODERATE SAVINGS
A01467,Northstar Health Collaborative Health System,Wisconsin,2024,-0.001998357086970639,-0.1998357086970639,LOW SAVINGS
A01468,Pioneer Physician Network Alliance,Pennsylvania,2024,-0.02202795266902479,-2.202795266902479,LOW SAVINGS
A01469,Redwood Medical Partners,Washington,2024,0.034461440593151114,3.4461440593151114,HIGH SAVINGS
A01470,Summit Care Alliance,Minnesota,2024,-0.0006768934722169276,-0.06768934722169276,LOW SAVINGS
A01471,Northstar Integrated Health Alliance,Ohio,2024,-0.014607381305684345,-1.4607381305684346,LOW SAVINGS
A01472,Northstar Community Care Physician Alliance,Michigan,2024,-0.020850884947792095,-2.0850884947792094,LOW SAVINGS
A01473,Evergreen Care Network Association,New York,2024,-0.005505120281952987,-0.5505120281952987,LOW SAVINGS
A01474,Parkview Care Alliance Group,Virginia,2024,0.049236684311477805,4.923668431147781,HIGH SAVINGS
A01475,Beacon Health Partners Medical Center,Michigan,2024,-0.0005274210499197176,-0.05274210499197176,LOW SAVINGS
A01476,Redwood Medical Partners Health System,Wisconsin,2024,0.011078201923567958,1.1078201923567959,MODERATE SAVINGS
A01477,Mountain View Care Network Physician Alliance,Connecticut,2024,-0.016226260332300596,-1.6226260332300595,LOW SAVINGS
A01478,Green Valley Community Care Medical Center,New York,2024,0.011022637498337099,1.10226374983371,MODERATE SAVINGS
A01480,WellSpring Health Network Group,Virginia,2024,0.005675871573510895,0.5675871573510894,MODERATE SAVINGS
A01481,Unity Health Alliance Care Network,North Carolina,2024,-0.015480548670973645,-1.5480548670973644,LOW SAVINGS
A01482,Westfield Medical Alliance,Massachusetts,2024,0.014856739257885101,1.48567392578851,MODERATE SAVINGS
A01483,Evergreen Care Network,New York,2024,0.05473167657417682,5.473167657417681,HIGH SAVINGS
A01484,Parkview Care Network Medical Center,Wisconsin,2024,-0.03285056634431119,-3.2850566344311187,LOW SAVINGS
A01485,Fairview Clinical Partners Association,California,2024,-0.0010693717712510458,-0.10693717712510459,LOW SAVINGS
A01486,Evergreen Care Partners Physician Alliance,Massachusetts,2024,-0.009320289186545828,-0.9320289186545828,LOW SAVINGS
A01487,Grandview Health Collaborative,Pennsylvania,2024,-0.008779412285838476,-0.8779412285838476,LOW SAVINGS
A01488,Brookside Physician Network Care Network,Ohio,2024,-0.013114808637748896,-1.3114808637748896,LOW SAVINGS
A01489,Riverside Wellness Partners,Florida,2024,0.015105983362104787,1.5105983362104787,MODERATE SAVINGS
A01490,Valley Medical Physician Alliance,Pennsylvania,2024,0.051107287864286324,5.110728786428632,HIGH SAVINGS
A01491,Silverstone Health Care Network,Minnesota,2024,4.5313819915101245e-05,0.004531381991510124,MODERATE SAVINGS
A01492,Gateway Health Collaborative Collaborative,California,2024,0.03502068200962858,3.502068200962858,HIGH SAVINGS
A01493,Crestview Physician Network Group,Pennsylvania,2024,0.005612526409797278,0.5612526409797278,MODERATE SAVINGS
A01494,Meadow Healthcare Group,New York,2024,-0.02502946118336984,-2.502946118336984,LOW SAVINGS
A01495,Springfield Clinical Partners Group,Arizona,2024,0.018333392110044602,1.8333392110044602,MODERATE SAVINGS
A01496,Canyon Physicians Group,Maryland,2024,-0.008435576193852932,-0.8435576193852932,LOW SAVINGS
A01497,Valley Care Partners Care Network,California,2024,0.020894742951852636,2.0894742951852634,MODERATE SAVINGS
A01498,Valley Medical Partners Physician Alliance,Massachusetts,2024,0.019892803096433948,1.9892803096433949,MODERATE SAVINGS
A01499,Northstar Care Alliance Alliance,Missouri,2024,0.02210655411011708,2.210655411011708,MODERATE SAVINGS
A01500,Unity Medical Association,New York,2024,0.03623118442153132,3.623118442153132,HIGH SAVINGS
A01501,Grandview Clinical Partners Alliance,Minnesota,2024,0.022601984521742828,2.260198452174283,MODERATE SAVINGS
A01502,Eastgate Physicians Health System,Maryland,2024,0.06810777522365359,6.810777522365359,HIGH SAVINGS
A01503,Stonebridge Wellness Physician Alliance,Georgia,2024,-0.0007032538042539892,-0.07032538042539892,LOW SAVINGS
A01504,Stonebridge Care Medical Center,Minnesota,2024,0.05638853460732087,5.638853460732087,HIGH SAVINGS
A01505,Redwood Clinical Partners Physician Alliance,North Carolina,2024,0.058055556949304934,5.805555694930494,HIGH SAVINGS
A01506,Evergreen Community Care Association,Indiana,2024,0.008985138757072103,0.8985138757072103,MODERATE SAVINGS
A01507,WellSpring Physician Network Medical Center,Minnesota,2024,0.00812691325770393,0.812691325770393,MODERATE SAVINGS
A01508,Grandview Care Alliance Association,Illinois,2024,0.0662403681157522,6.62403681157522,HIGH SAVINGS
A01509,Mountain View Medical Partners Association,Oregon,2024,0.015541262054938287,1.5541262054938287,MODERATE SAVINGS
A01510,Brookside Healthcare Alliance,Michigan,2024,0.08325383152823505,8.325383152823505,HIGH SAVINGS
A01511,Grandview Care Partners Medical Center,Oregon,2024,0.010135396727779356,1.0135396727779356,MODERATE SAVINGS
A01512,Riverside Medical Partners Medical Center,Texas,2024,-0.0068358570688438185,-0.6835857068843818,LOW SAVINGS
A01513,Heartland Physician Network Medical Center,Illinois,2024,0.027675987203843434,2.7675987203843433,MODERATE SAVINGS
A01514,Riverbend Provider Alliance Health System,Florida,2024,0.010107910447066068,1.0107910447066069,MODERATE SAVINGS
A01515,Oakridge Integrated Health Partners,Oregon,2024,0.061341898920715815,6.134189892071581,HIGH SAVINGS
A01516,Mountain View Medical Physician Alliance,Florida,2024,0.05872165112432779,5.872165112432779,HIGH SAVINGS
A01518,Blue Ridge Care Network Care Network,Oregon,2024,0.003846298782062314,0.3846298782062314,MODERATE SAVINGS
A01519,Heritage Health Collaborative Medical Center,North Carolina,2024,0.023705453852695475,2.3705453852695473,MODERATE SAVINGS
A01520,Heartland Care Network Health System,Washington,2024,0.056934449640630526,5.693444964063053,HIGH SAVINGS
A01521,Eastgate Health Alliance Medical Center,Colorado,2024,0.028174631574487435,2.8174631574487434,MODERATE SAVINGS
A01522,Springfield Healthcare Group,Arizona,2024,-0.002919275542533895,-0.29192755425338945,LOW SAVINGS
A01523,Highland Medical Group,Illinois,2024,0.0666937519503097,6.6693751950309705,HIGH SAVINGS
A01524,Metro Integrated Health Alliance,Alabama,2024,-0.010191496671975147,-1.0191496671975147,LOW SAVINGS
A01525,Parkview Community Care Collaborative,Washington,2024,0.016584800523997745,1.6584800523997745,MODERATE SAVINGS
A01526,Gateway Physician Network Physician Alliance,Wisconsin,2024,0.013876478418613407,1.3876478418613407,MODERATE SAVINGS
A01527,Crestview Medical Partners Network,Virginia,2024,-0.015228715674867175,-1.5228715674867175,LOW SAVINGS
A01528,Redwood Wellness Partners,Georgia,2024,-0.014149639601826157,-1.4149639601826156,LOW SAVINGS
A01529,Valley Care Alliance Care Network,Alabama,2024,0.03443940204097801,3.4439402040978004,HIGH SAVINGS
A01530,Cedar Health Network Association,Pennsylvania,2024,0.030476067287055996,3.0476067287055995,HIGH SAVINGS
A01531,Oakridge Healthcare Partners,Connecticut,2024,0.054556323562729506,5.45563235627295,HIGH SAVINGS
A01532,Riverbend Medical Group Health System,North Carolina,2024,0.028977339761665905,2.8977339761665903,MODERATE SAVINGS
A01533,WellSpring Care Network Physician Alliance,Pennsylvania,2024,0.051090200082013856,5.1090200082013855,HIGH SAVINGS
A01534,Silverstone Medical Group Care Network,California,2024,0.02081995269328256,2.0819952693282557,MODERATE SAVINGS
A01535,Unity Health Partners Medical Center,Maryland,2024,0.029579377227122436,2.9579377227122436,MODERATE SAVINGS
A01536,Silverstone Provider Alliance Medical Center,Massachusetts,2024,0.04638198449595162,4.638198449595162,HIGH SAVINGS
A01537,Northstar Health Alliance Care Network,Indiana,2024,0.021015596728034203,2.1015596728034205,MODERATE SAVINGS
A01538,Summit Health Network Care Network,North Carolina,2024,-0.021795797386831302,-2.17957973868313,LOW SAVINGS
A01539,Canyon Care Network Association,Virginia,2024,0.0007231050708544666,0.07231050708544666,MODERATE SAVINGS
A01540,Green Valley Physicians Collaborative,Pennsylvania,2024,-0.019068112869575684,-1.9068112869575684,LOW SAVINGS
A01541,Silverstone Medical Group Health System,New Jersey,2024,0.007850842553790933,0.7850842553790933,MODERATE SAVINGS
A01542,Canyon Medical Alliance,Washington,2024,0.015938677246363584,1.5938677246363584,MODERATE SAVINGS
A01543,Redwood Medical Group,New Jersey,2024,0.03211077592171062,3.211077592171062,HIGH SAVINGS
A01544,Stonebridge Care Network Care Network,New York,2024,0.07791489948709762,7.791489948709762,HIGH SAVINGS
A01545,Eastgate Medical Network,Florida,2024,0.02539827031842279,2.539827031842279,MODERATE SAVINGS
A01546,Blue Ridge Health Collaborative Care Network,Alabama,2024,0.07560055228496358,7.560055228496358,HIGH SAVINGS
A01548,Northstar Health Network Alliance,California,2024,-0.043215245441241154,-4.321524544124116,LOW SAVINGS
A01549,Metro Medical Collaborative,Virginia,2024,0.02497432740984108,2.4974327409841077,MODERATE SAVINGS
A01550,Maplewood Wellness Partners,Michigan,2024,0.04676627102537975,4.676627102537975,HIGH SAVINGS
A01551,Evergreen Care Network Network,Pennsylvania,2024,0.0006410483367066265,0.06410483367066265,MODERATE SAVINGS
A01552,Gateway Health Health System,California,2024,0.02134094783828491,2.1340947838284907,MODERATE SAVINGS
A01553,Valley Care Partners Physician Alliance,Arizona,2024,-0.0038638900600982086,-0.38638900600982085,LOW SAVINGS
A01554,Redwood Care Alliance Alliance,Connecticut,2024,0.024025655412315522,2.402565541231552,MODERATE SAVINGS
A01555,Horizon Health Partners Physician Alliance,Colorado,2024,0.03356822244213391,3.3568222442133906,HIGH SAVINGS
A01556,Lakeside Medical Medical Center,Minnesota,2024,0.05923702655224904,5.923702655224904,HIGH SAVINGS
A01557,Oakridge Care Partners Network,Illinois,2024,-0.011625736343081105,-1.1625736343081106,LOW SAVINGS
A01558,Stonebridge Wellness Network,Minnesota,2024,0.020759618118940365,2.0759618118940364,MODERATE SAVINGS
A01559,Grandview Care Partners,Ohio,2024,0.004880330151853429,0.48803301518534287,MODERATE SAVINGS
A01560,Springfield Health Collaborative Physician Alliance,Illinois,2024,-0.03172327063852472,-3.172327063852472,LOW SAVINGS
A01561,Highland Integrated Health Medical Center,New York,2024,-0.006864355402390359,-0.6864355402390359,LOW SAVINGS
A01562,Brookside Healthcare Care Network,Ohio,2024,-0.0009786684534081659,-0.09786684534081659,LOW SAVINGS
A01563,Clearview Care Network Group,Washington,2024,0.010587991019291141,1.058799101929114,MODERATE SAVINGS
A01564,Mountain View Health Association,New Jersey,2024,0.029736539546881307,2.973653954688131,MODERATE SAVINGS
A01565,Valley Integrated Health Health System,Arizona,2024,-0.007129657845057772,-0.7129657845057772,LOW SAVINGS
A01566,Canyon Health Collaborative Care Network,Missouri,2024,0.04857547555360606,4.857547555360606,HIGH SAVINGS
A01567,Canyon Medical Partners Health System,Alabama,2024,-0.006064325296188242,-0.6064325296188242,LOW SAVINGS
A01568,Northstar Community Care Collaborative,Tennessee,2024,0.0019515750058259045,0.19515750058259046,MODERATE SAVINGS
A01569,Valley Wellness Care Network,Ohio,2024,0.011096153965421645,1.1096153965421645,MODERATE SAVINGS
A01570,Gateway Healthcare Partners,Ohio,2024,0.006847018959356317,0.6847018959356317,MODERATE SAVINGS
A01571,Blue Ridge Medical Alliance,Michigan,2024,0.008058402223705888,0.8058402223705888,MODERATE SAVINGS
A01572,Silverstone Medical Network,Michigan,2024,0.04020423020784263,4.020423020784263,HIGH SAVINGS
A01573,Canyon Medical Health System,New York,2024,-0.026661753259826036,-2.6661753259826035,LOW SAVINGS
A01574,Fairview Medical Care Network,Michigan,2024,0.008174016295277904,0.8174016295277904,MODERATE SAVINGS
A01575,Parkview Care Partners Association,Wisconsin,2024,-0.03261483569536644,-3.2614835695366438,LOW SAVINGS
A01576,Brookside Health Partners Network,Virginia,2024,0.02048855597324392,2.0488555973243923,MODERATE SAVINGS
A01577,Fairview Care Medical Center,Washington,2024,0.021411709972733835,2.1411709972733837,MODERATE SAVINGS
A01578,Crestview Health Network Health System,Indiana,2024,0.04106935612200398,4.106935612200398,HIGH SAVINGS
A01579,Redwood Community Care Collaborative,Connecticut,2024,0.011953120538676334,1.1953120538676334,MODERATE SAVINGS
A01580,Meadow Healthcare Care Network,Massachusetts,2024,0.024106772392884515,2.4106772392884515,MODERATE SAVINGS
A01581,Grandview Community Care Physician Alliance,Connecticut,2024,0.01080908601151884,1.080908601151884,MODERATE SAVINGS
A01582,Clearview Physician Network Alliance,Minnesota,2024,0.031900140206221665,3.1900140206221663,HIGH SAVINGS
A01583,Cedar Care Partners Network,Virginia,2024,0.03279099593837064,3.279099593837064,HIGH SAVINGS
A01584,Westfield Provider Alliance Group,Georgia,2024,0.027104594815641384,2.7104594815641385,MODERATE SAVINGS
A01585,Gateway Integrated Health Network,Texas,2024,0.01839522758185691,1.839522758185691,MODERATE SAVINGS
A01586,Oakridge Physicians Care Network,Maryland,2024,0.059893152695230926,5.989315269523092,HIGH SAVINGS
A01587,Clearview Healthcare Care Network,Florida,2024,0.0077770778623287,0.77770778623287,MODERATE SAVINGS
A01588,Pinnacle Care Care Network,Minnesota,2024,0.02281136565131112,2.281136565131112,MODERATE SAVINGS
A01589,Crestview Physicians Collaborative,Pennsylvania,2024,-0.0020066904234343134,-0.20066904234343133,LOW SAVINGS
A01590,Crestview Care Partners Partners,Michigan,2024,0.03925127425961212,3.925127425961212,HIGH SAVINGS
A01591,Oakridge Clinical Partners Physician Alliance,Tennessee,2024,0.019227320856018228,1.9227320856018228,MODERATE SAVINGS
A01593,Community Care Network,Texas,2024,0.018507347225432142,1.8507347225432143,MODERATE SAVINGS
A01594,WellSpring Community Care Partners,Maryland,2024,-0.024932890866835533,-2.4932890866835535,LOW SAVINGS
A01595,Fairview Health Collaborative,Texas,2024,0.05911905666923942,5.911905666923942,HIGH SAVINGS
A01596,Golden Valley Health Alliance Group,Texas,2024,0.023727378841478523,2.372737884147852,MODERATE SAVINGS
A01597,Stonebridge Medical Health System,Georgia,2024,0.050421572920021286,5.042157292002129,HIGH SAVINGS
A01598,Pinnacle Care Partners Group,Ohio,2024,0.03958603841175385,3.958603841175385,HIGH SAVINGS
A01599,Evergreen Physician Network Group,Virginia,2024,-0.003780622535194575,-0.3780622535194575,LOW SAVINGS
A01600,Horizon Care Alliance Network,Minnesota,2024,0.015703033885375563,1.5703033885375564,MODERATE SAVINGS
A01601,Heritage Care Network Collaborative,Minnesota,2024,0.02284269228407892,2.2842692284078923,MODERATE SAVINGS
A01602,Springfield Care Partners Care Network,Ohio,2024,0.03238857436195329,3.238857436195329,HIGH SAVINGS
A01603,Mountain View Medical Partners Group,New Jersey,2024,-0.011316579379895839,-1.131657937989584,LOW SAVINGS
A01604,Pioneer Physicians Partners,New Jersey,2024,-0.026229769646357464,-2.6229769646357464,LOW SAVINGS
A01605,Beacon Health Collaborative Collaborative,Arizona,2024,-0.02721684308330459,-2.721684308330459,LOW SAVINGS
A01606,Community Health Alliance Care Network,Ohio,2024,-0.027335818487600066,-2.7335818487600068,LOW SAVINGS
A01607,Heartland Medical Group Association,Michigan,2024,0.03189431918898525,3.1894319188985247,HIGH SAVINGS
A01608,Pioneer Health Network,Ohio,2024,0.06489135246353828,6.489135246353827,HIGH SAVINGS
A01609,Northstar Medical Association,California,2024,0.025714537902177297,2.57145379021773,MODERATE SAVINGS
A01610,Grandview Clinical Partners Medical Center,Alabama,2024,0.021458947936741614,2.1458947936741612,MODERATE SAVINGS
A01611,Meadow Health Partners Group,Massachusetts,2024,0.02545550581479052,2.545550581479052,MODERATE SAVINGS
A01612,Green Valley Medical Partners Network,Massachusetts,2024,0.0015813538149214558,0.1581353814921456,MODERATE SAVINGS
A01613,Maplewood Medical Partners Collaborative,Massachusetts,2024,0.028857418341434623,2.885741834143462,MODERATE SAVINGS
A01614,Grandview Medical Group Group,New Jersey,2024,0.005390971938698322,0.5390971938698321,MODERATE SAVINGS
A01615,Green Valley Health Network Association,Pennsylvania,2024,-0.013063562069481647,-1.3063562069481647,LOW SAVINGS
A01616,Mountain View Medical Partners,Tennessee,2024,-0.02681447224781409,-2.681447224781409,LOW SAVINGS
A01617,WellSpring Wellness Network,Connecticut,2024,0.009429577979103222,0.9429577979103222,MODERATE SAVINGS
A01618,Clearview Provider Alliance Care Network,Colorado,2024,0.05704533593314647,5.704533593314647,HIGH SAVINGS
A01619,Unity Care Network Physician Alliance,Indiana,2024,-0.0014643586441267344,-0.14643586441267345,LOW SAVINGS
A01620,Heritage Health Network Partners,Alabama,2024,-0.01747437521103157,-1.7474375211031572,LOW SAVINGS
A01621,WellSpring Care Alliance Partners,Florida,2024,0.018395019529132885,1.8395019529132886,MODERATE SAVINGS
A01622,Valley Care Alliance Association,Washington,2024,0.026215697058285144,2.6215697058285143,MODERATE SAVINGS
A01623,Meadow Clinical Partners Association,Virginia,2024,0.04400974421142308,4.400974421142307,HIGH SAVINGS
A01624,Stonebridge Health Partners Network,California,2024,0.03944893959939357,3.9448939599393573,HIGH SAVINGS
A01625,Eastgate Healthcare Collaborative,Virginia,2024,0.023230905275534286,2.3230905275534286,MODERATE SAVINGS
A01626,Springfield Health Alliance Health System,Colorado,2024,-0.015046488366094023,-1.5046488366094024,LOW SAVINGS
A01627,WellSpring Health Partners Care Network,Florida,2024,0.0027765274777709808,0.2776527477770981,MODERATE SAVINGS
A01628,Gateway Wellness Association,Pennsylvania,2024,0.02777826836594968,2.7778268365949677,MODERATE SAVINGS
A01630,Canyon Care Alliance,Pennsylvania,2024,0.01760566343071608,1.760566343071608,MODERATE SAVINGS
A01631,Redwood Provider Alliance Partners,Washington,2024,-0.015468805703084199,-1.5468805703084199,LOW SAVINGS
A01632,Evergreen Integrated Health Partners,Illinois,2024,0.004637810767714268,0.4637810767714268,MODERATE SAVINGS
A01633,Community Health Partners Network,California,2024,0.038948706346558136,3.8948706346558137,HIGH SAVINGS
A01634,Meadow Community Care Medical Center,Minnesota,2024,0.02853869710636079,2.853869710636079,MODERATE SAVINGS
A01635,Unity Care Partners Care Network,Alabama,2024,0.026442011961674183,2.644201196167418,MODERATE SAVINGS
A01636,Highland Physician Network Alliance,Maryland,2024,-0.025661117628446313,-2.5661117628446313,LOW SAVINGS
A01638,Oakridge Care Partners Health System,Minnesota,2024,0.013983620350620148,1.3983620350620147,MODERATE SAVINGS
A01639,Springfield Health Medical Center,Illinois,2024,0.04529545847723681,4.529545847723681,HIGH SAVINGS
A01640,Beacon Medical Health System,Colorado,2024,-0.014486795809357945,-1.4486795809357946,LOW SAVINGS
A01641,Community Care Partners,North Carolina,2024,-0.03271624528385161,-3.2716245283851606,LOW SAVINGS
A01642,Brookside Physicians Medical Center,California,2024,-0.011259211865989273,-1.1259211865989274,LOW SAVINGS
A01643,Stonebridge Care Health System,Florida,2024,0.008530726104552386,0.8530726104552386,MODERATE SAVINGS
A01644,Gateway Medical Network,Massachusetts,2024,-0.005618547172817955,-0.5618547172817955,LOW SAVINGS
A01645,Beacon Medical Partners Network,Colorado,2024,0.01919259357197125,1.9192593571971248,MODERATE SAVINGS
A01646,Springfield Medical Group Medical Center,Indiana,2024,0.02600797882782785,2.6007978827827847,MODERATE SAVINGS
A01648,Parkview Wellness Partners,Virginia,2024,0.03827489500807252,3.8274895008072516,HIGH SAVINGS
A01649,Valley Care Partners Partners,North Carolina,2024,0.002600456963975662,0.2600456963975662,MODERATE SAVINGS
A01650,Northstar Provider Alliance Alliance,Indiana,2024,-0.009741072555725643,-0.9741072555725643,LOW SAVINGS
A01651,Metro Wellness Care Network,Washington,2024,-0.00656860118840688,-0.656860118840688,LOW SAVINGS
A01652,Golden Valley Physicians Health System,California,2024,0.0013804464593565537,0.13804464593565538,MODERATE SAVINGS
A01653,Clearview Community Care Care Network,California,2024,0.021473193230502043,2.1473193230502043,MODERATE SAVINGS
A01654,Evergreen Wellness Association,Oregon,2024,-0.03920108303193172,-3.920108303193172,LOW SAVINGS
A01655,Brookside Health Partners Medical Center,Wisconsin,2024,0.02990670101075334,2.990670101075334,MODERATE SAVINGS
A01656,Crestview Medical Group Partners,Connecticut,2024,0.034286330445235026,3.4286330445235027,HIGH SAVINGS
A01657,Westfield Health Partners,Connecticut,2024,-0.030235456504397358,-3.0235456504397358,LOW SAVINGS
A01658,Heartland Care Network Care Network,Washington,2024,-0.010276274284181614,-1.0276274284181615,LOW SAVINGS
A01659,Maplewood Care Physician Alliance,Alabama,2024,-0.010672067296813258,-1.067206729681326,LOW SAVINGS
A01660,Community Care Partners Collaborative,Pennsylvania,2024,0.04694056870320003,4.6940568703200025,HIGH SAVINGS
A01661,Green Valley Community Care Association,Ohio,2024,0.08488532169926483,8.488532169926483,HIGH SAVINGS
A01662,Golden Valley Provider Alliance Collaborative,Virginia,2024,0.01814467637922677,1.814467637922677,MODERATE SAVINGS
A01663,Community Health Alliance Group,Connecticut,2024,0.02955392069851811,2.955392069851811,MODERATE SAVINGS
A01665,Clearview Clinical Partners Medical Center,Massachusetts,2024,-0.00027620357645408904,-0.027620357645408905,LOW SAVINGS
A01666,Brookside Healthcare Network,Missouri,2024,0.017170968549374752,1.7170968549374752,MODERATE SAVINGS
A01667,Horizon Physicians Care Network,California,2024,0.034161574780318484,3.4161574780318484,HIGH SAVINGS
A01668,Blue Ridge Health Partners Alliance,Wisconsin,2024,0.024765734896098405,2.4765734896098404,MODERATE SAVINGS
A01669,WellSpring Community Care Care Network,Wisconsin,2024,-0.03108772719209537,-3.108772719209537,LOW SAVINGS
A01670,Summit Community Care Health System,Illinois,2024,-0.008986883625582809,-0.8986883625582809,LOW SAVINGS
A01671,Clearview Medical Health System,Minnesota,2024,-0.01934082137163987,-1.934082137163987,LOW SAVINGS
A01672,Canyon Care Partners Physician Alliance,New York,2024,0.0010401468207354213,0.10401468207354213,MODERATE SAVINGS
A01673,Summit Medical Partners,Alabama,2024,-0.03364135561773771,-3.364135561773771,LOW SAVINGS
A01674,Maplewood Wellness Medical Center,Oregon,2024,0.043075157374937965,4.307515737493796,HIGH SAVINGS
A01675,Silverstone Care Alliance Association,Minnesota,2024,0.04266850601890183,4.266850601890184,HIGH SAVINGS
A01676,Summit Provider Alliance Partners,Wisconsin,2024,-0.002925771687281068,-0.2925771687281068,LOW SAVINGS
A01677,Cedar Physician Network Medical Center,Ohio,2024,0.003908501570703082,0.3908501570703082,MODERATE SAVINGS
A01678,Clearview Wellness Partners,Missouri,2024,0.02324919920461875,2.324919920461875,MODERATE SAVINGS
A01679,Evergreen Health Partners Association,North Carolina,2024,0.0379771179631207,3.79771179631207,HIGH SAVINGS
A01680,Lakeside Provider Alliance Network,Massachusetts,2024,-0.02908538702172989,-2.908538702172989,LOW SAVINGS
A01682,Northstar Health Collaborative Medical Center,Tennessee,2024,-0.002978356410183186,-0.2978356410183186,LOW SAVINGS
A01683,Silverstone Physicians Collaborative,Indiana,2024,0.03827786454607233,3.827786454607233,HIGH SAVINGS
A01684,Maplewood Care Alliance Collaborative,Minnesota,2024,0.039802584588002676,3.9802584588002676,HIGH SAVINGS
A01685,Riverbend Health Collaborative Partners,Wisconsin,2024,-0.02513876164593104,-2.5138761645931043,LOW SAVINGS
A01686,Silverstone Physician Network Physician Alliance,Ohio,2024,0.03919425338949775,3.9194253389497753,HIGH SAVINGS
A01687,Brookside Care Network Collaborative,Pennsylvania,2024,0.06196171899153124,6.196171899153124,HIGH SAVINGS
A01688,Mountain View Healthcare Medical Center,New York,2024,0.021905352028937532,2.190535202893753,MODERATE SAVINGS
A01689,Maplewood Health Network Physician Alliance,Alabama,2024,-0.01889319775781537,-1.889319775781537,LOW SAVINGS
A01690,Beacon Health Collaborative Medical Center,Illinois,2024,0.030920083248552655,3.0920083248552657,HIGH SAVINGS
A01691,Crestview Wellness Collaborative,Massachusetts,2024,0.028322287997677737,2.8322287997677735,MODERATE SAVINGS
A01692,Fairview Wellness Group,Massachusetts,2024,0.015531701602061474,1.5531701602061474,MODERATE SAVINGS
A01693,Pioneer Care Network Alliance,Maryland,2024,0.05090375780811946,5.0903757808119465,HIGH SAVINGS
A01695,Beacon Care Network Physician Alliance,Indiana,2024,0.006167375433666511,0.6167375433666511,MODERATE SAVINGS
A01697,Green Valley Clinical Partners Association,Ohio,2024,0.060936240299755626,6.093624029975563,HIGH SAVINGS
A01698,Grandview Medical Partners Group,Oregon,2024,0.0036162785843262464,0.3616278584326246,MODERATE SAVINGS
A01699,Blue Ridge Integrated Health Association,Michigan,2024,0.024946745275922375,2.4946745275922373,MODERATE SAVINGS
A01700,Heartland Wellness Network,Minnesota,2024,0.05594210989156262,5.594210989156262,HIGH SAVINGS
A01701,Mountain View Physician Network Physician Alliance,North Carolina,2024,0.01050329579923213,1.0503295799232129,MODERATE SAVINGS
A01702,Lakeside Health Network Group,New York,2024,-0.02489567418070687,-2.489567418070687,LOW SAVINGS
A01704,Pinnacle Health Network Network,Wisconsin,2024,0.010738655460268759,1.0738655460268758,MODERATE SAVINGS
A01705,Grandview Community Care Partners,Florida,2024,0.030079010128017284,3.0079010128017285,HIGH SAVINGS
A01706,Green Valley Health Partners Partners,Illinois,2024,-0.01539594584975835,-1.539594584975835,LOW SAVINGS
A01707,Stonebridge Health Group,Washington,2024,0.013977701510260215,1.3977701510260214,MODERATE SAVINGS
A01708,Parkview Wellness Health System,Alabama,2024,0.017521930052222655,1.7521930052222654,MODERATE SAVINGS
A01709,Summit Physicians Physician Alliance,Washington,2024,-0.00948827993093553,-0.948827993093553,LOW SAVINGS
A01710,Heritage Clinical Partners Network,Missouri,2024,0.03173551957687302,3.1735519576873017,HIGH SAVINGS
A01712,Maplewood Healthcare Association,Virginia,2024,0.0006564230872355563,0.06564230872355563,MODERATE SAVINGS
A01713,Beacon Care Health System,Illinois,2024,0.013273547601758891,1.327354760175889,MODERATE SAVINGS
A01714,Crestview Health Alliance Collaborative,Oregon,2024,0.02035402790625419,2.035402790625419,MODERATE SAVINGS
A01715,Riverbend Health Partners Physician Alliance,Massachusetts,2024,0.0014547064781229417,0.14547064781229416,MODERATE SAVINGS
A01716,Eastgate Health Collaborative Health System,Virginia,2024,0.07616847657497493,7.616847657497493,HIGH SAVINGS
A01717,Springfield Community Care Network,Missouri,2024,0.06710475903772316,6.710475903772315,HIGH SAVINGS
A01719,Springfield Integrated Health Network,Pennsylvania,2024,0.0023674017558895527,0.23674017558895527,MODERATE SAVINGS
A01720,Evergreen Medical Physician Alliance,New York,2024,0.037687415591729924,3.7687415591729923,HIGH SAVINGS
A01721,Stonebridge Health Collaborative Medical Center,Florida,2024,0.023842506953640503,2.38425069536405,MODERATE SAVINGS
A01722,Northstar Health Network Collaborative,Colorado,2024,0.027016479965303514,2.7016479965303515,MODERATE SAVINGS
A01723,Gateway Health Collaborative Physician Alliance,Connecticut,2024,0.050421572920021286,5.042157292002129,HIGH SAVINGS
A01724,Pinnacle Physician Network Partners,Washington,2024,0.029822885392708214,2.9822885392708214,MODERATE SAVINGS
A01725,Brookside Clinical Partners Collaborative,Massachusetts,2024,-0.006564480599088493,-0.6564480599088494,LOW SAVINGS
A01726,Stonebridge Care Partners Health System,Florida,2024,0.014802918928330399,1.48029189283304,MODERATE SAVINGS
A01727,WellSpring Healthcare Care Network,Washington,2024,0.027588693350098167,2.7588693350098166,MODERATE SAVINGS
A01728,Mountain View Medical Network,New Jersey,2024,0.034461440593151114,3.4461440593151114,HIGH SAVINGS
A01729,Pinnacle Community Care Alliance,Tennessee,2024,0.016286139327112467,1.6286139327112468,MODERATE SAVINGS
A01730,Pioneer Community Care Network,Florida,2024,0.026806955248513925,2.6806955248513926,MODERATE SAVINGS
A01731,Canyon Healthcare Physician Alliance,Pennsylvania,2024,0.047919293713963175,4.791929371396318,HIGH SAVINGS
A01732,Heritage Medical Partners Alliance,Minnesota,2024,-0.012629060019914044,-1.2629060019914045,LOW SAVINGS
A01733,Westfield Wellness Physician Alliance,Arizona,2024,0.005309351207065508,0.5309351207065508,MODERATE SAVINGS
A01734,Stonebridge Care Alliance,California,2024,0.05648983388700534,5.648983388700534,HIGH SAVINGS
A01735,Metro Wellness Physician Alliance,Oregon,2024,-0.008179719736077885,-0.8179719736077885,LOW SAVINGS
A01736,Golden Valley Health Collaborative Collaborative,Maryland,2024,0.0027442968305859726,0.2744296830585973,MODERATE SAVINGS
A01738,Northstar Provider Alliance Collaborative,Ohio,2024,-0.025565419874850257,-2.556541987485026,LOW SAVINGS
A01739,Riverside Care Partners Network,Indiana,2024,0.04880151342725022,4.880151342725022,HIGH SAVINGS
A01741,Clearview Clinical Partners Collaborative,Massachusetts,2024,0.06821806906460061,6.821806906460061,HIGH SAVINGS
A01742,Eastgate Medical Partners Care Network,Maryland,2024,-0.003653368656225698,-0.3653368656225698,LOW SAVINGS
A01743,Riverside Healthcare Group,Massachusetts,2024,-0.04698258359521367,-4.698258359521367,LOW SAVINGS
A01746,Pinnacle Integrated Health Physician Alliance,North Carolina,2024,0.03234354514879717,3.2343545148797173,HIGH SAVINGS
A01747,Silverstone Health Network Network,Tennessee,2024,0.02233482817460784,2.233482817460784,MODERATE SAVINGS
A01748,Meadow Physicians Alliance,Minnesota,2024,0.021092035987202117,2.1092035987202116,MODERATE SAVINGS
A01749,Crestview Physicians Health System,North Carolina,2024,0.028190586350711463,2.8190586350711464,MODERATE SAVINGS
A01750,Evergreen Medical Group Physician Alliance,Michigan,2024,0.0350717842116184,3.5071784211618398,HIGH SAVINGS
A01751,Highland Medical Partners Collaborative,Michigan,2024,-0.019290807113096903,-1.9290807113096904,LOW SAVINGS
A01752,Parkview Health Alliance Association,Ohio,2024,0.03245638784211854,3.2456387842118537,HIGH SAVINGS
A01753,Meadow Care Alliance Health System,Arizona,2024,0.023540517245754507,2.354051724575451,MODERATE SAVINGS
A01754,Heartland Health Collaborative Health System,California,2024,-0.01258993990986282,-1.258993990986282,LOW SAVINGS
A01755,Pinnacle Medical Group Care Network,Texas,2024,0.01030994205159547,1.030994205159547,MODERATE SAVINGS
A01756,Blue Ridge Health Network Alliance,Oregon,2024,0.02685216233626851,2.685216233626851,MODERATE SAVINGS
A01757,Lakeside Health Partners Alliance,Massachusetts,2024,0.022812702322462672,2.2812702322462672,MODERATE SAVINGS
A01758,Silverstone Care Network,New York,2024,0.012344697334590808,1.2344697334590808,MODERATE SAVINGS
A01759,Fairview Care Partners Alliance,Washington,2024,0.033505104003048576,3.3505104003048576,HIGH SAVINGS
A01760,Clearview Physicians Group,Virginia,2024,-0.044323424760768754,-4.432342476076875,LOW SAVINGS
A01761,Mountain View Health Network Alliance,Arizona,2024,0.011848968572794778,1.1848968572794778,MODERATE SAVINGS
A01762,Mountain View Physicians Group,New Jersey,2024,0.02677194101900349,2.677194101900349,MODERATE SAVINGS
A01763,Beacon Wellness Alliance,North Carolina,2024,0.01871552391458255,1.871552391458255,MODERATE SAVINGS
A01764,WellSpring Integrated Health Health System,Florida,2024,0.001514894453808589,0.1514894453808589,MODERATE SAVINGS
A01765,Community Care Network Group,Missouri,2024,0.02216420225630835,2.216420225630835,MODERATE SAVINGS
A01766,Brookside Care Partners Partners,Florida,2024,-0.003850474098165395,-0.3850474098165395,LOW SAVINGS
A01767,WellSpring Physician Network Physician Alliance,Massachusetts,2024,-0.016785609057315982,-1.6785609057315982,LOW SAVINGS
A01768,Lakeside Health Collaborative Partners,Ohio,2024,0.03181993587415048,3.181993587415048,HIGH SAVINGS
A01769,Oakridge Health Alliance Alliance,Pennsylvania,2024,0.01609014078215557,1.6090140782155569,MODERATE SAVINGS
A01770,Brookside Care Alliance,California,2024,-0.028660631576544127,-2.8660631576544127,LOW SAVINGS
A01771,Parkview Clinical Partners Physician Alliance,Washington,2024,-0.00716966369029798,-0.716966369029798,LOW SAVINGS
A01772,Eastgate Provider Alliance Group,Texas,2024,0.015075357709350977,1.5075357709350976,MODERATE SAVINGS
A01773,Horizon Provider Alliance Care Network,New York,2024,0.035053459983423255,3.5053459983423254,HIGH SAVINGS
A01774,Riverside Wellness Health System,California,2024,0.04346992962248045,4.346992962248045,HIGH SAVINGS
A01775,Cedar Medical Group Medical Center,Ohio,2024,0.03480497468237167,3.480497468237167,HIGH SAVINGS
A01776,Riverbend Medical Group Collaborative,Indiana,2024,-0.026449115064335137,-2.644911506433514,LOW SAVINGS
A01777,Oakridge Physicians Medical Center,Ohio,2024,0.00826238923871986,0.826238923871986,MODERATE SAVINGS
A01778,Highland Care Alliance Association,Washington,2024,0.0387992138205279,3.8799213820527902,HIGH SAVINGS
A01779,Springfield Care Network Collaborative,Washington,2024,0.007455231498402929,0.7455231498402929,MODERATE SAVINGS
A01780,Horizon Clinical Partners Network,Michigan,2024,0.008372261719412726,0.8372261719412726,MODERATE SAVINGS
A01781,Oakridge Care Partners Association,Michigan,2024,0.0036855796907760145,0.36855796907760147,MODERATE SAVINGS
A01782,Horizon Health Collaborative Group,Indiana,2024,0.0200798503307869,2.00798503307869,MODERATE SAVINGS
A01783,Beacon Community Care Medical Center,New Jersey,2024,-0.006966948820358128,-0.6966948820358129,LOW SAVINGS
A01784,Meadow Provider Alliance Health System,Missouri,2024,0.01267382562104928,1.267382562104928,MODERATE SAVINGS
A01785,Redwood Medical Group Care Network,Ohio,2024,0.02194371635302009,2.194371635302009,MODERATE SAVINGS
A01786,Evergreen Medical Partners Association,Wisconsin,2024,-0.0003880612947705787,-0.03880612947705787,LOW SAVINGS
A01787,Green Valley Health Collaborative Group,Alabama,2024,0.021710002507202304,2.17100025072023,MODERATE SAVINGS
A01789,Beacon Physician Network Group,Pennsylvania,2024,0.0015708309756913544,0.15708309756913544,MODERATE SAVINGS
A01790,Cedar Care Association,Indiana,2024,0.024246373007050778,2.424637300705078,MODERATE SAVINGS
A01791,Eastgate Health Network Network,Tennessee,2024,0.03949012573358328,3.9490125733583277,HIGH SAVINGS
A01792,Golden Valley Health Alliance Partners,Texas,2024,0.000801129108577217,0.08011291085772171,MODERATE SAVINGS
A01793,Clearview Medical Physician Alliance,Alabama,2024,0.028403301486711188,2.8403301486711188,MODERATE SAVINGS
A01794,Crestview Care Alliance Association,Washington,2024,0.03224296176104332,3.224296176104332,HIGH SAVINGS
A01795,Silverstone Health Partners,Massachusetts,2024,0.004823176766456822,0.4823176766456822,MODERATE SAVINGS
A01796,Fairview Provider Alliance Alliance,Maryland,2024,0.03756495075133253,3.756495075133253,HIGH SAVINGS
A01797,Crestview Provider Alliance Collaborative,California,2024,0.07056829579382119,7.05682957938212,HIGH SAVINGS
A01798,Golden Valley Health Partners Medical Center,Colorado,2024,0.0239833271022755,2.39833271022755,MODERATE SAVINGS
A01799,Northstar Care Partners Partners,New York,2024,0.02966584955632057,2.966584955632057,MODERATE SAVINGS
A01800,Golden Valley Medical Alliance,Oregon,2024,-0.03514939731386149,-3.514939731386149,LOW SAVINGS
A01802,Highland Care Network,Arizona,2024,0.05200030512527046,5.200030512527046,HIGH SAVINGS
A01803,Silverstone Wellness Group,Minnesota,2024,-0.015299357992962137,-1.5299357992962137,LOW SAVINGS
A01804,Riverbend Healthcare Association,Oregon,2024,0.001190459679450386,0.11904596794503859,MODERATE SAVINGS
A01805,Stonebridge Healthcare Network,Arizona,2024,0.04111650525589352,4.111650525589352,HIGH SAVINGS
A01806,Canyon Medical Association,California,2024,-0.029900811648602012,-2.990081164860201,LOW SAVINGS
A01807,Mountain View Wellness Network,Missouri,2024,0.02600797882782785,2.6007978827827847,MODERATE SAVINGS
A01808,Blue Ridge Clinical Partners Health System,Colorado,2024,0.026808291925195883,2.6808291925195884,MODERATE SAVINGS
A01809,Evergreen Care Association,Maryland,2024,0.04284992632051278,4.284992632051278,HIGH SAVINGS
A01810,Riverbend Health Partners Partners,North Carolina,2024,0.034052927751520336,3.4052927751520334,HIGH SAVINGS
A01811,Summit Health Care Network,Colorado,2024,0.026005510423135716,2.6005510423135716,MODERATE SAVINGS
A01812,Northstar Health Collaborative Network,Wisconsin,2024,-0.011222092767656462,-1.1222092767656462,LOW SAVINGS
A01814,Riverside Physician Network Group,Tennessee,2024,0.026565882192570223,2.6565882192570225,MODERATE SAVINGS
A01815,Westfield Physicians Physician Alliance,Wisconsin,2024,0.0149003958551094,1.49003958551094,MODERATE SAVINGS
A01816,Beacon Care Network Association,New Jersey,2024,0.05196971363242315,5.196971363242315,HIGH SAVINGS
A01817,Metro Care Alliance Medical Center,Florida,2024,0.014185299964977862,1.4185299964977862,MODERATE SAVINGS
A01818,Community Medical Group Alliance,Indiana,2024,0.04225437679762748,4.225437679762748,HIGH SAVINGS
A01819,Unity Wellness Medical Center,Texas,2024,0.04279823536607785,4.279823536607785,HIGH SAVINGS
A01820,Cedar Healthcare Care Network,Missouri,2024,0.016513506308425782,1.6513506308425783,MODERATE SAVINGS
A01822,Springfield Health Partners Care Network,Oregon,2024,0.0020646969288356043,0.20646969288356043,MODERATE SAVINGS
A01823,Heritage Healthcare Medical Center,Missouri,2024,0.037392986449412476,3.7392986449412478,HIGH SAVINGS
A01824,Cedar Healthcare Medical Center,Wisconsin,2024,0.033858774467046014,3.3858774467046016,HIGH SAVINGS
A01825,Horizon Physician Network Association,Minnesota,2024,0.05735056684636279,5.735056684636279,HIGH SAVINGS
A01826,Heartland Health Care Network,Indiana,2024,-0.002932260340249074,-0.2932260340249074,LOW SAVINGS
A01827,Summit Health Collaborative Health System,Massachusetts,2024,0.032357084720035664,3.2357084720035663,HIGH SAVINGS
A01828,Pinnacle Medical Network,Michigan,2024,0.013833910785661003,1.3833910785661003,MODERATE SAVINGS
A01829,Mountain View Medical Group Group,Maryland,2024,0.053629075239547436,5.3629075239547435,HIGH SAVINGS
A01831,Fairview Physician Network Physician Alliance,Minnesota,2024,0.05775505466742225,5.775505466742225,HIGH SAVINGS
A01832,Pinnacle Physicians Alliance,Oregon,2024,0.0504194190811042,5.04194190811042,HIGH SAVINGS
A01833,Silverstone Care Network Partners,New York,2024,0.03593855563899574,3.593855563899574,HIGH SAVINGS
A01834,Horizon Health Group,Tennessee,2024,-0.004175123919120028,-0.4175123919120028,LOW SAVINGS
A01835,Community Clinical Partners Physician Alliance,Alabama,2024,-0.044720533406060255,-4.472053340606026,LOW SAVINGS
A01836,Summit Integrated Health Association,Indiana,2024,0.01322434060346524,1.322434060346524,MODERATE SAVINGS
A01838,Fairview Health Partners Physician Alliance,Ohio,2024,-0.001931096905321323,-0.1931096905321323,LOW SAVINGS
A01839,Redwood Care Network,Missouri,2024,-0.016999114627027773,-1.6999114627027772,LOW SAVINGS
A01840,Grandview Health Network Alliance,Indiana,2024,0.010127324120265332,1.0127324120265333,MODERATE SAVINGS
A01841,Metro Medical Partners Health System,Washington,2024,0.024674730653566884,2.4674730653566885,MODERATE SAVINGS
A01842,Highland Care Partners Network,North Carolina,2024,-0.027155807233714874,-2.7155807233714873,LOW SAVINGS
A01843,Westfield Physician Network Health System,Michigan,2024,0.04468684579206482,4.4686845792064815,HIGH SAVINGS
A01844,Horizon Provider Alliance Health System,Virginia,2024,0.021922278178812673,2.192227817881267,MODERATE SAVINGS
A01845,Horizon Health Collaborative Partners,California,2024,-0.045837408504864854,-4.583740850486485,LOW SAVINGS
A01846,Northstar Care Partners Health System,Georgia,2024,-0.06322131446940389,-6.322131446940389,LOW SAVINGS
A01847,Beacon Health Alliance Group,Tennessee,2024,0.0030747464448206874,0.30747464448206874,MODERATE SAVINGS
A01848,Riverside Medical Partners Care Network,Massachusetts,2024,0.04076925741126235,4.076925741126234,HIGH SAVINGS
A01849,Gateway Care Alliance Network,Tennessee,2024,-0.03958279829546188,-3.958279829546188,LOW SAVINGS
A01850,Grandview Provider Alliance Medical Center,North Carolina,2024,0.018143029148606885,1.8143029148606886,MODERATE SAVINGS
A01851,Riverside Provider Alliance Physician Alliance,Texas,2024,0.018130956088778565,1.8130956088778565,MODERATE SAVINGS
A01852,Stonebridge Physician Network Collaborative,Oregon,2024,-0.061749488041208674,-6.174948804120867,LOW SAVINGS
A01853,Maplewood Medical Physician Alliance,Wisconsin,2024,0.001881938113650258,0.1881938113650258,MODERATE SAVINGS
A01854,Westfield Wellness Alliance,Pennsylvania,2024,0.022515108339433015,2.2515108339433016,MODERATE SAVINGS
A01855,Green Valley Health Collaborative Care Network,Maryland,2024,0.023700972908565477,2.3700972908565476,MODERATE SAVINGS
A01856,Unity Healthcare Network,Ohio,2024,0.024650133645831823,2.465013364583182,MODERATE SAVINGS
A01857,Valley Health Alliance Group,Massachusetts,2024,-0.0025216488435881508,-0.25216488435881507,LOW SAVINGS
A01858,Heritage Healthcare Group,Indiana,2024,-0.011466880022286288,-1.1466880022286288,LOW SAVINGS
A01859,Maplewood Provider Alliance Partners,Pennsylvania,2024,0.022937678436224403,2.2937678436224402,MODERATE SAVINGS
A01860,Golden Valley Health Medical Center,Michigan,2024,0.02429204924278284,2.429204924278284,MODERATE SAVINGS
A01861,Highland Care Partners,Virginia,2024,0.012119340651711405,1.2119340651711406,MODERATE SAVINGS
A01862,Fairview Care Network Group,Oregon,2024,0.0023949256460217725,0.23949256460217724,MODERATE SAVINGS
A01863,Canyon Physicians Medical Center,North Carolina,2024,0.030462109719993857,3.0462109719993857,HIGH SAVINGS
A01864,Clearview Health Alliance Physician Alliance,Connecticut,2024,0.024323331141368178,2.4323331141368176,MODERATE SAVINGS
A01865,Riverside Wellness Medical Center,Massachusetts,2024,-0.02867451778070263,-2.8674517780702633,LOW SAVINGS
A01866,Brookside Integrated Health Alliance,Minnesota,2024,-0.025530820373972633,-2.5530820373972634,LOW SAVINGS
A01867,WellSpring Provider Alliance Health System,Massachusetts,2024,0.048127909114465975,4.812790911446598,HIGH SAVINGS
A01868,Redwood Care Group,Pennsylvania,2024,0.03477435511096703,3.4774355110967026,HIGH SAVINGS
A01869,Redwood Provider Alliance Network,North Carolina,2024,0.05528850075065283,5.528850075065283,HIGH SAVINGS
A01870,Horizon Care Alliance Medical Center,Pennsylvania,2024,0.04334355255836617,4.334355255836617,HIGH SAVINGS
A01871,Meadow Physicians Partners,Ohio,2024,0.02679543345107955,2.679543345107955,MODERATE SAVINGS
A01872,Parkview Care Network Association,Connecticut,2024,0.04351547089960791,4.351547089960791,HIGH SAVINGS
A01873,Gateway Health Alliance Partners,Minnesota,2024,0.10132214678744073,10.132214678744072,HIGH SAVINGS
A01874,Heritage Healthcare Health System,Wisconsin,2024,0.01818892329511217,1.818892329511217,MODERATE SAVINGS
A01875,Canyon Physicians Network,Texas,2024,0.00813547901533123,0.8135479015331231,MODERATE SAVINGS
A01876,Gateway Healthcare Health System,Connecticut,2024,-0.0009943641145141204,-0.09943641145141204,LOW SAVINGS
A01877,Riverside Provider Alliance Health System,Maryland,2024,-0.008814534878163726,-0.8814534878163727,LOW SAVINGS
A01878,Eastgate Care Medical Center,Michigan,2024,-0.018005049685646982,-1.8005049685646983,LOW SAVINGS
A01879,Meadow Physicians Physician Alliance,Arizona,2024,0.09922869805493835,9.922869805493836,HIGH SAVINGS
A01880,Highland Health Collaborative Medical Center,North Carolina,2024,-0.012921618760258505,-1.2921618760258504,LOW SAVINGS
A01881,Highland Integrated Health Physician Alliance,Minnesota,2024,-0.028901730905444872,-2.8901730905444873,LOW SAVINGS
A01882,Beacon Health Physician Alliance,Texas,2024,-0.009949699381284571,-0.9949699381284571,LOW SAVINGS
A01883,WellSpring Provider Alliance Group,Missouri,2024,0.038396324868504944,3.8396324868504945,HIGH SAVINGS
A01884,Heartland Community Care Medical Center,California,2024,0.03443538981716788,3.443538981716788,HIGH SAVINGS
A01885,Heartland Health Partners Network,Maryland,2024,0.04444870540045747,4.444870540045747,HIGH SAVINGS
A01886,Cedar Health Association,Ohio,2024,0.07678748691920884,7.678748691920884,HIGH SAVINGS
A01887,Crestview Physicians Association,Connecticut,2024,0.08927987843235619,8.927987843235618,HIGH SAVINGS
A01888,Horizon Healthcare Partners,Wisconsin,2024,0.02544769128019162,2.544769128019162,MODERATE SAVINGS
A01889,Redwood Wellness Health System,Missouri,2024,0.007945374965362646,0.7945374965362646,MODERATE SAVINGS
A01890,Brookside Health Collaborative,Illinois,2024,0.04405758467379063,4.405758467379063,HIGH SAVINGS
A01891,Riverside Health Medical Center,North Carolina,2024,0.045020241970605654,4.502024197060566,HIGH SAVINGS
A01892,Heartland Care Alliance Group,Pennsylvania,2024,0.07094422523358879,7.094422523358879,HIGH SAVINGS
A01893,Blue Ridge Integrated Health Partners,Connecticut,2024,-0.03232238986052853,-3.232238986052853,LOW SAVINGS
A01894,Highland Health Collaborative Physician Alliance,Texas,2024,0.010594548517175322,1.0594548517175322,MODERATE SAVINGS
A01895,Eastgate Health Network,Pennsylvania,2024,0.04124842542078405,4.124842542078405,HIGH SAVINGS
A01896,Riverside Physician Network Care Network,Maryland,2024,-0.004866233489501543,-0.4866233489501543,LOW SAVINGS
A01897,Beacon Provider Alliance Collaborative,Texas,2024,0.01644370047689796,1.644370047689796,MODERATE SAVINGS
A01898,Fairview Health Alliance Group,Alabama,2024,0.051993379647803324,5.199337964780333,HIGH SAVINGS
A01899,Brookside Care Alliance Physician Alliance,Pennsylvania,2024,0.014456634313056672,1.445663431305667,MODERATE SAVINGS
A01900,WellSpring Provider Alliance Association,Virginia,2024,0.06067969530545393,6.067969530545393,HIGH SAVINGS
A01901,Fairview Medical Partners Partners,Connecticut,2024,0.0007942865361112031,0.07942865361112031,MODERATE SAVINGS
A01902,Brookside Health Alliance Association,North Carolina,2024,0.0242146478274795,2.42146478274795,MODERATE SAVINGS
A01903,Parkview Health Partners Collaborative,Indiana,2024,-0.014122811137052521,-1.412281113705252,LOW SAVINGS
A01904,Springfield Health Alliance,New Jersey,2024,0.0420122863183264,4.20122863183264,HIGH SAVINGS
A01905,Pioneer Medical Partners Network,Connecticut,2024,-0.001849267545736812,-0.1849267545736812,LOW SAVINGS
A01906,Unity Health Network Physician Alliance,Maryland,2024,0.03386933558244337,3.386933558244337,HIGH SAVINGS
A01907,Canyon Provider Alliance Alliance,Tennessee,2024,0.014952693931498342,1.4952693931498342,MODERATE SAVINGS
A01908,Heartland Health Network Medical Center,Ohio,2024,0.07734135937634994,7.734135937634994,HIGH SAVINGS
A01909,Brookside Care Partners Group,Texas,2024,0.008381401955234473,0.8381401955234473,MODERATE SAVINGS
A01910,Cedar Health Collaborative,Wisconsin,2024,-0.009596325480901629,-0.9596325480901629,LOW SAVINGS
A01912,Cedar Health Alliance Partners,Connecticut,2024,-0.005495489211791765,-0.5495489211791765,LOW SAVINGS
A01913,Stonebridge Physician Network Physician Alliance,New York,2024,0.018971304070834753,1.8971304070834754,MODERATE SAVINGS
A01914,Northstar Care Association,Alabama,2024,0.02171361224668031,2.171361224668031,MODERATE SAVINGS
A01915,Riverside Medical Partners,Minnesota,2024,0.037098972974587884,3.7098972974587885,HIGH SAVINGS
A01916,Riverside Physician Network Partners,Tennessee,2024,0.048414092360084544,4.841409236008454,HIGH SAVINGS
A01918,Mountain View Care Network Collaborative,Arizona,2024,0.03314523864087834,3.3145238640878336,HIGH SAVINGS
A01919,Crestview Community Care Association,Connecticut,2024,-0.0321915403366981,-3.2191540336698097,LOW SAVINGS
A01920,Summit Provider Alliance Group,New Jersey,2024,0.050493811414871366,5.049381141487137,HIGH SAVINGS
A01921,Heartland Health Network Health System,Illinois,2024,0.018564736056648524,1.8564736056648525,MODERATE SAVINGS
A01922,Community Medical Group Partners,Arizona,2024,0.0011515409508243179,0.11515409508243178,MODERATE SAVINGS
A01923,Highland Physicians Alliance,Alabama,2024,0.02254372739489523,2.254372739489523,MODERATE SAVINGS
A01924,Redwood Clinical Partners Health System,Pennsylvania,2024,0.009673674347746505,0.9673674347746506,MODERATE SAVINGS
A01925,Valley Medical Group Network,Maryland,2024,0.04929337521749926,4.929337521749926,HIGH SAVINGS
A01926,Summit Care Alliance Health System,Arizona,2024,-0.019118688619736465,-1.9118688619736466,LOW SAVINGS
A01927,Summit Health Network,Virginia,2024,0.005685114447932065,0.5685114447932066,MODERATE SAVINGS
A01928,Unity Clinical Partners Association,Wisconsin,2024,0.01755246657068021,1.755246657068021,MODERATE SAVINGS
A01929,Valley Health Collaborative Health System,California,2024,0.018143029148606885,1.8143029148606886,MODERATE SAVINGS
A01930,Golden Valley Medical Partners Collaborative,Indiana,2024,-0.007382472256435025,-0.7382472256435025,LOW SAVINGS
A01931,Horizon Wellness Care Network,Arizona,2024,-0.026200011179754058,-2.6200011179754057,LOW SAVINGS
A01932,Brookside Clinical Partners Health System,Virginia,2024,0.03402310841605219,3.402310841605219,HIGH SAVINGS
A01933,Unity Care Partners Partners,Michigan,2024,0.041541018522680134,4.154101852268013,HIGH SAVINGS
A01934,Unity Community Care Network,Minnesota,2024,0.030703835690979304,3.07038356909793,HIGH SAVINGS
A01935,Mountain View Care Partners Health System,Colorado,2024,-0.0022886382182610117,-0.22886382182610115,LOW SAVINGS
A01936,Horizon Community Care Partners,Minnesota,2024,0.007109682675999831,0.7109682675999831,MODERATE SAVINGS
A01937,Riverbend Health Partners Health System,Virginia,2024,-0.006332167333425103,-0.6332167333425103,LOW SAVINGS
A01938,Blue Ridge Physician Network Association,Minnesota,2024,0.08102841568693497,8.102841568693497,HIGH SAVINGS
A01939,Riverbend Provider Alliance Alliance,California,2024,0.018152123403234195,1.8152123403234195,MODERATE SAVINGS
A01940,Horizon Health Network Network,Michigan,2024,0.004458078913106298,0.4458078913106298,MODERATE SAVINGS
A01941,Springfield Health Collaborative Group,Pennsylvania,2024,0.009149813046011064,0.9149813046011065,MODERATE SAVINGS
A01942,Cedar Care Alliance Medical Center,Minnesota,2024,0.012615397978747967,1.2615397978747966,MODERATE SAVINGS
A01943,Gateway Care Partners Health System,Indiana,2024,0.0035451345530744006,0.35451345530744005,MODERATE SAVINGS
A01944,Pinnacle Clinical Partners Health System,Massachusetts,2024,0.0056775081173109235,0.5677508117310923,MODERATE SAVINGS
A01945,Grandview Health Collaborative Physician Alliance,Washington,2024,0.0058763286448616885,0.5876328644861688,MODERATE SAVINGS
A01947,Pinnacle Health Alliance,Florida,2024,0.01321244002444015,1.321244002444015,MODERATE SAVINGS
A01948,Clearview Medical Partners,Florida,2024,0.030550319106891946,3.0550319106891948,HIGH SAVINGS
A01949,Golden Valley Health Alliance Alliance,Missouri,2024,-0.0006535048964578293,-0.06535048964578292,LOW SAVINGS
A01950,Pioneer Care Alliance Physician Alliance,Washington,2024,0.008435328179694848,0.8435328179694848,MODERATE SAVINGS
A01951,Riverside Medical Group Partners,New York,2024,0.005866126675121968,0.5866126675121968,MODERATE SAVINGS
A01953,Clearview Health Alliance Association,New Jersey,2024,-0.0032741284605911965,-0.32741284605911963,LOW SAVINGS
A01954,Fairview Community Care Group,Georgia,2024,0.020918934194072373,2.091893419407237,MODERATE SAVINGS
A01955,Grandview Physicians Health System,North Carolina,2024,5.700285963067813e-05,0.005700285963067813,MODERATE SAVINGS
A01956,Highland Care Partners Care Network,Ohio,2024,0.05977098803938146,5.977098803938146,HIGH SAVINGS
A01957,Beacon Health Partners Association,Missouri,2024,0.023612416175605763,2.361241617560576,MODERATE SAVINGS
A01958,Redwood Health Alliance Physician Alliance,Alabama,2024,0.03040331008082548,3.040331008082548,HIGH SAVINGS
A01959,Heritage Medical Group,Missouri,2024,0.02958307228287189,2.958307228287189,MODERATE SAVINGS
A01960,Stonebridge Community Care Medical Center,Ohio,2024,0.007311630787921761,0.7311630787921761,MODERATE SAVINGS
A01961,Lakeside Medical Health System,Florida,2024,0.03826904441073468,3.826904441073468,HIGH SAVINGS
A01962,Meadow Physician Network Care Network,Florida,2024,0.03541491698146001,3.5414916981460007,HIGH SAVINGS
A01963,Beacon Health Association,Oregon,2024,0.018069272583776032,1.8069272583776033,MODERATE SAVINGS
A01964,Heritage Care Partners Care Network,Washington,2024,0.03452377807424202,3.452377807424202,HIGH SAVINGS
A01965,Mountain View Healthcare Alliance,Arizona,2024,0.011275890451234265,1.1275890451234265,MODERATE SAVINGS
A01966,WellSpring Integrated Health Medical Center,Virginia,2024,0.05067223630616702,5.067223630616702,HIGH SAVINGS
A01967,Evergreen Health Medical Center,Alabama,2024,0.013004482345392816,1.3004482345392816,MODERATE SAVINGS
A01968,Redwood Medical Group Collaborative,Ohio,2024,0.028252588135580955,2.8252588135580954,MODERATE SAVINGS
A01969,Parkview Care Partners Medical Center,Oregon,2024,0.03630072139039503,3.6300721390395028,HIGH SAVINGS
A01970,Springfield Provider Alliance Collaborative,Tennessee,2024,0.009836607214781263,0.9836607214781263,MODERATE SAVINGS
A01972,Beacon Health Group,Wisconsin,2024,-0.0415044758817775,-4.15044758817775,LOW SAVINGS
A01973,Parkview Health Alliance Collaborative,New Jersey,2024,0.032737309068390626,3.2737309068390625,HIGH SAVINGS
A01974,Crestview Wellness Group,North Carolina,2024,0.04187667513223625,4.187667513223625,HIGH SAVINGS
A01975,Evergreen Care Partners Partners,New Jersey,2024,0.024662688613956624,2.4662688613956623,MODERATE SAVINGS
A01976,Cedar Clinical Partners Group,Florida,2024,-0.014645429649191202,-1.4645429649191202,LOW SAVINGS
A01977,WellSpring Care Alliance Association,Michigan,2024,-0.0011757906700530017,-0.11757906700530017,LOW SAVINGS
A01978,Blue Ridge Medical Association,Massachusetts,2024,0.0034979379552305943,0.34979379552305945,MODERATE SAVINGS
A01979,Parkview Health Collaborative Alliance,Oregon,2024,0.05171161317927711,5.171161317927711,HIGH SAVINGS
A01980,Unity Clinical Partners Health System,Indiana,2024,0.001563364278716633,0.1563364278716633,MODERATE SAVINGS
A01981,Eastgate Health Collaborative Care Network,Maryland,2024,-0.026352740732395425,-2.6352740732395423,LOW SAVINGS
A01982,Blue Ridge Medical Physician Alliance,North Carolina,2024,0.07545307313267643,7.545307313267643,HIGH SAVINGS
A01983,Metro Health Network Association,North Carolina,2024,0.019185387725870043,1.9185387725870042,MODERATE SAVINGS
A01985,Valley Care Network Health System,Wisconsin,2024,0.029237546779848227,2.9237546779848227,MODERATE SAVINGS
A01986,Brookside Community Care Association,North Carolina,2024,0.04856299341880142,4.856299341880142,HIGH SAVINGS
A01987,Summit Care Health System,Connecticut,2024,0.025415172523295417,2.5415172523295415,MODERATE SAVINGS
A01988,Golden Valley Community Care Group,Connecticut,2024,0.011122897241336324,1.1122897241336325,MODERATE SAVINGS
A01989,Riverbend Care Partners Medical Center,Connecticut,2024,0.02539008245705725,2.539008245705725,MODERATE SAVINGS
A01990,Highland Health Alliance,Connecticut,2024,0.013434744663109356,1.3434744663109355,MODERATE SAVINGS
A01991,Meadow Wellness Collaborative,Washington,2024,-0.022623138333970737,-2.262313833397074,LOW SAVINGS
A01992,Gateway Wellness Collaborative,North Carolina,2024,0.01684331139988642,1.6843311399886418,MODERATE SAVINGS
A01995,Crestview Care Partners Physician Alliance,Minnesota,2024,0.03952611929289555,3.9526119292895547,HIGH SAVINGS
A01996,Canyon Care Physician Alliance,Michigan,2024,-0.002445586152334249,-0.2445586152334249,LOW SAVINGS
A01997,Community Physician Network Association,New Jersey,2024,0.03620280777006412,3.620280777006412,HIGH SAVINGS
A01998,Meadow Community Care Network,Texas,2024,-0.004213808594235116,-0.4213808594235116,LOW SAVINGS
A01999,Lakeside Health Alliance Partners,New Jersey,2024,-0.014621823534211991,-1.462182353421199,LOW SAVINGS
A02000,Canyon Health Physician Alliance,Alabama,2024,0.04943195694897621,4.943195694897621,HIGH SAVINGS
A02001,Westfield Health Care Network,Alabama,2024,-0.011114854909213457,-1.1114854909213456,LOW SAVINGS
A02002,Summit Health Collaborative Physician Alliance,Virginia,2024,0.02419043997355467,2.419043997355467,MODERATE SAVINGS
A02003,Westfield Medical Care Network,Virginia,2024,0.015712267425998287,1.5712267425998288,MODERATE SAVINGS
A02004,Horizon Health Partners Alliance,Michigan,2024,0.010554447615730508,1.055444761573051,MODERATE SAVINGS
A02005,Unity Physicians Physician Alliance,Colorado,2024,0.019116708597163055,1.9116708597163055,MODERATE SAVINGS
A02006,Northstar Community Care Health System,New York,2024,0.03207693376951519,3.207693376951519,HIGH SAVINGS
A02007,Eastgate Care Partners Group,Indiana,2024,0.06471071887969337,6.471071887969337,HIGH SAVINGS
A02008,Pinnacle Health Network Physician Alliance,Texas,2024,6.322995381535293e-05,0.006322995381535293,MODERATE SAVINGS
A02009,Gateway Care Partners,Missouri,2024,0.05002341880019092,5.002341880019092,HIGH SAVINGS
A02010,Gateway Medical Partners Care Network,New Jersey,2024,0.050030397397911645,5.003039739791165,HIGH SAVINGS
A02011,WellSpring Provider Alliance Network,Pennsylvania,2024,0.04220833691533514,4.220833691533514,HIGH SAVINGS
A02012,Highland Medical Group Care Network,California,2024,0.0384777914814816,3.84777914814816,HIGH SAVINGS
A02013,Stonebridge Integrated Health Group,Virginia,2024,0.06842448804679448,6.842448804679448,HIGH SAVINGS
A02014,Silverstone Medical Partners Physician Alliance,Washington,2024,-0.030047307521880395,-3.0047307521880393,LOW SAVINGS
A02015,Grandview Community Care Alliance,Arizona,2024,0.030725325853972092,3.072532585397209,HIGH SAVINGS
A02016,Evergreen Health Partners Alliance,New Jersey,2024,0.01887993016153019,1.8879930161530192,MODERATE SAVINGS
A02017,Blue Ridge Medical Group Physician Alliance,Illinois,2024,-0.010644972844522729,-1.0644972844522729,LOW SAVINGS
A02018,Valley Health Collaborative Partners,Tennessee,2024,0.0013774030747040447,0.13774030747040447,MODERATE SAVINGS
A02019,Lakeside Health Group,Michigan,2024,0.004496217070715141,0.44962170707151405,MODERATE SAVINGS
A02020,Meadow Care Alliance Collaborative,Arizona,2024,-0.0014570988891798161,-0.14570988891798162,LOW SAVINGS
A02021,Heritage Health Alliance Medical Center,Illinois,2024,0.0030321161068263794,0.30321161068263797,MODERATE SAVINGS
A02022,Maplewood Care Alliance Association,Maryland,2024,0.03404563776548486,3.404563776548486,HIGH SAVINGS
A02023,Crestview Health Partners,Pennsylvania,2024,-0.0012116347600540504,-0.12116347600540503,LOW SAVINGS
A02024,Green Valley Health Alliance Association,Michigan,2024,0.013415143532276741,1.341514353227674,MODERATE SAVINGS
A02025,Blue Ridge Health Alliance Care Network,Massachusetts,2024,0.02380101667118049,2.380101667118049,MODERATE SAVINGS
A02026,Riverside Care Partners Physician Alliance,Arizona,2024,0.04522206782144275,4.522206782144275,HIGH SAVINGS
A02027,Springfield Medical Group Collaborative,California,2024,0.03732289899939905,3.732289899939905,HIGH SAVINGS
A02028,Meadow Physician Network Association,Wisconsin,2024,0.0023221590043170136,0.23221590043170137,MODERATE SAVINGS
A02030,Mountain View Health Collaborative Health System,Oregon,2024,0.01368541200462102,1.368541200462102,MODERATE SAVINGS
A02031,Oakridge Health Alliance Association,North Carolina,2024,0.04311602590815199,4.311602590815199,HIGH SAVINGS
A02032,Meadow Physicians Care Network,Pennsylvania,2024,0.01071908814675671,1.071908814675671,MODERATE SAVINGS
A02033,Gateway Medical Partners Medical Center,Wisconsin,2024,0.01751811759739981,1.751811759739981,MODERATE SAVINGS
A02034,Parkview Physicians Physician Alliance,Virginia,2024,0.013662896243345395,1.3662896243345395,MODERATE SAVINGS
A02035,Canyon Care Partners Care Network,Alabama,2024,0.05986331201720377,5.986331201720377,HIGH SAVINGS
A02036,Pioneer Physicians Collaborative,Minnesota,2024,0.014392899062440002,1.439289906244,MODERATE SAVINGS
A02037,WellSpring Health Health System,Colorado,2024,0.039724682419510354,3.9724682419510353,HIGH SAVINGS
A02038,Summit Health Network Alliance,Wisconsin,2024,0.03249338466534903,3.2493384665349034,HIGH SAVINGS
A02039,Highland Integrated Health Association,North Carolina,2024,-0.0025679317537657545,-0.2567931753765755,LOW SAVINGS
A02040,Springfield Medical Group Alliance,New York,2024,0.013949358207556875,1.3949358207556875,MODERATE SAVINGS
A02041,Stonebridge Healthcare Collaborative,Michigan,2024,0.04313596111073155,4.313596111073155,HIGH SAVINGS
A02042,Stonebridge Medical Partners Association,Colorado,2024,0.03494753534123501,3.4947535341235008,HIGH SAVINGS
A02043,Valley Medical Association,Minnesota,2024,0.018011786348413977,1.8011786348413976,MODERATE SAVINGS
A02044,Meadow Health Network Medical Center,Colorado,2024,0.015688985136263472,1.5688985136263471,MODERATE SAVINGS
A02045,Heartland Physician Network Partners,Indiana,2024,-0.02129366046335995,-2.129366046335995,LOW SAVINGS
A02046,Westfield Wellness Medical Center,Illinois,2024,0.045527997072541196,4.5527997072541195,HIGH SAVINGS
A02047,Westfield Health Network Association,Pennsylvania,2024,0.0024691343170378183,0.24691343170378183,MODERATE SAVINGS
A02048,Pinnacle Healthcare Physician Alliance,Minnesota,2024,0.016689902483526146,1.6689902483526147,MODERATE SAVINGS
A02049,Meadow Health Alliance Health System,Wisconsin,2024,-0.006269632663670543,-0.6269632663670542,LOW SAVINGS
A02050,Silverstone Care Partners Collaborative,Massachusetts,2024,0.0015362009069936331,0.1536200906993633,MODERATE SAVINGS
A02051,Green Valley Provider Alliance Medical Center,Pennsylvania,2024,-0.010434943501275162,-1.0434943501275162,LOW SAVINGS
A02053,Eastgate Physician Network Care Network,Wisconsin,2024,-0.02691736413531732,-2.691736413531732,LOW SAVINGS
A02054,Valley Care Network Physician Alliance,Indiana,2024,0.0358071491826728,3.5807149182672795,HIGH SAVINGS
A02055,Community Care Group,North Carolina,2024,0.016153352655795514,1.6153352655795514,MODERATE SAVINGS
A02056,Pioneer Care Alliance Partners,Indiana,2024,0.06569651128266496,6.569651128266496,HIGH SAVINGS
A02057,Unity Clinical Partners Partners,Wisconsin,2024,-0.03367668362849601,-3.367668362849601,LOW SAVINGS
A02058,Evergreen Care Partners Association,Arizona,2024,0.0490286843615601,4.90286843615601,HIGH SAVINGS
A02059,Golden Valley Physician Network Medical Center,Michigan,2024,0.04553510270755217,4.553510270755217,HIGH SAVINGS
A02060,Brookside Community Care Network,Minnesota,2024,0.025816745277435577,2.5816745277435578,MODERATE SAVINGS
A02061,Horizon Community Care Association,Illinois,2024,0.0016046009915779175,0.16046009915779175,MODERATE SAVINGS
A02062,Valley Care Network Collaborative,Ohio,2024,0.02735693076345631,2.735693076345631,MODERATE SAVINGS
A02063,Northstar Physicians Medical Center,Connecticut,2024,0.037670584512532544,3.7670584512532543,HIGH SAVINGS
A02064,Crestview Medical Health System,Alabama,2024,0.004591424957437345,0.4591424957437345,MODERATE SAVINGS
A02065,Redwood Care Care Network,Arizona,2024,-0.01877174010482321,-1.8771740104823211,LOW SAVINGS
A02066,Metro Medical Partners Medical Center,Ohio,2024,-0.012274305797398315,-1.2274305797398315,LOW SAVINGS
A02067,Meadow Healthcare Health System,Indiana,2024,0.04638204757742758,4.638204757742758,HIGH SAVINGS
A02068,Evergreen Health Partners Collaborative,Arizona,2024,0.014200373991454766,1.4200373991454767,MODERATE SAVINGS
A02069,Oakridge Health Collaborative,Colorado,2024,0.01737686693008124,1.7376866930081238,MODERATE SAVINGS
A02070,Summit Health Health System,Missouri,2024,0.02301995783212074,2.301995783212074,MODERATE SAVINGS
A02071,Parkview Clinical Partners Medical Center,Washington,2024,0.017270611503421112,1.7270611503421112,MODERATE SAVINGS
A02072,Gateway Provider Alliance Medical Center,Oregon,2024,0.007423840620382887,0.7423840620382887,MODERATE SAVINGS
A02073,Evergreen Wellness Health System,Virginia,2024,0.025918008818898206,2.5918008818898204,MODERATE SAVINGS
A02074,Pinnacle Physician Network Alliance,Missouri,2024,0.01417968858285618,1.417968858285618,MODERATE SAVINGS
A02075,Eastgate Healthcare Physician Alliance,Texas,2024,-0.01965404157472782,-1.965404157472782,LOW SAVINGS
A02076,Mountain View Medical Partners Health System,Illinois,2024,0.00866523392222111,0.8665233922221109,MODERATE SAVINGS
A02077,Meadow Health Network Partners,Minnesota,2024,-0.0035200106497095063,-0.35200106497095063,LOW SAVINGS
A02078,Cedar Physicians Medical Center,Virginia,2024,0.017599913845612308,1.7599913845612307,MODERATE SAVINGS
A02079,Meadow Wellness Group,Massachusetts,2024,0.07035805624840664,7.035805624840664,HIGH SAVINGS
A02080,Crestview Integrated Health Care Network,Tennessee,2024,0.008497207028224665,0.8497207028224665,MODERATE SAVINGS
A02081,Riverside Care Network,New York,2024,0.025653197829881333,2.565319782988133,MODERATE SAVINGS
A02082,Beacon Integrated Health Alliance,Florida,2024,0.02691029246213056,2.6910292462130556,MODERATE SAVINGS
A02083,Riverside Health Partners Association,Washington,2024,0.08928677485151133,8.928677485151134,HIGH SAVINGS
A02084,Clearview Health Association,Colorado,2024,0.07154788720417768,7.154788720417768,HIGH SAVINGS
A02085,Golden Valley Health Partners Partners,California,2024,0.039617742751265526,3.961774275126553,HIGH SAVINGS
A02086,Community Physician Network Medical Center,Missouri,2024,0.04824576613240315,4.824576613240315,HIGH SAVINGS
A02087,Metro Care Partners Collaborative,New York,2024,0.03696650341397142,3.6966503413971417,HIGH SAVINGS
A02088,Pinnacle Provider Alliance Group,Massachusetts,2024,0.031644863846508976,3.1644863846508975,HIGH SAVINGS
A02089,WellSpring Physicians Network,Missouri,2024,0.021662659739894754,2.1662659739894754,MODERATE SAVINGS
A02090,Riverside Care Alliance Physician Alliance,California,2024,0.013177341530347705,1.3177341530347706,MODERATE SAVINGS
A02091,Pioneer Medical Partners Alliance,Texas,2024,0.02677194101900349,2.677194101900349,MODERATE SAVINGS
A02092,Riverside Physicians Health System,Washington,2024,0.024340668824243312,2.434066882424331,MODERATE SAVINGS
A02093,Crestview Care Partners Medical Center,New Jersey,2024,0.009579862875728661,0.9579862875728661,MODERATE SAVINGS
A02094,Eastgate Medical Medical Center,Virginia,2024,-0.026213825817522143,-2.6213825817522145,LOW SAVINGS
A02095,Gateway Health Network Group,Pennsylvania,2024,0.011024371924281016,1.1024371924281016,MODERATE SAVINGS
A02096,Westfield Health Collaborative Care Network,North Carolina,2024,0.0174413953573576,1.74413953573576,MODERATE SAVINGS
A02097,Eastgate Provider Alliance Collaborative,Indiana,2024,0.06964674002252025,6.964674002252025,HIGH SAVINGS
A02098,Metro Health Medical Center,Indiana,2024,0.03461565930600021,3.4615659306000213,HIGH SAVINGS
A02099,Riverside Health Partners Alliance,Florida,2024,0.007586355937967593,0.7586355937967593,MODERATE SAVINGS
A02100,Grandview Care Network Partners,Oregon,2024,0.002521543069847416,0.25215430698474156,MODERATE SAVINGS
A02102,Riverside Care Physician Alliance,Maryland,2024,-0.0012989275303743116,-0.12989275303743117,LOW SAVINGS
A02103,Clearview Clinical Partners Partners,Arizona,2024,0.01882261494616791,1.8822614946167908,MODERATE SAVINGS
A02104,Eastgate Physicians Association,Arizona,2024,0.03629026811338752,3.6290268113387523,HIGH SAVINGS
A02105,Meadow Clinical Partners Care Network,Colorado,2024,0.03615238938617972,3.615238938617972,HIGH SAVINGS
A02106,Metro Healthcare Health System,Oregon,2024,-0.04042489240877831,-4.04248924087783,LOW SAVINGS
A02107,Riverside Health Collaborative Medical Center,Oregon,2024,-0.01586559011842294,-1.586559011842294,LOW SAVINGS
A02108,Green Valley Physicians Care Network,Virginia,2024,-0.015351141004309576,-1.5351141004309576,LOW SAVINGS
A02109,Grandview Health Partners Care Network,California,2024,-0.021460857331970888,-2.1460857331970886,LOW SAVINGS
A02110,Eastgate Health Alliance Health System,Tennessee,2024,-0.0018877201695345364,-0.18877201695345364,LOW SAVINGS
A02111,Valley Care Medical Center,Alabama,2024,0.013284230656512313,1.3284230656512312,MODERATE SAVINGS
A02112,Westfield Medical Partners Physician Alliance,Ohio,2024,0.02757082782614537,2.757082782614537,MODERATE SAVINGS
A02113,Evergreen Provider Alliance Partners,Maryland,2024,-0.031903932196181144,-3.190393219618114,LOW SAVINGS
A02114,Lakeside Care Alliance,New Jersey,2024,0.01852895649325065,1.8528956493250652,MODERATE SAVINGS
A02115,Golden Valley Health Collaborative Medical Center,Minnesota,2024,0.0098842826564007,0.98842826564007,MODERATE SAVINGS
A02116,Unity Medical Partners Group,Florida,2024,0.01281864539736918,1.281864539736918,MODERATE SAVINGS
A02117,Highland Provider Alliance Health System,Georgia,2024,-0.011570641018814262,-1.1570641018814263,LOW SAVINGS
A02118,Parkview Health Alliance Network,California,2024,0.011163620229160922,1.1163620229160922,MODERATE SAVINGS
A02119,Parkview Community Care Association,Tennessee,2024,0.06851003233990964,6.851003233990964,HIGH SAVINGS
A02120,Meadow Integrated Health Care Network,Wisconsin,2024,0.019278771631133413,1.9278771631133413,MODERATE SAVINGS
A02121,Heritage Physician Network Network,Maryland,2024,0.05059474143367656,5.059474143367656,HIGH SAVINGS
A02122,Highland Care Partners Association,Virginia,2024,-0.032956218233750195,-3.2956218233750194,LOW SAVINGS
A02123,Riverbend Community Care Medical Center,Minnesota,2024,0.00027373076162282223,0.027373076162282222,MODERATE SAVINGS
A02124,Grandview Physician Network Association,Pennsylvania,2024,0.022812702322462672,2.2812702322462672,MODERATE SAVINGS
A02125,Summit Health Alliance Health System,Missouri,2024,0.041220261513559,4.1220261513559,HIGH SAVINGS
A02126,Parkview Health Alliance Health System,Maryland,2024,-0.0018118256576411947,-0.18118256576411948,LOW SAVINGS
A02127,Blue Ridge Wellness Group,California,2024,-0.0047168338471637,-0.47168338471636995,LOW SAVINGS
A02128,Gateway Health Collaborative Network,Texas,2024,0.01124542767140026,1.124542767140026,MODERATE SAVINGS
A02129,Golden Valley Clinical Partners Health System,New York,2024,0.024833402247291088,2.4833402247291088,MODERATE SAVINGS
A02130,Westfield Health Partners Group,Texas,2024,0.004454034241751928,0.44540342417519285,MODERATE SAVINGS
A02131,Crestview Provider Alliance Physician Alliance,North Carolina,2024,1.7769160719772413e-05,0.0017769160719772414,MODERATE SAVINGS
A02132,Brookside Medical Partners Alliance,Ohio,2024,0.025749022505304683,2.574902250530468,MODERATE SAVINGS
A02133,Riverbend Provider Alliance Partners,Wisconsin,2024,-0.09356828981348642,-9.356828981348642,LOW SAVINGS
A02134,Fairview Integrated Health Care Network,California,2024,-0.0008451461467894408,-0.08451461467894408,LOW SAVINGS
A02135,Clearview Care Partners,Indiana,2024,-0.008892458767114099,-0.8892458767114099,LOW SAVINGS
A02136,Green Valley Community Care Alliance,Minnesota,2024,0.033162496555062385,3.3162496555062386,HIGH SAVINGS
A02137,Highland Wellness Association,California,2024,0.022483227141165157,2.2483227141165156,MODERATE SAVINGS
A02138,Maplewood Clinical Partners Network,Massachusetts,2024,0.02403125217243059,2.403125217243059,MODERATE SAVINGS
A02139,Parkview Clinical Partners Alliance,Tennessee,2024,-0.02547506128804544,-2.5475061288045437,LOW SAVINGS
A02140,Pinnacle Health Collaborative Health System,Colorado,2024,0.001100025423911514,0.11000254239115141,MODERATE SAVINGS
A02141,Highland Medical Partners Alliance,Maryland,2024,0.010104375247738606,1.0104375247738606,MODERATE SAVINGS
A02142,Metro Health Collaborative Care Network,Missouri,2024,-0.022074666441847208,-2.207466644184721,LOW SAVINGS
A02143,Lakeside Physicians Medical Center,North Carolina,2024,0.026548637668777696,2.6548637668777695,MODERATE SAVINGS
A02144,Evergreen Health Network,California,2024,0.020461327327516557,2.046132732751656,MODERATE SAVINGS
A02145,Clearview Clinical Partners Association,New York,2024,0.0037333658321807104,0.37333658321807106,MODERATE SAVINGS
A02146,Stonebridge Physicians Care Network,Maryland,2024,-0.009740626301255193,-0.9740626301255193,LOW SAVINGS
A02147,Pioneer Medical Partners Medical Center,Florida,2024,0.05550153764487948,5.550153764487948,HIGH SAVINGS
A02148,Springfield Community Care Care Network,Missouri,2024,0.0287090306574249,2.87090306574249,MODERATE SAVINGS
A02149,Golden Valley Provider Alliance Care Network,Georgia,2024,0.04230836058602793,4.230836058602793,HIGH SAVINGS
A02150,Beacon Provider Alliance Alliance,Illinois,2024,0.0017261225369742937,0.17261225369742936,MODERATE SAVINGS
A02151,Grandview Health Network Group,Oregon,2024,0.012327553399186108,1.2327553399186109,MODERATE SAVINGS
A02152,Summit Healthcare Medical Center,Pennsylvania,2024,0.01760866533327337,1.760866533327337,MODERATE SAVINGS
A02153,Springfield Community Care Medical Center,Connecticut,2024,-0.011876818637500315,-1.1876818637500315,LOW SAVINGS
A02154,Canyon Physicians Association,North Carolina,2024,-0.017761863625411677,-1.7761863625411676,LOW SAVINGS
A02155,Brookside Healthcare Association,Maryland,2024,0.04851474787444888,4.851474787444888,HIGH SAVINGS
A02156,Brookside Health Group,Oregon,2024,0.040483441520112115,4.048344152011212,HIGH SAVINGS
A02158,Meadow Community Care Group,Texas,2024,0.0387992138205279,3.8799213820527902,HIGH SAVINGS
A02159,Blue Ridge Medical Group Care Network,Connecticut,2024,0.00731885655283394,0.731885655283394,MODERATE SAVINGS
A02160,Beacon Care Network Partners,Indiana,2024,0.040178162532946024,4.017816253294602,HIGH SAVINGS
A02161,Silverstone Care Alliance Group,Pennsylvania,2024,0.018447420744694663,1.8447420744694663,MODERATE SAVINGS
A02162,Eastgate Medical Partners Health System,California,2024,0.015476104287664005,1.5476104287664005,MODERATE SAVINGS
A02163,Evergreen Physicians Health System,Connecticut,2024,0.015360478079514867,1.5360478079514868,MODERATE SAVINGS
A02164,Oakridge Medical Group,Missouri,2024,0.022422681191186712,2.242268119118671,MODERATE SAVINGS
A02165,Clearview Clinical Partners Group,California,2024,0.038375307288136457,3.8375307288136455,HIGH SAVINGS
A02166,Mountain View Medical Partners Partners,Massachusetts,2024,0.017226232145506497,1.7226232145506497,MODERATE SAVINGS
A02167,Riverside Health Collaborative Collaborative,New York,2024,0.05071905107967476,5.071905107967476,HIGH SAVINGS
A02168,Heartland Wellness Alliance,Illinois,2024,0.012699202581047018,1.2699202581047018,MODERATE SAVINGS
A02169,Eastgate Community Care Group,Indiana,2024,-0.008405961172351678,-0.8405961172351678,LOW SAVINGS
A02170,Valley Health Network Group,Tennessee,2024,0.05040246293679947,5.040246293679948,HIGH SAVINGS
A02171,Crestview Health Network Group,Ohio,2024,0.0033950404137946854,0.33950404137946855,MODERATE SAVINGS
A02172,Stonebridge Care Network Group,Wisconsin,2024,-0.001713275471325517,-0.17132754713255172,LOW SAVINGS
A02173,Eastgate Health Alliance Association,Georgia,2024,0.03442911199844869,3.442911199844869,HIGH SAVINGS
A02174,Westfield Care Network Partners,Virginia,2024,0.010825139697882541,1.0825139697882542,MODERATE SAVINGS
A02176,Parkview Medical Association,Washington,2024,0.019702632863653997,1.9702632863653997,MODERATE SAVINGS
A02178,WellSpring Community Care Health System,Indiana,2024,-0.019365706951096424,-1.9365706951096424,LOW SAVINGS
A02180,Valley Integrated Health Medical Center,Washington,2024,-0.008991088502976384,-0.8991088502976384,LOW SAVINGS
A02181,Unity Health Alliance Association,Maryland,2024,-0.0062740097240937395,-0.627400972409374,LOW SAVINGS
A02182,Community Care Partners Medical Center,Georgia,2024,0.0657870175703,6.57870175703,HIGH SAVINGS
A02183,Silverstone Medical Partners Group,Wisconsin,2024,0.0036089727775445593,0.36089727775445596,MODERATE SAVINGS
A02184,Parkview Community Care Group,North Carolina,2024,0.012981980568803926,1.2981980568803926,MODERATE SAVINGS
A02185,Metro Care Network,Pennsylvania,2024,0.008131098880061954,0.8131098880061953,MODERATE SAVINGS
A02186,Metro Community Care Health System,Tennessee,2024,0.059279997111177464,5.927999711117747,HIGH SAVINGS
A02187,Maplewood Health Physician Alliance,Colorado,2024,-5.047363846899211e-05,-0.0050473638468992105,LOW SAVINGS
A02188,Golden Valley Physician Network Association,Illinois,2024,-0.025360944016084633,-2.5360944016084632,LOW SAVINGS
A02189,Oakridge Community Care Care Network,California,2024,0.017991661904331612,1.7991661904331613,MODERATE SAVINGS
A02190,Northstar Care Network Network,Washington,2024,0.029941929523755552,2.9941929523755553,MODERATE SAVINGS
A02191,Fairview Health Collaborative Association,New York,2024,0.0647652346010928,6.476523460109281,HIGH SAVINGS
A02192,Mountain View Provider Alliance Collaborative,California,2024,0.0708266675067761,7.08266675067761,HIGH SAVINGS
A02193,Unity Care Network Alliance,Washington,2024,0.027692757743149825,2.7692757743149823,MODERATE SAVINGS
A02195,Heartland Medical Partners Group,Virginia,2024,-0.0011913041183787023,-0.11913041183787022,LOW SAVINGS
A02196,Highland Health Alliance Partners,Illinois,2024,0.013544676146748081,1.354467614674808,MODERATE SAVINGS
A02197,Lakeside Wellness Group,Ohio,2024,0.037649261171176944,3.764926117117694,HIGH SAVINGS
A02198,Fairview Health Physician Alliance,Ohio,2024,0.02155809811237275,2.155809811237275,MODERATE SAVINGS
A02199,Gateway Health Network Network,Pennsylvania,2024,0.031843944522911935,3.1843944522911936,HIGH SAVINGS
A02200,Unity Health Network Group,Washington,2024,0.021288157207836413,2.128815720783641,MODERATE SAVINGS
A02201,Heritage Health Alliance Physician Alliance,Wisconsin,2024,0.04865402372515464,4.865402372515464,HIGH SAVINGS
A02202,Beacon Medical Association,California,2024,0.013273547601758891,1.327354760175889,MODERATE SAVINGS
A02203,Heartland Physician Network Care Network,Maryland,2024,0.05088263871911214,5.088263871911214,HIGH SAVINGS
A02204,Highland Healthcare Network,Texas,2024,0.005192833672579598,0.5192833672579598,MODERATE SAVINGS
A02205,WellSpring Health Partners Collaborative,Tennessee,2024,0.042708375721718365,4.270837572171836,HIGH SAVINGS
A02206,Stonebridge Wellness Alliance,Washington,2024,0.024586493552565408,2.458649355256541,MODERATE SAVINGS
A02207,WellSpring Health Partners Alliance,Arizona,2024,-0.04469789367476345,-4.469789367476345,LOW SAVINGS
A02208,Summit Community Care Care Network,Ohio,2024,-0.03013611530839935,-3.0136115308399347,LOW SAVINGS
A02209,Cedar Care Alliance Association,Wisconsin,2024,0.003583836763892425,0.3583836763892425,MODERATE SAVINGS
A02210,Unity Integrated Health Health System,Pennsylvania,2024,-0.03501307959104038,-3.5013079591040377,LOW SAVINGS
A02211,Beacon Integrated Health Physician Alliance,Colorado,2024,0.016381267897324234,1.6381267897324234,MODERATE SAVINGS
A02212,Mountain View Community Care Network,Georgia,2024,0.0024108926330310694,0.24108926330310693,MODERATE SAVINGS
A02213,Beacon Health Partners Network,Washington,2024,0.0028619296009809035,0.28619296009809037,MODERATE SAVINGS
A02214,WellSpring Community Care Physician Alliance,Connecticut,2024,0.0055202354060774495,0.552023540607745,MODERATE SAVINGS
A02215,Cedar Healthcare Alliance,New York,2024,0.020851733128839235,2.0851733128839234,MODERATE SAVINGS
A02216,Eastgate Physician Network Health System,Florida,2024,-0.004241415920458858,-0.42414159204588575,LOW SAVINGS
A02217,Golden Valley Health Partners,New Jersey,2024,0.017738217910433025,1.7738217910433025,MODERATE SAVINGS
A02218,Brookside Medical Group,Illinois,2024,0.02589326983792204,2.589326983792204,MODERATE SAVINGS
A02219,Pinnacle Care Partners Care Network,New York,2024,0.01501351552239969,1.501351552239969,MODERATE SAVINGS
A02220,Unity Health Collaborative Network,Colorado,2024,0.0025840976456328697,0.25840976456328696,MODERATE SAVINGS
A02221,WellSpring Care Alliance Care Network,Minnesota,2024,-0.013737211942323196,-1.3737211942323195,LOW SAVINGS
A02222,Lakeside Physician Network Alliance,Georgia,2024,0.06764906677626237,6.764906677626237,HIGH SAVINGS
A02223,Meadow Healthcare Collaborative,Massachusetts,2024,0.031064363855482606,3.1064363855482604,HIGH SAVINGS
A02224,Green Valley Health Collaborative,Michigan,2024,0.020151353403749073,2.0151353403749073,MODERATE SAVINGS
A02225,Canyon Clinical Partners Medical Center,Georgia,2024,0.010486474910179655,1.0486474910179655,MODERATE SAVINGS
A02226,Pinnacle Care Network Collaborative,New Jersey,2024,0.041181426182674466,4.118142618267447,HIGH SAVINGS
A02227,Eastgate Healthcare Partners,Illinois,2024,0.019494685663343357,1.9494685663343356,MODERATE SAVINGS
A02228,Redwood Health Alliance Alliance,Washington,2024,0.0021130475927001683,0.21130475927001682,MODERATE SAVINGS
A02229,Meadow Integrated Health Medical Center,Wisconsin,2024,0.05115171716192236,5.115171716192235,HIGH SAVINGS
A02230,Pinnacle Health Alliance Group,California,2024,0.006365070385443774,0.6365070385443774,MODERATE SAVINGS
A02231,Riverbend Community Care Association,Georgia,2024,0.026417318783220338,2.641731878322034,MODERATE SAVINGS
A02233,Oakridge Provider Alliance Network,Missouri,2024,0.030935511365340885,3.0935511365340886,HIGH SAVINGS
A02234,Parkview Medical Partners Group,Indiana,2024,-0.04111520714291451,-4.1115207142914505,LOW SAVINGS
A02235,Westfield Health Partners Care Network,Florida,2024,0.01268366929262462,1.268366929262462,MODERATE SAVINGS
A02236,Maplewood Health Network Health System,Pennsylvania,2024,0.00942209371998612,0.9422093719986121,MODERATE SAVINGS
A02237,Beacon Community Care Group,California,2024,0.0037041122455727764,0.37041122455727765,MODERATE SAVINGS
A02238,Meadow Integrated Health Health System,Connecticut,2024,-0.010367229014819202,-1.0367229014819201,LOW SAVINGS
A02239,Parkview Care Partners Care Network,Tennessee,2024,0.07351077388606334,7.351077388606334,HIGH SAVINGS
A02240,Pioneer Health Alliance Physician Alliance,California,2024,0.08020523869102462,8.020523869102462,HIGH SAVINGS
A02241,Stonebridge Care Network Association,Illinois,2024,0.037378493818854205,3.7378493818854204,HIGH SAVINGS
A02242,Maplewood Health Medical Center,Arizona,2024,0.026228051777392097,2.6228051777392096,MODERATE SAVINGS
A02243,Silverstone Health Collaborative Medical Center,Michigan,2024,0.019047909030268942,1.9047909030268941,MODERATE SAVINGS
A02244,Valley Health Network Partners,Virginia,2024,0.022551463384045328,2.2551463384045327,MODERATE SAVINGS
A02245,Riverside Health Collaborative,New York,2024,0.014903624697159185,1.4903624697159186,MODERATE SAVINGS
A02246,Heartland Health Collaborative Physician Alliance,Alabama,2024,0.029338193081205756,2.9338193081205755,MODERATE SAVINGS
A02247,Clearview Community Care Health System,New Jersey,2024,0.008640530284751768,0.8640530284751767,MODERATE SAVINGS
A02248,Community Provider Alliance Network,Washington,2024,0.017309858118455344,1.7309858118455344,MODERATE SAVINGS
A02250,Heartland Provider Alliance Association,Georgia,2024,0.030067244577314755,3.0067244577314756,HIGH SAVINGS
A02251,Gateway Medical Partners Alliance,Ohio,2024,0.029629670025725,2.9629670025725,MODERATE SAVINGS
A02252,Westfield Community Care Collaborative,Ohio,2024,0.011740981451950145,1.1740981451950145,MODERATE SAVINGS
A02253,Westfield Care Alliance Health System,Michigan,2024,0.006176669283598093,0.6176669283598093,MODERATE SAVINGS
A02254,Grandview Care Network Group,Colorado,2024,-0.024387506835281098,-2.43875068352811,LOW SAVINGS
A02255,Eastgate Physician Network Physician Alliance,Georgia,2024,0.014293441021494782,1.4293441021494782,MODERATE SAVINGS
A02256,Brookside Health Association,Virginia,2024,0.0013583111497955385,0.13583111497955386,MODERATE SAVINGS
A02257,Pinnacle Care Association,Indiana,2024,-0.048100259628700064,-4.810025962870006,LOW SAVINGS
A02258,Riverbend Care Network Group,New York,2024,0.032484130888943474,3.248413088894347,HIGH SAVINGS
A02259,Grandview Clinical Partners Group,Washington,2024,0.06317674784082286,6.317674784082286,HIGH SAVINGS
A02260,Silverstone Medical Group Physician Alliance,Connecticut,2024,0.01107371013041837,1.1073710130418368,MODERATE SAVINGS
A02261,Grandview Health Care Network,Tennessee,2024,0.0071762246121548825,0.7176224612154882,MODERATE SAVINGS
A02262,Brookside Health Network Medical Center,California,2024,0.04561952265680217,4.561952265680217,HIGH SAVINGS
A02263,Horizon Medical Network,Indiana,2024,0.0007537428943960642,0.07537428943960642,MODERATE SAVINGS
A02264,Northstar Physicians Physician Alliance,Missouri,2024,-0.005414856753686399,-0.5414856753686399,LOW SAVINGS
A02265,Community Medical Health System,Texas,2024,-0.004341791444792395,-0.4341791444792395,LOW SAVINGS
A02266,Evergreen Community Care Care Network,Missouri,2024,0.03448014447829087,3.448014447829087,HIGH SAVINGS
A02267,Northstar Health Alliance Physician Alliance,Missouri,2024,0.013039198905748095,1.3039198905748095,MODERATE SAVINGS
A02268,Unity Health Collaborative Alliance,Alabama,2024,-0.016785609057315982,-1.6785609057315982,LOW SAVINGS
A02269,Golden Valley Physician Network Health System,Ohio,2024,0.028995744522224802,2.8995744522224802,MODERATE SAVINGS
A02270,Redwood Care Network Care Network,Florida,2024,0.0027524068909109164,0.2752406890910916,MODERATE SAVINGS
A02271,Beacon Medical Partners,Washington,2024,0.027223528426013877,2.7223528426013877,MODERATE SAVINGS
A02272,Stonebridge Health Partners Alliance,North Carolina,2024,-0.014549864024688653,-1.4549864024688652,LOW SAVINGS
A02273,Meadow Health Alliance Association,Minnesota,2024,-0.027789909827325134,-2.7789909827325134,LOW SAVINGS
A02274,Parkview Health Network Medical Center,Missouri,2024,0.023909671252000973,2.3909671252000972,MODERATE SAVINGS
A02275,Golden Valley Health Network Medical Center,Georgia,2024,-0.01956333501809383,-1.956333501809383,LOW SAVINGS
A02276,Heritage Medical Partners Medical Center,Florida,2024,0.050646625931264996,5.064662593126499,HIGH SAVINGS
A02277,Eastgate Health Alliance Collaborative,New Jersey,2024,-0.015589916703847273,-1.5589916703847273,LOW SAVINGS
A02278,Heritage Medical Partners Association,Massachusetts,2024,0.016125860884350213,1.6125860884350214,MODERATE SAVINGS
A02279,Heritage Health Collaborative Health System,Washington,2024,0.024131634281702,2.4131634281702,MODERATE SAVINGS
A02280,Meadow Wellness Physician Alliance,Pennsylvania,2024,0.04321162894941613,4.321162894941613,HIGH SAVINGS
A02282,Redwood Health Collaborative,Connecticut,2024,0.0060971153717503754,0.6097115371750376,MODERATE SAVINGS
A02283,Blue Ridge Physician Network Alliance,Massachusetts,2024,0.04759615024005778,4.759615024005778,HIGH SAVINGS
A02284,Valley Health Group,California,2024,0.03307648016094769,3.307648016094769,HIGH SAVINGS
A02286,Crestview Care Partners Network,Wisconsin,2024,0.06117797768350581,6.117797768350581,HIGH SAVINGS
A02287,Grandview Care Alliance,Pennsylvania,2024,0.02224485588019941,2.2244855880199412,MODERATE SAVINGS
A02288,Golden Valley Provider Alliance Health System,Alabama,2024,0.008384452290231652,0.8384452290231652,MODERATE SAVINGS
A02289,Cedar Physician Network Health System,New York,2024,0.045821814531426384,4.582181453142638,HIGH SAVINGS
A02290,Meadow Medical Partners,Michigan,2024,0.02917903568268315,2.917903568268315,MODERATE SAVINGS
A02291,Parkview Wellness Care Network,California,2024,0.025857345781907088,2.5857345781907086,MODERATE SAVINGS
A02293,Golden Valley Clinical Partners Collaborative,Michigan,2024,0.01910257214141017,1.910257214141017,MODERATE SAVINGS
A02294,Silverstone Medical Group Medical Center,Minnesota,2024,0.05357651302992952,5.357651302992952,HIGH SAVINGS
A02295,Evergreen Health Alliance Medical Center,Florida,2024,0.019097650742610855,1.9097650742610854,MODERATE SAVINGS
A02296,Clearview Health Network Medical Center,Connecticut,2024,-0.018363783831905095,-1.8363783831905094,LOW SAVINGS
A02297,Riverside Health Collaborative Group,North Carolina,2024,0.01189720305561327,1.189720305561327,MODERATE SAVINGS
A02298,Springfield Care Network Care Network,Arizona,2024,-0.03819885213521216,-3.819885213521216,LOW SAVINGS
A02299,Eastgate Healthcare Network,Ohio,2024,0.0589814341245625,5.89814341245625,HIGH SAVINGS
A02300,Golden Valley Healthcare Collaborative,Massachusetts,2024,0.025116983566573724,2.5116983566573725,MODERATE SAVINGS
A02301,Redwood Care Partners Partners,Alabama,2024,0.040122929141049146,4.012292914104915,HIGH SAVINGS
A02302,Oakridge Physicians Network,New York,2024,0.03307648016094769,3.307648016094769,HIGH SAVINGS
A02303,Stonebridge Physician Network Group,Colorado,2024,0.02083454236473569,2.083454236473569,MODERATE SAVINGS
A02304,Clearview Healthcare Partners,Michigan,2024,0.008113275364920479,0.8113275364920479,MODERATE SAVINGS
A02305,Redwood Health Collaborative Care Network,Connecticut,2024,0.015852418780017,1.5852418780017,MODERATE SAVINGS
A02306,Pioneer Health Partners,Ohio,2024,-0.02728525632436687,-2.728525632436687,LOW SAVINGS
A02307,Community Medical Partners,Indiana,2024,-0.01959377437759807,-1.9593774377598068,LOW SAVINGS
A02308,Community Healthcare Partners,New York,2024,-0.016146565379788966,-1.6146565379788966,LOW SAVINGS
A02309,WellSpring Medical Group Network,North Carolina,2024,0.002258054833577534,0.2258054833577534,MODERATE SAVINGS
A02310,Beacon Physician Network Network,Washington,2024,-0.007186649881279795,-0.7186649881279794,LOW SAVINGS
A02311,Mountain View Health Partners Health System,Pennsylvania,2024,-0.013465795956823332,-1.3465795956823332,LOW SAVINGS
A02312,Grandview Community Care Care Network,Virginia,2024,0.012713625243693242,1.2713625243693243,MODERATE SAVINGS
A02313,Crestview Health Partners Medical Center,Virginia,2024,0.010744059683058211,1.0744059683058211,MODERATE SAVINGS
A02314,Northstar Care Partners Group,Washington,2024,-0.04463323623509015,-4.463323623509015,LOW SAVINGS
A02315,Community Medical Partners Care Network,New Jersey,2024,-0.0208679369391507,-2.08679369391507,LOW SAVINGS
A02316,Westfield Integrated Health Care Network,Maryland,2024,0.016953918033738774,1.6953918033738775,MODERATE SAVINGS
A02317,Parkview Medical Partners Collaborative,Georgia,2024,0.03363142387749948,3.3631423877499484,HIGH SAVINGS
A02318,Brookside Health Network Health System,Alabama,2024,0.057685417849661816,5.768541784966182,HIGH SAVINGS
A02319,Metro Integrated Health Collaborative,Connecticut,2024,0.016633185644253062,1.6633185644253063,MODERATE SAVINGS
A02320,Heritage Health Partners Care Network,Ohio,2024,0.021365377970641135,2.1365377970641135,MODERATE SAVINGS
A02321,Brookside Wellness Group,Florida,2024,0.0007362026844850418,0.07362026844850418,MODERATE SAVINGS
A02322,Summit Health Collaborative Collaborative,Texas,2024,-0.012483258983330175,-1.2483258983330174,LOW SAVINGS
A02323,Clearview Health Partners Health System,Missouri,2024,0.027174715185451472,2.717471518545147,MODERATE SAVINGS
A02324,Canyon Health Alliance Collaborative,Ohio,2024,0.029000867804811842,2.900086780481184,MODERATE SAVINGS
A02325,Meadow Health Partners,Wisconsin,2024,0.06438655381520762,6.438655381520762,HIGH SAVINGS
A02326,Westfield Provider Alliance Partners,Colorado,2024,-0.01064245663493094,-1.064245663493094,LOW SAVINGS
A02327,Oakridge Physician Network Association,Maryland,2024,0.03633913326693261,3.633913326693261,HIGH SAVINGS
A02328,Clearview Health Partners Partners,Wisconsin,2024,0.01687457598669749,1.687457598669749,MODERATE SAVINGS
A02329,Pinnacle Community Care Physician Alliance,Georgia,2024,0.04013210661649976,4.0132106616499765,HIGH SAVINGS
A02330,Gateway Care Partners Alliance,Texas,2024,-0.006538223477161791,-0.6538223477161791,LOW SAVINGS
A02331,Northstar Care Alliance Physician Alliance,New York,2024,0.021510936752271892,2.151093675227189,MODERATE SAVINGS
A02332,Brookside Integrated Health Care Network,California,2024,0.01640660433234937,1.6406604332349368,MODERATE SAVINGS
A02333,Lakeside Medical Group Alliance,Florida,2024,0.037472053665847695,3.7472053665847693,HIGH SAVINGS
A02334,Oakridge Health Network,Washington,2024,0.05102656197504511,5.102656197504511,HIGH SAVINGS
A02335,Redwood Clinical Partners Partners,Alabama,2024,0.02445158392264969,2.445158392264969,MODERATE SAVINGS
A02337,Mountain View Physicians Medical Center,Arizona,2024,0.04590798628837727,4.590798628837727,HIGH SAVINGS
A02338,Golden Valley Health Network Physician Alliance,Washington,2024,0.015646502646015352,1.5646502646015352,MODERATE SAVINGS
A02339,Blue Ridge Clinical Partners Association,New Jersey,2024,-0.03806142703758967,-3.806142703758967,LOW SAVINGS
A02340,Blue Ridge Community Care Care Network,New Jersey,2024,0.03246437173004906,3.246437173004906,HIGH SAVINGS
A02341,Horizon Physician Network Partners,Oregon,2024,0.002565473015115216,0.2565473015115216,MODERATE SAVINGS
A02342,Blue Ridge Health Network Care Network,Colorado,2024,-0.014993589846474099,-1.4993589846474098,LOW SAVINGS
A02343,Brookside Integrated Health Group,Michigan,2024,0.02155514543061486,2.155514543061486,MODERATE SAVINGS
A02344,Canyon Physician Network Collaborative,Michigan,2024,0.021685105613688287,2.1685105613688287,MODERATE SAVINGS
A02346,Stonebridge Medical Partners Physician Alliance,New Jersey,2024,0.01117150527141753,1.117150527141753,MODERATE SAVINGS
A02347,Gateway Care Partners Association,Indiana,2024,0.013744112491708016,1.3744112491708016,MODERATE SAVINGS
A02348,Heritage Care Network Health System,Colorado,2024,0.032849013699073865,3.2849013699073866,HIGH SAVINGS
A02349,Riverside Healthcare Physician Alliance,New Jersey,2024,0.005823252618620926,0.5823252618620927,MODERATE SAVINGS
A02350,Parkview Provider Alliance Care Network,Ohio,2024,0.017258528601246655,1.7258528601246654,MODERATE SAVINGS
A02351,Cedar Medical Group Physician Alliance,New York,2024,0.003736475489558018,0.3736475489558018,MODERATE SAVINGS
A02352,Clearview Care Partners Care Network,Missouri,2024,-0.0002353676615036743,-0.023536766150367427,LOW SAVINGS
A02353,Redwood Health Alliance Network,Ohio,2024,0.014486976637606671,1.448697663760667,MODERATE SAVINGS
A02354,Horizon Healthcare Physician Alliance,Missouri,2024,0.05378054930227596,5.378054930227596,HIGH SAVINGS
A02355,Valley Physicians Collaborative,North Carolina,2024,-0.027764373221335494,-2.776437322133549,LOW SAVINGS
A02356,Cedar Healthcare Network,Missouri,2024,-0.0035167155932867024,-0.3516715593286702,LOW SAVINGS
A02357,Northstar Medical Group Care Network,Illinois,2024,0.06623473386599811,6.623473386599811,HIGH SAVINGS
A02358,Stonebridge Care Partners Care Network,Missouri,2024,-0.00145576488933431,-0.145576488933431,LOW SAVINGS
A02359,Brookside Medical Partners Association,Massachusetts,2024,0.02637148765515355,2.637148765515355,MODERATE SAVINGS
A02360,Riverbend Integrated Health Association,Tennessee,2024,-0.018368261545253197,-1.8368261545253197,LOW SAVINGS
A02361,Stonebridge Clinical Partners Partners,Pennsylvania,2024,0.01570395738679015,1.570395738679015,MODERATE SAVINGS
A02362,Fairview Health Alliance Association,Texas,2024,0.03271018439628204,3.271018439628204,HIGH SAVINGS
A02363,Horizon Physicians Alliance,Washington,2024,-0.011159359749122372,-1.1159359749122373,LOW SAVINGS
A02364,Heritage Physician Network Partners,North Carolina,2024,0.03712532758247421,3.712532758247421,HIGH SAVINGS
A02365,Parkview Care Association,Maryland,2024,0.04205368506455392,4.205368506455391,HIGH SAVINGS
A02366,Oakridge Integrated Health Care Network,Pennsylvania,2024,0.008512784561742521,0.8512784561742521,MODERATE SAVINGS
A02367,Green Valley Physician Network Association,Georgia,2024,0.018705800294928562,1.8705800294928563,MODERATE SAVINGS
A02368,Maplewood Physician Network Network,Missouri,2024,0.010890286283376764,1.0890286283376764,MODERATE SAVINGS
A02369,Unity Health Collaborative Medical Center,California,2024,0.03242859816562879,3.2428598165628792,HIGH SAVINGS
A02370,Horizon Health Partners Care Network,Michigan,2024,0.003897947959675156,0.3897947959675156,MODERATE SAVINGS
A02371,WellSpring Physician Network Partners,California,2024,0.046050233764482446,4.605023376448244,HIGH SAVINGS
A02372,Heartland Wellness Medical Center,California,2024,0.008647078463643229,0.8647078463643229,MODERATE SAVINGS
A02373,Lakeside Integrated Health Network,Oregon,2024,0.003347114172339926,0.3347114172339926,MODERATE SAVINGS
A02374,Mountain View Care Collaborative,Virginia,2024,0.02642755728522132,2.642755728522132,MODERATE SAVINGS
A02375,Maplewood Integrated Health Collaborative,New York,2024,0.052769844716243366,5.276984471624337,HIGH SAVINGS
A02376,Parkview Physicians Alliance,Texas,2024,0.05432896788507911,5.432896788507911,HIGH SAVINGS
A02377,Eastgate Care Collaborative,Washington,2024,0.012466724069904147,1.2466724069904147,MODERATE SAVINGS
A02378,Riverbend Physician Network Health System,Colorado,2024,0.024646208303552374,2.4646208303552375,MODERATE SAVINGS
A02379,Northstar Health Partners Group,Massachusetts,2024,0.01423470259752436,1.423470259752436,MODERATE SAVINGS
A02380,Westfield Health Group,North Carolina,2024,-0.0161938651477796,-1.61938651477796,LOW SAVINGS
A02381,Maplewood Community Care Association,New York,2024,-0.01609545265920299,-1.6095452659202991,LOW SAVINGS
A02382,Beacon Provider Alliance Association,Arizona,2024,0.01721988270376782,1.7219882703767821,MODERATE SAVINGS
A02383,Redwood Care Network Collaborative,Oregon,2024,0.03597325627086676,3.597325627086676,HIGH SAVINGS
A02384,Pioneer Care Partners,Wisconsin,2024,0.01940558019945874,1.940558019945874,MODERATE SAVINGS
A02385,Heritage Medical Group Medical Center,Indiana,2024,-0.007698697481805135,-0.7698697481805135,LOW SAVINGS
A02386,Beacon Clinical Partners Association,Washington,2024,0.001041865887463526,0.1041865887463526,MODERATE SAVINGS
A02387,Riverbend Care Partners Physician Alliance,New York,2024,0.030749149416547966,3.0749149416547965,HIGH SAVINGS
A02388,Horizon Physician Network Alliance,Maryland,2024,0.06292499434496278,6.2924994344962775,HIGH SAVINGS
A02389,Golden Valley Community Care Association,North Carolina,2024,0.01987710061566966,1.9877100615669658,MODERATE SAVINGS
A02390,Community Medical Partners Network,Illinois,2024,0.04338295147894827,4.3382951478948275,HIGH SAVINGS
A02391,Stonebridge Care Physician Alliance,Missouri,2024,-0.009965288950290573,-0.9965288950290573,LOW SAVINGS
A02392,Northstar Medical Partners Care Network,Alabama,2024,0.014358461985130532,1.4358461985130533,MODERATE SAVINGS
A02393,Lakeside Physicians Health System,Massachusetts,2024,0.011829156653521126,1.1829156653521127,MODERATE SAVINGS
A02394,Silverstone Medical Care Network,New Jersey,2024,0.012593434839268329,1.259343483926833,MODERATE SAVINGS
A02395,Canyon Health Alliance Care Network,Massachusetts,2024,0.062484774448456314,6.248477444845632,HIGH SAVINGS
A02396,Riverbend Medical Partners Collaborative,Florida,2024,0.05070394989082241,5.07039498908224,HIGH SAVINGS
A02397,Maplewood Physician Network Association,North Carolina,2024,-0.013972278101555099,-1.3972278101555098,LOW SAVINGS
A02398,Grandview Care Partners Partners,Ohio,2024,0.01483859594344337,1.483859594344337,MODERATE SAVINGS
A02400,Riverbend Health Collaborative Association,Wisconsin,2024,0.025871086610523647,2.5871086610523646,MODERATE SAVINGS
A02401,Canyon Care Collaborative,Wisconsin,2024,0.01064242555543233,1.064242555543233,MODERATE SAVINGS
A02402,Heartland Healthcare Medical Center,California,2024,0.03252916744438792,3.252916744438792,HIGH SAVINGS
A02403,Summit Health Alliance Collaborative,New York,2024,0.03238177882918556,3.238177882918556,HIGH SAVINGS
A02404,Horizon Medical Group Association,Connecticut,2024,0.045067084476948245,4.506708447694825,HIGH SAVINGS
A02405,Green Valley Health Alliance Physician Alliance,Missouri,2024,0.03223277169365515,3.223277169365515,HIGH SAVINGS
A02406,Meadow Medical Alliance,Arizona,2024,0.006274246353038061,0.6274246353038061,MODERATE SAVINGS
A02407,Redwood Wellness Collaborative,Arizona,2024,0.044013274303226074,4.401327430322607,HIGH SAVINGS
A02408,WellSpring Physicians Group,Massachusetts,2024,0.05891830340687146,5.891830340687146,HIGH SAVINGS
A02409,Pioneer Medical Partners Group,Indiana,2024,0.02919308677385325,2.9193086773853247,MODERATE SAVINGS
A02410,Blue Ridge Health Alliance Collaborative,New Jersey,2024,0.02517158018151195,2.517158018151195,MODERATE SAVINGS
A02411,Heritage Health Partners Network,Connecticut,2024,-0.011293804967323838,-1.129380496732384,LOW SAVINGS
A02412,Silverstone Wellness Care Network,New Jersey,2024,0.049183742036498,4.9183742036498,HIGH SAVINGS
A02413,Cedar Health Collaborative Alliance,Oregon,2024,-0.017832741260378163,-1.7832741260378162,LOW SAVINGS
A02414,Fairview Medical Group Association,Wisconsin,2024,0.0018089736959405517,0.18089736959405517,MODERATE SAVINGS
A02415,Summit Integrated Health Care Network,Illinois,2024,0.017482524788039373,1.7482524788039373,MODERATE SAVINGS
A02416,Oakridge Medical Group Network,New York,2024,0.08122200857997695,8.122200857997695,HIGH SAVINGS
A02417,Heritage Care Alliance Care Network,Pennsylvania,2024,0.05238612750710082,5.2386127507100815,HIGH SAVINGS
A02418,Metro Medical Group Medical Center,Indiana,2024,0.012077277037043616,1.2077277037043617,MODERATE SAVINGS
A02419,Heartland Medical Association,Indiana,2024,-0.013465606229622566,-1.3465606229622566,LOW SAVINGS
A02420,Silverstone Care Alliance Physician Alliance,Wisconsin,2024,0.06290170482433463,6.290170482433463,HIGH SAVINGS
A02421,Gateway Care Alliance Health System,Colorado,2024,-0.0036010747554794656,-0.36010747554794653,LOW SAVINGS
A02422,Evergreen Care Alliance Physician Alliance,Colorado,2024,0.011941730118178324,1.1941730118178324,MODERATE SAVINGS
A02423,Lakeside Physician Network Network,Arizona,2024,0.038818404838914446,3.8818404838914446,HIGH SAVINGS
A02424,Summit Physicians Partners,California,2024,-0.004183140630197744,-0.4183140630197744,LOW SAVINGS
A02425,Heartland Health Alliance Physician Alliance,Minnesota,2024,-0.002113992396627985,-0.2113992396627985,LOW SAVINGS
A02426,Redwood Integrated Health Network,Tennessee,2024,0.02856656799823236,2.8566567998232357,MODERATE SAVINGS
A02427,Maplewood Health Alliance,Missouri,2024,-0.0064490229552083295,-0.644902295520833,LOW SAVINGS
A02428,Evergreen Medical Group Medical Center,Indiana,2024,-0.0003409952680753694,-0.03409952680753694,LOW SAVINGS
A02430,Stonebridge Provider Alliance Collaborative,California,2024,0.05848866171828934,5.848866171828934,HIGH SAVINGS
A02431,Valley Care Health System,Texas,2024,-0.0027969820413527207,-0.2796982041352721,LOW SAVINGS
A02432,Heartland Health Network Group,Texas,2024,0.025241748789827306,2.5241748789827305,MODERATE SAVINGS
A02433,Oakridge Care Alliance Group,Indiana,2024,-0.016727533762054107,-1.6727533762054108,LOW SAVINGS
A02434,Green Valley Care Partners Care Network,Tennessee,2024,0.022277989220868898,2.22779892208689,MODERATE SAVINGS
A02435,Springfield Healthcare Medical Center,California,2024,-0.012457687472371904,-1.2457687472371903,LOW SAVINGS
A02436,Meadow Health Network Alliance,Washington,2024,0.012584870915042923,1.2584870915042923,MODERATE SAVINGS
A02437,Eastgate Medical Partners Medical Center,Wisconsin,2024,0.06499093039259071,6.499093039259071,HIGH SAVINGS
A02438,Metro Care Alliance Network,Washington,2024,0.045947015399830766,4.594701539983077,HIGH SAVINGS
A02439,Silverstone Health Collaborative Partners,Texas,2024,0.03834322989214622,3.8343229892146216,HIGH SAVINGS
A02440,Pioneer Care Alliance Health System,Ohio,2024,0.02075986811809022,2.075986811809022,MODERATE SAVINGS
A02441,Lakeside Physicians Group,Arizona,2024,0.00572330996838963,0.572330996838963,MODERATE SAVINGS
A02442,Meadow Health Partners Network,Illinois,2024,-0.010611228845797198,-1.0611228845797198,LOW SAVINGS
A02443,WellSpring Community Care Collaborative,Arizona,2024,0.05550153764487948,5.550153764487948,HIGH SAVINGS
A02444,Canyon Medical Partners Association,Massachusetts,2024,0.033422245502652,3.3422245502652,HIGH SAVINGS
A02445,Cedar Provider Alliance Collaborative,Washington,2024,0.03130177519722405,3.1301775197224044,HIGH SAVINGS
A02446,Pinnacle Health Collaborative Association,New York,2024,0.03154073536616884,3.1540735366168837,HIGH SAVINGS
A02447,Northstar Care Alliance Network,Wisconsin,2024,0.012188728179978642,1.2188728179978643,MODERATE SAVINGS
A02448,Canyon Physician Network Health System,Wisconsin,2024,-0.005917876974493165,-0.5917876974493165,LOW SAVINGS
A02449,Northstar Community Care Medical Center,Michigan,2024,0.008959843854337327,0.8959843854337327,MODERATE SAVINGS
A02450,Clearview Physicians Association,Massachusetts,2024,0.01759034928407952,1.7590349284079518,MODERATE SAVINGS
A02451,Community Health Alliance Alliance,Florida,2024,0.0681525418380104,6.81525418380104,HIGH SAVINGS
A02452,Stonebridge Community Care Partners,Alabama,2024,0.023074634168163518,2.307463416816352,MODERATE SAVINGS
A02453,Highland Health Partners Partners,North Carolina,2024,-0.04802188883156104,-4.802188883156104,LOW SAVINGS
A02454,Evergreen Care Network Partners,Pennsylvania,2024,0.009448956058641905,0.9448956058641905,MODERATE SAVINGS
A02455,Highland Health Collaborative Alliance,Texas,2024,0.07992698544987978,7.992698544987978,HIGH SAVINGS
A02456,Clearview Care Care Network,Washington,2024,-0.05567453602252789,-5.567453602252789,LOW SAVINGS
A02457,Clearview Healthcare Group,Virginia,2024,-0.005906850954601343,-0.5906850954601344,LOW SAVINGS
A02458,Highland Health Alliance Association,Georgia,2024,0.044906891033146164,4.490689103314616,HIGH SAVINGS
A02459,Mountain View Physicians Care Network,Maryland,2024,0.02678656739980305,2.6786567399803047,MODERATE SAVINGS
A02460,Maplewood Physician Network Medical Center,Massachusetts,2024,0.01892905833640741,1.8929058336407412,MODERATE SAVINGS
A02461,Springfield Integrated Health Group,Oregon,2024,0.004528663114352817,0.45286631143528167,MODERATE SAVINGS
A02462,Unity Integrated Health Collaborative,Maryland,2024,0.0930430561839175,9.304305618391751,HIGH SAVINGS
A02463,Stonebridge Provider Alliance Alliance,Massachusetts,2024,0.03854427255612815,3.8544272556128147,HIGH SAVINGS
A02464,Meadow Medical Group Alliance,Texas,2024,0.010039791343091948,1.0039791343091948,MODERATE SAVINGS
A02465,Meadow Physician Network Physician Alliance,Maryland,2024,0.037378608984592665,3.7378608984592665,HIGH SAVINGS
A02466,Parkview Health Partners,Minnesota,2024,0.026372889200479893,2.637288920047989,MODERATE SAVINGS
A02467,Grandview Provider Alliance Health System,Connecticut,2024,0.0017180784317008474,0.17180784317008474,MODERATE SAVINGS
A02468,Silverstone Integrated Health Alliance,New York,2024,0.019297905769040304,1.9297905769040304,MODERATE SAVINGS
A02469,Valley Medical Group Physician Alliance,Minnesota,2024,0.02129462195842089,2.129462195842089,MODERATE SAVINGS
A02470,Cedar Integrated Health Partners,Maryland,2024,0.03365898915371489,3.365898915371489,HIGH SAVINGS
A02471,Springfield Medical Health System,Texas,2024,0.055204086907040775,5.520408690704078,HIGH SAVINGS
A02472,Oakridge Health Collaborative Care Network,Colorado,2024,0.015113647117850954,1.5113647117850955,MODERATE SAVINGS
A02473,WellSpring Wellness Health System,Illinois,2024,-0.015955106024329316,-1.5955106024329317,LOW SAVINGS
A02474,Evergreen Healthcare Care Network,Arizona,2024,0.03944893959939357,3.9448939599393573,HIGH SAVINGS
A02475,Crestview Care Group,Georgia,2024,0.005805139308941472,0.5805139308941473,MODERATE SAVINGS
A02476,Fairview Provider Alliance Collaborative,Washington,2024,0.016358818207084444,1.6358818207084445,MODERATE SAVINGS
A02477,Horizon Care Partners Medical Center,Tennessee,2024,0.011631078187598532,1.1631078187598531,MODERATE SAVINGS
A02478,Heartland Physicians Physician Alliance,Tennessee,2024,0.03298331293738895,3.298331293738895,HIGH SAVINGS
A02479,Silverstone Integrated Health Partners,Virginia,2024,0.007376667681883953,0.7376667681883953,MODERATE SAVINGS
A02480,Metro Physician Network Collaborative,Washington,2024,0.037469187661481614,3.7469187661481613,HIGH SAVINGS
A02481,Summit Wellness Group,Washington,2024,0.0016645712638125652,0.1664571263812565,MODERATE SAVINGS
A02482,Golden Valley Health Network Network,Pennsylvania,2024,0.046226166956781424,4.6226166956781425,HIGH SAVINGS
A02483,Brookside Health Alliance Health System,Michigan,2024,0.04632149339451491,4.632149339451491,HIGH SAVINGS
A02484,Golden Valley Wellness Alliance,Texas,2024,0.049747196532653595,4.9747196532653595,HIGH SAVINGS
A02485,Silverstone Health Network Health System,Texas,2024,0.029293774117676547,2.9293774117676548,MODERATE SAVINGS
A02486,Beacon Clinical Partners Medical Center,Tennessee,2024,-0.002353561269014205,-0.23535612690142052,LOW SAVINGS
A02487,Redwood Care Partners Network,Alabama,2024,0.00733712530577078,0.733712530577078,MODERATE SAVINGS
A02488,Grandview Medical Alliance,Connecticut,2024,-0.04417858248584693,-4.417858248584693,LOW SAVINGS
A02489,Stonebridge Medical Group Health System,Washington,2024,-0.002578028059704202,-0.2578028059704202,LOW SAVINGS
A02490,Northstar Wellness Physician Alliance,Virginia,2024,0.031028429430758005,3.1028429430758004,HIGH SAVINGS
A02491,WellSpring Medical Group Association,Tennessee,2024,0.008869394728625411,0.886939472862541,MODERATE SAVINGS
A02492,Community Medical Partners Partners,California,2024,-0.01535708060059312,-1.535708060059312,LOW SAVINGS
A02493,Beacon Community Care Partners,Michigan,2024,-0.0016472976424991574,-0.16472976424991576,LOW SAVINGS
A02494,Westfield Care Partners Alliance,Washington,2024,0.06137644850083092,6.137644850083092,HIGH SAVINGS
A02495,Horizon Clinical Partners Physician Alliance,Massachusetts,2024,0.03711304138948063,3.711304138948063,HIGH SAVINGS
A02496,Canyon Clinical Partners Association,New Jersey,2024,-0.0031135701508734387,-0.31135701508734387,LOW SAVINGS
A02497,Unity Provider Alliance Medical Center,Texas,2024,0.028084525518460128,2.808452551846013,MODERATE SAVINGS
A02498,Silverstone Healthcare Partners,Massachusetts,2024,-0.0076566510994323395,-0.765665109943234,LOW SAVINGS
A02499,Gateway Clinical Partners Association,Connecticut,2024,0.013899590119358873,1.3899590119358873,MODERATE SAVINGS
A02500,Riverside Health Alliance Care Network,Texas,2024,0.012313252282785118,1.2313252282785119,MODERATE SAVINGS
A02502,Parkview Medical Care Network,North Carolina,2024,0.08170632745277881,8.170632745277882,HIGH SAVINGS
A02503,Springfield Care Partners Physician Alliance,Pennsylvania,2024,0.002760352368548675,0.27603523685486747,MODERATE SAVINGS
A02504,Riverside Healthcare Alliance,Massachusetts,2024,-0.013905725957874149,-1.3905725957874149,LOW SAVINGS
A02505,Metro Provider Alliance Group,Georgia,2024,0.05313398175645256,5.313398175645256,HIGH SAVINGS
A02506,Metro Care Network Care Network,New Jersey,2024,0.015486807823391334,1.5486807823391335,MODERATE SAVINGS
A02507,Crestview Health Collaborative Partners,Indiana,2024,0.06720615865924552,6.720615865924552,HIGH SAVINGS
A02508,Mountain View Health Physician Alliance,Maryland,2024,0.02449327206435666,2.4493272064356657,MODERATE SAVINGS
A02509,Springfield Health Network Association,Connecticut,2024,-0.007743063425030402,-0.7743063425030402,LOW SAVINGS
A02510,Maplewood Community Care Group,Oregon,2024,0.02019439730356306,2.019439730356306,MODERATE SAVINGS
A02511,Meadow Care Association,Oregon,2024,-0.019322375673211375,-1.9322375673211374,LOW SAVINGS
A02512,Heritage Health Network Medical Center,Alabama,2024,0.05996775352285072,5.996775352285072,HIGH SAVINGS
A02513,Oakridge Wellness Care Network,Virginia,2024,-0.002113145852946356,-0.21131458529463562,LOW SAVINGS
A02514,Pinnacle Health Partners,Ohio,2024,0.022717074023812203,2.27170740238122,MODERATE SAVINGS
A02515,Heritage Clinical Partners Partners,Arizona,2024,0.005011360724675704,0.5011360724675704,MODERATE SAVINGS
A02516,Evergreen Community Care Alliance,Colorado,2024,-0.01793191503469878,-1.7931915034698782,LOW SAVINGS
A02517,Westfield Health Alliance Network,North Carolina,2024,-0.007033142035021846,-0.7033142035021845,LOW SAVINGS
A02518,Northstar Integrated Health Physician Alliance,Tennessee,2024,0.004014656587788594,0.4014656587788594,MODERATE SAVINGS
A02519,Metro Clinical Partners Partners,Arizona,2024,-0.022253358717681263,-2.2253358717681264,LOW SAVINGS
A02520,Evergreen Care Partners Alliance,Oregon,2024,0.041354954380364954,4.135495438036496,HIGH SAVINGS
A02522,Cedar Care Network Partners,New Jersey,2024,0.04856618873848184,4.856618873848184,HIGH SAVINGS
A02523,Eastgate Health Alliance Care Network,New Jersey,2024,0.0023104774479105095,0.23104774479105095,MODERATE SAVINGS
A02524,Horizon Health Network Health System,Virginia,2024,0.05368661064275491,5.368661064275491,HIGH SAVINGS
A02525,Summit Medical Group Collaborative,Missouri,2024,0.005005999115363638,0.5005999115363637,MODERATE SAVINGS
A02526,Grandview Care Care Network,Missouri,2024,0.07379214973197705,7.379214973197705,HIGH SAVINGS
A02527,Mountain View Health Collaborative Physician Alliance,Washington,2024,-0.002736680430529991,-0.2736680430529991,LOW SAVINGS
A02528,Pioneer Physician Network Partners,Colorado,2024,0.013028547724164391,1.3028547724164392,MODERATE SAVINGS
A02529,Green Valley Medical Partners Medical Center,New York,2024,0.005709580080630359,0.5709580080630359,MODERATE SAVINGS
A02530,Clearview Physicians Care Network,California,2024,0.04227068989111286,4.227068989111285,HIGH SAVINGS
A02531,Blue Ridge Health Network Association,Virginia,2024,0.01683265077562638,1.683265077562638,MODERATE SAVINGS
A02532,Brookside Health Partners Physician Alliance,California,2024,0.04612507246207469,4.6125072462074685,HIGH SAVINGS
A02533,Valley Health Alliance Care Network,California,2024,-0.009107400727344,-0.9107400727343999,LOW SAVINGS
A02534,Grandview Health Collaborative Alliance,Alabama,2024,0.0007319628277086115,0.07319628277086114,MODERATE SAVINGS
A02535,Riverbend Health Partners Care Network,Michigan,2024,-0.04068264380487506,-4.068264380487506,LOW SAVINGS
A02536,Summit Physician Network Partners,Oregon,2024,0.037780822740750786,3.7780822740750786,HIGH SAVINGS
A02537,Crestview Health Collaborative Medical Center,Virginia,2024,-0.027890001713295025,-2.7890001713295023,LOW SAVINGS
A02538,Golden Valley Clinical Partners Medical Center,Oregon,2024,0.011004649697412331,1.1004649697412332,MODERATE SAVINGS
A02539,Summit Medical Partners Network,Wisconsin,2024,-0.023438638166389816,-2.3438638166389816,LOW SAVINGS
A02540,Springfield Health Partners Physician Alliance,California,2024,-0.00199790901232496,-0.19979090123249602,LOW SAVINGS
A02542,Crestview Healthcare Network,Oregon,2024,-0.013809634544564508,-1.3809634544564509,LOW SAVINGS
A02543,Parkview Physician Network Physician Alliance,Arizona,2024,0.04687514955530265,4.687514955530265,HIGH SAVINGS
A02544,Valley Integrated Health Partners,California,2024,0.04993479730857884,4.993479730857884,HIGH SAVINGS
A02545,Maplewood Integrated Health Health System,Georgia,2024,0.03110255894225103,3.110255894225103,HIGH SAVINGS
A02546,Metro Care Group,Oregon,2024,0.049075685592608394,4.90756855926084,HIGH SAVINGS
A02547,Blue Ridge Health Group,Georgia,2024,-0.00472217387684074,-0.472217387684074,LOW SAVINGS
A02548,Riverbend Integrated Health Health System,North Carolina,2024,0.00308959527759651,0.308959527759651,MODERATE SAVINGS
A02549,Pioneer Medical Group Alliance,Wisconsin,2024,0.03352828345364943,3.352828345364943,HIGH SAVINGS
A02550,Oakridge Health Association,California,2024,-0.006643169243189789,-0.6643169243189788,LOW SAVINGS
A02551,Brookside Health Network Alliance,Washington,2024,0.006258183044827412,0.6258183044827412,MODERATE SAVINGS
A02552,Summit Integrated Health Alliance,Ohio,2024,-0.01386061754960705,-1.386061754960705,LOW SAVINGS
A02553,Golden Valley Care Network Network,Ohio,2024,0.03639259231838407,3.639259231838407,HIGH SAVINGS
A02554,Mountain View Wellness Group,New Jersey,2024,0.029977677957486418,2.9977677957486417,MODERATE SAVINGS
A02555,Fairview Community Care Partners,Florida,2024,0.036453314805409046,3.6453314805409045,HIGH SAVINGS
A02556,Brookside Provider Alliance Group,Virginia,2024,0.05569128102276298,5.569128102276298,HIGH SAVINGS
A02557,Summit Medical Partners Health System,Tennessee,2024,0.018474732707290036,1.8474732707290036,MODERATE SAVINGS
A02558,Fairview Care Alliance Network,Colorado,2024,-0.0052992173543480285,-0.5299217354348028,LOW SAVINGS
A02559,Highland Wellness Group,California,2024,0.010057321622018013,1.0057321622018012,MODERATE SAVINGS
A02560,Stonebridge Physician Network Alliance,Illinois,2024,0.012781148357798422,1.2781148357798422,MODERATE SAVINGS
A02561,Unity Care Health System,Illinois,2024,0.021976908931267636,2.1976908931267634,MODERATE SAVINGS
A02562,Maplewood Medical Group Association,Connecticut,2024,-0.0004892124288256867,-0.04892124288256867,LOW SAVINGS
A02563,Beacon Provider Alliance Medical Center,Alabama,2024,0.014876825570860851,1.4876825570860852,MODERATE SAVINGS
A02565,Fairview Integrated Health Association,California,2024,0.006781333431807198,0.6781333431807198,MODERATE SAVINGS
A02566,Grandview Health Association,Alabama,2024,0.040866361462931815,4.0866361462931815,HIGH SAVINGS
A02567,Summit Medical Partners Physician Alliance,Tennessee,2024,-0.010974285283476281,-1.0974285283476282,LOW SAVINGS
A02568,Metro Physician Network Alliance,Connecticut,2024,0.04021478030821111,4.021478030821111,HIGH SAVINGS
A02569,Canyon Health Collaborative Health System,Oregon,2024,0.08947746592191538,8.947746592191539,HIGH SAVINGS
A02570,Lakeside Healthcare Association,Wisconsin,2024,0.027617555610544207,2.7617555610544207,MODERATE SAVINGS
A02571,Cedar Physicians Association,Texas,2024,0.0471593076730173,4.71593076730173,HIGH SAVINGS
A02572,Heartland Medical Partners Alliance,New Jersey,2024,0.06115798590371512,6.115798590371512,HIGH SAVINGS
A02573,Heartland Healthcare Partners,Maryland,2024,-0.052505604930896,-5.2505604930895995,LOW SAVINGS
A02574,Springfield Physicians Care Network,Indiana,2024,-0.004663884788211259,-0.46638847882112594,LOW SAVINGS
A02575,Community Medical Care Network,Illinois,2024,0.033581972233259226,3.3581972233259227,HIGH SAVINGS
A02576,Metro Physicians Physician Alliance,Maryland,2024,-0.017389056293765356,-1.7389056293765355,LOW SAVINGS
A02577,Meadow Health Network,Michigan,2024,0.03836170467324295,3.836170467324295,HIGH SAVINGS
A02578,Pinnacle Integrated Health Health System,New Jersey,2024,0.01717930568476993,1.717930568476993,MODERATE SAVINGS
A02579,Horizon Health Alliance Physician Alliance,Illinois,2024,0.04904851963235954,4.904851963235954,HIGH SAVINGS
A02580,Blue Ridge Health Network Collaborative,Indiana,2024,0.017022656148027983,1.7022656148027984,MODERATE SAVINGS
A02581,Beacon Care Partners Partners,North Carolina,2024,0.036062766196454855,3.6062766196454854,HIGH SAVINGS
A02583,Clearview Health Alliance Group,Colorado,2024,0.004346390322991116,0.4346390322991116,MODERATE SAVINGS
A02584,Evergreen Integrated Health Health System,North Carolina,2024,-0.0005957500141291727,-0.05957500141291727,LOW SAVINGS
A02585,Redwood Physician Network Medical Center,Massachusetts,2024,0.09579912777112336,9.579912777112336,HIGH SAVINGS
A02586,Riverbend Medical Partners Association,Arizona,2024,-0.017832741260378163,-1.7832741260378162,LOW SAVINGS
A02587,Maplewood Health Network Collaborative,Texas,2024,0.012201215019982965,1.2201215019982965,MODERATE SAVINGS
A02588,Stonebridge Health Partners Medical Center,New York,2024,0.013953266673724976,1.3953266673724976,MODERATE SAVINGS
A02589,Springfield Wellness Collaborative,Minnesota,2024,0.02890692353289995,2.890692353289995,MODERATE SAVINGS
A02590,Mountain View Health Alliance Care Network,Arizona,2024,0.0008463543627069038,0.08463543627069038,MODERATE SAVINGS
A02591,Golden Valley Care Collaborative,Maryland,2024,0.009080503655595361,0.9080503655595361,MODERATE SAVINGS
A02592,Silverstone Care Network Medical Center,Michigan,2024,0.008198618636715865,0.8198618636715865,MODERATE SAVINGS
A02593,Stonebridge Health Collaborative,Pennsylvania,2024,-0.015709091378271856,-1.5709091378271856,LOW SAVINGS
A02594,Riverside Healthcare Care Network,Oregon,2024,0.03148181362991769,3.148181362991769,HIGH SAVINGS
A02595,Green Valley Clinical Partners Alliance,Georgia,2024,0.054945921439587465,5.494592143958746,HIGH SAVINGS
A02596,Unity Health Network Health System,Massachusetts,2024,0.039013264362151065,3.9013264362151063,HIGH SAVINGS
A02597,Mountain View Physician Network Health System,North Carolina,2024,0.033505104003048576,3.3505104003048576,HIGH SAVINGS
A02598,Springfield Health Network Physician Alliance,Tennessee,2024,0.014962870347274766,1.4962870347274766,MODERATE SAVINGS
A02599,Riverside Health Alliance Association,Pennsylvania,2024,-0.00673090204386725,-0.673090204386725,LOW SAVINGS
A02600,Oakridge Physicians Health System,Ohio,2024,0.0006778088041318043,0.06778088041318044,MODERATE SAVINGS
A02601,Redwood Medical Group Medical Center,Tennessee,2024,-0.022411201730726416,-2.2411201730726416,LOW SAVINGS
A02602,Evergreen Medical Collaborative,Maryland,2024,0.010927354015541317,1.0927354015541317,MODERATE SAVINGS
A02603,Heartland Community Care Network,Colorado,2024,0.00543870522349134,0.543870522349134,MODERATE SAVINGS
A02604,Springfield Health Collaborative Care Network,California,2024,0.08031983502652242,8.031983502652242,HIGH SAVINGS
A02605,Grandview Integrated Health Collaborative,Indiana,2024,0.026606821942414368,2.6606821942414367,MODERATE SAVINGS
A02606,Horizon Medical Physician Alliance,Indiana,2024,-0.01678233732018799,-1.6782337320187988,LOW SAVINGS
A02607,Eastgate Community Care Medical Center,Oregon,2024,-0.000446012009710753,-0.0446012009710753,LOW SAVINGS
A02608,Springfield Care Partners Collaborative,Minnesota,2024,0.017230990174963406,1.7230990174963408,MODERATE SAVINGS
A02609,Golden Valley Medical Partners Network,Maryland,2024,0.040498025029786895,4.0498025029786895,HIGH SAVINGS
A02610,Beacon Care Medical Center,New York,2024,0.00729646313072666,0.729646313072666,MODERATE SAVINGS
A02611,WellSpring Care Alliance Collaborative,Georgia,2024,-0.004765209612292186,-0.4765209612292186,LOW SAVINGS
A02612,Canyon Care Network Partners,Indiana,2024,0.005873895581020099,0.5873895581020099,MODERATE SAVINGS
A02613,Oakridge Health Partners Medical Center,Florida,2024,0.033107594485969116,3.3107594485969116,HIGH SAVINGS
A02614,Evergreen Health Network Group,Florida,2024,0.034225761794839216,3.4225761794839213,HIGH SAVINGS
A02615,Horizon Physicians Medical Center,Virginia,2024,0.008016991951378772,0.8016991951378772,MODERATE SAVINGS
A02616,Riverside Health Care Network,California,2024,0.03742900970897705,3.742900970897705,HIGH SAVINGS
A02617,Parkview Medical Partners Medical Center,New Jersey,2024,0.021094930456663767,2.1094930456663765,MODERATE SAVINGS
A02618,Mountain View Physicians Alliance,Missouri,2024,0.01916432259033442,1.9164322590334422,MODERATE SAVINGS
A02619,Summit Healthcare Group,Illinois,2024,0.017196392238477784,1.7196392238477785,MODERATE SAVINGS
A02620,Stonebridge Care Alliance Network,Arizona,2024,0.0009151670491901518,0.09151670491901517,MODERATE SAVINGS
A02621,Mountain View Medical Group Network,Tennessee,2024,0.016650441150959358,1.6650441150959359,MODERATE SAVINGS
A02622,Crestview Clinical Partners Medical Center,Minnesota,2024,0.03205499507107895,3.205499507107895,HIGH SAVINGS
A02623,Heritage Health Partners Association,New Jersey,2024,0.04342332970561574,4.342332970561574,HIGH SAVINGS
A02624,Redwood Integrated Health Association,Missouri,2024,0.06685066552044867,6.6850665520448675,HIGH SAVINGS
A02625,Green Valley Wellness Alliance,Alabama,2024,0.027335697986237355,2.7335697986237353,MODERATE SAVINGS
A02626,Horizon Care Collaborative,Pennsylvania,2024,0.005084726208386117,0.5084726208386117,MODERATE SAVINGS
A02627,Grandview Wellness Partners,Alabama,2024,-0.0015228996661052643,-0.15228996661052643,LOW SAVINGS
A02628,Crestview Care Physician Alliance,Illinois,2024,-0.0032815594889968624,-0.32815594889968625,LOW SAVINGS
A02629,Lakeside Clinical Partners Alliance,Colorado,2024,0.05633596874443278,5.633596874443278,HIGH SAVINGS
A02631,Meadow Physician Network Partners,New Jersey,2024,-0.008611631726591502,-0.8611631726591502,LOW SAVINGS
A02632,Evergreen Care Alliance,Pennsylvania,2024,0.027293107344932913,2.7293107344932914,MODERATE SAVINGS
A02633,Unity Medical Group Medical Center,Ohio,2024,0.0080090069164445,0.8009006916444499,MODERATE SAVINGS
A02634,Metro Physicians Network,Ohio,2024,0.04112121367135456,4.1121213671354555,HIGH SAVINGS
A02635,Summit Care Alliance Medical Center,Virginia,2024,0.013165610335945578,1.316561033594558,MODERATE SAVINGS
A02636,Fairview Physicians Partners,Washington,2024,0.04015311035944449,4.015311035944449,HIGH SAVINGS
A02637,Canyon Health Alliance Health System,California,2024,-0.013115704279856167,-1.3115704279856166,LOW SAVINGS
A02638,Crestview Care Alliance Physician Alliance,Florida,2024,0.004187294646278228,0.41872946462782284,MODERATE SAVINGS
A02639,Gateway Care Health System,Missouri,2024,0.044616046262200636,4.461604626220064,HIGH SAVINGS
A02640,Redwood Medical Group Group,Illinois,2024,-0.01730378694184874,-1.730378694184874,LOW SAVINGS
A02641,Highland Care Network Collaborative,Texas,2024,0.028640938001173368,2.864093800117337,MODERATE SAVINGS
A02642,Horizon Wellness Association,Alabama,2024,0.015457759661624784,1.5457759661624784,MODERATE SAVINGS
A02643,Meadow Provider Alliance Physician Alliance,Florida,2024,0.04024838920683249,4.0248389206832496,HIGH SAVINGS
A02644,Valley Community Care Alliance,Arizona,2024,0.04544368154017825,4.544368154017825,HIGH SAVINGS
A02645,Beacon Clinical Partners Health System,Indiana,2024,0.04979992753128114,4.979992753128114,HIGH SAVINGS
A02646,Canyon Medical Group,Minnesota,2024,0.054134792186856,5.4134792186856,HIGH SAVINGS
A02647,Highland Clinical Partners Care Network,Illinois,2024,0.011317332197778347,1.1317332197778347,MODERATE SAVINGS
A02648,WellSpring Physicians Alliance,New York,2024,-0.015535179662178973,-1.5535179662178973,LOW SAVINGS
A02649,Metro Wellness Network,Massachusetts,2024,-0.005714651258380775,-0.5714651258380775,LOW SAVINGS
A02650,Crestview Physician Network Health System,Ohio,2024,0.040498025029786895,4.0498025029786895,HIGH SAVINGS
A02651,Heritage Healthcare Partners,Washington,2024,0.050421572920021286,5.042157292002129,HIGH SAVINGS
A02652,Maplewood Integrated Health Association,Ohio,2024,0.03372080038428596,3.372080038428596,HIGH SAVINGS
A02653,Lakeside Care Care Network,New York,2024,-0.001459853027143522,-0.1459853027143522,LOW SAVINGS
A02654,Parkview Health Care Network,Georgia,2024,0.006896640253042829,0.6896640253042828,MODERATE SAVINGS
A02656,Mountain View Health Medical Center,California,2024,-0.034998969509839946,-3.499896950983995,LOW SAVINGS
A02657,Crestview Care Partners Collaborative,Illinois,2024,0.014263867155863606,1.4263867155863605,MODERATE SAVINGS
A02659,Springfield Care Alliance Health System,Tennessee,2024,0.021863451700140545,2.1863451700140546,MODERATE SAVINGS
A02660,Northstar Healthcare Collaborative,Michigan,2024,0.05051453922388402,5.051453922388402,HIGH SAVINGS
A02661,Pioneer Care Network,Connecticut,2024,0.05347310163120762,5.3473101631207625,HIGH SAVINGS
A02662,Silverstone Health Network Alliance,Wisconsin,2024,0.06532981646631557,6.532981646631557,HIGH SAVINGS
A02663,Riverbend Clinical Partners Health System,Maryland,2024,0.07381145772992027,7.381145772992028,HIGH SAVINGS
A02664,Community Community Care Association,Pennsylvania,2024,-0.005844363735041123,-0.5844363735041123,LOW SAVINGS
A02665,Valley Community Care Network,Oregon,2024,0.028889226461613685,2.8889226461613684,MODERATE SAVINGS
A02666,Heritage Integrated Health Care Network,Arizona,2024,0.012898096067270375,1.2898096067270375,MODERATE SAVINGS
A02667,Oakridge Care Alliance Care Network,Minnesota,2024,0.04950323956381655,4.950323956381656,HIGH SAVINGS
A02668,Parkview Medical Alliance,Massachusetts,2024,0.029094893482570036,2.9094893482570034,MODERATE SAVINGS
A02669,Cedar Wellness Alliance,Oregon,2024,-0.01977984015906533,-1.977984015906533,LOW SAVINGS
A02670,Heartland Provider Alliance Medical Center,Indiana,2024,0.027956332186514533,2.7956332186514534,MODERATE SAVINGS
A02671,Summit Wellness Network,Ohio,2024,0.010988227474760212,1.0988227474760213,MODERATE SAVINGS
A02672,Mountain View Clinical Partners Alliance,Minnesota,2024,0.027194004207967748,2.7194004207967746,MODERATE SAVINGS
A02673,Community Care Alliance Association,Colorado,2024,0.02698404061849982,2.698404061849982,MODERATE SAVINGS
A02674,Unity Health Network Network,Arizona,2024,-0.026358328946611824,-2.635832894661182,LOW SAVINGS
A02675,Cedar Health Alliance Alliance,New York,2024,0.005627243476881789,0.5627243476881789,MODERATE SAVINGS
A02676,Beacon Community Care Physician Alliance,Connecticut,2024,0.01753736849692317,1.7537368496923171,MODERATE SAVINGS
A02677,Cedar Medical Group Partners,Alabama,2024,0.023391467734642485,2.3391467734642486,MODERATE SAVINGS
A02678,Mountain View Medical Group Collaborative,Alabama,2024,0.023343280572055144,2.3343280572055143,MODERATE SAVINGS
A02679,Clearview Provider Alliance Network,Arizona,2024,0.026390952707037302,2.6390952707037303,MODERATE SAVINGS
A02680,Evergreen Health Collaborative Network,Michigan,2024,0.022192931236021934,2.2192931236021933,MODERATE SAVINGS
A02682,Fairview Care Partners Health System,Colorado,2024,0.031754670487756695,3.1754670487756695,HIGH SAVINGS
A02683,Cedar Health Partners Health System,Virginia,2024,0.00800566493443216,0.800566493443216,MODERATE SAVINGS
A02684,Parkview Health Collaborative Care Network,Pennsylvania,2024,0.010256045664117225,1.0256045664117224,MODERATE SAVINGS
A02685,Canyon Integrated Health Association,Michigan,2024,0.06357201569337717,6.357201569337717,HIGH SAVINGS
A02686,Pinnacle Care Network,Georgia,2024,0.04375039738270661,4.375039738270662,HIGH SAVINGS
A02687,Valley Care Network Association,Connecticut,2024,-0.03845191131654239,-3.845191131654239,LOW SAVINGS
A02688,Parkview Physicians Association,Florida,2024,-0.020388387652025834,-2.0388387652025832,LOW SAVINGS
A02690,Riverside Health Network Physician Alliance,Michigan,2024,-0.034886309461552044,-3.4886309461552045,LOW SAVINGS
A02691,Pioneer Provider Alliance Partners,California,2024,0.01018122793893028,1.018122793893028,MODERATE SAVINGS
A02692,Meadow Medical Group Medical Center,Wisconsin,2024,0.017205913219008436,1.7205913219008435,MODERATE SAVINGS
A02693,Pinnacle Provider Alliance Medical Center,Virginia,2024,0.017429128783254935,1.7429128783254935,MODERATE SAVINGS
A02694,Stonebridge Care Network Physician Alliance,Indiana,2024,0.019380998681257325,1.9380998681257324,MODERATE SAVINGS
A02695,Fairview Medical Partners Network,Illinois,2024,0.016333958482968373,1.6333958482968374,MODERATE SAVINGS
A02696,Oakridge Medical Network,Oregon,2024,0.03021668393895264,3.021668393895264,HIGH SAVINGS
A02697,Community Wellness Physician Alliance,Oregon,2024,0.014156282114552906,1.4156282114552907,MODERATE SAVINGS
A02698,Stonebridge Provider Alliance Group,Arizona,2024,0.020653786405352096,2.0653786405352097,MODERATE SAVINGS
A02699,Beacon Care Network,Washington,2024,0.037420659387510026,3.7420659387510025,HIGH SAVINGS
A02700,Valley Medical Group Group,Indiana,2024,0.006984576581207457,0.6984576581207458,MODERATE SAVINGS
A02701,Gateway Health Partners Health System,New Jersey,2024,0.014951620626865147,1.4951620626865147,MODERATE SAVINGS
A02702,Parkview Care Care Network,Tennessee,2024,0.02896097917025814,2.8960979170258137,MODERATE SAVINGS
A02703,Maplewood Medical Care Network,Wisconsin,2024,0.062250839570131895,6.225083957013189,HIGH SAVINGS
A02704,Pioneer Health Collaborative,New Jersey,2024,0.0009335227082370554,0.09335227082370554,MODERATE SAVINGS
A02705,Eastgate Integrated Health Association,Washington,2024,0.004193318227792984,0.41933182277929837,MODERATE SAVINGS
A02706,Fairview Community Care Alliance,Illinois,2024,0.03212277543936966,3.212277543936966,HIGH SAVINGS
A02707,Horizon Health Network Medical Center,Texas,2024,0.006686177171743536,0.6686177171743536,MODERATE SAVINGS
A02708,Maplewood Care Partners Network,Minnesota,2024,0.0014379404294349233,0.14379404294349232,MODERATE SAVINGS
A02709,Mountain View Medical Group Alliance,Oregon,2024,0.010448154985045395,1.0448154985045395,MODERATE SAVINGS
A02710,Blue Ridge Health Alliance Health System,Alabama,2024,0.010298365083947313,1.0298365083947314,MODERATE SAVINGS
A02711,Westfield Health Partners Partners,Massachusetts,2024,0.03040331008082548,3.040331008082548,HIGH SAVINGS
A02712,Maplewood Physicians Physician Alliance,Colorado,2024,-0.006533072954133848,-0.6533072954133848,LOW SAVINGS
A02713,Maplewood Health Collaborative Physician Alliance,Florida,2024,-0.019377867252083552,-1.9377867252083552,LOW SAVINGS
A02714,Meadow Health Network Group,Colorado,2024,0.030527895106477555,3.0527895106477554,HIGH SAVINGS
A02715,Canyon Health Network Network,Colorado,2024,0.007983431900424118,0.7983431900424118,MODERATE SAVINGS
A02716,Lakeside Medical Collaborative,Massachusetts,2024,0.034231565298301715,3.4231565298301714,HIGH SAVINGS
A02717,Pinnacle Integrated Health Group,Massachusetts,2024,0.04773736535820465,4.773736535820465,HIGH SAVINGS
A02718,Fairview Physicians Association,Minnesota,2024,-0.03398719550921599,-3.398719550921599,LOW SAVINGS
A02719,Heritage Healthcare Association,California,2024,-0.012674356579440743,-1.2674356579440742,LOW SAVINGS
A02720,Stonebridge Care Alliance Medical Center,Wisconsin,2024,0.018998324847988485,1.8998324847988486,MODERATE SAVINGS
A02721,Springfield Physician Network Partners,Michigan,2024,0.004839154160549112,0.48391541605491123,MODERATE SAVINGS
A02722,Parkview Integrated Health Alliance,Missouri,2024,-0.007409927715889463,-0.7409927715889464,LOW SAVINGS
A02723,Eastgate Medical Partners Collaborative,Massachusetts,2024,-0.03364135561773771,-3.364135561773771,LOW SAVINGS
A02724,Brookside Medical Alliance,Missouri,2024,0.002462580700255243,0.2462580700255243,MODERATE SAVINGS
A02725,Beacon Wellness Group,Missouri,2024,0.03406296751156518,3.4062967511565176,HIGH SAVINGS
A02726,Horizon Health Collaborative Care Network,Connecticut,2024,0.020480614325479856,2.0480614325479856,MODERATE SAVINGS
A02727,Canyon Physician Network Alliance,Wisconsin,2024,-0.013384751126276278,-1.3384751126276277,LOW SAVINGS
A02728,Summit Care Alliance Alliance,Massachusetts,2024,0.05195900921900849,5.195900921900849,HIGH SAVINGS
A02729,Grandview Health Partners Group,Massachusetts,2024,0.029883666325893402,2.98836663258934,MODERATE SAVINGS
A02730,Metro Integrated Health Partners,Ohio,2024,0.015174929708679313,1.5174929708679312,MODERATE SAVINGS
A02731,Cedar Care Network Care Network,Wisconsin,2024,0.041174980498466116,4.117498049846612,HIGH SAVINGS
A02732,Canyon Care Partners Health System,New Jersey,2024,0.013260439093023584,1.3260439093023584,MODERATE SAVINGS
A02733,Cedar Provider Alliance Care Network,Wisconsin,2024,0.010203564547965756,1.0203564547965756,MODERATE SAVINGS
A02734,Riverside Medical Partners Group,California,2024,0.009921808274731969,0.9921808274731969,MODERATE SAVINGS
A02735,Brookside Healthcare Health System,Virginia,2024,0.0015362009069936331,0.1536200906993633,MODERATE SAVINGS
A02736,Horizon Physician Network Health System,Illinois,2024,0.03336332084038131,3.3363320840381308,HIGH SAVINGS
A02737,Redwood Medical Partners Medical Center,Georgia,2024,0.028285130844608805,2.8285130844608806,MODERATE SAVINGS
A02738,Canyon Health Network Health System,Oregon,2024,0.0016738112610313932,0.16738112610313932,MODERATE SAVINGS
A02739,Pioneer Medical Group Group,Connecticut,2024,-0.036868693374966385,-3.6868693374966384,LOW SAVINGS
A02740,Beacon Health Network Medical Center,Tennessee,2024,0.005419441757841099,0.5419441757841098,MODERATE SAVINGS
A02741,Maplewood Health Group,New York,2024,0.02572187565017459,2.572187565017459,MODERATE SAVINGS
A02742,Blue Ridge Care Alliance Network,Alabama,2024,0.011799090793204604,1.1799090793204605,MODERATE SAVINGS
A02743,Grandview Medical Group Medical Center,Connecticut,2024,0.004092860889097589,0.4092860889097589,MODERATE SAVINGS
A02744,Westfield Medical Collaborative,Tennessee,2024,0.002826295638749147,0.28262956387491467,MODERATE SAVINGS
A02745,Redwood Provider Alliance Health System,Texas,2024,0.01870411516027342,1.870411516027342,MODERATE SAVINGS
A02746,Canyon Clinical Partners Group,North Carolina,2024,-0.05935953214133631,-5.935953214133631,LOW SAVINGS
A02747,WellSpring Clinical Partners Association,California,2024,0.028107122875223184,2.8107122875223185,MODERATE SAVINGS
A02748,Silverstone Health Collaborative Association,New York,2024,0.06455855738749147,6.455855738749147,HIGH SAVINGS
A02749,Brookside Provider Alliance Health System,Oregon,2024,0.01778948268542606,1.778948268542606,MODERATE SAVINGS
A02750,Mountain View Integrated Health Health System,New Jersey,2024,0.05800753459770123,5.800753459770123,HIGH SAVINGS
A02751,Eastgate Clinical Partners Partners,Ohio,2024,-0.026445196056651393,-2.644519605665139,LOW SAVINGS
A02752,Riverbend Health Alliance Physician Alliance,Connecticut,2024,0.0466276799394973,4.66276799394973,HIGH SAVINGS
A02753,Highland Community Care Care Network,Florida,2024,0.005651778035203442,0.5651778035203442,MODERATE SAVINGS
A02754,Westfield Medical Partners Association,Massachusetts,2024,0.017856607426841996,1.7856607426841995,MODERATE SAVINGS
A02755,Springfield Provider Alliance Group,New York,2024,-0.0005338684053009502,-0.05338684053009502,LOW SAVINGS
A02756,Canyon Health Network,Illinois,2024,-0.012812863316358116,-1.2812863316358116,LOW SAVINGS
A02757,Brookside Health Partners Partners,Oregon,2024,0.035340915202173084,3.5340915202173084,HIGH SAVINGS
A02758,Stonebridge Health Alliance Partners,Massachusetts,2024,0.005773739044611629,0.5773739044611629,MODERATE SAVINGS
A02759,Beacon Integrated Health Care Network,Virginia,2024,0.030234590546071638,3.023459054607164,HIGH SAVINGS
A02760,Northstar Medical Partners Physician Alliance,Arizona,2024,-0.01913972205582968,-1.913972205582968,LOW SAVINGS
A02761,Northstar Clinical Partners Association,Arizona,2024,-0.014980219445316667,-1.4980219445316667,LOW SAVINGS
A02762,Eastgate Care Alliance Alliance,Colorado,2024,0.0621254821429863,6.21254821429863,HIGH SAVINGS
A02763,Unity Integrated Health Physician Alliance,Connecticut,2024,-0.008535828352292052,-0.8535828352292052,LOW SAVINGS
A02764,Maplewood Care Network Care Network,Tennessee,2024,0.07187793133400648,7.187793133400648,HIGH SAVINGS
A02765,Canyon Physician Network Network,Wisconsin,2024,0.012401791852744736,1.2401791852744737,MODERATE SAVINGS
A02766,Heritage Wellness Group,Georgia,2024,0.010986502664991796,1.0986502664991797,MODERATE SAVINGS
A02767,Canyon Health Collaborative Partners,Arizona,2024,0.017312723691771555,1.7312723691771554,MODERATE SAVINGS
A02768,Grandview Medical Partners Partners,New York,2024,0.013369015038650008,1.3369015038650007,MODERATE SAVINGS
A02769,Meadow Care Network Association,Washington,2024,0.06220887210091146,6.220887210091146,HIGH SAVINGS
A02770,Horizon Provider Alliance Medical Center,Connecticut,2024,0.013260439093023584,1.3260439093023584,MODERATE SAVINGS
A02771,Pioneer Care Group,Michigan,2024,0.007983431900424118,0.7983431900424118,MODERATE SAVINGS
A02772,Maplewood Integrated Health Alliance,Minnesota,2024,0.024938641202519523,2.4938641202519523,MODERATE SAVINGS
A02773,Gateway Health Alliance Network,New Jersey,2024,0.012944757681020031,1.2944757681020032,MODERATE SAVINGS
A02774,Riverside Medical Medical Center,Virginia,2024,0.023755315404819684,2.3755315404819686,MODERATE SAVINGS
A02775,Canyon Care Network Collaborative,Connecticut,2024,0.025995851423073188,2.5995851423073186,MODERATE SAVINGS
A02776,Crestview Health Partners Collaborative,Virginia,2024,0.008187106099549549,0.8187106099549548,MODERATE SAVINGS
A02777,Summit Health Alliance Association,California,2024,0.006949815072742522,0.6949815072742522,MODERATE SAVINGS
A02779,Metro Care Network Collaborative,New York,2024,0.0030890464606901672,0.30890464606901674,MODERATE SAVINGS
A02780,Unity Provider Alliance Care Network,Florida,2024,0.017418984336236544,1.7418984336236545,MODERATE SAVINGS
A02781,Horizon Care Partners Collaborative,Illinois,2024,-0.030351115228044196,-3.0351115228044194,LOW SAVINGS
A02782,Brookside Physician Network Alliance,Virginia,2024,-0.0007059827934560386,-0.07059827934560385,LOW SAVINGS
A02783,Parkview Health Alliance Group,Michigan,2024,0.042273359576090935,4.227335957609093,HIGH SAVINGS
A02784,Mountain View Care Association,Oregon,2024,0.04462650955509262,4.462650955509262,HIGH SAVINGS
A02785,Community Health Collaborative,Pennsylvania,2024,0.06541733688915848,6.541733688915848,HIGH SAVINGS
A02786,Community Community Care Physician Alliance,North Carolina,2024,0.0525373959757806,5.25373959757806,HIGH SAVINGS
A02787,Maplewood Care Network Physician Alliance,Minnesota,2024,0.007979956712614854,0.7979956712614854,MODERATE SAVINGS
A02788,Summit Physician Network Health System,Pennsylvania,2024,-0.00323596100715359,-0.323596100715359,LOW SAVINGS
A02789,Highland Medical Partners Care Network,Alabama,2024,0.017409387257422363,1.7409387257422364,MODERATE SAVINGS
A02791,Maplewood Care Alliance Health System,Georgia,2024,0.00304523372656376,0.304523372656376,MODERATE SAVINGS
A02792,Summit Care Partners Network,Texas,2024,0.028403301486711188,2.8403301486711188,MODERATE SAVINGS
A02793,Meadow Medical Group Network,Connecticut,2024,0.06375861774537317,6.3758617745373165,HIGH SAVINGS
A02794,Riverbend Integrated Health Alliance,Florida,2024,0.0526846768014974,5.26846768014974,HIGH SAVINGS
A02796,Valley Provider Alliance Network,Illinois,2024,0.012466724069904147,1.2466724069904147,MODERATE SAVINGS
A02797,Meadow Provider Alliance Collaborative,Washington,2024,0.032527817025875864,3.2527817025875865,HIGH SAVINGS
A02798,Eastgate Health Network Care Network,Pennsylvania,2024,-0.007382472256435025,-0.7382472256435025,LOW SAVINGS
A02799,Golden Valley Care Alliance Association,Illinois,2024,0.052027566149349475,5.202756614934947,HIGH SAVINGS
A02800,Pioneer Health Health System,New York,2024,-0.02229849842437945,-2.2298498424379454,LOW SAVINGS
A02801,WellSpring Care Collaborative,Texas,2024,0.0040473300839967054,0.4047330083996705,MODERATE SAVINGS
A02802,Westfield Medical Partners Medical Center,Colorado,2024,0.02762189205341951,2.7621892053419512,MODERATE SAVINGS
A02803,Grandview Medical Partners Care Network,Alabama,2024,0.07288393738493963,7.288393738493963,HIGH SAVINGS
A02804,Eastgate Care Network Physician Alliance,Minnesota,2024,0.019268027951992565,1.9268027951992566,MODERATE SAVINGS
A02805,Grandview Physicians Medical Center,Oregon,2024,0.03905047598866181,3.9050475988661812,HIGH SAVINGS
A02806,Fairview Health Network Physician Alliance,Texas,2024,-0.020159075213204276,-2.0159075213204276,LOW SAVINGS
A02807,WellSpring Care Network Partners,Colorado,2024,0.00023935908922853894,0.023935908922853893,MODERATE SAVINGS
A02808,Westfield Care Partners Group,Alabama,2024,-0.002832072825567434,-0.2832072825567434,LOW SAVINGS
A02809,Parkview Healthcare Alliance,Tennessee,2024,0.0120483136599112,1.20483136599112,MODERATE SAVINGS
A02810,Eastgate Health Collaborative Collaborative,Maryland,2024,0.009567785994190312,0.9567785994190312,MODERATE SAVINGS
A02811,Fairview Care Care Network,Maryland,2024,0.018752444989786718,1.8752444989786718,MODERATE SAVINGS
A02812,Silverstone Integrated Health Group,Connecticut,2024,-0.003237513200062505,-0.3237513200062505,LOW SAVINGS
A02814,Riverside Care Alliance,Missouri,2024,0.05280451388152247,5.2804513881522475,HIGH SAVINGS
A02815,Riverbend Health Partners Medical Center,Connecticut,2024,0.024991360079181235,2.4991360079181235,MODERATE SAVINGS
A02816,Blue Ridge Healthcare Group,Connecticut,2024,0.019298388705455034,1.9298388705455034,MODERATE SAVINGS
A02817,Summit Health Partners Association,Maryland,2024,0.02134593317256267,2.134593317256267,MODERATE SAVINGS
A02818,Heritage Health Network Association,Indiana,2024,0.008204045517231433,0.8204045517231433,MODERATE SAVINGS
A02819,Riverbend Provider Alliance Physician Alliance,Michigan,2024,0.056415043263134006,5.641504326313401,HIGH SAVINGS
A02820,Meadow Healthcare Alliance,Arizona,2024,0.031016062469425898,3.10160624694259,HIGH SAVINGS
A02821,Meadow Provider Alliance Association,Wisconsin,2024,0.04673863775392802,4.673863775392801,HIGH SAVINGS
A02822,Grandview Care Medical Center,Alabama,2024,0.023150546312083693,2.3150546312083695,MODERATE SAVINGS
A02823,Fairview Physicians Health System,Connecticut,2024,-0.0025580869336129532,-0.2558086933612953,LOW SAVINGS
A02824,Heritage Physician Network Health System,North Carolina,2024,0.0328706485913358,3.2870648591335803,HIGH SAVINGS
A02825,Maplewood Medical Partners,Virginia,2024,0.037975134117064054,3.7975134117064053,HIGH SAVINGS
A02826,Heartland Care Network Alliance,Georgia,2024,0.03333554760045353,3.333554760045353,HIGH SAVINGS
A02827,Silverstone Health Association,Massachusetts,2024,0.02496373918105584,2.4963739181055837,MODERATE SAVINGS
A02828,Canyon Care Alliance Care Network,Arizona,2024,0.020704849889107244,2.0704849889107244,MODERATE SAVINGS
A02829,Cedar Care Health System,Florida,2024,0.003595613714673993,0.3595613714673993,MODERATE SAVINGS
A02830,Redwood Medical Group Health System,Illinois,2024,0.01674177587719644,1.674177587719644,MODERATE SAVINGS
A02832,Meadow Care Network Physician Alliance,Illinois,2024,-0.007766473646794691,-0.7766473646794692,LOW SAVINGS
A02834,Heartland Health Partners Medical Center,Arizona,2024,0.05363919514185975,5.363919514185975,HIGH SAVINGS
A02835,Golden Valley Care Alliance Collaborative,Connecticut,2024,0.012834925550360528,1.2834925550360528,MODERATE SAVINGS
A02837,Riverbend Medical Partners Medical Center,Ohio,2024,0.0022221001942562646,0.22221001942562646,MODERATE SAVINGS
A02838,Cedar Physicians Partners,Oregon,2024,0.04010160796150917,4.010160796150917,HIGH SAVINGS
A02839,Riverside Provider Alliance Collaborative,Ohio,2024,-0.003016143897464944,-0.3016143897464944,LOW SAVINGS
A02840,Heritage Physicians Care Network,Georgia,2024,0.0466993534969365,4.66993534969365,HIGH SAVINGS
A02841,Gateway Medical Group Partners,Florida,2024,-0.002811456986648574,-0.2811456986648574,LOW SAVINGS
A02842,WellSpring Health Network Alliance,Maryland,2024,0.006583394100780485,0.6583394100780485,MODERATE SAVINGS
A02843,Gateway Medical Physician Alliance,New Jersey,2024,-0.03518914960736025,-3.5189149607360246,LOW SAVINGS
A02844,Fairview Wellness Health System,North Carolina,2024,-0.01580312634777944,-1.5803126347779441,LOW SAVINGS
A02845,Beacon Physician Network Medical Center,Virginia,2024,0.006307783331348141,0.630778333134814,MODERATE SAVINGS
A02846,Riverside Wellness Collaborative,Maryland,2024,-0.03188160387505716,-3.188160387505716,LOW SAVINGS
A02847,Beacon Care Alliance Physician Alliance,Missouri,2024,-0.009006060609110526,-0.9006060609110526,LOW SAVINGS
A02848,Metro Care Alliance Alliance,New York,2024,0.03427248680836804,3.427248680836804,HIGH SAVINGS
A02849,Springfield Clinical Partners Medical Center,Missouri,2024,0.045298939218289445,4.529893921828944,HIGH SAVINGS
A02850,Community Provider Alliance Collaborative,Florida,2024,0.05902947202626672,5.902947202626672,HIGH SAVINGS
A02851,Northstar Clinical Partners Partners,Massachusetts,2024,-0.004191587169147133,-0.4191587169147133,LOW SAVINGS
A02852,Stonebridge Health Alliance Association,Oregon,2024,0.042648658935492495,4.264865893549249,HIGH SAVINGS
A02853,Cedar Care Partners Group,Washington,2024,-0.004256925516538054,-0.4256925516538054,LOW SAVINGS
A02854,Cedar Wellness Association,Colorado,2024,0.05362014827097741,5.362014827097741,HIGH SAVINGS
A02855,Clearview Provider Alliance Health System,Maryland,2024,0.03061323665651615,3.061323665651615,HIGH SAVINGS
A02856,Silverstone Physicians Care Network,Minnesota,2024,0.012072354214573134,1.2072354214573133,MODERATE SAVINGS
A02857,Clearview Physician Network Health System,Oregon,2024,-0.006816394878617477,-0.6816394878617478,LOW SAVINGS
A02858,Maplewood Health Partners Group,Florida,2024,0.012898007488639904,1.2898007488639904,MODERATE SAVINGS
A02859,WellSpring Integrated Health Association,Pennsylvania,2024,0.008187106099549549,0.8187106099549548,MODERATE SAVINGS
A02860,Redwood Physicians Collaborative,Texas,2024,-0.028735023838751074,-2.8735023838751075,LOW SAVINGS
A02861,Green Valley Physicians Physician Alliance,Illinois,2024,0.05056178810634114,5.056178810634114,HIGH SAVINGS
A02862,Canyon Care Partners,Oregon,2024,0.004670033500358765,0.46700335003587656,MODERATE SAVINGS
A02863,Meadow Medical Medical Center,Arizona,2024,0.0008463543627069038,0.08463543627069038,MODERATE SAVINGS
A02864,Crestview Medical Partners Care Network,New Jersey,2024,-0.0076738505559839024,-0.7673850555983902,LOW SAVINGS
A02865,Fairview Provider Alliance Partners,Georgia,2024,0.05523378143446717,5.523378143446718,HIGH SAVINGS
A02867,Maplewood Medical Group Care Network,Virginia,2024,0.017237301612894797,1.7237301612894798,MODERATE SAVINGS
A02868,Stonebridge Wellness Health System,Ohio,2024,0.02246579432089072,2.246579432089072,MODERATE SAVINGS
A02869,Highland Health Collaborative Network,Wisconsin,2024,-0.005654320950457823,-0.5654320950457823,LOW SAVINGS
A02870,Green Valley Physician Network Alliance,Tennessee,2024,0.05031656716579771,5.0316567165797705,HIGH SAVINGS
A02871,Evergreen Care Partners Medical Center,Connecticut,2024,-0.010641521944492766,-1.0641521944492767,LOW SAVINGS
A02872,Oakridge Care Association,Michigan,2024,-0.04550535637748739,-4.550535637748739,LOW SAVINGS
A02873,Redwood Health Physician Alliance,New York,2024,0.04314951124644574,4.314951124644574,HIGH SAVINGS
A02874,Fairview Care Alliance Collaborative,Maryland,2024,-0.031820077761259336,-3.1820077761259338,LOW SAVINGS
A02875,Community Physician Network Health System,North Carolina,2024,-0.030636264877379655,-3.0636264877379653,LOW SAVINGS
A02876,Northstar Health Network Network,California,2024,0.05658596329367908,5.658596329367907,HIGH SAVINGS
A02877,Summit Health Network Medical Center,Michigan,2024,-0.007615693524869038,-0.7615693524869038,LOW SAVINGS
A02878,WellSpring Health Collaborative Alliance,Minnesota,2024,0.001762846109994681,0.1762846109994681,MODERATE SAVINGS
A02879,Horizon Integrated Health Care Network,Washington,2024,-0.03501307959104038,-3.5013079591040377,LOW SAVINGS
A02880,Crestview Health Collaborative Health System,Colorado,2024,-0.008092945321298735,-0.8092945321298735,LOW SAVINGS
A02881,Redwood Medical Association,Georgia,2024,-0.043601289996524406,-4.36012899965244,LOW SAVINGS
A02882,Metro Physician Network Physician Alliance,Indiana,2024,0.024241052709545415,2.4241052709545414,MODERATE SAVINGS
A02884,Pioneer Integrated Health Association,Minnesota,2024,0.04989241421456445,4.989241421456446,HIGH SAVINGS
A02885,Unity Physicians Partners,Pennsylvania,2024,0.016869786512950163,1.6869786512950162,MODERATE SAVINGS
A02886,Pioneer Care Network Network,Ohio,2024,0.008803066019670795,0.8803066019670794,MODERATE SAVINGS
A02887,Heartland Healthcare Physician Alliance,Wisconsin,2024,0.03995639448661349,3.995639448661349,HIGH SAVINGS
A02888,Valley Medical Alliance,Arizona,2024,0.04411749378255592,4.411749378255592,HIGH SAVINGS
A02889,Lakeside Clinical Partners Group,New Jersey,2024,0.022388619125552008,2.2388619125552007,MODERATE SAVINGS
A02890,Crestview Medical Group Association,Virginia,2024,-0.010210849591262165,-1.0210849591262166,LOW SAVINGS
A02891,Maplewood Provider Alliance Physician Alliance,Wisconsin,2024,0.015794160893487095,1.5794160893487095,MODERATE SAVINGS
A02892,Meadow Integrated Health Collaborative,Indiana,2024,0.006145271595337768,0.6145271595337768,MODERATE SAVINGS
A02893,Highland Medical Partners Health System,Missouri,2024,0.04003393877097022,4.0033938770970225,HIGH SAVINGS
A02894,Blue Ridge Provider Alliance Alliance,Minnesota,2024,0.0158638031249017,1.5863803124901699,MODERATE SAVINGS
A02895,Gateway Medical Partners Health System,North Carolina,2024,0.025749681234878516,2.5749681234878516,MODERATE SAVINGS
A02896,Springfield Physicians Partners,Oregon,2024,0.029977677957486418,2.9977677957486417,MODERATE SAVINGS
A02897,Evergreen Medical Group Collaborative,Georgia,2024,0.0213160598305696,2.1316059830569603,MODERATE SAVINGS
A02898,Meadow Community Care Collaborative,Illinois,2024,0.0441056128009749,4.41056128009749,HIGH SAVINGS
A02899,Westfield Care Health System,Ohio,2024,0.026212451199529606,2.6212451199529605,MODERATE SAVINGS
A02900,Riverside Healthcare Health System,Wisconsin,2024,0.013929103312346713,1.3929103312346713,MODERATE SAVINGS
A02901,Golden Valley Health Network Health System,North Carolina,2024,0.02577559380872352,2.5775593808723523,MODERATE SAVINGS
A02902,Westfield Health Partners Health System,Connecticut,2024,-0.02068549721488624,-2.068549721488624,LOW SAVINGS
A02903,Pioneer Health Network Physician Alliance,Oregon,2024,0.029322404416450808,2.9322404416450807,MODERATE SAVINGS
A02904,Mountain View Medical Partners Physician Alliance,North Carolina,2024,0.024938641202519523,2.4938641202519523,MODERATE SAVINGS
A02905,Maplewood Clinical Partners Health System,North Carolina,2024,-0.03409070088244338,-3.409070088244338,LOW SAVINGS
A02906,Eastgate Care Partners Physician Alliance,California,2024,0.012317641178445485,1.2317641178445484,MODERATE SAVINGS
A02907,Cedar Health Alliance Collaborative,Illinois,2024,-0.031819560634947945,-3.1819560634947943,LOW SAVINGS
A02908,Gateway Health Network,Washington,2024,0.0245097455906894,2.45097455906894,MODERATE SAVINGS
A02909,Valley Physician Network Partners,Minnesota,2024,0.000335937062267532,0.0335937062267532,MODERATE SAVINGS
A02910,Cedar Care Alliance Health System,Massachusetts,2024,0.08085867721222678,8.085867721222678,HIGH SAVINGS
A02911,Clearview Care Network Collaborative,Florida,2024,0.052357840366432436,5.235784036643244,HIGH SAVINGS
A02912,Lakeside Health Care Network,Massachusetts,2024,0.00017413508743555507,0.017413508743555507,MODERATE SAVINGS
A02913,Community Health Partners Association,Colorado,2024,0.02238845047358429,2.238845047358429,MODERATE SAVINGS
A02914,Meadow Medical Group Collaborative,Tennessee,2024,-0.012368660691618297,-1.2368660691618298,LOW SAVINGS
A02915,Riverbend Medical Partners Health System,Massachusetts,2024,-0.005983892308694356,-0.5983892308694356,LOW SAVINGS
A02918,Summit Care Alliance Care Network,Missouri,2024,0.04626784262540562,4.626784262540562,HIGH SAVINGS
A02919,Green Valley Physician Network Medical Center,Arizona,2024,-0.036212108503887556,-3.6212108503887555,LOW SAVINGS
A02920,Mountain View Medical Collaborative,Arizona,2024,0.013275976426389523,1.3275976426389522,MODERATE SAVINGS
A02921,Beacon Community Care Care Network,Massachusetts,2024,-0.05106054994869309,-5.106054994869309,LOW SAVINGS
A02922,Oakridge Health Partners Partners,Alabama,2024,-0.02998697871805073,-2.998697871805073,LOW SAVINGS
A02923,Valley Medical Partners Partners,Georgia,2024,0.010798012602292602,1.0798012602292602,MODERATE SAVINGS
A02924,Mountain View Health Network Care Network,Colorado,2024,0.0016645712638125652,0.1664571263812565,MODERATE SAVINGS
A02925,Meadow Care Medical Center,Michigan,2024,0.021118391686048836,2.1118391686048836,MODERATE SAVINGS
A02926,Unity Provider Alliance Collaborative,North Carolina,2024,-0.00976433221554219,-0.9764332215542191,LOW SAVINGS
A02927,Riverbend Healthcare Health System,Ohio,2024,0.03042403266543129,3.042403266543129,HIGH SAVINGS
A02928,Brookside Integrated Health Physician Alliance,Oregon,2024,-0.008335608938402884,-0.8335608938402884,LOW SAVINGS
A02929,Clearview Care Partners Partners,Arizona,2024,0.02098615701739232,2.0986157017392317,MODERATE SAVINGS
A02930,Clearview Healthcare Association,Ohio,2024,-0.01539594584975835,-1.539594584975835,LOW SAVINGS
A02931,Heritage Community Care Care Network,Minnesota,2024,-0.0007396505223929014,-0.07396505223929015,LOW SAVINGS
A02932,Crestview Care Alliance Group,Tennessee,2024,0.02220250373414878,2.2202503734148777,MODERATE SAVINGS
A02933,Green Valley Care Alliance Alliance,Colorado,2024,0.08237810214470484,8.237810214470484,HIGH SAVINGS
A02934,Canyon Community Care Network,Massachusetts,2024,-0.0015593082425918176,-0.15593082425918176,LOW SAVINGS
A02935,Redwood Healthcare Medical Center,Missouri,2024,0.02658581189256097,2.658581189256097,MODERATE SAVINGS
A02936,Redwood Healthcare Health System,California,2024,0.0734524718823033,7.3452471882303305,HIGH SAVINGS
A02937,Westfield Clinical Partners Physician Alliance,Virginia,2024,0.041873620425312744,4.187362042531275,HIGH SAVINGS
A02938,Horizon Health Alliance Medical Center,Indiana,2024,0.04612941247493746,4.612941247493746,HIGH SAVINGS
A02939,Riverbend Wellness Alliance,Alabama,2024,-0.0199222754059827,-1.99222754059827,LOW SAVINGS
A02940,Pioneer Integrated Health Physician Alliance,Pennsylvania,2024,0.037948283849137475,3.7948283849137474,HIGH SAVINGS
A02941,Springfield Medical Association,Washington,2024,0.013510333281999992,1.3510333281999993,MODERATE SAVINGS
A02942,Unity Care Partners Physician Alliance,Georgia,2024,0.024481810995607117,2.4481810995607116,MODERATE SAVINGS
A02943,Evergreen Health Health System,Ohio,2024,-0.00041725562978466317,-0.041725562978466316,LOW SAVINGS
A02944,Silverstone Medical Partners Health System,Connecticut,2024,0.016665407121201823,1.6665407121201823,MODERATE SAVINGS
A02945,Riverbend Care Network Health System,Massachusetts,2024,-0.011251100295076562,-1.1251100295076562,LOW SAVINGS
A02946,Lakeside Care Partners Health System,North Carolina,2024,0.04813467383641926,4.813467383641926,HIGH SAVINGS
A02947,Meadow Health Partners Collaborative,Colorado,2024,0.025244386118161516,2.5244386118161515,MODERATE SAVINGS
A02948,Valley Wellness Network,Wisconsin,2024,0.028263265640121736,2.8263265640121737,MODERATE SAVINGS
A02949,Pinnacle Care Partners,Connecticut,2024,-0.08224150431432449,-8.224150431432449,LOW SAVINGS
A02950,Summit Health Partners Collaborative,Indiana,2024,-0.02105904346372362,-2.105904346372362,LOW SAVINGS
A02951,Springfield Health Collaborative Medical Center,Washington,2024,-0.00017668414193982155,-0.017668414193982157,LOW SAVINGS
A02952,Fairview Health Collaborative Medical Center,Texas,2024,0.0439308223678811,4.393082236788111,HIGH SAVINGS
A02953,Oakridge Clinical Partners Partners,Arizona,2024,0.004925366385426631,0.4925366385426631,MODERATE SAVINGS
A02955,Pioneer Clinical Partners Physician Alliance,Oregon,2024,0.04667025424102958,4.667025424102958,HIGH SAVINGS
A02956,Riverbend Healthcare Alliance,Colorado,2024,0.012707631116030123,1.2707631116030123,MODERATE SAVINGS
A02957,Meadow Care Partners Association,Florida,2024,0.01655443571321863,1.655443571321863,MODERATE SAVINGS
A02958,Pinnacle Care Physician Alliance,Michigan,2024,0.0248294536572972,2.4829453657297202,MODERATE SAVINGS
A02959,Lakeside Health Partners,Minnesota,2024,0.020688444737284897,2.0688444737284897,MODERATE SAVINGS
A02960,Valley Physicians Network,Wisconsin,2024,0.022810739740112166,2.2810739740112167,MODERATE SAVINGS
A02961,Stonebridge Care Network Alliance,Georgia,2024,0.03469164036840462,3.4691640368404624,HIGH SAVINGS
A02962,Grandview Care Alliance Alliance,Maryland,2024,0.028309212351481886,2.8309212351481885,MODERATE SAVINGS
A02963,Oakridge Wellness Health System,Wisconsin,2024,0.003775421550034701,0.3775421550034701,MODERATE SAVINGS
A02964,Redwood Clinical Partners Care Network,Missouri,2024,0.008081543181659613,0.8081543181659613,MODERATE SAVINGS
A02965,Golden Valley Health Collaborative Physician Alliance,Missouri,2024,0.05693351825082167,5.693351825082167,HIGH SAVINGS
A02966,Clearview Medical Partners Health System,Arizona,2024,-0.01586749807779896,-1.5867498077798958,LOW SAVINGS
A02967,Riverside Care Alliance Medical Center,Connecticut,2024,-0.009766951563332758,-0.9766951563332759,LOW SAVINGS
A02968,Clearview Medical Group Group,Georgia,2024,-0.017826482701929384,-1.7826482701929385,LOW SAVINGS
A02969,Metro Health Collaborative Physician Alliance,Pennsylvania,2024,-0.013970017866869827,-1.3970017866869826,LOW SAVINGS
A02970,Pinnacle Integrated Health Network,Connecticut,2024,0.04039170040450413,4.039170040450413,HIGH SAVINGS
A02971,Green Valley Care Partners Physician Alliance,Minnesota,2024,-0.009949699381284571,-0.9949699381284571,LOW SAVINGS
A02972,Canyon Medical Network,Colorado,2024,0.01399839112357004,1.399839112357004,MODERATE SAVINGS
A02973,Clearview Medical Group Care Network,Tennessee,2024,-0.004183140630197744,-0.4183140630197744,LOW SAVINGS
A02974,Heritage Care Partners Alliance,Ohio,2024,0.039745766603767364,3.9745766603767363,HIGH SAVINGS
A02975,Eastgate Care Alliance Network,North Carolina,2024,0.017184424531190064,1.7184424531190063,MODERATE SAVINGS
A02976,Heartland Physicians Partners,Colorado,2024,-0.025267474152805832,-2.526747415280583,LOW SAVINGS
A02977,Northstar Medical Health System,Alabama,2024,0.03732650919414348,3.732650919414348,HIGH SAVINGS
A02978,Parkview Community Care Medical Center,Minnesota,2024,0.015060244760482174,1.5060244760482173,MODERATE SAVINGS
A02980,Canyon Medical Partners Partners,Oregon,2024,0.0648516455934864,6.48516455934864,HIGH SAVINGS
A02981,Canyon Health Partners Association,Illinois,2024,0.01385666934561574,1.385666934561574,MODERATE SAVINGS
A02982,Pinnacle Wellness Health System,New Jersey,2024,0.044459191888942456,4.445919188894246,HIGH SAVINGS
A02983,Cedar Care Partners Collaborative,New York,2024,-0.010543206539787003,-1.0543206539787002,LOW SAVINGS
A02984,Pioneer Healthcare Collaborative,Minnesota,2024,0.03652237201309775,3.652237201309775,HIGH SAVINGS
A02985,Crestview Physicians Physician Alliance,Tennessee,2024,0.005163318146439846,0.5163318146439846,MODERATE SAVINGS
A02986,Cedar Health Network Network,Virginia,2024,0.02500667622379783,2.500667622379783,MODERATE SAVINGS
A02987,Gateway Integrated Health Physician Alliance,Georgia,2024,-0.009128798401493433,-0.9128798401493433,LOW SAVINGS
A02988,Crestview Clinical Partners Partners,California,2024,0.010796396584417714,1.0796396584417713,MODERATE SAVINGS
A02989,Highland Provider Alliance Collaborative,Missouri,2024,-0.004686145576375457,-0.46861455763754567,LOW SAVINGS
A02990,Evergreen Healthcare Association,Oregon,2024,-0.01912392387620066,-1.9123923876200661,LOW SAVINGS
A02991,Horizon Provider Alliance Association,Texas,2024,0.009300151135747796,0.9300151135747796,MODERATE SAVINGS
A02992,Maplewood Care Network Collaborative,Minnesota,2024,-0.012755422447654314,-1.2755422447654314,LOW SAVINGS
A02993,Canyon Provider Alliance Association,Wisconsin,2024,0.036792466422989084,3.6792466422989083,HIGH SAVINGS
A02994,Eastgate Clinical Partners Group,New York,2024,0.025140924006167534,2.5140924006167533,MODERATE SAVINGS
A02995,Crestview Medical Group Health System,Illinois,2024,-0.02025912535246687,-2.025912535246687,LOW SAVINGS
A02996,Oakridge Medical Care Network,Washington,2024,0.009376733271418634,0.9376733271418634,MODERATE SAVINGS
A02997,Blue Ridge Health Alliance Physician Alliance,Massachusetts,2024,-0.05146635754925338,-5.146635754925338,LOW SAVINGS
A02998,Crestview Care Network Physician Alliance,Ohio,2024,0.020191734741331943,2.0191734741331944,MODERATE SAVINGS
A02999,Springfield Care Network Group,Virginia,2024,-0.008515574507802819,-0.8515574507802819,LOW SAVINGS
A03000,Meadow Wellness Association,Washington,2024,0.014012014556702677,1.4012014556702677,MODERATE SAVINGS
A03001,Cedar Integrated Health Health System,Georgia,2024,0.0458374445940344,4.58374445940344,HIGH SAVINGS
A03002,Unity Medical Group Collaborative,Massachusetts,2024,-0.0067744250609591905,-0.677442506095919,LOW SAVINGS
A03003,Golden Valley Integrated Health Network,Oregon,2024,0.023305086737407568,2.330508673740757,MODERATE SAVINGS
A03004,Maplewood Physicians Network,New York,2024,0.027848083297564368,2.7848083297564368,MODERATE SAVINGS
A03005,Beacon Clinical Partners Physician Alliance,North Carolina,2024,-0.024617880684425074,-2.4617880684425075,LOW SAVINGS
A03006,Heritage Care Alliance,Tennessee,2024,-0.0051693737233339246,-0.5169373723333924,LOW SAVINGS
A03007,Golden Valley Health Collaborative Alliance,Florida,2024,0.0025897425747596747,0.2589742574759675,MODERATE SAVINGS
A03008,Westfield Care Alliance Medical Center,Illinois,2024,-0.004686261085260119,-0.4686261085260119,LOW SAVINGS
A03009,Redwood Medical Group Network,North Carolina,2024,0.05499202409821502,5.4992024098215015,HIGH SAVINGS
A03010,Brookside Physicians Network,Ohio,2024,0.037657547756550794,3.7657547756550795,HIGH SAVINGS
A03011,Metro Clinical Partners Association,Georgia,2024,0.019409779284434485,1.9409779284434485,MODERATE SAVINGS
A03012,Maplewood Physicians Group,Alabama,2024,0.015222960461563337,1.5222960461563337,MODERATE SAVINGS
A03013,Blue Ridge Health Partners Care Network,Alabama,2024,0.01270070798740548,1.270070798740548,MODERATE SAVINGS
A03014,Pioneer Care Network Partners,Washington,2024,0.014032254518282347,1.4032254518282348,MODERATE SAVINGS
A03015,Canyon Health Network Partners,Alabama,2024,0.05947948082628543,5.947948082628543,HIGH SAVINGS
A03016,Eastgate Care Network Network,Florida,2024,0.007200682654808621,0.7200682654808621,MODERATE SAVINGS
A03017,Maplewood Wellness Group,Florida,2024,-0.006768138868389582,-0.6768138868389583,LOW SAVINGS
A03018,Beacon Provider Alliance Health System,Indiana,2024,0.04814856314867241,4.814856314867241,HIGH SAVINGS
A03019,Heritage Integrated Health Medical Center,Arizona,2024,0.016963432111922964,1.6963432111922965,MODERATE SAVINGS
A03020,Fairview Care Group,Wisconsin,2024,0.021031106159910315,2.1031106159910316,MODERATE SAVINGS
A03021,WellSpring Clinical Partners Health System,North Carolina,2024,0.012998572498019318,1.2998572498019318,MODERATE SAVINGS
A03022,Grandview Health Partners Physician Alliance,Florida,2024,0.006496843665604604,0.6496843665604604,MODERATE SAVINGS
A03023,Golden Valley Medical Group Care Network,Maryland,2024,0.030259696213184722,3.025969621318472,HIGH SAVINGS
A03024,Summit Health Network Partners,Minnesota,2024,0.06397360222264696,6.397360222264696,HIGH SAVINGS
A03025,Canyon Health Association,Michigan,2024,-0.016981125922358245,-1.6981125922358244,LOW SAVINGS
A03026,Canyon Health Collaborative Network,Florida,2024,0.02396227268447203,2.3962272684472032,MODERATE SAVINGS
A03027,Community Community Care Care Network,Colorado,2024,0.02739767394057395,2.739767394057395,MODERATE SAVINGS
A03028,Northstar Health Alliance Group,Michigan,2024,0.016117066857486758,1.6117066857486757,MODERATE SAVINGS
A03029,Springfield Healthcare Association,Michigan,2024,0.010061779739350884,1.0061779739350885,MODERATE SAVINGS
A03030,Unity Care Alliance Partners,Minnesota,2024,0.006286319363066362,0.6286319363066362,MODERATE SAVINGS
A03031,Westfield Community Care Physician Alliance,Oregon,2024,0.023180604727203544,2.3180604727203544,MODERATE SAVINGS
A03032,Canyon Medical Group Group,Oregon,2024,-0.01819240304457717,-1.819240304457717,LOW SAVINGS
A03033,Canyon Health Partners Medical Center,Wisconsin,2024,0.004560889217896063,0.45608892178960625,MODERATE SAVINGS
A03034,WellSpring Care Health System,Arizona,2024,0.025117706593208274,2.5117706593208275,MODERATE SAVINGS
A03035,Heritage Care Alliance Collaborative,Florida,2024,-0.011481638085740674,-1.1481638085740673,LOW SAVINGS
A03036,Parkview Care Partners Network,Washington,2024,0.02381646121015426,2.381646121015426,MODERATE SAVINGS
A03037,Green Valley Health Alliance Alliance,Massachusetts,2024,0.01858449952452782,1.8584499524527822,MODERATE SAVINGS
A03038,Gateway Health Network Physician Alliance,Washington,2024,0.04439846162314358,4.439846162314358,HIGH SAVINGS
A03039,Canyon Community Care Health System,Massachusetts,2024,-0.02804618105777116,-2.804618105777116,LOW SAVINGS
A03040,Pinnacle Care Partners Association,New York,2024,0.020084806777826404,2.0084806777826403,MODERATE SAVINGS
A03041,Blue Ridge Health Alliance Network,Georgia,2024,0.06805927879223854,6.805927879223854,HIGH SAVINGS
A03042,Maplewood Physicians Medical Center,North Carolina,2024,0.025371581072250456,2.5371581072250455,MODERATE SAVINGS
A03043,Blue Ridge Care Alliance Association,Arizona,2024,0.005653129993698791,0.5653129993698791,MODERATE SAVINGS
A03044,Metro Healthcare Association,Ohio,2024,0.01644224101662757,1.644224101662757,MODERATE SAVINGS
A03045,Gateway Medical Partners Association,Georgia,2024,0.014542319480563044,1.4542319480563044,MODERATE SAVINGS
A03046,Brookside Health Collaborative Alliance,Minnesota,2024,0.02364168628724229,2.364168628724229,MODERATE SAVINGS
A03047,Crestview Health Collaborative Group,Texas,2024,-0.00262637042689415,-0.262637042689415,LOW SAVINGS
A03048,Riverside Physicians Association,Indiana,2024,0.037120158226035864,3.712015822603586,HIGH SAVINGS
A03049,Maplewood Health Collaborative Association,Ohio,2024,0.04720650289012258,4.720650289012258,HIGH SAVINGS
A03050,Redwood Health Network Alliance,Pennsylvania,2024,0.006044530873083073,0.6044530873083073,MODERATE SAVINGS
A03051,Riverside Integrated Health Group,Virginia,2024,0.040403946487104686,4.0403946487104685,HIGH SAVINGS
A03052,Metro Health Network Group,New Jersey,2024,0.023755315404819684,2.3755315404819686,MODERATE SAVINGS
A03053,Community Health Association,Illinois,2024,0.021384278075522744,2.1384278075522745,MODERATE SAVINGS
A03054,Riverside Physicians Care Network,Colorado,2024,0.024462998904348065,2.4462998904348066,MODERATE SAVINGS
A03055,Unity Clinical Partners Medical Center,Arizona,2024,-0.0052876215316850815,-0.5287621531685082,LOW SAVINGS
A03056,Beacon Provider Alliance Network,Illinois,2024,0.03562227174082609,3.5622271740826092,HIGH SAVINGS
A03057,Eastgate Healthcare Health System,Indiana,2024,-0.009350960241479331,-0.9350960241479331,LOW SAVINGS
A03059,Maplewood Physician Network Physician Alliance,California,2024,0.013190400293366334,1.3190400293366333,MODERATE SAVINGS
A03060,Westfield Healthcare Group,Indiana,2024,0.027815249653308914,2.7815249653308913,MODERATE SAVINGS
A03061,Beacon Healthcare Alliance,New Jersey,2024,0.007927290611497386,0.7927290611497386,MODERATE SAVINGS
A03062,Maplewood Health Collaborative,Wisconsin,2024,0.07608079468317107,7.608079468317107,HIGH SAVINGS
A03063,Valley Health Network Care Network,Michigan,2024,-0.002578028059704202,-0.2578028059704202,LOW SAVINGS
A03064,Crestview Healthcare Care Network,Wisconsin,2024,-0.01012543752757479,-1.012543752757479,LOW SAVINGS
A03065,Beacon Care Alliance Group,New Jersey,2024,0.0461544771706588,4.61544771706588,HIGH SAVINGS
A03066,Meadow Health Alliance Network,New York,2024,0.011092082077144757,1.1092082077144758,MODERATE SAVINGS
A03067,Gateway Physician Network Group,Tennessee,2024,0.0029085743757156393,0.2908574375715639,MODERATE SAVINGS
A03068,Silverstone Care Health System,Ohio,2024,0.01124542767140026,1.124542767140026,MODERATE SAVINGS
A03069,Silverstone Health Partners Group,Colorado,2024,0.010202718796857062,1.0202718796857062,MODERATE SAVINGS
A03070,Lakeside Wellness Alliance,Indiana,2024,0.001302154524560295,0.1302154524560295,MODERATE SAVINGS
A03071,Meadow Care Group,Colorado,2024,0.028254231182796286,2.8254231182796286,MODERATE SAVINGS
A03072,Golden Valley Physicians Alliance,Alabama,2024,0.0329065229711773,3.29065229711773,HIGH SAVINGS
A03073,Highland Physicians Collaborative,Ohio,2024,0.00950000933884845,0.950000933884845,MODERATE SAVINGS
A03074,Mountain View Health Alliance Partners,Arizona,2024,-0.02499549268810678,-2.499549268810678,LOW SAVINGS
A03075,Silverstone Health Alliance Partners,Ohio,2024,0.08785946105294541,8.785946105294542,HIGH SAVINGS
A03076,Cedar Care Physician Alliance,Missouri,2024,0.01488181310049823,1.4881813100498231,MODERATE SAVINGS
A03077,Maplewood Health Partners Care Network,Minnesota,2024,-0.006950771128438093,-0.6950771128438094,LOW SAVINGS
A03078,Horizon Care Partners Association,Arizona,2024,-0.03481045152514853,-3.4810451525148527,LOW SAVINGS
A03079,Crestview Healthcare Health System,Tennessee,2024,-0.01951308865181116,-1.951308865181116,LOW SAVINGS
A03080,Redwood Community Care Medical Center,Arizona,2024,0.06387169885989272,6.387169885989271,HIGH SAVINGS
A03081,Heritage Care Network Network,Florida,2024,0.03824915788267255,3.8249157882672553,HIGH SAVINGS
A03082,Meadow Care Partners Partners,Michigan,2024,0.012094081605052615,1.2094081605052616,MODERATE SAVINGS
A03083,Mountain View Care Alliance Health System,Oregon,2024,-0.0003273649542951728,-0.03273649542951728,LOW SAVINGS
A03084,Crestview Physician Network Alliance,Maryland,2024,0.00715763912381564,0.715763912381564,MODERATE SAVINGS
A03085,Cedar Clinical Partners Physician Alliance,Indiana,2024,0.012266449478797311,1.2266449478797312,MODERATE SAVINGS
A03086,Silverstone Physicians Health System,Ohio,2024,0.039472000218715005,3.9472000218715007,HIGH SAVINGS
A03087,Meadow Health Collaborative,Michigan,2024,-0.01897389399318377,-1.897389399318377,LOW SAVINGS
A03088,Golden Valley Community Care Network,Oregon,2024,0.015678226224389902,1.5678226224389902,MODERATE SAVINGS
A03089,Mountain View Medical Group Partners,Washington,2024,0.009728673079975445,0.9728673079975445,MODERATE SAVINGS
A03090,Gateway Medical Care Network,Wisconsin,2024,-0.007155889536353715,-0.7155889536353716,LOW SAVINGS
A03091,Beacon Care Alliance Care Network,Oregon,2024,0.006890731345323349,0.6890731345323349,MODERATE SAVINGS
A03092,Pinnacle Care Network Health System,Indiana,2024,0.044159037840714954,4.415903784071496,HIGH SAVINGS
A03093,Maplewood Physicians Association,Texas,2024,0.0181440969548911,1.8144096954891098,MODERATE SAVINGS
A03094,Green Valley Integrated Health Care Network,Virginia,2024,0.020937687602327185,2.0937687602327184,MODERATE SAVINGS
A03096,Parkview Integrated Health Collaborative,Massachusetts,2024,-0.031290319378917096,-3.1290319378917095,LOW SAVINGS
A03097,Green Valley Health Network Group,Florida,2024,-0.029994917684405892,-2.9994917684405893,LOW SAVINGS
A03098,Valley Wellness Alliance,New York,2024,-0.004505596843356874,-0.4505596843356874,LOW SAVINGS
A03099,Maplewood Healthcare Care Network,Minnesota,2024,0.03855041663773957,3.8550416637739566,HIGH SAVINGS
A03100,Eastgate Health Partners Partners,Oregon,2024,-0.004543608607382282,-0.4543608607382282,LOW SAVINGS
A03101,Parkview Care Network Alliance,Georgia,2024,0.011832120699268204,1.1832120699268205,MODERATE SAVINGS
A03102,Eastgate Medical Group Partners,Illinois,2024,0.04551462605280241,4.551462605280241,HIGH SAVINGS
A03103,Heartland Care Physician Alliance,Texas,2024,-0.0010075329744773179,-0.10075329744773179,LOW SAVINGS
A03104,Horizon Medical Alliance,Missouri,2024,-0.019912232846714124,-1.9912232846714124,LOW SAVINGS
A03105,Maplewood Health Network Group,Washington,2024,0.04874443735631274,4.8744437356312735,HIGH SAVINGS
A03106,Westfield Physician Network Collaborative,Florida,2024,0.026715106534611455,2.6715106534611452,MODERATE SAVINGS
A03107,WellSpring Physicians Care Network,Minnesota,2024,-0.0017365313815871644,-0.17365313815871644,LOW SAVINGS
A03108,Riverside Care Network Medical Center,Arizona,2024,0.04412567006445186,4.412567006445186,HIGH SAVINGS
A03109,Springfield Health Network Network,Arizona,2024,-0.03937317816687758,-3.9373178166877585,LOW SAVINGS
A03110,Gateway Healthcare Group,Texas,2024,-0.007733575460193372,-0.7733575460193371,LOW SAVINGS
A03111,Lakeside Wellness Partners,Michigan,2024,0.01859607918249715,1.8596079182497152,MODERATE SAVINGS
A03113,WellSpring Medical Partners Group,Colorado,2024,0.036102024688670874,3.6102024688670875,HIGH SAVINGS
A03114,Riverbend Integrated Health Network,Minnesota,2024,0.039554873547082745,3.9554873547082745,HIGH SAVINGS
A03115,Fairview Community Care Health System,New York,2024,0.055060230429583516,5.506023042958351,HIGH SAVINGS
A03117,Green Valley Medical Group Collaborative,Virginia,2024,0.015014470624966919,1.5014470624966918,MODERATE SAVINGS
A03118,Lakeside Healthcare Physician Alliance,Maryland,2024,0.006619010734962199,0.66190107349622,MODERATE SAVINGS
A03119,Horizon Care Network Medical Center,Massachusetts,2024,0.012143985530126255,1.2143985530126256,MODERATE SAVINGS
A03120,Community Clinical Partners Partners,Illinois,2024,-0.019658372662220577,-1.9658372662220578,LOW SAVINGS
A03121,Canyon Physician Network Medical Center,Missouri,2024,0.019880991478389773,1.9880991478389773,MODERATE SAVINGS
A03122,Community Physicians Association,Ohio,2024,0.019507854240500253,1.9507854240500253,MODERATE SAVINGS
A03123,Blue Ridge Medical Health System,Massachusetts,2024,0.007461910026448618,0.7461910026448618,MODERATE SAVINGS
A03124,Parkview Care Alliance Health System,Tennessee,2024,0.04365270750149269,4.365270750149269,HIGH SAVINGS
A03125,Clearview Care Alliance Association,Minnesota,2024,0.001880247330249677,0.1880247330249677,MODERATE SAVINGS
A03126,Pinnacle Care Collaborative,Georgia,2024,0.06643081492709146,6.643081492709147,HIGH SAVINGS
A03127,Metro Medical Health System,Texas,2024,-0.016330437662567195,-1.6330437662567194,LOW SAVINGS
A03129,Crestview Clinical Partners Group,Minnesota,2024,-0.025704285269141557,-2.5704285269141556,LOW SAVINGS
A03130,Stonebridge Medical Partners Care Network,Georgia,2024,0.0381281523167352,3.81281523167352,HIGH SAVINGS
A03131,Cedar Health Partners Alliance,Georgia,2024,0.00839501656682335,0.839501656682335,MODERATE SAVINGS
A03132,Blue Ridge Care Alliance Partners,Connecticut,2024,0.053870751724458765,5.3870751724458765,HIGH SAVINGS
A03133,Mountain View Medical Partners Medical Center,Pennsylvania,2024,0.013119831273414893,1.3119831273414893,MODERATE SAVINGS
A03134,Eastgate Health Collaborative Partners,Virginia,2024,0.01263903259518277,1.263903259518277,MODERATE SAVINGS
A03135,Meadow Medical Health System,Maryland,2024,-0.02435217702079173,-2.4352177020791728,LOW SAVINGS
A03136,Maplewood Health Collaborative Collaborative,California,2024,-0.019566354432913564,-1.9566354432913564,LOW SAVINGS
A03137,Canyon Care Alliance Physician Alliance,Florida,2024,0.022074198581629605,2.2074198581629605,MODERATE SAVINGS
A03138,Springfield Wellness Network,Washington,2024,0.04184612262611595,4.184612262611595,HIGH SAVINGS
A03139,Pioneer Health Network Network,Texas,2024,0.014410279646579345,1.4410279646579345,MODERATE SAVINGS
A03140,Unity Care Partners Collaborative,Illinois,2024,0.030165749935874127,3.0165749935874127,HIGH SAVINGS
A03141,Evergreen Medical Partners Network,Maryland,2024,0.04829753620693829,4.829753620693829,HIGH SAVINGS
A03142,Brookside Medical Group Group,Arizona,2024,0.09109653791736654,9.109653791736653,HIGH SAVINGS
A03143,Silverstone Clinical Partners Partners,New York,2024,-0.005260118229272787,-0.5260118229272787,LOW SAVINGS
A03144,Gateway Integrated Health Collaborative,Wisconsin,2024,0.03793496647659104,3.793496647659104,HIGH SAVINGS
A03145,Northstar Wellness Group,Tennessee,2024,0.007969059394520124,0.7969059394520124,MODERATE SAVINGS
A03146,Evergreen Physician Network Alliance,Pennsylvania,2024,0.016338322908569677,1.6338322908569676,MODERATE SAVINGS
A03147,Meadow Healthcare Association,Maryland,2024,0.031030752010412645,3.1030752010412646,HIGH SAVINGS
A03148,Gateway Physicians Collaborative,Connecticut,2024,0.05618160615630333,5.618160615630333,HIGH SAVINGS
A03149,Parkview Physician Network Association,Alabama,2024,-0.0004367354741182166,-0.04367354741182166,LOW SAVINGS
A03150,Highland Physicians Health System,Arizona,2024,-0.019028871074934513,-1.9028871074934512,LOW SAVINGS
A03151,Clearview Health Medical Center,Connecticut,2024,-0.0030011105324744608,-0.3001110532474461,LOW SAVINGS
A03152,Summit Health Network Association,Florida,2024,0.012040711465239341,1.204071146523934,MODERATE SAVINGS
A03153,Beacon Physicians Group,Washington,2024,0.07257637621594068,7.257637621594068,HIGH SAVINGS
A03154,Oakridge Provider Alliance Medical Center,Texas,2024,0.048890040267571225,4.889004026757123,HIGH SAVINGS
A03155,Metro Health Network Health System,Connecticut,2024,0.031495135750266204,3.1495135750266203,HIGH SAVINGS
A03156,Highland Clinical Partners Medical Center,Wisconsin,2024,0.0367128214807721,3.67128214807721,HIGH SAVINGS
A03157,Lakeside Medical Group Partners,Washington,2024,0.053235725136759726,5.323572513675972,HIGH SAVINGS
A03158,Brookside Physicians Collaborative,California,2024,-0.0002384939964712145,-0.02384939964712145,LOW SAVINGS
A03159,Maplewood Clinical Partners Medical Center,Illinois,2024,0.012330326532804402,1.2330326532804403,MODERATE SAVINGS
A03160,Highland Physicians Group,Pennsylvania,2024,0.01147499820461245,1.147499820461245,MODERATE SAVINGS
A03161,Grandview Provider Alliance Partners,New Jersey,2024,0.002169842511112795,0.21698425111127947,MODERATE SAVINGS
A03162,Gateway Clinical Partners Group,Wisconsin,2024,-0.004145361223372066,-0.4145361223372066,LOW SAVINGS
A03163,Grandview Integrated Health Network,Alabama,2024,0.024179619463176306,2.4179619463176305,MODERATE SAVINGS
A03164,Pioneer Care Medical Center,Virginia,2024,-0.019183151952966628,-1.9183151952966628,LOW SAVINGS
A03165,Fairview Care Alliance Group,Florida,2024,0.017895561938747945,1.7895561938747946,MODERATE SAVINGS
A03166,Stonebridge Medical Group Group,Texas,2024,0.003534499861074511,0.3534499861074511,MODERATE SAVINGS
A03167,Crestview Health Alliance Partners,Indiana,2024,-0.012604047857250639,-1.260404785725064,LOW SAVINGS
A03168,Metro Wellness Association,Ohio,2024,0.02730221638768257,2.730221638768257,MODERATE SAVINGS
A03169,Stonebridge Healthcare Medical Center,Missouri,2024,0.003144135644364898,0.3144135644364898,MODERATE SAVINGS
A03170,Springfield Medical Group Group,Washington,2024,0.014863458763674224,1.4863458763674224,MODERATE SAVINGS
A03172,Fairview Integrated Health Group,Colorado,2024,0.029200982502416768,2.920098250241677,MODERATE SAVINGS
A03173,Pioneer Wellness Association,Colorado,2024,-0.04902875926170427,-4.9028759261704264,LOW SAVINGS
A03174,Canyon Care Alliance Group,Arizona,2024,-0.006525064617604356,-0.6525064617604356,LOW SAVINGS
A03175,Heritage Health Alliance Group,New Jersey,2024,0.05817961045369437,5.8179610453694375,HIGH SAVINGS
A03176,Maplewood Provider Alliance Collaborative,Maryland,2024,0.014971924349953317,1.4971924349953318,MODERATE SAVINGS
A03177,Metro Physicians Collaborative,Washington,2024,0.03857825093415692,3.857825093415692,HIGH SAVINGS
A03178,Heritage Medical Group Network,Pennsylvania,2024,-0.006878862578158002,-0.6878862578158002,LOW SAVINGS
A03179,Beacon Physicians Alliance,Texas,2024,0.02853160061318881,2.853160061318881,MODERATE SAVINGS
A03180,Meadow Care Physician Alliance,Texas,2024,0.00686621546872927,0.686621546872927,MODERATE SAVINGS
A03181,Lakeside Physicians Physician Alliance,Florida,2024,0.015938677246363584,1.5938677246363584,MODERATE SAVINGS
A03182,WellSpring Wellness Medical Center,Oregon,2024,0.006365070385443774,0.6365070385443774,MODERATE SAVINGS
A03183,Northstar Care Alliance Group,New Jersey,2024,0.027726116622856907,2.7726116622856907,MODERATE SAVINGS
A03184,Heritage Care Partners Network,North Carolina,2024,0.03206495962798747,3.2064959627987473,HIGH SAVINGS
A03185,Springfield Physicians Group,North Carolina,2024,0.034225761794839216,3.4225761794839213,HIGH SAVINGS
A03186,Clearview Community Care Network,Ohio,2024,0.06818334790594027,6.818334790594028,HIGH SAVINGS
A03187,Heritage Health Partners Alliance,New Jersey,2024,0.007173751328703607,0.7173751328703607,MODERATE SAVINGS
A03188,Golden Valley Medical Partners Physician Alliance,Alabama,2024,-0.04610595177211577,-4.610595177211577,LOW SAVINGS
A03189,Blue Ridge Health Partners Collaborative,Missouri,2024,-0.02739230263615575,-2.739230263615575,LOW SAVINGS
A03190,Unity Care Partners Medical Center,Florida,2024,0.011139757667015374,1.1139757667015373,MODERATE SAVINGS
A03191,Heritage Health Alliance Network,Tennessee,2024,0.06838008933782057,6.838008933782056,HIGH SAVINGS
A03192,Riverbend Health Alliance Collaborative,Oregon,2024,-0.0008678313811415354,-0.08678313811415354,LOW SAVINGS
A03193,Riverbend Physicians Collaborative,Missouri,2024,-0.01305408365438697,-1.305408365438697,LOW SAVINGS
A03194,Community Physician Network Partners,Connecticut,2024,0.0657870175703,6.57870175703,HIGH SAVINGS
A03195,Redwood Care Partners Medical Center,Indiana,2024,-0.012887742031427597,-1.2887742031427598,LOW SAVINGS
A03196,Highland Community Care Network,Missouri,2024,0.044250352593712156,4.4250352593712154,HIGH SAVINGS
A03197,Lakeside Medical Group Care Network,Arizona,2024,0.011366649460577765,1.1366649460577765,MODERATE SAVINGS
A03198,Redwood Health Network Medical Center,Maryland,2024,0.03659371118415502,3.659371118415502,HIGH SAVINGS
A03199,Springfield Wellness Health System,Alabama,2024,0.0068987932742333126,0.6898793274233312,MODERATE SAVINGS
A03200,Stonebridge Medical Group Partners,Washington,2024,0.025600454225261388,2.5600454225261386,MODERATE SAVINGS
A03201,Beacon Community Care Alliance,Texas,2024,0.017311283076175053,1.7311283076175052,MODERATE SAVINGS
A03202,Golden Valley Health Network Alliance,Missouri,2024,0.0515108459708596,5.15108459708596,HIGH SAVINGS
A03203,WellSpring Health Alliance,Maryland,2024,-0.030475539693738757,-3.0475539693738756,LOW SAVINGS
A03204,Horizon Clinical Partners Medical Center,Washington,2024,0.04206098862777298,4.206098862777298,HIGH SAVINGS
A03205,Riverside Clinical Partners Association,Washington,2024,0.022470037084381854,2.2470037084381853,MODERATE SAVINGS
A03206,Parkview Integrated Health Care Network,Missouri,2024,0.05183943280590682,5.1839432805906815,HIGH SAVINGS
A03207,Canyon Wellness Care Network,Oregon,2024,-0.03281469297211747,-3.2814692972117467,LOW SAVINGS
A03208,Oakridge Community Care Alliance,Minnesota,2024,0.06237003067578966,6.237003067578966,HIGH SAVINGS
A03209,Stonebridge Provider Alliance Association,Washington,2024,-0.005895196170501286,-0.5895196170501286,LOW SAVINGS
A03210,Redwood Health Association,Pennsylvania,2024,0.007732131322085137,0.7732131322085137,MODERATE SAVINGS
A03211,Brookside Care Physician Alliance,Pennsylvania,2024,0.09747872375384004,9.747872375384004,HIGH SAVINGS
A03212,Green Valley Clinical Partners Group,California,2024,0.020534365974584714,2.053436597458471,MODERATE SAVINGS
A03213,Westfield Medical Physician Alliance,Massachusetts,2024,0.05416895178800511,5.4168951788005115,HIGH SAVINGS
A03214,Beacon Health Partners Collaborative,Arizona,2024,0.03381206457599973,3.381206457599973,HIGH SAVINGS
A03215,Parkview Health Collaborative Association,Pennsylvania,2024,-0.02486237907552608,-2.4862379075526078,LOW SAVINGS
A03216,Mountain View Health Network Group,Missouri,2024,0.019644072815264473,1.9644072815264473,MODERATE SAVINGS
A03217,Community Care Partners Care Network,Indiana,2024,0.04575668987949548,4.575668987949548,HIGH SAVINGS
A03218,Westfield Health Partners Network,Indiana,2024,0.02610157465511523,2.6101574655115227,MODERATE SAVINGS
A03220,Grandview Physician Network Health System,Florida,2024,0.06633174245538738,6.633174245538738,HIGH SAVINGS
A03221,Meadow Health Network Health System,Maryland,2024,0.002816697465655264,0.2816697465655264,MODERATE SAVINGS
A03222,Mountain View Health Network Physician Alliance,Massachusetts,2024,0.001963275171603094,0.1963275171603094,MODERATE SAVINGS
A03223,WellSpring Wellness Care Network,Tennessee,2024,0.05349926473885254,5.349926473885254,HIGH SAVINGS
A03224,Golden Valley Health Collaborative Health System,Arizona,2024,-0.008625272123579714,-0.8625272123579714,LOW SAVINGS
A03225,Heritage Health Collaborative Partners,Massachusetts,2024,-0.0071420534817370415,-0.7142053481737042,LOW SAVINGS
A03226,Westfield Integrated Health Medical Center,New York,2024,-0.018209463076274572,-1.8209463076274572,LOW SAVINGS
A03227,Highland Medical Care Network,Washington,2024,-0.017090707489775685,-1.7090707489775685,LOW SAVINGS
A03228,Stonebridge Care Partners Alliance,Maryland,2024,0.011641909141779642,1.1641909141779643,MODERATE SAVINGS
A03229,Meadow Medical Group Health System,Colorado,2024,0.007816934236848063,0.7816934236848063,MODERATE SAVINGS
A03230,Gateway Health Alliance Physician Alliance,New York,2024,-0.02849734563326227,-2.8497345633262268,LOW SAVINGS
A03231,Pinnacle Provider Alliance Care Network,Wisconsin,2024,0.0194801419465269,1.94801419465269,MODERATE SAVINGS
A03232,Green Valley Community Care Network,Connecticut,2024,0.03612946066461469,3.612946066461469,HIGH SAVINGS
A03233,Community Provider Alliance Association,Illinois,2024,0.0634505890453112,6.34505890453112,HIGH SAVINGS
A03234,Stonebridge Health Alliance Group,Tennessee,2024,0.025364578194222758,2.5364578194222758,MODERATE SAVINGS
A03235,WellSpring Provider Alliance Alliance,Alabama,2024,0.0064245288731150626,0.6424528873115063,MODERATE SAVINGS
A03236,WellSpring Physician Network Alliance,Maryland,2024,0.01572799165598422,1.572799165598422,MODERATE SAVINGS
A03237,Heartland Clinical Partners Group,Connecticut,2024,0.03689838810545537,3.6898388105455373,HIGH SAVINGS
A03238,Stonebridge Provider Alliance Physician Alliance,Wisconsin,2024,0.017736625228180244,1.7736625228180245,MODERATE SAVINGS
A03239,Beacon Medical Partners Alliance,Florida,2024,0.049698228658899724,4.969822865889972,HIGH SAVINGS
A03240,Oakridge Wellness Association,Alabama,2024,0.05666389437624392,5.6663894376243915,HIGH SAVINGS
A03241,Fairview Health Partners Care Network,North Carolina,2024,0.01415178710186943,1.415178710186943,MODERATE SAVINGS
A03242,Evergreen Medical Partners Group,Connecticut,2024,0.003779810644055101,0.3779810644055101,MODERATE SAVINGS
A03243,Beacon Wellness Association,Georgia,2024,0.01570400380078543,1.5704003800785429,MODERATE SAVINGS
A03244,Gateway Physicians Medical Center,Colorado,2024,0.005134695884113886,0.5134695884113886,MODERATE SAVINGS
A03245,Blue Ridge Physician Network Partners,Wisconsin,2024,0.0346112882425097,3.4611288242509697,HIGH SAVINGS
A03246,Riverbend Health Alliance Care Network,New Jersey,2024,0.04504445301593807,4.504445301593806,HIGH SAVINGS
A03247,Riverside Medical Group Health System,Maryland,2024,0.029148916779742906,2.914891677974291,MODERATE SAVINGS
A03248,Riverside Provider Alliance Network,Oregon,2024,-0.01825058108697751,-1.825058108697751,LOW SAVINGS
A03249,Springfield Clinical Partners Partners,Texas,2024,0.05752989125246544,5.752989125246543,HIGH SAVINGS
A03250,Meadow Medical Partners Care Network,Oregon,2024,-0.06682269365507677,-6.682269365507677,LOW SAVINGS
A03251,Pinnacle Care Alliance Physician Alliance,Colorado,2024,0.04231169342329682,4.2311693423296814,HIGH SAVINGS
A03252,Eastgate Health Partners Network,North Carolina,2024,0.009327830854665193,0.9327830854665193,MODERATE SAVINGS
A03253,Green Valley Medical Partners Care Network,Arizona,2024,-0.03665687844186228,-3.665687844186228,LOW SAVINGS
A03254,Heritage Healthcare Network,Arizona,2024,0.03441103427139017,3.4411034271390166,HIGH SAVINGS
A03255,Horizon Wellness Physician Alliance,Minnesota,2024,-0.010367096502937332,-1.0367096502937332,LOW SAVINGS
A03256,Maplewood Community Care Network,Indiana,2024,0.032976799265240074,3.2976799265240073,HIGH SAVINGS
A03257,Evergreen Health Network Care Network,Connecticut,2024,0.024822256279442702,2.48222562794427,MODERATE SAVINGS
A03258,WellSpring Medical Group Collaborative,Washington,2024,0.041451238663090605,4.145123866309061,HIGH SAVINGS
A03259,Gateway Care Network Health System,Alabama,2024,0.017009406537874406,1.7009406537874405,MODERATE SAVINGS
A03260,Silverstone Medical Group,Alabama,2024,0.05587587765314624,5.587587765314624,HIGH SAVINGS
A03261,Crestview Physician Network Collaborative,Oregon,2024,-0.04003855260730262,-4.003855260730262,LOW SAVINGS
A03262,Mountain View Health Alliance Group,Wisconsin,2024,0.004632895730954848,0.46328957309548474,MODERATE SAVINGS
A03263,Springfield Healthcare Collaborative,Massachusetts,2024,0.010977505615541243,1.0977505615541243,MODERATE SAVINGS
A03264,Pinnacle Integrated Health Medical Center,Alabama,2024,0.07537662704135335,7.537662704135335,HIGH SAVINGS
A03265,Summit Health Collaborative Network,California,2024,-0.02855247280529233,-2.855247280529233,LOW SAVINGS
A03266,Westfield Integrated Health Alliance,Virginia,2024,0.02097960380289143,2.097960380289143,MODERATE SAVINGS
A03267,Riverbend Health Association,North Carolina,2024,-0.01859322182866306,-1.8593221828663058,LOW SAVINGS
A03268,Grandview Health Partners Alliance,Massachusetts,2024,0.006983807970031232,0.6983807970031233,MODERATE SAVINGS
A03269,Parkview Physician Network Care Network,Massachusetts,2024,0.05773606043598688,5.773606043598687,HIGH SAVINGS
A03270,Metro Health Association,Alabama,2024,-0.0014338304177870234,-0.14338304177870234,LOW SAVINGS
A03271,Cedar Health Alliance Association,Indiana,2024,0.017617130406640504,1.7617130406640504,MODERATE SAVINGS
A03272,Westfield Wellness Association,Michigan,2024,-0.007765169458747799,-0.7765169458747799,LOW SAVINGS
A03273,Stonebridge Care Alliance Alliance,Texas,2024,0.0014240212310580732,0.14240212310580733,MODERATE SAVINGS
A03274,Community Health Network Association,Ohio,2024,0.02180170574940572,2.180170574940572,MODERATE SAVINGS
A03275,Grandview Clinical Partners Care Network,Oregon,2024,0.08794456262594767,8.794456262594768,HIGH SAVINGS
A03276,Crestview Medical Group Physician Alliance,California,2024,0.031974211403503004,3.1974211403503006,HIGH SAVINGS
A03277,Westfield Care Partners,Washington,2024,0.032596872293231514,3.2596872293231516,HIGH SAVINGS
A03278,Blue Ridge Community Care Collaborative,Pennsylvania,2024,0.06779248239752513,6.779248239752513,HIGH SAVINGS
A03279,Brookside Medical Group Association,Connecticut,2024,0.026800159844585305,2.6800159844585303,MODERATE SAVINGS
A03280,Silverstone Health Alliance Association,Colorado,2024,-0.015358442316843086,-1.5358442316843086,LOW SAVINGS
A03281,Maplewood Care Alliance,Tennessee,2024,0.031832645418569804,3.1832645418569805,HIGH SAVINGS
A03283,Stonebridge Medical Group Association,New York,2024,0.00718683336194327,0.718683336194327,MODERATE SAVINGS
A03284,Fairview Health Network Network,Wisconsin,2024,0.035804684082966484,3.5804684082966483,HIGH SAVINGS
A03285,Silverstone Health Partners Collaborative,Michigan,2024,0.014535707778867708,1.4535707778867708,MODERATE SAVINGS
A03286,Green Valley Community Care Health System,California,2024,-0.009653796216283317,-0.9653796216283317,LOW SAVINGS
A03287,Maplewood Care Alliance Physician Alliance,California,2024,0.014480157168795537,1.4480157168795538,MODERATE SAVINGS
A03288,Unity Medical Partners Collaborative,New York,2024,0.037242279421842016,3.7242279421842017,HIGH SAVINGS
A03289,Heritage Medical Care Network,Maryland,2024,0.0268183128784238,2.68183128784238,MODERATE SAVINGS
A03290,Heritage Medical Partners Partners,Georgia,2024,0.04106629404004124,4.106629404004123,HIGH SAVINGS
A03291,Stonebridge Integrated Health Medical Center,California,2024,0.06706875299835892,6.706875299835892,HIGH SAVINGS
A03292,Riverside Medical Group Collaborative,Florida,2024,0.02452081650546093,2.452081650546093,MODERATE SAVINGS
A03293,Evergreen Medical Group,Indiana,2024,0.02445158392264969,2.445158392264969,MODERATE SAVINGS
A03294,Horizon Health Collaborative Medical Center,Wisconsin,2024,0.024454759937180954,2.4454759937180954,MODERATE SAVINGS
A03295,Community Health Health System,Wisconsin,2024,0.04858790927662258,4.858790927662258,HIGH SAVINGS
A03296,Meadow Medical Group,Massachusetts,2024,0.039210048734850296,3.9210048734850296,HIGH SAVINGS
A03297,Valley Health Collaborative Care Network,Missouri,2024,0.06904935621680762,6.904935621680762,HIGH SAVINGS
A03298,Eastgate Care Network Partners,Massachusetts,2024,0.012163101908957634,1.2163101908957634,MODERATE SAVINGS
A03299,Highland Care Alliance Alliance,Tennessee,2024,0.021435528352392024,2.1435528352392024,MODERATE SAVINGS
A03300,Silverstone Medical Group Alliance,California,2024,0.04404332029453096,4.404332029453096,HIGH SAVINGS
A03301,Valley Health Partners Physician Alliance,Arizona,2024,-0.009058070674548781,-0.9058070674548782,LOW SAVINGS
A03302,Green Valley Care Network Health System,New York,2024,-0.001517595210311684,-0.15175952103116838,LOW SAVINGS
A03303,Pinnacle Clinical Partners Group,Washington,2024,0.010377537674621596,1.0377537674621595,MODERATE SAVINGS
A03304,Silverstone Care Alliance Alliance,Georgia,2024,0.02057044783497632,2.057044783497632,MODERATE SAVINGS
A03305,Heartland Care Network Physician Alliance,New York,2024,-0.013995916531735446,-1.3995916531735446,LOW SAVINGS
A03306,Crestview Physician Network Network,New Jersey,2024,-0.036838086918374584,-3.6838086918374584,LOW SAVINGS
A03307,Unity Medical Group,Alabama,2024,0.05259665173861959,5.259665173861959,HIGH SAVINGS
A03308,Community Care Network Health System,Pennsylvania,2024,0.007972923876320837,0.7972923876320837,MODERATE SAVINGS
A03309,Pioneer Health Collaborative Partners,Massachusetts,2024,-0.027080263870881385,-2.7080263870881383,LOW SAVINGS
A03312,Green Valley Clinical Partners Care Network,Minnesota,2024,-0.005088280357743841,-0.5088280357743841,LOW SAVINGS
A03313,Clearview Care Partners Health System,Georgia,2024,-0.017114433138482873,-1.7114433138482872,LOW SAVINGS
A03314,WellSpring Medical Partners Medical Center,Pennsylvania,2024,0.015996518961534412,1.5996518961534412,MODERATE SAVINGS
A03316,Pinnacle Health Alliance Alliance,Tennessee,2024,0.011504347264740072,1.1504347264740071,MODERATE SAVINGS
A03317,Westfield Care Network Medical Center,Connecticut,2024,-0.004965412712264141,-0.49654127122641406,LOW SAVINGS
A03318,Pinnacle Healthcare Care Network,Massachusetts,2024,0.012956458741275892,1.2956458741275891,MODERATE SAVINGS
A03319,Evergreen Physicians Care Network,Georgia,2024,0.001563364278716633,0.1563364278716633,MODERATE SAVINGS
A03320,Horizon Medical Group Collaborative,Pennsylvania,2024,0.032110908881959555,3.2110908881959555,HIGH SAVINGS
A03321,Beacon Physician Network Partners,Arizona,2024,-0.007323022419717706,-0.7323022419717706,LOW SAVINGS
A03322,Lakeside Healthcare Alliance,Tennessee,2024,-0.013905725957874149,-1.3905725957874149,LOW SAVINGS
A03323,Redwood Medical Medical Center,Maryland,2024,-0.019369828733800887,-1.9369828733800887,LOW SAVINGS
A03324,Gateway Clinical Partners Alliance,Texas,2024,0.01442644656491748,1.442644656491748,MODERATE SAVINGS
A03325,Redwood Health Network Association,Alabama,2024,-0.004935330905984036,-0.4935330905984036,LOW SAVINGS
A03326,Evergreen Health Collaborative Partners,California,2024,-0.008666778849078112,-0.8666778849078112,LOW SAVINGS
A03327,Blue Ridge Healthcare Alliance,Tennessee,2024,0.01737937034303655,1.7379370343036549,MODERATE SAVINGS
A03328,Gateway Medical Group Group,Connecticut,2024,0.012706377679023688,1.2706377679023688,MODERATE SAVINGS
A03329,Springfield Medical Care Network,Indiana,2024,-0.000363998284218997,-0.0363998284218997,LOW SAVINGS
A03330,Green Valley Care Network Partners,Alabama,2024,0.041475936560082936,4.1475936560082936,HIGH SAVINGS
A03331,Evergreen Physician Network Association,Illinois,2024,0.028191948085111128,2.8191948085111127,MODERATE SAVINGS
A03332,Silverstone Health Collaborative,Oregon,2024,0.015819706429128663,1.5819706429128662,MODERATE SAVINGS
A03333,Horizon Health Collaborative Health System,Indiana,2024,0.05567373669712381,5.5673736697123815,HIGH SAVINGS
A03334,Fairview Medical Group Partners,Washington,2024,0.008844504966195302,0.8844504966195302,MODERATE SAVINGS
A03335,Stonebridge Medical Partners Medical Center,Minnesota,2024,0.024457686834896963,2.445768683489696,MODERATE SAVINGS
A03336,Parkview Health Network,Tennessee,2024,0.0049825993690073254,0.49825993690073256,MODERATE SAVINGS
A03337,Blue Ridge Wellness Alliance,North Carolina,2024,-0.01815257362685951,-1.815257362685951,LOW SAVINGS
A03338,Summit Provider Alliance Physician Alliance,Arizona,2024,0.005682902168427897,0.5682902168427897,MODERATE SAVINGS
A03339,Riverside Care Partners Association,Michigan,2024,0.02987547712386006,2.987547712386006,MODERATE SAVINGS
A03340,Canyon Health Alliance Network,Virginia,2024,0.04284743491930352,4.284743491930352,HIGH SAVINGS
A03341,Golden Valley Health Partners Alliance,North Carolina,2024,0.013077008989228785,1.3077008989228784,MODERATE SAVINGS
A03342,Riverside Wellness Alliance,Tennessee,2024,0.027976486263290645,2.7976486263290643,MODERATE SAVINGS
A03343,Green Valley Health Partners Collaborative,North Carolina,2024,0.024834402332795272,2.483440233279527,MODERATE SAVINGS
A03344,Eastgate Health Partners Group,Ohio,2024,0.01346225669456849,1.346225669456849,MODERATE SAVINGS
A03345,Pinnacle Care Group,Colorado,2024,-0.011917408788985047,-1.1917408788985047,LOW SAVINGS
A03346,Lakeside Health Partners Medical Center,Tennessee,2024,0.015201833987244017,1.5201833987244018,MODERATE SAVINGS
A03347,Silverstone Healthcare Association,New York,2024,0.013701910342212813,1.3701910342212813,MODERATE SAVINGS
A03348,Pioneer Care Alliance Collaborative,Massachusetts,2024,0.032357084720035664,3.2357084720035663,HIGH SAVINGS
A03349,Springfield Clinical Partners Physician Alliance,Georgia,2024,0.04250315115978614,4.250315115978614,HIGH SAVINGS
A03350,Grandview Care Network Medical Center,Massachusetts,2024,0.07960107061950848,7.960107061950848,HIGH SAVINGS
A03351,Westfield Physicians Alliance,Michigan,2024,0.021909886143899847,2.1909886143899846,MODERATE SAVINGS
A03352,Silverstone Care Medical Center,Oregon,2024,0.03767663768990329,3.7676637689903294,HIGH SAVINGS
A03353,WellSpring Medical Partners Association,Arizona,2024,0.055914562549026804,5.59145625490268,HIGH SAVINGS
A03354,Green Valley Health Network Health System,Massachusetts,2024,-0.0036230724309870553,-0.36230724309870554,LOW SAVINGS
A03355,Stonebridge Care Alliance Collaborative,California,2024,0.03364636830377843,3.364636830377843,HIGH SAVINGS
A03356,Silverstone Care Alliance Partners,Arizona,2024,0.0012752758085980208,0.12752758085980206,MODERATE SAVINGS
A03357,Oakridge Physician Network Medical Center,Arizona,2024,0.014787444293654263,1.4787444293654262,MODERATE SAVINGS
A03358,Beacon Physician Network Health System,Indiana,2024,0.04392438506546767,4.392438506546767,HIGH SAVINGS
A03359,Unity Medical Medical Center,Colorado,2024,-0.016562943693621487,-1.6562943693621486,LOW SAVINGS
A03360,Blue Ridge Health Partners Partners,Missouri,2024,0.023273843463736923,2.3273843463736923,MODERATE SAVINGS
A03361,Unity Health Alliance,Georgia,2024,0.019688222888842036,1.9688222888842037,MODERATE SAVINGS
A03362,Evergreen Wellness Physician Alliance,Missouri,2024,0.06056568601707389,6.056568601707389,HIGH SAVINGS
A03363,Metro Healthcare Group,Minnesota,2024,-0.0020676513854895134,-0.20676513854895134,LOW SAVINGS
A03364,Grandview Medical Collaborative,Tennessee,2024,-0.018710514588295254,-1.8710514588295253,LOW SAVINGS
A03365,Eastgate Integrated Health Collaborative,California,2024,0.045429351167644835,4.542935116764483,HIGH SAVINGS
A03366,Northstar Care Alliance Partners,Colorado,2024,-0.002102736411972012,-0.2102736411972012,LOW SAVINGS
A03367,Highland Health Network Medical Center,Florida,2024,0.021473951638909607,2.1473951638909607,MODERATE SAVINGS
A03369,Valley Care Network Alliance,Florida,2024,-0.008658474504432374,-0.8658474504432374,LOW SAVINGS
A03370,Eastgate Integrated Health Health System,Virginia,2024,-0.05136272124714477,-5.136272124714477,LOW SAVINGS
A03371,Pinnacle Health Partners Collaborative,Arizona,2024,0.02295165610630314,2.295165610630314,MODERATE SAVINGS
A03372,Silverstone Health Collaborative Care Network,Alabama,2024,0.044868940053556294,4.486894005355629,HIGH SAVINGS
A03373,Metro Care Partners Medical Center,Ohio,2024,0.021115045823148538,2.1115045823148537,MODERATE SAVINGS
A03374,Brookside Health Alliance,Washington,2024,0.018797333336050468,1.8797333336050468,MODERATE SAVINGS
A03375,Blue Ridge Care Care Network,North Carolina,2024,0.0373942200217644,3.73942200217644,HIGH SAVINGS
A03376,Heartland Community Care Collaborative,New York,2024,0.0039172834995630824,0.39172834995630823,MODERATE SAVINGS
A03377,Heartland Health Partners Care Network,Massachusetts,2024,-0.0061839725501064485,-0.6183972550106448,LOW SAVINGS
A03378,Oakridge Care Network Group,Ohio,2024,-0.008735421747931139,-0.8735421747931139,LOW SAVINGS
A03379,Cedar Integrated Health Care Network,Maryland,2024,0.00046996998364823804,0.0469969983648238,MODERATE SAVINGS
A03380,Beacon Care Partners Collaborative,Washington,2024,0.029158883102158226,2.9158883102158226,MODERATE SAVINGS
A03381,Unity Health Collaborative Collaborative,North Carolina,2024,0.018657681249972056,1.8657681249972056,MODERATE SAVINGS
A03382,Evergreen Care Care Network,Connecticut,2024,0.009442829614643976,0.9442829614643976,MODERATE SAVINGS
A03383,Oakridge Medical Group Collaborative,Washington,2024,0.06321883771898473,6.321883771898474,HIGH SAVINGS
A03384,Fairview Medical Alliance,Texas,2024,0.016700983572588562,1.6700983572588561,MODERATE SAVINGS
A03385,Canyon Community Care Care Network,California,2024,0.035929261342379136,3.5929261342379135,HIGH SAVINGS
A03386,Community Integrated Health Care Network,Maryland,2024,-0.005683387513009514,-0.5683387513009514,LOW SAVINGS
A03387,Horizon Physicians Network,North Carolina,2024,0.026006981534459503,2.60069815344595,MODERATE SAVINGS
A03388,Pinnacle Care Partners Collaborative,Missouri,2024,-0.023304040518245823,-2.330404051824582,LOW SAVINGS
A03389,Eastgate Provider Alliance Network,Alabama,2024,-0.08007470940006825,-8.007470940006826,LOW SAVINGS
A03390,Lakeside Medical Partners Association,Wisconsin,2024,0.0226199755340499,2.26199755340499,MODERATE SAVINGS
A03391,Evergreen Care Network Group,Minnesota,2024,0.015709618650835307,1.5709618650835306,MODERATE SAVINGS
A03392,Beacon Care Association,Massachusetts,2024,0.018819226497764664,1.8819226497764665,MODERATE SAVINGS
A03393,Fairview Healthcare Physician Alliance,North Carolina,2024,0.014068588649472776,1.4068588649472775,MODERATE SAVINGS
A03394,Cedar Physician Network Alliance,California,2024,0.05621428105183729,5.621428105183729,HIGH SAVINGS
A03395,Maplewood Integrated Health Group,New York,2024,0.04731859173861511,4.731859173861511,HIGH SAVINGS
A03396,Valley Health Network Network,California,2024,0.02917183554728446,2.917183554728446,MODERATE SAVINGS
A03397,Eastgate Health Network Association,Colorado,2024,0.06485658361113751,6.485658361113751,HIGH SAVINGS
A03398,Parkview Care Collaborative,Arizona,2024,-0.006263648882294085,-0.6263648882294085,LOW SAVINGS
A03399,Clearview Care Network Network,Missouri,2024,-0.0004940535271629734,-0.04940535271629734,LOW SAVINGS
A03401,Horizon Health Alliance Alliance,Florida,2024,-0.020721019912497286,-2.0721019912497285,LOW SAVINGS
A03402,Evergreen Care Alliance Care Network,New Jersey,2024,0.011962615392464186,1.1962615392464186,MODERATE SAVINGS
A03403,Evergreen Integrated Health Group,Maryland,2024,0.00847887435628255,0.847887435628255,MODERATE SAVINGS
A03404,Crestview Integrated Health Collaborative,Alabama,2024,-0.0170813028972522,-1.70813028972522,LOW SAVINGS
A03405,Canyon Health Partners Care Network,Texas,2024,0.020439716469142756,2.0439716469142755,MODERATE SAVINGS
A03406,Stonebridge Care Care Network,Washington,2024,-0.01310598023891255,-1.310598023891255,LOW SAVINGS
A03407,Stonebridge Care Network Health System,Florida,2024,-0.008512660920435072,-0.8512660920435072,LOW SAVINGS
A03408,Grandview Medical Medical Center,Tennessee,2024,0.010135396727779356,1.0135396727779356,MODERATE SAVINGS
A03409,Community Care Network Physician Alliance,Washington,2024,0.046292433174986415,4.629243317498641,HIGH SAVINGS
A03410,Lakeside Integrated Health Association,Pennsylvania,2024,0.026598330329030143,2.6598330329030144,MODERATE SAVINGS
A03411,Pioneer Health Partners Partners,Wisconsin,2024,0.0011490688146826376,0.11490688146826376,MODERATE SAVINGS
A03412,Heritage Wellness Partners,Massachusetts,2024,0.008592403703783913,0.8592403703783913,MODERATE SAVINGS
A03414,Gateway Health Medical Center,California,2024,0.006235719727060359,0.6235719727060359,MODERATE SAVINGS
A03415,Heritage Health Collaborative Physician Alliance,Massachusetts,2024,0.06526154185700636,6.526154185700636,HIGH SAVINGS
A03416,Community Healthcare Medical Center,Ohio,2024,0.02212833237441416,2.212833237441416,MODERATE SAVINGS
A03417,Northstar Medical Partners Medical Center,Connecticut,2024,0.01757328037517491,1.757328037517491,MODERATE SAVINGS
A03418,Oakridge Healthcare Network,Tennessee,2024,0.005628293599508057,0.5628293599508057,MODERATE SAVINGS
A03419,Gateway Physician Network Collaborative,Washington,2024,0.03636508510182773,3.6365085101827734,HIGH SAVINGS
A03420,Highland Care Partners Partners,Wisconsin,2024,0.060118374174735555,6.011837417473555,HIGH SAVINGS
A03421,Redwood Provider Alliance Collaborative,Oregon,2024,0.029806424268788698,2.9806424268788696,MODERATE SAVINGS
A03422,Heartland Health Network,Michigan,2024,0.02609622530860664,2.609622530860664,MODERATE SAVINGS
A03423,Pinnacle Care Alliance Alliance,Massachusetts,2024,-0.018109508953983063,-1.8109508953983062,LOW SAVINGS
A03424,Westfield Health Collaborative Collaborative,Oregon,2024,0.03834322989214622,3.8343229892146216,HIGH SAVINGS
A03425,Westfield Medical Network,Maryland,2024,0.011611434213677222,1.1611434213677223,MODERATE SAVINGS
A03426,Metro Community Care Alliance,Colorado,2024,0.010864433522021209,1.0864433522021208,MODERATE SAVINGS
A03427,Blue Ridge Care Alliance Alliance,Texas,2024,0.0029139263484699615,0.2913926348469961,MODERATE SAVINGS
A03428,Riverbend Integrated Health Collaborative,Ohio,2024,-0.006533072954133848,-0.6533072954133848,LOW SAVINGS
A03429,Summit Healthcare Partners,Pennsylvania,2024,0.005126765892340156,0.5126765892340156,MODERATE SAVINGS
A03430,Fairview Health Network,New York,2024,0.012582286937430713,1.2582286937430713,MODERATE SAVINGS
A03431,WellSpring Medical Group Medical Center,Georgia,2024,0.019498065635675094,1.9498065635675095,MODERATE SAVINGS
A03432,Silverstone Care Network Network,Florida,2024,0.0162144273524511,1.62144273524511,MODERATE SAVINGS
A03433,WellSpring Physician Network Collaborative,North Carolina,2024,0.05922983853743427,5.922983853743427,HIGH SAVINGS
A03434,Eastgate Health Collaborative Association,Illinois,2024,0.041073904440239055,4.107390444023905,HIGH SAVINGS
A03435,Community Health Partners Physician Alliance,Massachusetts,2024,-0.01068563761751862,-1.068563761751862,LOW SAVINGS
A03436,Blue Ridge Provider Alliance Care Network,Arizona,2024,-0.04486630973533268,-4.486630973533268,LOW SAVINGS
A03437,WellSpring Medical Group Physician Alliance,California,2024,-0.020916662367725724,-2.0916662367725722,LOW SAVINGS
A03438,Eastgate Care Network Medical Center,New Jersey,2024,-0.008533247554893686,-0.8533247554893686,LOW SAVINGS
A03439,Riverbend Care Network Physician Alliance,Tennessee,2024,-0.01570635415699347,-1.570635415699347,LOW SAVINGS
A03440,Valley Health Network Health System,California,2024,0.04043991579154104,4.043991579154104,HIGH SAVINGS
A03441,Westfield Physician Network Alliance,Tennessee,2024,0.01636603587387521,1.6366035873875209,MODERATE SAVINGS
A03442,Pinnacle Health Network Partners,Texas,2024,0.03254030422817073,3.254030422817073,HIGH SAVINGS
A03443,Silverstone Integrated Health Collaborative,Connecticut,2024,0.006765380761887562,0.6765380761887563,MODERATE SAVINGS
A03444,Horizon Care Partners Health System,Washington,2024,0.003060444216087443,0.3060444216087443,MODERATE SAVINGS
A03445,Mountain View Health Network Collaborative,Ohio,2024,0.04508391448594385,4.508391448594385,HIGH SAVINGS
A03446,Silverstone Integrated Health Physician Alliance,North Carolina,2024,0.006597043167851826,0.6597043167851826,MODERATE SAVINGS
A03447,Beacon Health Medical Center,Connecticut,2024,-0.04912418445899487,-4.912418445899487,LOW SAVINGS
A03448,Lakeside Physician Network Association,Maryland,2024,0.034377695509768554,3.4377695509768555,HIGH SAVINGS
A03449,Eastgate Health Collaborative Group,New York,2024,0.035089961863726656,3.5089961863726655,HIGH SAVINGS
A03450,Gateway Care Physician Alliance,Wisconsin,2024,0.01932686001427541,1.9326860014275409,MODERATE SAVINGS
A03451,Eastgate Care Partners Partners,Tennessee,2024,0.004888716780417259,0.4888716780417259,MODERATE SAVINGS
A03452,Horizon Health Collaborative,Missouri,2024,0.06066495835429791,6.066495835429791,HIGH SAVINGS
A03453,Green Valley Provider Alliance Group,Washington,2024,0.05777829434723579,5.777829434723579,HIGH SAVINGS
A03454,Community Wellness Group,Missouri,2024,-0.028067064893954444,-2.8067064893954443,LOW SAVINGS
A03455,Redwood Physicians Alliance,New Jersey,2024,0.04202870493521675,4.202870493521675,HIGH SAVINGS
A03456,Golden Valley Health Association,Colorado,2024,0.05152622153327726,5.152622153327726,HIGH SAVINGS
A03457,Parkview Health Partners Association,North Carolina,2024,0.046841748262265594,4.68417482622656,HIGH SAVINGS
A03458,Oakridge Health Partners Physician Alliance,Arizona,2024,0.010944445466515133,1.0944445466515134,MODERATE SAVINGS
A03459,Clearview Care Partners Collaborative,New York,2024,0.0002569396901047107,0.025693969010471072,MODERATE SAVINGS
A03460,Heartland Medical Partners Care Network,California,2024,0.012755760282135037,1.2755760282135038,MODERATE SAVINGS
A03461,Brookside Community Care Alliance,Georgia,2024,0.030463631495024915,3.0463631495024917,HIGH SAVINGS
A03462,Parkview Community Care Network,Georgia,2024,0.01490157894392212,1.490157894392212,MODERATE SAVINGS
A03463,Clearview Community Care Group,Florida,2024,0.01351292399462312,1.351292399462312,MODERATE SAVINGS
A03465,Heritage Health Partners Group,Arizona,2024,0.0657288588585523,6.57288588585523,HIGH SAVINGS
A03466,Golden Valley Care Alliance Alliance,Maryland,2024,-0.009172467068105556,-0.9172467068105556,LOW SAVINGS
A03467,Oakridge Physician Network Care Network,Massachusetts,2024,0.009831795597680142,0.9831795597680142,MODERATE SAVINGS
A03468,Fairview Care Network Partners,Connecticut,2024,0.009083311772634247,0.9083311772634247,MODERATE SAVINGS
A03469,Riverside Care Partners Group,Missouri,2024,0.023303771311644128,2.330377131164413,MODERATE SAVINGS
A03470,Pinnacle Physicians Physician Alliance,North Carolina,2024,0.05893417798149828,5.893417798149828,HIGH SAVINGS
A03471,Riverbend Medical Group Medical Center,Arizona,2024,0.009350083201036329,0.9350083201036329,MODERATE SAVINGS
A03472,Unity Health Physician Alliance,Connecticut,2024,0.03566173231536356,3.5661732315363563,HIGH SAVINGS
A03473,Beacon Care Partners Health System,Indiana,2024,-0.011868010093301806,-1.1868010093301806,LOW SAVINGS
A03474,Northstar Clinical Partners Care Network,Michigan,2024,0.07987120540038362,7.987120540038362,HIGH SAVINGS
A03475,Green Valley Health Network Partners,Virginia,2024,0.026744860400533,2.6744860400533,MODERATE SAVINGS
A03476,Stonebridge Care Partners Network,California,2024,-0.004308977010027234,-0.43089770100272334,LOW SAVINGS
A03477,Crestview Medical Partners Partners,Colorado,2024,0.026429336963855143,2.6429336963855143,MODERATE SAVINGS
A03478,Evergreen Physician Network Collaborative,Tennessee,2024,0.023822844309787705,2.3822844309787703,MODERATE SAVINGS
A03479,Riverbend Physicians Care Network,Colorado,2024,0.03010265770095694,3.010265770095694,HIGH SAVINGS
A03480,Riverbend Medical Group,Florida,2024,0.027841950084581357,2.7841950084581355,MODERATE SAVINGS
A03481,Horizon Medical Partners Collaborative,Arizona,2024,-0.015538575961600458,-1.5538575961600458,LOW SAVINGS
A03482,Mountain View Physician Network Medical Center,Oregon,2024,0.0053012001323825145,0.5301200132382514,MODERATE SAVINGS
A03483,Heritage Health Partners Physician Alliance,Illinois,2024,-0.010271502085121413,-1.0271502085121413,LOW SAVINGS
A03484,Horizon Medical Group Partners,Tennessee,2024,0.029644408393667342,2.964440839366734,MODERATE SAVINGS
A03485,Golden Valley Health Network,Oregon,2024,0.05634371949812892,5.634371949812892,HIGH SAVINGS
A03486,Springfield Medical Group,Alabama,2024,0.029160090099772357,2.9160090099772358,MODERATE SAVINGS
A03487,Beacon Health Collaborative Physician Alliance,Arizona,2024,0.022317061360243928,2.2317061360243926,MODERATE SAVINGS
A03488,Pinnacle Healthcare Group,Arizona,2024,0.034689306253367476,3.4689306253367476,HIGH SAVINGS
A03489,Meadow Physicians Group,Tennessee,2024,-0.0038290067037593033,-0.38290067037593034,LOW SAVINGS
A03490,Summit Health Partners Partners,Michigan,2024,0.053137904046298215,5.313790404629821,HIGH SAVINGS
A03491,Beacon Integrated Health Collaborative,North Carolina,2024,0.022612108545882567,2.2612108545882568,MODERATE SAVINGS
A03492,Redwood Care Partners Association,North Carolina,2024,0.034202991629044936,3.4202991629044934,HIGH SAVINGS
A03493,Clearview Health Collaborative Health System,North Carolina,2024,0.04238273409855093,4.238273409855093,HIGH SAVINGS
A03494,Gateway Clinical Partners Partners,Florida,2024,0.00026107476974762515,0.026107476974762515,MODERATE SAVINGS
A03495,Mountain View Care Alliance Association,Oregon,2024,0.0063966298445647125,0.6396629844564713,MODERATE SAVINGS
A03496,Green Valley Health Partners,Alabama,2024,-0.007423431514225678,-0.7423431514225678,LOW SAVINGS
A03497,Metro Care Partners Care Network,Virginia,2024,0.022610793040109017,2.261079304010902,MODERATE SAVINGS
A03498,Mountain View Care Alliance Medical Center,New Jersey,2024,0.03125288280610253,3.1252882806102527,HIGH SAVINGS
A03499,Gateway Health Physician Alliance,Indiana,2024,0.020736489468501332,2.0736489468501333,MODERATE SAVINGS
A03500,Silverstone Care Network Health System,Wisconsin,2024,-0.0034428249849935825,-0.34428249849935827,LOW SAVINGS
A03501,Canyon Medical Partners Group,California,2024,0.008264627172918511,0.8264627172918512,MODERATE SAVINGS
A03502,Riverbend Care Partners Alliance,Indiana,2024,0.060845713285893936,6.084571328589393,HIGH SAVINGS
A03503,Unity Physicians Care Network,Texas,2024,0.021190440176941258,2.119044017694126,MODERATE SAVINGS
A03504,Grandview Provider Alliance Group,Arizona,2024,0.02652955461285539,2.652955461285539,MODERATE SAVINGS
A03505,Springfield Provider Alliance Association,Ohio,2024,-0.0025178515682482286,-0.2517851568248229,LOW SAVINGS
A03506,Valley Community Care Association,Michigan,2024,0.012647762569371338,1.264776256937134,MODERATE SAVINGS
A03507,Green Valley Health Partners Physician Alliance,Minnesota,2024,0.02271644488308943,2.271644488308943,MODERATE SAVINGS
A03508,Metro Physicians Health System,Texas,2024,0.007514266662260673,0.7514266662260672,MODERATE SAVINGS
A03509,Highland Medical Group Medical Center,Ohio,2024,0.05086381742025563,5.086381742025563,HIGH SAVINGS
A03510,Northstar Medical Group,Minnesota,2024,0.04859694006434087,4.859694006434087,HIGH SAVINGS
A03511,Cedar Medical Partners Physician Alliance,Colorado,2024,0.015265119369886355,1.5265119369886355,MODERATE SAVINGS
A03512,Northstar Health Network Association,Minnesota,2024,0.034420804744962306,3.4420804744962306,HIGH SAVINGS
A03513,Clearview Wellness Health System,Indiana,2024,0.03323982115124535,3.3239821151245352,HIGH SAVINGS
A03514,Valley Health Network Association,Missouri,2024,0.007001284496459669,0.700128449645967,MODERATE SAVINGS
A03515,Canyon Medical Group Physician Alliance,Oregon,2024,0.007944495294685737,0.7944495294685737,MODERATE SAVINGS
A03516,Riverside Care Partners,Tennessee,2024,0.030237786453101732,3.0237786453101734,HIGH SAVINGS
A03517,Oakridge Health Network Care Network,Massachusetts,2024,0.04590525974429757,4.590525974429757,HIGH SAVINGS
A03518,Riverside Clinical Partners Collaborative,Massachusetts,2024,0.028409044793753533,2.8409044793753533,MODERATE SAVINGS
A03519,Lakeside Medical Group,California,2024,0.0007139138969389854,0.07139138969389854,MODERATE SAVINGS
A03520,Beacon Health Alliance Alliance,Minnesota,2024,0.016217506369351445,1.6217506369351444,MODERATE SAVINGS
A03521,Redwood Physicians Partners,Wisconsin,2024,0.031585704969686185,3.1585704969686184,HIGH SAVINGS
A03522,Gateway Clinical Partners Health System,Michigan,2024,-0.006435873225959221,-0.6435873225959221,LOW SAVINGS
A03523,Pinnacle Health Network Medical Center,Georgia,2024,-0.04608266367351668,-4.608266367351669,LOW SAVINGS
A03524,Heritage Care Health System,Georgia,2024,0.05138394288302755,5.138394288302755,HIGH SAVINGS
A03525,Brookside Health Network Partners,Ohio,2024,0.04032992737928613,4.0329927379286135,HIGH SAVINGS
A03526,Golden Valley Care Alliance Care Network,Massachusetts,2024,0.036495132342880196,3.6495132342880194,HIGH SAVINGS
A03527,Clearview Care Group,Virginia,2024,0.031186616661050527,3.118661666105053,HIGH SAVINGS
A03528,Unity Care Network Collaborative,New Jersey,2024,0.005771441575570557,0.5771441575570557,MODERATE SAVINGS
A03529,Crestview Health Health System,Florida,2024,0.033423927855097166,3.3423927855097166,HIGH SAVINGS
A03530,Springfield Community Care Group,Colorado,2024,0.0019396606106425122,0.1939660610642512,MODERATE SAVINGS
A03531,Community Provider Alliance Alliance,Indiana,2024,0.010653242943970248,1.0653242943970247,MODERATE SAVINGS
A03532,Blue Ridge Physician Network Network,Maryland,2024,0.03625205322775449,3.625205322775449,HIGH SAVINGS
A03533,Stonebridge Medical Partners Network,Alabama,2024,0.03952611929289555,3.9526119292895547,HIGH SAVINGS
A03534,Horizon Care Network Physician Alliance,Maryland,2024,-0.0072034455381777395,-0.720344553817774,LOW SAVINGS
A03535,Meadow Clinical Partners Physician Alliance,Florida,2024,0.05745725973896651,5.745725973896651,HIGH SAVINGS
A03536,Golden Valley Healthcare Group,Indiana,2024,0.048100874940063855,4.810087494006385,HIGH SAVINGS
A03537,Cedar Health Partners Physician Alliance,Pennsylvania,2024,0.018066561686289572,1.8066561686289573,MODERATE SAVINGS
A03538,Golden Valley Care Alliance,Arizona,2024,0.01009288955042433,1.009288955042433,MODERATE SAVINGS
A03539,Brookside Healthcare Medical Center,Wisconsin,2024,0.02003213821199108,2.003213821199108,MODERATE SAVINGS
A03540,Clearview Integrated Health Physician Alliance,New York,2024,-0.01677305061755829,-1.677305061755829,LOW SAVINGS
A03541,Metro Health Collaborative Network,Missouri,2024,0.02435367209768784,2.435367209768784,MODERATE SAVINGS
A03542,Riverside Healthcare Collaborative,Minnesota,2024,0.004968448297135376,0.49684482971353755,MODERATE SAVINGS
A03543,Green Valley Medical Partners Partners,Virginia,2024,0.07149743413318155,7.149743413318155,HIGH SAVINGS
A03544,Stonebridge Medical Partners,North Carolina,2024,0.023376911456362823,2.337691145636282,MODERATE SAVINGS
A03545,Pinnacle Medical Group Collaborative,New York,2024,-0.021844500717985403,-2.1844500717985404,LOW SAVINGS
A03546,Heritage Care Network Alliance,New York,2024,0.05929059617265148,5.929059617265148,HIGH SAVINGS
A03547,Metro Clinical Partners Collaborative,Illinois,2024,0.059000473127557504,5.90004731275575,HIGH SAVINGS
A03548,Mountain View Health Alliance,California,2024,0.05347728801274219,5.347728801274219,HIGH SAVINGS
A03549,Pinnacle Health Network Alliance,Alabama,2024,0.03287926934247536,3.2879269342475363,HIGH SAVINGS
A03550,Summit Integrated Health Partners,Texas,2024,-0.015955106024329316,-1.5955106024329317,LOW SAVINGS
A03551,Riverbend Care Alliance Health System,New Jersey,2024,-0.01291053325316649,-1.291053325316649,LOW SAVINGS
A03552,Riverbend Community Care Network,Oregon,2024,0.03475091515957222,3.4750915159572218,HIGH SAVINGS
A03553,Heartland Healthcare Network,Alabama,2024,0.015085041353392552,1.5085041353392552,MODERATE SAVINGS
A03554,Community Physician Network Physician Alliance,Indiana,2024,0.034052927751520336,3.4052927751520334,HIGH SAVINGS
A03555,Horizon Medical Association,Missouri,2024,0.02264159953740676,2.264159953740676,MODERATE SAVINGS
A03556,Grandview Care Network Care Network,New York,2024,0.01830368996043542,1.830368996043542,MODERATE SAVINGS
A03557,Silverstone Health Collaborative Network,Pennsylvania,2024,0.007460127284697764,0.7460127284697764,MODERATE SAVINGS
A03558,Golden Valley Health Alliance Care Network,Tennessee,2024,0.020121483653995482,2.0121483653995482,MODERATE SAVINGS
A03559,Fairview Physician Network Alliance,Michigan,2024,0.019542776414059066,1.9542776414059067,MODERATE SAVINGS
A03560,Crestview Medical Group Network,North Carolina,2024,-0.0045771980707762835,-0.4577198070776283,LOW SAVINGS
A03561,Meadow Care Alliance Medical Center,Indiana,2024,0.015980843887777537,1.5980843887777536,MODERATE SAVINGS
A03562,Springfield Health Partners Group,Oregon,2024,0.06697653958519595,6.697653958519595,HIGH SAVINGS
A03563,Redwood Health Network Network,Massachusetts,2024,0.01697050135670658,1.697050135670658,MODERATE SAVINGS
A03564,Redwood Provider Alliance Medical Center,North Carolina,2024,-0.00046628446905799717,-0.04662844690579972,LOW SAVINGS
A03565,Fairview Health Partners Network,Illinois,2024,-0.03734410056404698,-3.7344100564046983,LOW SAVINGS
A03566,Riverside Care Network Association,Alabama,2024,0.04521732048945121,4.521732048945121,HIGH SAVINGS
A03567,Green Valley Clinical Partners Collaborative,Maryland,2024,0.0022162843073247835,0.22162843073247834,MODERATE SAVINGS
A03568,Community Clinical Partners Network,Florida,2024,0.06064950862564203,6.064950862564203,HIGH SAVINGS
A03569,Heartland Health Partners Collaborative,Connecticut,2024,0.007404087373477766,0.7404087373477766,MODERATE SAVINGS
A03571,Community Health Network Health System,Missouri,2024,0.031020441651759788,3.102044165175979,HIGH SAVINGS
A03572,Community Health Collaborative Medical Center,Michigan,2024,0.04325508704006815,4.325508704006815,HIGH SAVINGS
A03573,Green Valley Health Network Collaborative,Massachusetts,2024,0.0029902935125311393,0.2990293512531139,MODERATE SAVINGS
A03574,Westfield Healthcare Association,Alabama,2024,0.05045242814055356,5.0452428140553565,HIGH SAVINGS
A03575,Pinnacle Integrated Health Association,Washington,2024,0.0213984443096507,2.13984443096507,MODERATE SAVINGS
A03576,Lakeside Health Alliance Health System,New York,2024,0.002852142785806916,0.2852142785806916,MODERATE SAVINGS
A03577,Brookside Integrated Health Medical Center,Maryland,2024,0.06562481618282624,6.562481618282624,HIGH SAVINGS
A03578,Beacon Healthcare Medical Center,Tennessee,2024,0.03534927463530013,3.534927463530013,HIGH SAVINGS
A03579,Riverbend Clinical Partners Network,California,2024,0.010424050768661337,1.0424050768661337,MODERATE SAVINGS
A03580,Meadow Healthcare Physician Alliance,Maryland,2024,0.0504571219911536,5.04571219911536,HIGH SAVINGS
A03581,Brookside Medical Group Partners,Arizona,2024,-0.00017668414193982155,-0.017668414193982157,LOW SAVINGS
A03582,Metro Medical Network,Michigan,2024,0.051152853317098186,5.115285331709819,HIGH SAVINGS
A03583,Springfield Wellness Alliance,New Jersey,2024,0.003779040508688353,0.37790405086883533,MODERATE SAVINGS
A03584,Mountain View Physician Network Collaborative,Arizona,2024,0.07154974797641134,7.154974797641134,HIGH SAVINGS
A03585,Gateway Community Care Alliance,Wisconsin,2024,0.005815056080548564,0.5815056080548564,MODERATE SAVINGS
A03586,Riverside Provider Alliance Group,Connecticut,2024,0.04328285643197503,4.3282856431975025,HIGH SAVINGS
A03587,Valley Care Association,Minnesota,2024,0.013029501876062183,1.3029501876062184,MODERATE SAVINGS
A03588,Riverbend Health Network Physician Alliance,Massachusetts,2024,0.002733371332128071,0.2733371332128071,MODERATE SAVINGS
A03589,Highland Health Network Care Network,Florida,2024,0.009648562972153073,0.9648562972153073,MODERATE SAVINGS
A03590,Canyon Clinical Partners Alliance,Arizona,2024,0.027191064031424707,2.7191064031424705,MODERATE SAVINGS
A03591,Riverside Medical Network,Alabama,2024,0.02169717810538849,2.1697178105388493,MODERATE SAVINGS
A03592,Summit Clinical Partners Physician Alliance,Illinois,2024,0.032741113484715915,3.2741113484715916,HIGH SAVINGS
A03593,Redwood Care Network Medical Center,Texas,2024,0.05677325517239297,5.677325517239297,HIGH SAVINGS
A03594,Mountain View Health Collaborative,Missouri,2024,0.03049949522581339,3.049949522581339,HIGH SAVINGS
A03595,Parkview Health Network Network,Indiana,2024,0.04206098862777298,4.206098862777298,HIGH SAVINGS
A03596,Fairview Care Network Collaborative,Arizona,2024,-0.03933038725197565,-3.933038725197565,LOW SAVINGS
A03597,Gateway Integrated Health Partners,Maryland,2024,-0.01745725377841695,-1.7457253778416952,LOW SAVINGS
A03598,Springfield Care Network Alliance,Florida,2024,0.0030743877658174273,0.30743877658174273,MODERATE SAVINGS
A03599,Summit Wellness Partners,Connecticut,2024,0.004589308895980754,0.45893088959807543,MODERATE SAVINGS
A03600,Unity Medical Health System,Virginia,2024,0.012583839414557442,1.258383941455744,MODERATE SAVINGS
A03601,Evergreen Care Network Care Network,Pennsylvania,2024,0.020845856447863166,2.0845856447863165,MODERATE SAVINGS
A03602,Oakridge Integrated Health Physician Alliance,Texas,2024,0.023031229632555005,2.3031229632555004,MODERATE SAVINGS
A03605,Stonebridge Care Partners Group,Michigan,2024,0.021488174915256904,2.1488174915256906,MODERATE SAVINGS
A03606,Westfield Physician Network Network,Oregon,2024,0.015955148982825566,1.5955148982825567,MODERATE SAVINGS
A03607,Metro Physician Network Network,California,2024,0.0249766468047355,2.49766468047355,MODERATE SAVINGS
A03608,Riverside Healthcare Partners,Minnesota,2024,0.024990202842538885,2.4990202842538887,MODERATE SAVINGS
A03609,Westfield Provider Alliance Health System,Pennsylvania,2024,0.03834558246465766,3.8345582464657664,HIGH SAVINGS
A03610,Oakridge Health Care Network,North Carolina,2024,0.039789969832428614,3.9789969832428613,HIGH SAVINGS
A03611,Lakeside Medical Group Collaborative,Illinois,2024,-0.029301735388379616,-2.9301735388379617,LOW SAVINGS
A03612,Redwood Care Network Network,Connecticut,2024,-0.006554329563431511,-0.6554329563431511,LOW SAVINGS
A03613,Pioneer Wellness Partners,Minnesota,2024,0.023363654654738403,2.33636546547384,MODERATE SAVINGS
A03614,Summit Wellness Collaborative,Arizona,2024,-0.011276374580679434,-1.1276374580679434,LOW SAVINGS
A03615,WellSpring Care Alliance Alliance,Arizona,2024,0.008592660565712886,0.8592660565712886,MODERATE SAVINGS
A03616,Parkview Wellness Group,New Jersey,2024,8.385231130156597e-05,0.008385231130156597,MODERATE SAVINGS
A03617,Summit Medical Group Alliance,Illinois,2024,0.048235103249721425,4.823510324972142,HIGH SAVINGS
A03618,Community Health Medical Center,Maryland,2024,-0.04989035960663406,-4.989035960663406,LOW SAVINGS
A03619,Pioneer Wellness Network,Oregon,2024,-0.016583171905146278,-1.658317190514628,LOW SAVINGS
A03620,Cedar Provider Alliance Physician Alliance,Tennessee,2024,-0.004655754056463679,-0.4655754056463679,LOW SAVINGS
A03621,Northstar Medical Group Network,Oregon,2024,0.04907106550650974,4.907106550650974,HIGH SAVINGS
A03622,Highland Provider Alliance Medical Center,New Jersey,2024,0.059304982384670066,5.930498238467006,HIGH SAVINGS
A03623,Brookside Provider Alliance Network,Ohio,2024,0.05082388778787214,5.082388778787214,HIGH SAVINGS
A03624,Unity Care Network Network,Minnesota,2024,-0.011757637141821842,-1.1757637141821842,LOW SAVINGS
A03625,Pinnacle Care Alliance Health System,Oregon,2024,0.034676598700471496,3.4676598700471497,HIGH SAVINGS
A03626,Heritage Clinical Partners Medical Center,Minnesota,2024,-0.04061090091057919,-4.061090091057919,LOW SAVINGS
A03627,Beacon Health Collaborative Care Network,Tennessee,2024,0.02701473897496714,2.7014738974967143,MODERATE SAVINGS
A03630,Maplewood Physician Network Partners,Illinois,2024,0.008077092274842436,0.8077092274842437,MODERATE SAVINGS
A03631,Oakridge Health Group,Texas,2024,0.020355732472853688,2.035573247285369,MODERATE SAVINGS
A03632,WellSpring Health Partners Partners,Oregon,2024,0.027906654910567878,2.790665491056788,MODERATE SAVINGS
A03633,WellSpring Health Alliance Medical Center,Massachusetts,2024,0.03763833056679312,3.763833056679312,HIGH SAVINGS
A03635,Cedar Medical Group Health System,Texas,2024,0.054621433435087914,5.462143343508791,HIGH SAVINGS
A03636,Heritage Medical Partners Collaborative,Colorado,2024,-0.05432243233198162,-5.432243233198162,LOW SAVINGS
A03637,Oakridge Care Network Medical Center,Missouri,2024,0.020475615223125167,2.0475615223125168,MODERATE SAVINGS
A03638,Blue Ridge Medical Collaborative,Oregon,2024,-0.022610921375480163,-2.261092137548016,LOW SAVINGS
A03639,Pinnacle Health Collaborative Medical Center,Indiana,2024,0.041975299122193215,4.197529912219322,HIGH SAVINGS
A03640,Crestview Wellness Alliance,Ohio,2024,0.0034102522512924507,0.34102522512924505,MODERATE SAVINGS
A03642,Eastgate Care Partners Collaborative,North Carolina,2024,0.029631711769334497,2.9631711769334497,MODERATE SAVINGS
A03643,Evergreen Health Partners Care Network,Massachusetts,2024,0.04182041124925204,4.182041124925203,HIGH SAVINGS
A03644,Canyon Health Alliance Partners,Illinois,2024,0.012913090721336841,1.2913090721336842,MODERATE SAVINGS
A03645,Crestview Health Alliance Care Network,Illinois,2024,0.016692908747758296,1.6692908747758295,MODERATE SAVINGS
A03646,Pioneer Medical Partners,Connecticut,2024,-0.006183182881367048,-0.6183182881367048,LOW SAVINGS
A03647,Pioneer Health Partners Health System,Tennessee,2024,-0.03245048396451489,-3.2450483964514887,LOW SAVINGS
A03648,Metro Health Network Medical Center,Florida,2024,-0.013334325520497547,-1.3334325520497547,LOW SAVINGS
A03649,Heartland Care Collaborative,Massachusetts,2024,-0.006644614917224116,-0.6644614917224116,LOW SAVINGS
A03650,Eastgate Health Network Medical Center,Indiana,2024,0.003025197175897313,0.3025197175897313,MODERATE SAVINGS
A03651,Westfield Health Alliance,Missouri,2024,0.0019155601406214422,0.19155601406214423,MODERATE SAVINGS
A03652,Oakridge Healthcare Physician Alliance,North Carolina,2024,0.022958778627838176,2.2958778627838177,MODERATE SAVINGS
A03653,Metro Care Network Medical Center,Missouri,2024,0.014133698703071532,1.413369870307153,MODERATE SAVINGS
A03654,Heartland Health Collaborative Collaborative,Massachusetts,2024,0.055190880745818176,5.519088074581817,HIGH SAVINGS
A03655,Blue Ridge Health Alliance Medical Center,Arizona,2024,-0.009515924451133353,-0.9515924451133353,LOW SAVINGS
A03656,WellSpring Medical Group,Tennessee,2024,0.023873082538398524,2.3873082538398522,MODERATE SAVINGS
A03657,Summit Wellness Care Network,Tennessee,2024,0.027779744285606128,2.7779744285606127,MODERATE SAVINGS
A03658,WellSpring Care Association,North Carolina,2024,0.043076367470503946,4.3076367470503945,HIGH SAVINGS
A03659,Westfield Wellness Collaborative,Virginia,2024,0.03303909385568468,3.3039093855684682,HIGH SAVINGS
A03660,Riverside Health Collaborative Care Network,California,2024,0.01540708051419528,1.540708051419528,MODERATE SAVINGS
A03661,Green Valley Health Alliance Collaborative,Texas,2024,0.006633599388658252,0.6633599388658252,MODERATE SAVINGS
A03662,Eastgate Health Collaborative Physician Alliance,Colorado,2024,0.04213119718071736,4.213119718071736,HIGH SAVINGS
A03663,Horizon Health Partners Medical Center,New Jersey,2024,0.009544380421581712,0.9544380421581712,MODERATE SAVINGS
A03664,Community Health Collaborative Group,Missouri,2024,-0.011162338454954067,-1.1162338454954066,LOW SAVINGS
A03666,Fairview Medical Group Alliance,Arizona,2024,0.03065593491971301,3.065593491971301,HIGH SAVINGS
A03667,Horizon Health Partners Health System,Michigan,2024,0.0937871827040131,9.37871827040131,HIGH SAVINGS
A03668,Heartland Physicians Association,California,2024,-0.021366626202266464,-2.1366626202266463,LOW SAVINGS
A03669,Crestview Physicians Medical Center,Wisconsin,2024,0.0011653432366048194,0.11653432366048194,MODERATE SAVINGS
A03670,Crestview Wellness Care Network,Connecticut,2024,-0.04387180369656513,-4.387180369656513,LOW SAVINGS
A03671,Mountain View Physician Network Group,New York,2024,0.018019868300510573,1.8019868300510573,MODERATE SAVINGS
A03672,Canyon Healthcare Association,Tennessee,2024,0.014896812489316132,1.4896812489316131,MODERATE SAVINGS
A03673,Evergreen Health Network Health System,Ohio,2024,0.0435930894676189,4.359308946761891,HIGH SAVINGS
A03674,Green Valley Wellness Care Network,Massachusetts,2024,0.02443248892940453,2.443248892940453,MODERATE SAVINGS
A03675,Canyon Wellness Partners,Indiana,2024,0.0008472685557495261,0.08472685557495262,MODERATE SAVINGS
A03676,Summit Care Network Association,New Jersey,2024,0.036262739750740965,3.6262739750740964,HIGH SAVINGS
A03677,Horizon Health Partners Collaborative,North Carolina,2024,0.025497013590288498,2.54970135902885,MODERATE SAVINGS
A03678,Golden Valley Physicians Physician Alliance,Tennessee,2024,0.022145203966024745,2.2145203966024747,MODERATE SAVINGS
A03679,Pioneer Community Care Health System,Minnesota,2024,0.021715581705577545,2.1715581705577547,MODERATE SAVINGS
A03680,Beacon Health Alliance Network,Wisconsin,2024,0.025026120277509247,2.5026120277509247,MODERATE SAVINGS
A03681,Meadow Health Medical Center,Colorado,2024,-0.0036903515564627523,-0.3690351556462752,LOW SAVINGS
A03682,Redwood Care Partners Collaborative,Oregon,2024,-0.05174778759262356,-5.174778759262356,LOW SAVINGS
A03683,Parkview Health Network Association,Massachusetts,2024,0.011676078253119318,1.1676078253119317,MODERATE SAVINGS
A03684,Grandview Health Alliance Group,Minnesota,2024,0.032150575385519964,3.2150575385519966,HIGH SAVINGS
A03685,Pinnacle Health Network Health System,Massachusetts,2024,0.04010052680212884,4.010052680212884,HIGH SAVINGS
A03686,Pinnacle Medical Care Network,Wisconsin,2024,0.06480000175631287,6.480000175631287,HIGH SAVINGS
A03687,Summit Medical Group Health System,Massachusetts,2024,0.019412021647699174,1.9412021647699174,MODERATE SAVINGS
A03688,Golden Valley Health Group,Arizona,2024,0.04165902556225461,4.165902556225461,HIGH SAVINGS
A03689,Golden Valley Integrated Health Group,Minnesota,2024,-0.013370131033880734,-1.3370131033880734,LOW SAVINGS
A03690,Clearview Care Network Health System,Maryland,2024,0.02380032086873772,2.380032086873772,MODERATE SAVINGS
A03691,Pinnacle Health Partners Partners,Tennessee,2024,0.04153669154695765,4.153669154695765,HIGH SAVINGS
A03692,Silverstone Health Partners Health System,Missouri,2024,-0.012637616394789082,-1.2637616394789082,LOW SAVINGS
A03694,Westfield Integrated Health Network,North Carolina,2024,-0.012190168338112758,-1.2190168338112757,LOW SAVINGS
A03695,Fairview Health Alliance Alliance,Ohio,2024,0.003271209550184163,0.3271209550184163,MODERATE SAVINGS
A03696,Horizon Medical Collaborative,California,2024,0.02220078871782434,2.2200788717824342,MODERATE SAVINGS
A03697,Golden Valley Community Care Care Network,Maryland,2024,0.026339278087714166,2.633927808771417,MODERATE SAVINGS
A03698,Fairview Medical Group Health System,Connecticut,2024,0.017077238395837455,1.7077238395837455,MODERATE SAVINGS
A03699,Heartland Community Care Partners,Missouri,2024,0.019184379426817316,1.9184379426817315,MODERATE SAVINGS
A03701,Pioneer Physicians Physician Alliance,California,2024,0.023193491018477442,2.3193491018477443,MODERATE SAVINGS
A03702,Canyon Healthcare Network,North Carolina,2024,-0.049852987943851054,-4.9852987943851055,LOW SAVINGS
A03703,Silverstone Care Partners Medical Center,California,2024,0.018698458875028707,1.8698458875028707,MODERATE SAVINGS
A03704,Highland Wellness Care Network,Massachusetts,2024,0.031149081796592256,3.1149081796592255,HIGH SAVINGS
A03705,Heartland Care Partners Medical Center,New Jersey,2024,-0.02683248800846178,-2.683248800846178,LOW SAVINGS
A03706,Evergreen Health Partners Medical Center,Oregon,2024,0.0308236469309919,3.08236469309919,HIGH SAVINGS
A03707,Oakridge Health Alliance Health System,Illinois,2024,0.003924066358522707,0.39240663585227065,MODERATE SAVINGS
A03708,Mountain View Wellness Physician Alliance,Tennessee,2024,0.0010750151990166032,0.10750151990166032,MODERATE SAVINGS
A03709,Clearview Care Alliance Collaborative,Washington,2024,0.0029740949265602227,0.2974094926560223,MODERATE SAVINGS
A03710,Riverbend Provider Alliance Network,New Jersey,2024,0.0334511542242157,3.34511542242157,HIGH SAVINGS
A03711,Oakridge Wellness Collaborative,Oregon,2024,0.03368781569600259,3.368781569600259,HIGH SAVINGS
A03712,Unity Community Care Collaborative,Missouri,2024,0.050154560123608395,5.01545601236084,HIGH SAVINGS
A03714,Maplewood Medical Group Network,Arizona,2024,0.04809815722179369,4.809815722179369,HIGH SAVINGS
A03715,Golden Valley Medical Medical Center,Wisconsin,2024,0.01804997708950077,1.804997708950077,MODERATE SAVINGS
A03716,Silverstone Physician Network Partners,Michigan,2024,0.039813449188980235,3.9813449188980234,HIGH SAVINGS
A03717,Green Valley Medical Collaborative,Arizona,2024,-0.005854708687728956,-0.5854708687728957,LOW SAVINGS
A03718,Gateway Care Network Care Network,Washington,2024,0.03146950771190302,3.146950771190302,HIGH SAVINGS
A03719,Crestview Health Alliance,Missouri,2024,-0.0014748923284168454,-0.14748923284168453,LOW SAVINGS
A03720,Fairview Health Medical Center,Missouri,2024,0.07901850799953129,7.901850799953129,HIGH SAVINGS
A03721,Heritage Wellness Collaborative,Indiana,2024,-0.011472267900561776,-1.1472267900561777,LOW SAVINGS
A03722,Community Health Network Collaborative,New York,2024,-0.005772657925464245,-0.5772657925464245,LOW SAVINGS
A03723,Silverstone Wellness Medical Center,Wisconsin,2024,0.02167871272686075,2.167871272686075,MODERATE SAVINGS
A03724,Lakeside Care Partners Network,Illinois,2024,-0.006064325296188242,-0.6064325296188242,LOW SAVINGS
A03725,Community Health Collaborative Care Network,Missouri,2024,0.028066949533015577,2.8066949533015575,MODERATE SAVINGS
A03726,Stonebridge Care Partners Partners,North Carolina,2024,0.013325707733703588,1.332570773370359,MODERATE SAVINGS
A03727,Gateway Care Network Physician Alliance,Alabama,2024,0.01650336415986589,1.650336415986589,MODERATE SAVINGS
A03728,Parkview Medical Partners Network,Illinois,2024,0.004282031660433157,0.4282031660433157,MODERATE SAVINGS
A03729,Golden Valley Health Collaborative Network,Colorado,2024,0.032219535291566986,3.2219535291566985,HIGH SAVINGS
A03730,Crestview Provider Alliance Association,Colorado,2024,-0.012343267981104628,-1.2343267981104629,LOW SAVINGS
A03731,Stonebridge Medical Partners Partners,Ohio,2024,0.020471852286308163,2.0471852286308163,MODERATE SAVINGS
A03732,Canyon Medical Physician Alliance,Connecticut,2024,0.05585101912998491,5.585101912998491,HIGH SAVINGS
A03733,Cedar Integrated Health Group,Texas,2024,0.03480397682253212,3.480397682253212,HIGH SAVINGS
A03734,Stonebridge Health Network Collaborative,California,2024,0.014309551017715564,1.4309551017715563,MODERATE SAVINGS
A03735,Green Valley Medical Partners Group,New York,2024,-0.0041484852018541666,-0.4148485201854167,LOW SAVINGS
A03736,Blue Ridge Clinical Partners Partners,Texas,2024,0.02970170569767222,2.9701705697672223,MODERATE SAVINGS
A03737,Northstar Medical Care Network,New Jersey,2024,0.051797558137276226,5.179755813727622,HIGH SAVINGS
A03738,Community Care Network Partners,New Jersey,2024,0.048639481496941146,4.863948149694115,HIGH SAVINGS
A03739,Gateway Health Alliance Group,Florida,2024,0.017634875521218913,1.7634875521218913,MODERATE SAVINGS
A03740,Gateway Physician Network Medical Center,Florida,2024,0.03392614769151248,3.3926147691512485,HIGH SAVINGS
A03741,Highland Health Partners Alliance,Connecticut,2024,-0.00529116768809141,-0.5291167688091409,LOW SAVINGS
A03742,Horizon Care Physician Alliance,Wisconsin,2024,0.02545550581479052,2.545550581479052,MODERATE SAVINGS
A03743,Grandview Community Care Medical Center,Connecticut,2024,0.04085853535795686,4.085853535795686,HIGH SAVINGS
A03744,Northstar Care Alliance Collaborative,Georgia,2024,0.04485187641330593,4.485187641330593,HIGH SAVINGS
A03745,Riverbend Health Collaborative,Massachusetts,2024,0.002928371475762031,0.2928371475762031,MODERATE SAVINGS
A03746,Highland Health Partners Collaborative,Massachusetts,2024,0.013608917746300752,1.3608917746300753,MODERATE SAVINGS
A03747,Cedar Care Alliance Network,Florida,2024,0.050697638233341766,5.069763823334177,HIGH SAVINGS
A03748,Canyon Wellness Association,Oregon,2024,-0.018380904071262437,-1.8380904071262436,LOW SAVINGS
A03749,Westfield Care Network Collaborative,Minnesota,2024,0.03705184964788228,3.705184964788228,HIGH SAVINGS
A03750,Golden Valley Clinical Partners Partners,Massachusetts,2024,0.05590021489548445,5.590021489548445,HIGH SAVINGS
A03751,Springfield Health Partners Medical Center,Massachusetts,2024,0.031061352803437168,3.1061352803437168,HIGH SAVINGS
A03752,Valley Medical Medical Center,Florida,2024,0.05990622015214992,5.990622015214992,HIGH SAVINGS
A03753,Golden Valley Medical Group Physician Alliance,Colorado,2024,0.06319665833707974,6.319665833707974,HIGH SAVINGS
A03755,Eastgate Health Alliance Alliance,Pennsylvania,2024,0.006436264994764126,0.6436264994764126,MODERATE SAVINGS
A03756,Golden Valley Care Partners Partners,Massachusetts,2024,0.05326138853405883,5.326138853405883,HIGH SAVINGS
A03757,Riverbend Physicians Association,Florida,2024,0.02995453791191031,2.9954537911910313,MODERATE SAVINGS
A03758,Beacon Care Partners Alliance,Indiana,2024,0.0598035719513562,5.98035719513562,HIGH SAVINGS
A03760,Crestview Integrated Health Health System,Oregon,2024,0.01980184457546317,1.980184457546317,MODERATE SAVINGS
A03761,Heritage Care Network Physician Alliance,Oregon,2024,-0.03345112769631038,-3.3451127696310383,LOW SAVINGS
A03762,Oakridge Community Care Medical Center,Washington,2024,0.02703091750923779,2.703091750923779,MODERATE SAVINGS
A03763,Horizon Wellness Network,Tennessee,2024,0.0238389456295001,2.3838945629500103,MODERATE SAVINGS
A03764,WellSpring Health Collaborative Association,Wisconsin,2024,0.0014130436125649453,0.14130436125649454,MODERATE SAVINGS
A03765,Highland Physicians Association,Illinois,2024,0.005809411935359116,0.5809411935359116,MODERATE SAVINGS
A03766,Clearview Physician Network Partners,Georgia,2024,0.011965449664330885,1.1965449664330885,MODERATE SAVINGS
A03767,Redwood Health Alliance Medical Center,Missouri,2024,-0.007690236418115161,-0.7690236418115161,LOW SAVINGS
A03768,Riverside Integrated Health Care Network,Wisconsin,2024,-0.0060825315608628834,-0.6082531560862884,LOW SAVINGS
A03769,Highland Provider Alliance Association,California,2024,0.02710173638439546,2.7101736384395463,MODERATE SAVINGS
A03770,WellSpring Healthcare Partners,Florida,2024,0.05406916639585873,5.406916639585873,HIGH SAVINGS
A03771,Crestview Healthcare Group,Massachusetts,2024,0.06462406780417414,6.462406780417414,HIGH SAVINGS
A03772,Pinnacle Medical Medical Center,Michigan,2024,0.007633329811498165,0.7633329811498165,MODERATE SAVINGS
A03773,Northstar Health Network Health System,Connecticut,2024,0.04854172886384179,4.854172886384179,HIGH SAVINGS
A03774,Fairview Wellness Association,New Jersey,2024,0.03511439443544459,3.511439443544459,HIGH SAVINGS
A03775,Mountain View Health Collaborative Network,Wisconsin,2024,0.003739260401858758,0.3739260401858758,MODERATE SAVINGS
A03776,Pinnacle Health Health System,New Jersey,2024,0.04622445027220969,4.622445027220969,HIGH SAVINGS
A03777,WellSpring Physicians Partners,Illinois,2024,0.04306922680617839,4.306922680617839,HIGH SAVINGS
A03778,Springfield Medical Partners Physician Alliance,Georgia,2024,-0.016409718631594968,-1.6409718631594967,LOW SAVINGS
A03779,Heartland Provider Alliance Collaborative,Massachusetts,2024,0.04854843727549037,4.854843727549038,HIGH SAVINGS
A03780,Highland Integrated Health Group,Maryland,2024,0.040832985041599594,4.083298504159959,HIGH SAVINGS
A03781,Silverstone Healthcare Network,Illinois,2024,0.033868939417364186,3.3868939417364183,HIGH SAVINGS
A03782,Oakridge Care Physician Alliance,New Jersey,2024,-0.022858548771664322,-2.2858548771664324,LOW SAVINGS
A03783,Silverstone Physicians Group,Michigan,2024,0.030633090846181883,3.0633090846181883,HIGH SAVINGS
A03784,Pinnacle Physician Network Collaborative,Alabama,2024,-0.03028670680704892,-3.028670680704892,LOW SAVINGS
A03785,Mountain View Provider Alliance Health System,Texas,2024,-0.025586914335719718,-2.5586914335719717,LOW SAVINGS
A03786,Heartland Integrated Health Group,Minnesota,2024,-0.037113623502246756,-3.7113623502246758,LOW SAVINGS
A03787,Summit Provider Alliance Alliance,Wisconsin,2024,0.0061031582913318476,0.6103158291331847,MODERATE SAVINGS
A03788,Crestview Health Partners Association,California,2024,0.0066500035526749655,0.6650003552674966,MODERATE SAVINGS
A03789,Westfield Medical Group Physician Alliance,Maryland,2024,0.006983807970031232,0.6983807970031233,MODERATE SAVINGS
A03790,Redwood Care Alliance Network,Wisconsin,2024,0.0701982008868716,7.019820088687161,HIGH SAVINGS
A03791,Springfield Health Alliance Physician Alliance,New York,2024,0.016905725139987404,1.6905725139987404,MODERATE SAVINGS
A03792,Fairview Wellness Care Network,Connecticut,2024,-0.008178146943320507,-0.8178146943320508,LOW SAVINGS
A03793,Crestview Physician Network Partners,Florida,2024,0.0317725645681348,3.17725645681348,HIGH SAVINGS
A03794,Mountain View Care Health System,Ohio,2024,0.0057730680736035106,0.577306807360351,MODERATE SAVINGS
A03795,Heartland Provider Alliance Group,California,2024,0.017827687600280275,1.7827687600280275,MODERATE SAVINGS
A03796,Gateway Care Alliance Partners,Florida,2024,0.01587525404848844,1.587525404848844,MODERATE SAVINGS
A03797,Pioneer Health Partners Physician Alliance,Texas,2024,-0.0568241661451763,-5.68241661451763,LOW SAVINGS
A03798,Blue Ridge Physicians Network,Washington,2024,0.002561639637298451,0.2561639637298451,MODERATE SAVINGS
A03799,Meadow Health Collaborative Partners,Connecticut,2024,0.015968094454056864,1.5968094454056865,MODERATE SAVINGS
A03800,Unity Healthcare Care Network,Florida,2024,-0.040429686509733304,-4.0429686509733305,LOW SAVINGS
A03801,WellSpring Care Network Collaborative,Georgia,2024,0.05555228203032656,5.555228203032656,HIGH SAVINGS
A03802,Oakridge Community Care Group,North Carolina,2024,0.016203328767327253,1.6203328767327254,MODERATE SAVINGS
A03803,Summit Clinical Partners Partners,Pennsylvania,2024,0.00885662770567577,0.885662770567577,MODERATE SAVINGS
A03804,Green Valley Care Health System,Connecticut,2024,-0.021399393164577493,-2.1399393164577494,LOW SAVINGS
A03805,Grandview Medical Partners Health System,Alabama,2024,0.06399289810731187,6.3992898107311875,HIGH SAVINGS
A03806,Gateway Medical Partners Network,Colorado,2024,0.08160237738447117,8.160237738447117,HIGH SAVINGS
A03807,Evergreen Provider Alliance Alliance,Alabama,2024,-0.01213375841895941,-1.213375841895941,LOW SAVINGS
A03808,Meadow Health Network Physician Alliance,Georgia,2024,0.011294067279452057,1.1294067279452056,MODERATE SAVINGS
A03809,Maplewood Clinical Partners Association,Virginia,2024,0.0028261723533861936,0.2826172353386194,MODERATE SAVINGS
A03810,Pinnacle Health Network Care Network,Maryland,2024,-0.027001841751161073,-2.700184175116107,LOW SAVINGS
A03811,Clearview Care Alliance Partners,Alabama,2024,0.03179273917673717,3.179273917673717,HIGH SAVINGS
A03812,Pinnacle Medical Group Alliance,North Carolina,2024,0.018072466217938513,1.8072466217938514,MODERATE SAVINGS
A03813,Golden Valley Health Partners Health System,New Jersey,2024,0.01826697549553648,1.8266975495536482,MODERATE SAVINGS
A03814,Beacon Care Alliance Alliance,Wisconsin,2024,-0.02033822162290342,-2.033822162290342,LOW SAVINGS
A03815,Pioneer Physician Network Medical Center,New Jersey,2024,0.06642910268240987,6.642910268240987,HIGH SAVINGS
A03816,Pinnacle Health Collaborative,Minnesota,2024,0.022476764367376712,2.247676436737671,MODERATE SAVINGS
A03817,Horizon Health Partners Group,Maryland,2024,0.0141139835907571,1.41139835907571,MODERATE SAVINGS
A03818,Northstar Healthcare Network,Connecticut,2024,0.052211501881292845,5.221150188129284,HIGH SAVINGS
A03819,Unity Healthcare Health System,Georgia,2024,0.016970856957741177,1.6970856957741178,MODERATE SAVINGS
A03820,Community Health Collaborative Partners,Georgia,2024,-0.013995916531735446,-1.3995916531735446,LOW SAVINGS
A03821,Fairview Medical Group Group,Alabama,2024,-0.004958551091587338,-0.49585510915873376,LOW SAVINGS
A03822,Parkview Care Network Network,Virginia,2024,-0.04568819911102972,-4.568819911102972,LOW SAVINGS
A03823,Cedar Community Care Health System,Colorado,2024,0.03282345180800129,3.282345180800129,HIGH SAVINGS
A03824,Crestview Healthcare Association,Arizona,2024,-0.013881818201738831,-1.3881818201738831,LOW SAVINGS
A03825,Beacon Provider Alliance Care Network,New York,2024,0.07152318376188493,7.152318376188493,HIGH SAVINGS
A03826,Crestview Integrated Health Partners,Wisconsin,2024,-0.006970314894103188,-0.6970314894103188,LOW SAVINGS
A03827,Heritage Physicians Group,California,2024,-0.017858024463634867,-1.7858024463634867,LOW SAVINGS
A03828,Evergreen Health Alliance Collaborative,Connecticut,2024,0.012449836086059918,1.2449836086059918,MODERATE SAVINGS
A03829,Brookside Health Network Collaborative,Georgia,2024,0.06317027115510283,6.3170271155102835,HIGH SAVINGS
A03830,Brookside Care Partners Alliance,Colorado,2024,0.031391875210233205,3.1391875210233207,HIGH SAVINGS
A03831,Springfield Medical Group Network,Washington,2024,0.060859169561329154,6.085916956132915,HIGH SAVINGS
A03832,Silverstone Wellness Physician Alliance,Illinois,2024,0.037098972974587884,3.7098972974587885,HIGH SAVINGS
A03833,Riverbend Integrated Health Physician Alliance,Missouri,2024,0.02792242820636682,2.792242820636682,MODERATE SAVINGS
A03834,Maplewood Care Partners Care Network,Minnesota,2024,-0.005992756252889061,-0.5992756252889061,LOW SAVINGS
A03835,Mountain View Physician Network Network,Illinois,2024,-0.014684509873890686,-1.4684509873890685,LOW SAVINGS
A03836,Maplewood Medical Partners Physician Alliance,Texas,2024,0.021117597344168303,2.11175973441683,MODERATE SAVINGS
A03837,Grandview Community Care Group,Missouri,2024,-0.008915129743834706,-0.8915129743834707,LOW SAVINGS
A03838,Clearview Care Network Medical Center,New York,2024,0.021478535099051878,2.147853509905188,MODERATE SAVINGS
A03840,Blue Ridge Community Care Association,North Carolina,2024,0.01056813177293437,1.056813177293437,MODERATE SAVINGS
A03841,Gateway Health Collaborative Association,Virginia,2024,0.03301864693957684,3.301864693957684,HIGH SAVINGS
A03842,Heritage Clinical Partners Physician Alliance,Virginia,2024,-0.008176693458278398,-0.8176693458278398,LOW SAVINGS
A03843,Brookside Care Alliance Network,North Carolina,2024,0.040795523535562005,4.079552353556201,HIGH SAVINGS
A03844,Canyon Physicians Physician Alliance,Colorado,2024,0.032564917144902755,3.2564917144902754,HIGH SAVINGS
A03845,Lakeside Provider Alliance Care Network,Alabama,2024,0.05942303255850638,5.942303255850638,HIGH SAVINGS
A03846,Heritage Integrated Health Group,Missouri,2024,0.07056897528339623,7.056897528339623,HIGH SAVINGS
A03847,Pinnacle Care Partners Alliance,New York,2024,0.0005880965113297801,0.058809651132978015,MODERATE SAVINGS
A03848,Pinnacle Health Collaborative Collaborative,Pennsylvania,2024,0.045168427673414974,4.5168427673414975,HIGH SAVINGS
A03849,Unity Health Alliance Collaborative,Indiana,2024,0.030341532990833475,3.0341532990833473,HIGH SAVINGS
A03850,Unity Care Network Care Network,California,2024,0.03625439332074794,3.625439332074794,HIGH SAVINGS
A03851,Riverside Medical Group Care Network,New York,2024,0.036844871493560936,3.6844871493560936,HIGH SAVINGS
A03852,Springfield Care Health System,Virginia,2024,0.03171937695425646,3.1719376954256457,HIGH SAVINGS
A03853,Pinnacle Care Alliance Association,Florida,2024,0.021553114228962878,2.155311422896288,MODERATE SAVINGS
A03854,Northstar Health Partners,Minnesota,2024,0.010766551617772312,1.076655161777231,MODERATE SAVINGS
A03855,Meadow Clinical Partners Group,Georgia,2024,0.037984594243323205,3.7984594243323206,HIGH SAVINGS
A03856,Unity Care Alliance Physician Alliance,North Carolina,2024,-0.011345186883256716,-1.1345186883256717,LOW SAVINGS
A03858,Highland Community Care Collaborative,New York,2024,0.05054968667096972,5.054968667096972,HIGH SAVINGS
A03859,Crestview Care Health System,North Carolina,2024,-0.01934786708208183,-1.9347867082081829,LOW SAVINGS
A03860,Parkview Physicians Medical Center,California,2024,0.010164725309761808,1.0164725309761808,MODERATE SAVINGS
A03861,Clearview Care Alliance,New York,2024,0.02353202337741233,2.3532023377412328,MODERATE SAVINGS
A03862,Northstar Medical Group Partners,Colorado,2024,0.007076868939596265,0.7076868939596266,MODERATE SAVINGS
A03863,WellSpring Medical Network,Florida,2024,0.00045718252466518043,0.04571825246651804,MODERATE SAVINGS
A03864,Riverside Care Alliance Alliance,Tennessee,2024,0.013056720695097545,1.3056720695097546,MODERATE SAVINGS
A03865,Fairview Clinical Partners Health System,Pennsylvania,2024,0.07570658546298242,7.570658546298242,HIGH SAVINGS
A03866,Oakridge Care Partners Alliance,New York,2024,0.04489240178497477,4.489240178497477,HIGH SAVINGS
A03867,Crestview Clinical Partners Alliance,Wisconsin,2024,-0.012601872660235673,-1.2601872660235673,LOW SAVINGS
A03868,Metro Care Network Alliance,Tennessee,2024,-0.012753183813111604,-1.2753183813111604,LOW SAVINGS
A03869,Metro Healthcare Medical Center,Pennsylvania,2024,-0.0042718577836939565,-0.42718577836939564,LOW SAVINGS
A03870,Brookside Health Network Physician Alliance,Florida,2024,0.04859208710022147,4.859208710022147,HIGH SAVINGS
A03871,Heritage Medical Group Health System,Tennessee,2024,0.020824408171792274,2.0824408171792275,MODERATE SAVINGS
A03872,Stonebridge Wellness Partners,Virginia,2024,0.03712532758247421,3.712532758247421,HIGH SAVINGS
A03873,Green Valley Care Alliance Care Network,Indiana,2024,0.03005373616142961,3.005373616142961,HIGH SAVINGS
A03874,Metro Medical Partners Alliance,Colorado,2024,0.016182079299656368,1.6182079299656367,MODERATE SAVINGS
A03876,Valley Care Network Network,Ohio,2024,-0.02256278040987482,-2.256278040987482,LOW SAVINGS
A03877,Beacon Medical Group Alliance,Alabama,2024,-0.03353855313937957,-3.3538553139379568,LOW SAVINGS
A03878,Lakeside Clinical Partners Physician Alliance,New Jersey,2024,-0.005698467673681459,-0.5698467673681459,LOW SAVINGS
A03879,Clearview Clinical Partners Health System,Illinois,2024,0.00964258643492362,0.9642586434923619,MODERATE SAVINGS
A03880,Grandview Health Network Care Network,North Carolina,2024,0.033015549490013486,3.3015549490013485,HIGH SAVINGS
A03881,Northstar Community Care Care Network,Pennsylvania,2024,0.008592660565712886,0.8592660565712886,MODERATE SAVINGS
A03882,Community Medical Group,Washington,2024,-0.01889610039162879,-1.8896100391628792,LOW SAVINGS
A03883,Pioneer Healthcare Network,Minnesota,2024,-0.0011757906700530017,-0.11757906700530017,LOW SAVINGS
A03884,Northstar Health Network,Arizona,2024,0.053809441318163516,5.380944131816352,HIGH SAVINGS
A03885,Green Valley Provider Alliance Physician Alliance,Maryland,2024,0.0029153320658041847,0.2915332065804185,MODERATE SAVINGS
A03886,Heartland Physicians Network,Maryland,2024,0.0049774577867628435,0.49774577867628433,MODERATE SAVINGS
A03887,Evergreen Health Alliance Physician Alliance,Washington,2024,0.033132579493868025,3.3132579493868026,HIGH SAVINGS
A03888,Pinnacle Health Network,Georgia,2024,0.026052850557349124,2.6052850557349125,MODERATE SAVINGS
A03889,Meadow Health Partners Partners,Michigan,2024,0.0375200731684502,3.75200731684502,HIGH SAVINGS
A03890,Brookside Clinical Partners Medical Center,Oregon,2024,0.01919970814591848,1.9199708145918482,MODERATE SAVINGS
A03891,Maplewood Medical Partners Partners,Minnesota,2024,0.012109906961386028,1.2109906961386028,MODERATE SAVINGS
A03892,Riverbend Health Partners Association,Alabama,2024,0.025409047427005376,2.540904742700538,MODERATE SAVINGS
A03893,Horizon Health Partners Association,Wisconsin,2024,0.036023178314060225,3.6023178314060225,HIGH SAVINGS
A03894,Eastgate Medical Partners Group,Ohio,2024,0.03650106029970029,3.6501060299700288,HIGH SAVINGS
A03895,Heartland Care Partners Partners,Tennessee,2024,0.011780510588264757,1.1780510588264756,MODERATE SAVINGS
A03896,Lakeside Care Partners Medical Center,Florida,2024,0.05860726228748713,5.860726228748713,HIGH SAVINGS
A03897,Summit Medical Collaborative,Wisconsin,2024,-0.003410998067149811,-0.3410998067149811,LOW SAVINGS
A03898,Stonebridge Health Partners Association,Oregon,2024,-0.006782039443949207,-0.6782039443949207,LOW SAVINGS
A03899,Heartland Care Partners Care Network,Alabama,2024,-0.00016799732125402119,-0.016799732125402117,LOW SAVINGS
A03900,Silverstone Care Network Group,Texas,2024,0.04287295454355719,4.287295454355719,HIGH SAVINGS
A03901,Stonebridge Clinical Partners Physician Alliance,New Jersey,2024,0.026215697058285144,2.6215697058285143,MODERATE SAVINGS
A03902,Horizon Medical Group,New York,2024,-0.008997720809393735,-0.8997720809393736,LOW SAVINGS
A03903,Oakridge Medical Physician Alliance,Indiana,2024,0.031092271317170652,3.109227131717065,HIGH SAVINGS
A03904,Westfield Physicians Care Network,Alabama,2024,0.006291406987965342,0.6291406987965342,MODERATE SAVINGS
A03905,Eastgate Physician Network Partners,Massachusetts,2024,0.03323489304762034,3.3234893047620337,HIGH SAVINGS
A03906,WellSpring Health Network Association,California,2024,0.050030397397911645,5.003039739791165,HIGH SAVINGS
A03907,Pinnacle Healthcare Alliance,Connecticut,2024,0.0042055434962787125,0.42055434962787125,MODERATE SAVINGS
A03908,Heritage Community Care Health System,Florida,2024,0.04818607782293226,4.818607782293226,HIGH SAVINGS
A03909,Valley Health Partners Health System,New Jersey,2024,0.000185605414758591,0.018560541475859102,MODERATE SAVINGS
A03910,Maplewood Medical Association,New York,2024,-0.002919275542533895,-0.29192755425338945,LOW SAVINGS
A03911,Springfield Medical Partners Collaborative,Ohio,2024,-0.02998016115937193,-2.998016115937193,LOW SAVINGS
A03912,WellSpring Care Network Alliance,Alabama,2024,0.008418742356047167,0.8418742356047167,MODERATE SAVINGS
A03913,Westfield Care Partners Network,Alabama,2024,-0.0007407028446279601,-0.07407028446279601,LOW SAVINGS
A03914,Summit Physicians Network,Alabama,2024,-0.02739983183104148,-2.7399831831041483,LOW SAVINGS
A03915,Parkview Care Alliance Medical Center,Alabama,2024,-0.01178541634683268,-1.178541634683268,LOW SAVINGS
A03916,Crestview Health Partners Physician Alliance,Oregon,2024,-0.02944648493209837,-2.944648493209837,LOW SAVINGS
A03917,Silverstone Clinical Partners Collaborative,Arizona,2024,0.03760921341028963,3.760921341028963,HIGH SAVINGS
A03918,Northstar Healthcare Partners,Illinois,2024,0.01968383816552465,1.9683838165524652,MODERATE SAVINGS
A03919,WellSpring Integrated Health Alliance,New York,2024,-0.021486579557498175,-2.1486579557498175,LOW SAVINGS
A03920,Heritage Community Care Physician Alliance,Florida,2024,0.001881938113650258,0.1881938113650258,MODERATE SAVINGS
A03921,Golden Valley Health Network Partners,Wisconsin,2024,0.011959333946131788,1.195933394613179,MODERATE SAVINGS
A03922,Riverbend Healthcare Partners,Washington,2024,0.0016723212457051214,0.16723212457051215,MODERATE SAVINGS
A03923,Heritage Medical Group Physician Alliance,Oregon,2024,0.03252127010578499,3.252127010578499,HIGH SAVINGS
A03924,Community Integrated Health Medical Center,Georgia,2024,-0.032671044099578044,-3.2671044099578044,LOW SAVINGS
A03925,Redwood Medical Group Alliance,Virginia,2024,0.019621443092638663,1.9621443092638664,MODERATE SAVINGS
A03926,Springfield Integrated Health Collaborative,Washington,2024,0.0018873373157531849,0.18873373157531848,MODERATE SAVINGS
A03927,Eastgate Health Alliance Group,Washington,2024,0.042273359576090935,4.227335957609093,HIGH SAVINGS
A03928,Heartland Clinical Partners Network,Washington,2024,-0.013611661893961537,-1.3611661893961537,LOW SAVINGS
A03929,Pinnacle Care Alliance Partners,Georgia,2024,-0.008575517292181025,-0.8575517292181025,LOW SAVINGS
A03930,Riverside Medical Group Association,Georgia,2024,0.029665048636019205,2.9665048636019207,MODERATE SAVINGS
A03931,Riverside Community Care Care Network,Oregon,2024,-0.013849575117577593,-1.3849575117577593,LOW SAVINGS
A03932,Westfield Wellness Group,Indiana,2024,-0.01898060456821226,-1.898060456821226,LOW SAVINGS
A03933,Mountain View Wellness Partners,Wisconsin,2024,0.008838175813190657,0.8838175813190657,MODERATE SAVINGS
A03934,Lakeside Care Partners Association,Alabama,2024,0.0007828185217953509,0.07828185217953508,MODERATE SAVINGS
A03935,Heartland Medical Group Physician Alliance,Massachusetts,2024,0.034963701478383055,3.4963701478383054,HIGH SAVINGS
A03936,Eastgate Wellness Network,Wisconsin,2024,-0.0010886791366692575,-0.10886791366692575,LOW SAVINGS
A03937,Community Community Care Group,Indiana,2024,0.002098816152048381,0.2098816152048381,MODERATE SAVINGS
A03938,Canyon Care Alliance Association,New York,2024,0.037805878978073096,3.7805878978073095,HIGH SAVINGS
A03939,Cedar Healthcare Partners,Connecticut,2024,-0.004369009730513102,-0.43690097305131026,LOW SAVINGS
A03940,Pinnacle Health Alliance Network,Connecticut,2024,0.031421998985124704,3.1421998985124704,HIGH SAVINGS
A03941,Maplewood Care Association,Tennessee,2024,0.033194446911105395,3.3194446911105393,HIGH SAVINGS
A03942,Maplewood Medical Health System,Missouri,2024,0.034078943291725845,3.4078943291725845,HIGH SAVINGS
A03943,Golden Valley Care Partners Network,Massachusetts,2024,0.009636949644293197,0.9636949644293198,MODERATE SAVINGS
A03944,Springfield Care Collaborative,Florida,2024,0.007273244765512645,0.7273244765512645,MODERATE SAVINGS
A03945,Community Care Partners Physician Alliance,Florida,2024,0.01973308039113622,1.973308039113622,MODERATE SAVINGS
A03946,Brookside Clinical Partners Care Network,Massachusetts,2024,0.017464044459829894,1.7464044459829895,MODERATE SAVINGS
A03947,Green Valley Medical Group Association,Illinois,2024,0.039931034307139866,3.9931034307139868,HIGH SAVINGS
A03948,Silverstone Clinical Partners Medical Center,Massachusetts,2024,0.01590785805972069,1.590785805972069,MODERATE SAVINGS
A03949,Unity Care Alliance Network,North Carolina,2024,0.038118694769451275,3.8118694769451276,HIGH SAVINGS
A03950,Brookside Wellness Association,Michigan,2024,-0.04729548546725832,-4.729548546725832,LOW SAVINGS
A03951,Highland Health Network Physician Alliance,Wisconsin,2024,-0.03280768377672686,-3.280768377672686,LOW SAVINGS
A03952,Riverbend Health Collaborative Alliance,Maryland,2024,0.03620220774841125,3.620220774841125,HIGH SAVINGS
A03953,Grandview Health Alliance Network,Colorado,2024,0.006997841648443498,0.6997841648443498,MODERATE SAVINGS
A03954,Springfield Provider Alliance Network,Indiana,2024,0.03684587762065722,3.684587762065722,HIGH SAVINGS
A03955,Gateway Care Network Medical Center,Connecticut,2024,0.032395554621538925,3.2395554621538922,HIGH SAVINGS
A03956,Lakeside Care Network Alliance,Minnesota,2024,-0.006312729879516087,-0.6312729879516087,LOW SAVINGS
A03957,Valley Medical Partners Association,California,2024,0.06303290603872476,6.303290603872476,HIGH SAVINGS
A03958,Northstar Integrated Health Association,California,2024,0.038428799655694186,3.8428799655694186,HIGH SAVINGS
A03959,Westfield Care Partners Partners,Colorado,2024,0.03300617475438523,3.3006174754385227,HIGH SAVINGS
A03960,Evergreen Wellness Medical Center,Ohio,2024,0.011826845650043173,1.1826845650043172,MODERATE SAVINGS
A03961,Unity Community Care Health System,Michigan,2024,0.04737409695025342,4.737409695025343,HIGH SAVINGS
A03962,Fairview Care Network Association,Indiana,2024,-0.002554979246798911,-0.2554979246798911,LOW SAVINGS
A03963,Summit Provider Alliance Network,Indiana,2024,0.007402097138164843,0.7402097138164843,MODERATE SAVINGS
A03964,Eastgate Care Network Association,Virginia,2024,0.04748748693760491,4.748748693760492,HIGH SAVINGS
A03965,Summit Clinical Partners Care Network,Maryland,2024,-0.021824065500167068,-2.1824065500167067,LOW SAVINGS
A03966,Springfield Community Care Collaborative,Colorado,2024,0.014838400971733912,1.4838400971733912,MODERATE SAVINGS
A03968,Westfield Care Partners Health System,Maryland,2024,0.04512584521283458,4.512584521283458,HIGH SAVINGS
A03969,Horizon Health Alliance Care Network,Maryland,2024,0.01866195174373933,1.866195174373933,MODERATE SAVINGS
A03970,Fairview Health Collaborative Care Network,Tennessee,2024,0.05912679019138912,5.912679019138912,HIGH SAVINGS
A03971,Westfield Care Alliance Physician Alliance,Maryland,2024,-0.035746061188710924,-3.5746061188710923,LOW SAVINGS
A03972,Clearview Integrated Health Partners,New York,2024,0.03159613721072789,3.159613721072789,HIGH SAVINGS
A03973,Maplewood Health Alliance Group,New York,2024,0.04874486167792735,4.8744861677927345,HIGH SAVINGS
A03975,Cedar Community Care Collaborative,Massachusetts,2024,0.01957476123598989,1.957476123598989,MODERATE SAVINGS
A03976,Pinnacle Medical Group Association,North Carolina,2024,0.02773991425548374,2.773991425548374,MODERATE SAVINGS
A03977,Grandview Health Alliance Alliance,Indiana,2024,0.04018336095443181,4.018336095443181,HIGH SAVINGS
A03978,Redwood Care Alliance Medical Center,Pennsylvania,2024,0.004808125993906894,0.48081259939068943,MODERATE SAVINGS
A03979,Cedar Health Collaborative Physician Alliance,Tennessee,2024,0.06858854943609315,6.858854943609314,HIGH SAVINGS
A03980,Pioneer Integrated Health Alliance,Arizona,2024,0.03840149523291681,3.8401495232916814,HIGH SAVINGS
A03981,Summit Integrated Health Physician Alliance,Connecticut,2024,-0.010534825005460002,-1.0534825005460002,LOW SAVINGS
A03982,Lakeside Physician Network Health System,Alabama,2024,-0.022482554222177965,-2.2482554222177966,LOW SAVINGS
A03983,Community Physicians Alliance,Arizona,2024,0.02116296943567471,2.116296943567471,MODERATE SAVINGS
A03984,Green Valley Care Partners Partners,California,2024,0.018504406081756054,1.8504406081756055,MODERATE SAVINGS
A03985,Crestview Health Partners Alliance,Missouri,2024,0.021650448856434756,2.1650448856434754,MODERATE SAVINGS
A03986,Northstar Healthcare Health System,Missouri,2024,0.041330988806463395,4.133098880646339,HIGH SAVINGS
A03987,Pioneer Physicians Medical Center,Connecticut,2024,0.010533888403932296,1.0533888403932297,MODERATE SAVINGS
A03988,Parkview Medical Medical Center,Wisconsin,2024,-0.015085364871144834,-1.5085364871144833,LOW SAVINGS
A03989,Crestview Medical Partners Group,Georgia,2024,0.026951322092105226,2.6951322092105228,MODERATE SAVINGS
A03990,Beacon Medical Partners Group,Minnesota,2024,0.03893830745306795,3.893830745306795,HIGH SAVINGS
A03991,Evergreen Community Care Collaborative,California,2024,0.005052567475950447,0.5052567475950447,MODERATE SAVINGS
A03992,Lakeside Wellness Association,Tennessee,2024,0.034916842156254575,3.4916842156254577,HIGH SAVINGS
A03993,Golden Valley Healthcare Care Network,Missouri,2024,0.014060343180962498,1.4060343180962498,MODERATE SAVINGS
A03994,Highland Medical Group Collaborative,Michigan,2024,0.04831934837099358,4.831934837099358,HIGH SAVINGS
A03995,Springfield Physicians Physician Alliance,Minnesota,2024,0.011635343443240694,1.1635343443240693,MODERATE SAVINGS
A03996,Mountain View Community Care Group,Arizona,2024,-0.001991111401076581,-0.1991111401076581,LOW SAVINGS
A03997,Evergreen Wellness Care Network,Arizona,2024,-0.022227480980292383,-2.2227480980292382,LOW SAVINGS
A03998,Fairview Health Collaborative Health System,Missouri,2024,0.017014823404887674,1.7014823404887673,MODERATE SAVINGS
A03999,Eastgate Health Network Physician Alliance,California,2024,-0.027348994719489962,-2.7348994719489963,LOW SAVINGS
A04000,Unity Wellness Partners,Oregon,2024,-0.028558304508541084,-2.8558304508541084,LOW SAVINGS
A04001,Golden Valley Medical Collaborative,North Carolina,2024,0.016105620729637702,1.6105620729637702,MODERATE SAVINGS
A04002,Parkview Care Alliance Collaborative,Illinois,2024,0.02249196300446564,2.249196300446564,MODERATE SAVINGS
A04003,Mountain View Physician Network Alliance,Wisconsin,2024,0.08049796554798033,8.049796554798034,HIGH SAVINGS
A04004,Cedar Health Network Collaborative,Tennessee,2024,0.04264324968932147,4.264324968932147,HIGH SAVINGS
A04005,Heritage Healthcare Care Network,Texas,2024,-7.363947327486741e-05,-0.007363947327486741,LOW SAVINGS
A04006,Evergreen Medical Partners,Maryland,2024,0.0012599026817083957,0.12599026817083958,MODERATE SAVINGS
A04007,Beacon Health Network Association,North Carolina,2024,0.00410292466910288,0.410292466910288,MODERATE SAVINGS
A04008,Crestview Community Care Group,Texas,2024,0.011641401287735532,1.1641401287735533,MODERATE SAVINGS
A04009,Evergreen Health Group,Connecticut,2024,-0.04619102915253319,-4.619102915253319,LOW SAVINGS
A04010,Canyon Care Network Medical Center,Georgia,2024,0.023862846546318234,2.3862846546318233,MODERATE SAVINGS
A04011,Lakeside Health Collaborative Physician Alliance,Illinois,2024,0.059855850172644366,5.9855850172644365,HIGH SAVINGS
A04013,Highland Wellness Network,Oregon,2024,-0.007000329504939327,-0.7000329504939327,LOW SAVINGS
A04014,Oakridge Health Partners Collaborative,New York,2024,0.03818935583570156,3.818935583570156,HIGH SAVINGS
A04015,Maplewood Care Partners Physician Alliance,Indiana,2024,0.04955080998041477,4.955080998041477,HIGH SAVINGS
A04016,Blue Ridge Medical Partners Partners,Minnesota,2024,-0.011114854909213457,-1.1114854909213456,LOW SAVINGS
A04017,Riverside Physician Network Alliance,Massachusetts,2024,0.020760142900448364,2.0760142900448364,MODERATE SAVINGS
A04018,Pioneer Medical Care Network,North Carolina,2024,-0.06537192766064995,-6.537192766064995,LOW SAVINGS
A04019,Redwood Integrated Health Group,Colorado,2024,0.02486804791617848,2.486804791617848,MODERATE SAVINGS
A04020,Clearview Integrated Health Network,Wisconsin,2024,0.011336802240814592,1.1336802240814592,MODERATE SAVINGS
A04021,Westfield Clinical Partners Association,Oregon,2024,0.009574873387478967,0.9574873387478967,MODERATE SAVINGS
A04022,Canyon Provider Alliance Partners,Alabama,2024,0.03208192354924859,3.2081923549248588,HIGH SAVINGS
A04023,Riverside Physicians Group,Georgia,2024,0.040758425232320324,4.0758425232320326,HIGH SAVINGS
A04024,Parkview Health Collaborative Collaborative,Maryland,2024,0.04332245536032756,4.332245536032756,HIGH SAVINGS
A04025,Westfield Medical Group Health System,Alabama,2024,0.010331487897617883,1.0331487897617884,MODERATE SAVINGS
A04026,Green Valley Medical Group Care Network,Illinois,2024,-0.016326508999570548,-1.6326508999570548,LOW SAVINGS
A04028,Springfield Physicians Network,Minnesota,2024,0.006008484847791111,0.6008484847791111,MODERATE SAVINGS
A04029,WellSpring Care Partners Partners,Florida,2024,-0.011402321309541502,-1.14023213095415,LOW SAVINGS
A04030,Canyon Health Care Network,North Carolina,2024,0.01992006054115517,1.992006054115517,MODERATE SAVINGS
A04031,Blue Ridge Health Alliance Group,Illinois,2024,-0.028472585266263856,-2.8472585266263857,LOW SAVINGS
A04032,Heartland Wellness Collaborative,Illinois,2024,0.010298365083947313,1.0298365083947314,MODERATE SAVINGS
A04033,Canyon Care Partners Association,Connecticut,2024,0.037550572179272435,3.7550572179272432,HIGH SAVINGS
A04034,Gateway Care Alliance,Pennsylvania,2024,0.02689830162125527,2.689830162125527,MODERATE SAVINGS
A04035,Oakridge Health Medical Center,Maryland,2024,0.010966546971096388,1.0966546971096387,MODERATE SAVINGS
A04036,Lakeside Medical Group Group,Missouri,2024,0.021679020396022923,2.1679020396022923,MODERATE SAVINGS
A04037,Heartland Care Alliance Health System,Alabama,2024,0.006543731942641234,0.6543731942641234,MODERATE SAVINGS
A04038,Horizon Medical Partners Association,Wisconsin,2024,0.02729405467722777,2.729405467722777,MODERATE SAVINGS
A04039,Meadow Physicians Association,Ohio,2024,0.004109823044625966,0.41098230446259665,MODERATE SAVINGS
A04040,Cedar Clinical Partners Network,Pennsylvania,2024,-0.03630334441801861,-3.630334441801861,LOW SAVINGS
A04041,Heartland Community Care Group,Connecticut,2024,-0.023206551975864798,-2.32065519758648,LOW SAVINGS
A04043,Clearview Health Network Collaborative,Washington,2024,0.0038941954055380775,0.38941954055380773,MODERATE SAVINGS
A04044,Pioneer Physician Network Network,Colorado,2024,0.03443940204097801,3.4439402040978004,HIGH SAVINGS
A04045,Valley Care Partners Alliance,Illinois,2024,0.03931388976754812,3.931388976754812,HIGH SAVINGS
A04046,Northstar Provider Alliance Health System,Connecticut,2024,-0.009070502288294577,-0.9070502288294577,LOW SAVINGS
A04047,Golden Valley Physician Network Collaborative,Texas,2024,0.06627541776121951,6.627541776121951,HIGH SAVINGS
A04048,Heartland Wellness Health System,Missouri,2024,0.015108164160957682,1.5108164160957682,MODERATE SAVINGS
A04049,Stonebridge Medical Care Network,Texas,2024,0.012622331502203803,1.2622331502203803,MODERATE SAVINGS
A04050,Meadow Care Collaborative,Oregon,2024,0.023873082538398524,2.3873082538398522,MODERATE SAVINGS
A04051,Riverside Community Care Association,Wisconsin,2024,0.02605050365163643,2.605050365163643,MODERATE SAVINGS
A04052,Meadow Medical Partners Partners,Missouri,2024,-0.02507331131030609,-2.5073311310306092,LOW SAVINGS
A04053,Riverside Health Collaborative Alliance,Minnesota,2024,0.046878852420288865,4.687885242028886,HIGH SAVINGS
A04054,Golden Valley Healthcare Association,Arizona,2024,0.05283309117660925,5.283309117660925,HIGH SAVINGS
A04055,Heartland Provider Alliance Partners,New York,2024,-0.00826391509473354,-0.826391509473354,LOW SAVINGS
A04056,Fairview Care Network Medical Center,California,2024,0.002822845234562709,0.2822845234562709,MODERATE SAVINGS
A04057,Evergreen Care Alliance Medical Center,Georgia,2024,0.03851417808439541,3.851417808439541,HIGH SAVINGS
A04058,Crestview Care Network Association,Oregon,2024,0.04623506667680876,4.623506667680876,HIGH SAVINGS
A04059,Gateway Provider Alliance Partners,Minnesota,2024,0.019870392220294776,1.9870392220294777,MODERATE SAVINGS
A04060,Heritage Provider Alliance Physician Alliance,New York,2024,-0.008991367464715745,-0.8991367464715745,LOW SAVINGS
A04061,WellSpring Community Care Association,Georgia,2024,0.002169842511112795,0.21698425111127947,MODERATE SAVINGS
A04062,Metro Care Partners Physician Alliance,Tennessee,2024,0.026459375840129515,2.6459375840129513,MODERATE SAVINGS
A04063,Unity Health Network Alliance,Georgia,2024,0.015081014870399666,1.5081014870399665,MODERATE SAVINGS
A04064,Redwood Integrated Health Physician Alliance,Arizona,2024,-0.002013566531143447,-0.2013566531143447,LOW SAVINGS
A04065,Fairview Medical Group Physician Alliance,North Carolina,2024,0.03130972179052478,3.1309721790524785,HIGH SAVINGS
A04066,Pinnacle Care Network Group,Oregon,2024,0.013289704972739382,1.3289704972739382,MODERATE SAVINGS
A04067,Valley Health Collaborative Physician Alliance,Colorado,2024,0.013822174131152507,1.3822174131152507,MODERATE SAVINGS
A04068,Grandview Medical Partners Medical Center,Ohio,2024,-0.03389903615188934,-3.3899036151889343,LOW SAVINGS
A04069,Highland Medical Group Health System,Tennessee,2024,0.010917528014004745,1.0917528014004745,MODERATE SAVINGS
A04070,Crestview Health Partners Care Network,Connecticut,2024,0.013590903683626863,1.3590903683626863,MODERATE SAVINGS
A04071,Metro Medical Partners,Washington,2024,0.058589893835395736,5.858989383539574,HIGH SAVINGS
A04072,Community Physicians Partners,Tennessee,2024,0.006451759957259623,0.6451759957259623,MODERATE SAVINGS
A04073,Metro Medical Partners Collaborative,Connecticut,2024,0.04578263320165021,4.5782633201650205,HIGH SAVINGS
A04074,Golden Valley Health Network Association,Tennessee,2024,-0.015752988171723707,-1.5752988171723707,LOW SAVINGS
A04075,Metro Care Network Physician Alliance,Georgia,2024,0.011309225155853062,1.1309225155853062,MODERATE SAVINGS
A04076,Fairview Health Association,North Carolina,2024,-0.011306585937754384,-1.1306585937754383,LOW SAVINGS
A04077,Gateway Provider Alliance Care Network,Oregon,2024,0.03806743690129641,3.806743690129641,HIGH SAVINGS
A04078,Springfield Medical Group Health System,Arizona,2024,0.0370705109631364,3.7070510963136396,HIGH SAVINGS
A04079,Golden Valley Integrated Health Partners,Missouri,2024,-0.006418250191597379,-0.6418250191597379,LOW SAVINGS
A04081,Brookside Wellness Alliance,Illinois,2024,0.03283231607223204,3.283231607223204,HIGH SAVINGS
A04082,Beacon Physicians Partners,New York,2024,0.014298469842550822,1.4298469842550823,MODERATE SAVINGS
A04084,Crestview Community Care Collaborative,Maryland,2024,-0.011781411784242449,-1.1781411784242448,LOW SAVINGS
A04085,Community Clinical Partners Group,Alabama,2024,-0.009069347702309709,-0.9069347702309709,LOW SAVINGS
A04086,Heartland Medical Group Care Network,Missouri,2024,0.005255213825475362,0.5255213825475361,MODERATE SAVINGS
A04087,Community Community Care Collaborative,New York,2024,0.027571249215561592,2.757124921556159,MODERATE SAVINGS
A04088,Silverstone Integrated Health Association,Ohio,2024,0.0055238908966193725,0.5523890896619372,MODERATE SAVINGS
A04089,Mountain View Medical Group Medical Center,Arizona,2024,0.003785634368096792,0.3785634368096792,MODERATE SAVINGS
A04090,Oakridge Medical Collaborative,California,2024,0.014080971478258252,1.4080971478258253,MODERATE SAVINGS
A04091,Green Valley Wellness Medical Center,New York,2024,0.012327953078498448,1.2327953078498448,MODERATE SAVINGS
A04092,Lakeside Provider Alliance Association,Massachusetts,2024,0.020955361783818488,2.095536178381849,MODERATE SAVINGS
A04093,Meadow Medical Group Physician Alliance,Missouri,2024,0.039652789111297486,3.9652789111297486,HIGH SAVINGS
A04094,Grandview Wellness Network,Indiana,2024,-0.0212758819251729,-2.12758819251729,LOW SAVINGS
A04095,Horizon Care Health System,Florida,2024,0.0007967783410783906,0.07967783410783906,MODERATE SAVINGS
A04097,Green Valley Physician Network Network,Minnesota,2024,0.014692711074242892,1.4692711074242892,MODERATE SAVINGS
A04098,Springfield Health Network,Texas,2024,0.01056813177293437,1.056813177293437,MODERATE SAVINGS
A04099,Heartland Care Alliance Partners,Wisconsin,2024,0.02975425755590775,2.975425755590775,MODERATE SAVINGS
A04100,Mountain View Care Group,Texas,2024,0.00939069148327154,0.939069148327154,MODERATE SAVINGS
A04101,Crestview Medical Partners,New Jersey,2024,0.01873070180748909,1.8730701807489087,MODERATE SAVINGS
A04102,Northstar Medical Collaborative,Michigan,2024,0.05579629277407795,5.579629277407795,HIGH SAVINGS
A04103,WellSpring Integrated Health Physician Alliance,Alabama,2024,0.04448906698653422,4.448906698653422,HIGH SAVINGS
A04104,Canyon Physicians Alliance,Washington,2024,-0.0009234244381884573,-0.09234244381884572,LOW SAVINGS
A04105,Horizon Integrated Health Group,Illinois,2024,0.04528376139854243,4.528376139854243,HIGH SAVINGS
A04106,Riverbend Health Physician Alliance,New Jersey,2024,0.011783588881727203,1.1783588881727203,MODERATE SAVINGS
A04107,Unity Wellness Alliance,Minnesota,2024,-0.0026792224243458456,-0.26792224243458457,LOW SAVINGS
A04108,WellSpring Healthcare Group,North Carolina,2024,0.058055556949304934,5.805555694930494,HIGH SAVINGS
A04109,Heritage Physicians Health System,North Carolina,2024,0.013517890608378698,1.3517890608378698,MODERATE SAVINGS
A04110,Meadow Health Partners Physician Alliance,Colorado,2024,0.01141822646726954,1.141822646726954,MODERATE SAVINGS
A04111,Riverside Wellness Network,Connecticut,2024,0.05745772684015848,5.745772684015848,HIGH SAVINGS
A04112,Green Valley Provider Alliance Health System,Minnesota,2024,0.037845207298445094,3.7845207298445094,HIGH SAVINGS
A04113,Summit Health Partners,Oregon,2024,0.046925591583526875,4.6925591583526876,HIGH SAVINGS
A04114,Lakeside Care Network Network,Indiana,2024,0.019759640687412528,1.9759640687412527,MODERATE SAVINGS
A04115,Golden Valley Care Group,Virginia,2024,0.06342212351798912,6.342212351798912,HIGH SAVINGS
A04116,Pioneer Provider Alliance Collaborative,Georgia,2024,-0.00942320052691496,-0.9423200526914959,LOW SAVINGS
A04117,Mountain View Health Alliance Physician Alliance,Indiana,2024,0.02651821528551446,2.651821528551446,MODERATE SAVINGS
A04118,Heartland Health Alliance Health System,New Jersey,2024,-0.0038995256581508225,-0.38995256581508225,LOW SAVINGS
A04119,Eastgate Health Alliance Partners,Virginia,2024,0.08909970836508722,8.909970836508723,HIGH SAVINGS
A04120,Canyon Medical Group Partners,Washington,2024,-0.004579659291276742,-0.4579659291276742,LOW SAVINGS
A04121,Gateway Community Care Health System,Maryland,2024,-0.02279301667749217,-2.279301667749217,LOW SAVINGS
A04122,Parkview Health Medical Center,Texas,2024,0.027125550648086468,2.712555064808647,MODERATE SAVINGS
A04123,Lakeside Medical Partners Health System,Texas,2024,0.020416926206706883,2.0416926206706885,MODERATE SAVINGS
A04124,Brookside Physician Network Network,Massachusetts,2024,0.01029795927779147,1.0297959277791469,MODERATE SAVINGS
A04125,Summit Care Alliance Association,California,2024,-0.0011109888052133973,-0.11109888052133973,LOW SAVINGS
A04126,Heritage Integrated Health Collaborative,Michigan,2024,0.03489956283882424,3.489956283882424,HIGH SAVINGS
A04127,Riverbend Care Network Medical Center,Massachusetts,2024,-0.0369502672755705,-3.69502672755705,LOW SAVINGS
A04128,Lakeside Health Alliance Group,Maryland,2024,0.06732548320643124,6.732548320643124,HIGH SAVINGS
A04129,Community Health Alliance Physician Alliance,New York,2024,0.05658596329367908,5.658596329367907,HIGH SAVINGS
A04130,Heartland Provider Alliance Network,Massachusetts,2024,0.018678499128929455,1.8678499128929456,MODERATE SAVINGS
A04131,Valley Integrated Health Physician Alliance,Indiana,2024,0.013993355217815077,1.3993355217815078,MODERATE SAVINGS
A04132,Crestview Health Collaborative Alliance,Michigan,2024,0.054236009028598424,5.423600902859842,HIGH SAVINGS
A04133,Horizon Integrated Health Network,New York,2024,0.0036777115379161567,0.3677711537916157,MODERATE SAVINGS
A04134,Pioneer Care Partners Association,Colorado,2024,0.035201913279749385,3.5201913279749384,HIGH SAVINGS
A04135,Pinnacle Provider Alliance Association,Virginia,2024,0.03439346025101344,3.439346025101344,HIGH SAVINGS
A04136,Unity Health Alliance Physician Alliance,Illinois,2024,0.0006403148571996232,0.06403148571996232,MODERATE SAVINGS
A04138,Pinnacle Physicians Health System,California,2024,0.01926678154175671,1.926678154175671,MODERATE SAVINGS
A04139,Pioneer Care Network Collaborative,Virginia,2024,0.030290702009462583,3.0290702009462582,HIGH SAVINGS
A04140,Evergreen Medical Group Network,Colorado,2024,0.038076805532963276,3.8076805532963274,HIGH SAVINGS
A04141,Pioneer Physicians Association,Pennsylvania,2024,0.0005880965113297801,0.058809651132978015,MODERATE SAVINGS
A04142,Heartland Health Network Association,New York,2024,0.013240113020896144,1.3240113020896143,MODERATE SAVINGS
A04143,Horizon Provider Alliance Alliance,Florida,2024,-0.01827611615912173,-1.8276116159121731,LOW SAVINGS
A04144,Stonebridge Health Collaborative Group,New Jersey,2024,0.02362443814012802,2.3624438140128023,MODERATE SAVINGS
A04145,Canyon Care Partners Collaborative,Colorado,2024,0.018005244534115675,1.8005244534115676,MODERATE SAVINGS
A04146,Evergreen Wellness Alliance,New York,2024,0.01567267589219948,1.5672675892199481,MODERATE SAVINGS
A04147,Clearview Health Network Health System,Oregon,2024,0.03428231160467934,3.428231160467934,HIGH SAVINGS
A04148,Metro Care Alliance Physician Alliance,California,2024,0.0008847837914910321,0.08847837914910321,MODERATE SAVINGS
A04149,Westfield Physician Network Association,New Jersey,2024,-0.021014616017003364,-2.1014616017003362,LOW SAVINGS
A04150,Fairview Provider Alliance Physician Alliance,New Jersey,2024,0.062197303396128396,6.219730339612839,HIGH SAVINGS
A04151,Beacon Healthcare Health System,Arizona,2024,0.02590244822295941,2.590244822295941,MODERATE SAVINGS
A04152,Summit Physician Network Physician Alliance,Massachusetts,2024,-0.0061085476362565255,-0.6108547636256525,LOW SAVINGS
A04153,Oakridge Physicians Collaborative,Michigan,2024,-0.01797179481726453,-1.797179481726453,LOW SAVINGS
A04154,Highland Health Medical Center,Oregon,2024,0.0004327836566667577,0.04327836566667577,MODERATE SAVINGS
A04155,Metro Medical Partners Care Network,California,2024,0.019385747416590503,1.9385747416590504,MODERATE SAVINGS
A04156,Westfield Clinical Partners Network,Ohio,2024,0.010111329298809878,1.011132929880988,MODERATE SAVINGS
A04157,Evergreen Medical Group Partners,Wisconsin,2024,-0.013536917018205995,-1.3536917018205994,LOW SAVINGS
A04158,Westfield Provider Alliance Alliance,Virginia,2024,0.021917288178507962,2.1917288178507963,MODERATE SAVINGS
A04159,Golden Valley Medical Partners Group,Oregon,2024,0.04887004652631792,4.887004652631792,HIGH SAVINGS
A04160,Valley Medical Group Medical Center,Ohio,2024,0.02737500772844988,2.737500772844988,MODERATE SAVINGS
A04161,Pinnacle Healthcare Health System,Missouri,2024,0.0210237953952266,2.10237953952266,MODERATE SAVINGS
A04162,Green Valley Healthcare Partners,Massachusetts,2024,0.01196806141545001,1.196806141545001,MODERATE SAVINGS
A04163,Community Health Collaborative Physician Alliance,Pennsylvania,2024,0.017620115431036046,1.7620115431036045,MODERATE SAVINGS
A04165,Riverside Provider Alliance Care Network,Texas,2024,0.0021613147762141577,0.21613147762141577,MODERATE SAVINGS
A04166,Silverstone Medical Group Network,Texas,2024,-0.0073898947077832705,-0.7389894707783271,LOW SAVINGS
A04167,Oakridge Care Collaborative,Ohio,2024,0.03758919740176401,3.7589197401764007,HIGH SAVINGS
A04168,Meadow Medical Collaborative,Virginia,2024,0.0234882781979051,2.34882781979051,MODERATE SAVINGS
A04169,Green Valley Health Medical Center,Oregon,2024,0.026257831727943944,2.6257831727943945,MODERATE SAVINGS
A04170,Horizon Medical Partners,Florida,2024,0.034850091713590964,3.4850091713590965,HIGH SAVINGS
A04171,Mountain View Provider Alliance Group,Ohio,2024,0.024332081043494356,2.433208104349436,MODERATE SAVINGS
A04172,Maplewood Clinical Partners Care Network,Maryland,2024,-0.005791218077962714,-0.5791218077962714,LOW SAVINGS
A04173,Heritage Care Alliance Health System,Alabama,2024,0.01646991892829229,1.646991892829229,MODERATE SAVINGS
A04174,Heartland Health Physician Alliance,Missouri,2024,0.0245097455906894,2.45097455906894,MODERATE SAVINGS
A04175,Pioneer Health Care Network,Ohio,2024,0.046842197320325595,4.68421973203256,HIGH SAVINGS
A04176,Cedar Care Network Medical Center,Oregon,2024,0.023132698948387948,2.3132698948387946,MODERATE SAVINGS
A04177,Valley Care Physician Alliance,Wisconsin,2024,0.0050296310451244195,0.502963104512442,MODERATE SAVINGS
A04178,Metro Health Alliance,Connecticut,2024,0.02109210308264953,2.109210308264953,MODERATE SAVINGS
A04179,Golden Valley Care Care Network,Missouri,2024,-0.032770150596538004,-3.2770150596538006,LOW SAVINGS
A04180,Beacon Health Partners,California,2024,0.009897471410074585,0.9897471410074585,MODERATE SAVINGS
A04181,Fairview Community Care Care Network,Connecticut,2024,0.02538159031622621,2.5381590316226212,MODERATE SAVINGS
A04182,Oakridge Health Partners,Virginia,2024,0.012958605739205747,1.2958605739205746,MODERATE SAVINGS
A04183,Pioneer Clinical Partners Medical Center,New Jersey,2024,0.014655873108018642,1.4655873108018642,MODERATE SAVINGS
A04184,Eastgate Health Partners Medical Center,New Jersey,2024,-0.053573742079603554,-5.357374207960356,LOW SAVINGS
A04185,Riverbend Provider Alliance Care Network,Connecticut,2024,0.004616831469736784,0.4616831469736784,MODERATE SAVINGS
A04186,Lakeside Medical Care Network,Missouri,2024,0.03608460575534834,3.608460575534834,HIGH SAVINGS
A04187,Evergreen Provider Alliance Medical Center,North Carolina,2024,0.025482807640453044,2.5482807640453045,MODERATE SAVINGS
A04188,Golden Valley Medical Network,Michigan,2024,-0.047210754612984705,-4.72107546129847,LOW SAVINGS
A04189,Green Valley Wellness Group,Indiana,2024,0.04049064292671838,4.049064292671838,HIGH SAVINGS
A04190,Horizon Community Care Physician Alliance,Ohio,2024,0.004384785787250228,0.4384785787250228,MODERATE SAVINGS
A04191,WellSpring Health Alliance Network,Tennessee,2024,0.02932343863787834,2.932343863787834,MODERATE SAVINGS
A04192,Eastgate Clinical Partners Network,Maryland,2024,0.051876002037191324,5.187600203719132,HIGH SAVINGS
A04193,Riverbend Care Network Partners,Georgia,2024,0.013260439093023584,1.3260439093023584,MODERATE SAVINGS
A04194,Heartland Health Network Collaborative,Wisconsin,2024,0.049736084291945676,4.9736084291945675,HIGH SAVINGS
A04195,Fairview Medical Partners Care Network,Wisconsin,2024,0.02809325082363224,2.809325082363224,MODERATE SAVINGS
A04196,Riverside Physicians Collaborative,New York,2024,0.0019931452369754553,0.19931452369754554,MODERATE SAVINGS
A04197,Community Medical Partners Association,Oregon,2024,0.029458016218944724,2.9458016218944723,MODERATE SAVINGS
A04198,Maplewood Medical Partners Group,Minnesota,2024,0.019654962995429202,1.9654962995429202,MODERATE SAVINGS
A04199,Meadow Care Alliance Network,Alabama,2024,0.00995115026734214,0.995115026734214,MODERATE SAVINGS
A04200,Brookside Wellness Network,Michigan,2024,0.013666842044583155,1.3666842044583154,MODERATE SAVINGS
A04201,Cedar Medical Association,New Jersey,2024,0.009042958261107013,0.9042958261107013,MODERATE SAVINGS
A04202,Redwood Medical Partners Association,Virginia,2024,0.013632630608994608,1.3632630608994607,MODERATE SAVINGS
A04203,Clearview Wellness Medical Center,California,2024,0.03659028076941454,3.6590280769414543,HIGH SAVINGS
A04204,Eastgate Medical Group Care Network,Georgia,2024,-7.06290054362293e-05,-0.00706290054362293,LOW SAVINGS
A04205,Crestview Integrated Health Medical Center,Colorado,2024,0.060384443422941525,6.038444342294152,HIGH SAVINGS
A04206,Community Medical Partners Health System,North Carolina,2024,-0.013726170394439045,-1.3726170394439046,LOW SAVINGS
A04208,Blue Ridge Provider Alliance Partners,Tennessee,2024,0.007851011742041088,0.7851011742041089,MODERATE SAVINGS
A04209,Stonebridge Integrated Health Alliance,Wisconsin,2024,0.023503278692342807,2.3503278692342806,MODERATE SAVINGS
A04210,Evergreen Clinical Partners Partners,North Carolina,2024,-0.00020885235149699393,-0.020885235149699394,LOW SAVINGS
A04211,Golden Valley Physicians Network,New Jersey,2024,0.0007926298664962237,0.07926298664962238,MODERATE SAVINGS
A04212,Brookside Medical Group Physician Alliance,Wisconsin,2024,0.06839259415125472,6.839259415125472,HIGH SAVINGS
A04213,Pinnacle Medical Partners Association,New York,2024,0.02154313625247414,2.154313625247414,MODERATE SAVINGS
A04214,Crestview Care Alliance Network,Tennessee,2024,0.04787257094457456,4.787257094457456,HIGH SAVINGS
A04215,Crestview Medical Alliance,Washington,2024,0.023018337004162642,2.3018337004162643,MODERATE SAVINGS
A04216,Eastgate Health Partners Alliance,Michigan,2024,-0.010472779492328518,-1.047277949232852,LOW SAVINGS
A04217,Gateway Physicians Association,Colorado,2024,-0.025571376514242253,-2.557137651424225,LOW SAVINGS
A04218,Stonebridge Provider Alliance Medical Center,Michigan,2024,0.016109512083728527,1.6109512083728528,MODERATE SAVINGS
A04219,Silverstone Health Alliance Network,Indiana,2024,0.01779654006104667,1.779654006104667,MODERATE SAVINGS
A04220,Silverstone Care Care Network,Connecticut,2024,-0.0001321768326590807,-0.01321768326590807,LOW SAVINGS
A04221,Mountain View Medical Partners Alliance,Massachusetts,2024,0.005034673310205473,0.5034673310205473,MODERATE SAVINGS
A04222,Redwood Physician Network Physician Alliance,Pennsylvania,2024,0.005363436298582486,0.5363436298582486,MODERATE SAVINGS
A04223,Riverside Health Alliance Physician Alliance,Washington,2024,0.02003941293616534,2.003941293616534,MODERATE SAVINGS
A04224,Pioneer Health Network Partners,Minnesota,2024,-0.024520007852522407,-2.4520007852522405,LOW SAVINGS
A04225,Golden Valley Care Alliance Medical Center,Washington,2024,-0.012352638572720898,-1.2352638572720898,LOW SAVINGS
A04226,Canyon Medical Medical Center,Ohio,2024,0.03491223409880187,3.491223409880187,HIGH SAVINGS
A04227,Highland Care Alliance Network,California,2024,0.011523552666681374,1.1523552666681374,MODERATE SAVINGS
A04228,Westfield Clinical Partners Collaborative,Florida,2024,0.026722671131981526,2.672267113198153,MODERATE SAVINGS
A04229,Stonebridge Healthcare Health System,California,2024,0.01934083820453922,1.9340838204539221,MODERATE SAVINGS
A04230,Oakridge Medical Group Partners,Wisconsin,2024,-0.000904708681255306,-0.0904708681255306,LOW SAVINGS
A04231,Eastgate Health Alliance Network,Texas,2024,0.018118603349992865,1.8118603349992866,MODERATE SAVINGS
A04232,Community Wellness Association,Ohio,2024,0.03840582961780348,3.8405829617803477,HIGH SAVINGS
A04233,Blue Ridge Healthcare Physician Alliance,Illinois,2024,0.023586010081717186,2.3586010081717186,MODERATE SAVINGS
A04234,Clearview Care Alliance Care Network,Indiana,2024,0.02254022580281232,2.254022580281232,MODERATE SAVINGS
A04235,Blue Ridge Medical Group Alliance,Pennsylvania,2024,0.038303035764864185,3.8303035764864184,HIGH SAVINGS
A04237,Stonebridge Health Partners,Massachusetts,2024,0.03263671613863472,3.2636716138634716,HIGH SAVINGS
A04238,Clearview Care Partners Alliance,Missouri,2024,0.03666522585234892,3.666522585234892,HIGH SAVINGS
A04239,Grandview Physicians Collaborative,Minnesota,2024,0.05201787988723325,5.201787988723325,HIGH SAVINGS
A04240,Cedar Care Alliance Physician Alliance,New Jersey,2024,0.02129012999858522,2.129012999858522,MODERATE SAVINGS
A04241,Springfield Medical Network,North Carolina,2024,0.009623654379114952,0.9623654379114952,MODERATE SAVINGS
A04242,Heritage Medical Collaborative,Indiana,2024,0.010331487897617883,1.0331487897617884,MODERATE SAVINGS
A04243,Horizon Health Association,Texas,2024,0.05015610123649577,5.0156101236495765,HIGH SAVINGS
A04244,Springfield Physician Network Health System,Florida,2024,-0.016681287743008824,-1.6681287743008824,LOW SAVINGS
A04245,Evergreen Care Group,Alabama,2024,0.021910187527570377,2.1910187527570377,MODERATE SAVINGS
A04246,Riverbend Care Partners Network,California,2024,0.025300483875709233,2.530048387570923,MODERATE SAVINGS
A04247,Highland Health Network Health System,New Jersey,2024,-0.00032138130609226387,-0.032138130609226385,LOW SAVINGS
A04248,Cedar Wellness Collaborative,Alabama,2024,0.028709296121113878,2.8709296121113876,MODERATE SAVINGS
A04249,Springfield Medical Physician Alliance,Virginia,2024,0.01684239305277764,1.684239305277764,MODERATE SAVINGS
A04250,Summit Care Physician Alliance,Pennsylvania,2024,-0.0015107897389249152,-0.15107897389249153,LOW SAVINGS
A04251,Westfield Clinical Partners Group,Minnesota,2024,0.014771626006095093,1.4771626006095093,MODERATE SAVINGS
A04252,Riverside Care Network Alliance,Minnesota,2024,-0.041660038664858075,-4.1660038664858074,LOW SAVINGS
A04253,Redwood Health Network Group,Connecticut,2024,0.06413461751160639,6.413461751160638,HIGH SAVINGS
A04254,Blue Ridge Provider Alliance Group,Arizona,2024,0.029058609566962802,2.90586095669628,MODERATE SAVINGS
A04255,Canyon Care Alliance Network,Colorado,2024,0.055960591583894916,5.596059158389491,HIGH SAVINGS
A04256,Meadow Health Group,Ohio,2024,0.03405110534374554,3.4051105343745536,HIGH SAVINGS
A04257,Mountain View Medical Health System,Maryland,2024,0.030870969904224388,3.087096990422439,HIGH SAVINGS
A04258,Valley Care Network Care Network,New York,2024,0.005701526500026816,0.5701526500026816,MODERATE SAVINGS
A04259,Heartland Community Care Care Network,Maryland,2024,-0.012167429399491335,-1.2167429399491334,LOW SAVINGS
A04260,Pioneer Health Collaborative Care Network,Illinois,2024,0.02985838381932569,2.985838381932569,MODERATE SAVINGS
A04261,Stonebridge Provider Alliance Partners,Virginia,2024,0.005567613100117592,0.5567613100117592,MODERATE SAVINGS
A04262,Lakeside Care Alliance Collaborative,Wisconsin,2024,0.010031988542905568,1.0031988542905568,MODERATE SAVINGS
A04263,Gateway Healthcare Physician Alliance,Alabama,2024,0.03379849401633199,3.379849401633199,HIGH SAVINGS
A04264,Westfield Care Network,California,2024,0.07055881690229243,7.055881690229243,HIGH SAVINGS
A04265,Grandview Medical Group Collaborative,Tennessee,2024,0.03450976757780444,3.450976757780444,HIGH SAVINGS
A04266,Eastgate Clinical Partners Association,Wisconsin,2024,0.0004006477059076764,0.04006477059076764,MODERATE SAVINGS
A04267,Springfield Integrated Health Physician Alliance,Virginia,2024,0.03827733551104214,3.827733551104214,HIGH SAVINGS
A04268,Metro Care Physician Alliance,California,2024,0.03598804256509804,3.5988042565098044,HIGH SAVINGS
A04269,Brookside Provider Alliance Collaborative,Georgia,2024,0.004929572963008008,0.49295729630080076,MODERATE SAVINGS
A04270,Redwood Clinical Partners Association,Minnesota,2024,0.04793656137508529,4.793656137508529,HIGH SAVINGS
A04271,Highland Care Network Medical Center,Arizona,2024,0.04036911012024212,4.036911012024212,HIGH SAVINGS
A04272,Silverstone Health Network Physician Alliance,New Jersey,2024,-0.015699494320580685,-1.5699494320580685,LOW SAVINGS
A04273,Redwood Clinical Partners Network,New York,2024,0.04524032461141778,4.524032461141778,HIGH SAVINGS
A04274,Evergreen Health Network Physician Alliance,Maryland,2024,0.026529110393795498,2.65291103937955,MODERATE SAVINGS
A04275,Meadow Health Alliance Medical Center,Texas,2024,0.02269152500638327,2.269152500638327,MODERATE SAVINGS
A04276,Canyon Health Network Collaborative,Illinois,2024,0.06450232702116312,6.450232702116312,HIGH SAVINGS
A04277,Evergreen Health Collaborative Association,North Carolina,2024,-0.012272212812417398,-1.2272212812417398,LOW SAVINGS
A04278,Westfield Health Network Network,North Carolina,2024,-0.028223213678073004,-2.8223213678073003,LOW SAVINGS
A04279,WellSpring Medical Partners,Washington,2024,0.03761924491652846,3.761924491652846,HIGH SAVINGS
A04280,Parkview Clinical Partners Care Network,New York,2024,-0.0015617837694573973,-0.15617837694573972,LOW SAVINGS
A04281,Riverbend Healthcare Medical Center,Texas,2024,-0.011358889445514489,-1.1358889445514488,LOW SAVINGS
A04282,Oakridge Care Network Care Network,Indiana,2024,0.05534753197898602,5.534753197898603,HIGH SAVINGS
A04283,Eastgate Health Partners Collaborative,Michigan,2024,-0.0192107307944401,-1.9210730794440098,LOW SAVINGS
A04284,Summit Health Network Collaborative,Connecticut,2024,0.0317194950299586,3.1719495029958598,HIGH SAVINGS
A04285,WellSpring Wellness Physician Alliance,Florida,2024,0.013133011131503138,1.3133011131503138,MODERATE SAVINGS
A04286,Mountain View Health Alliance Association,Ohio,2024,-0.0017412892361805704,-0.17412892361805704,LOW SAVINGS
A04287,Green Valley Care Partners Group,Arizona,2024,-0.004140014264570827,-0.4140014264570827,LOW SAVINGS
A04288,Crestview Physicians Alliance,Pennsylvania,2024,-0.00972877939932166,-0.9728779399321661,LOW SAVINGS
A04289,Stonebridge Health Collaborative Network,Maryland,2024,0.006768442173717469,0.6768442173717468,MODERATE SAVINGS
A04290,Stonebridge Wellness Collaborative,Connecticut,2024,0.008732945259126433,0.8732945259126432,MODERATE SAVINGS
A04291,Blue Ridge Clinical Partners Network,Texas,2024,0.04384502856006035,4.384502856006035,HIGH SAVINGS
A04292,Canyon Provider Alliance Health System,Maryland,2024,-0.012066008957028754,-1.2066008957028755,LOW SAVINGS
A04293,Lakeside Healthcare Health System,New York,2024,-0.022763337194530494,-2.2763337194530493,LOW SAVINGS
A04294,Unity Care Partners Alliance,Virginia,2024,0.06290170482433463,6.290170482433463,HIGH SAVINGS
A04295,Heritage Health Partners Medical Center,New Jersey,2024,-0.013676255622382118,-1.3676255622382119,LOW SAVINGS
A04296,Lakeside Health Partners Collaborative,Alabama,2024,0.04682406582060734,4.682406582060734,HIGH SAVINGS
A04297,Highland Wellness Medical Center,Washington,2024,0.008820305518507853,0.8820305518507854,MODERATE SAVINGS
A04298,Stonebridge Medical Partners Collaborative,Colorado,2024,0.01893973447985053,1.893973447985053,MODERATE SAVINGS
A04299,Redwood Physicians Association,Texas,2024,-0.006031796241663951,-0.603179624166395,LOW SAVINGS
A04301,Heritage Healthcare Alliance,Ohio,2024,-0.022309752182063058,-2.230975218206306,LOW SAVINGS
A04303,Heartland Health Network Partners,Wisconsin,2024,0.0007865832496585515,0.07865832496585515,MODERATE SAVINGS
A04304,Mountain View Health Partners Physician Alliance,North Carolina,2024,0.07944566700125304,7.9445667001253035,HIGH SAVINGS
A04305,Cedar Care Alliance Care Network,Wisconsin,2024,0.04096715679249378,4.096715679249377,HIGH SAVINGS
A04306,WellSpring Community Care Alliance,Connecticut,2024,-0.00031428342258498073,-0.031428342258498075,LOW SAVINGS
A04308,Pioneer Health Network Collaborative,Maryland,2024,0.004860886535451948,0.4860886535451948,MODERATE SAVINGS
A04309,Green Valley Healthcare Medical Center,California,2024,0.024825004545124815,2.4825004545124814,MODERATE SAVINGS
A04310,Maplewood Medical Group Health System,New York,2024,0.06450232702116312,6.450232702116312,HIGH SAVINGS
A04311,Metro Integrated Health Association,New York,2024,0.056973166476041275,5.6973166476041275,HIGH SAVINGS
A04312,Pioneer Health Collaborative Group,North Carolina,2024,0.02756141801546921,2.756141801546921,MODERATE SAVINGS
A04313,Metro Health Health System,Texas,2024,-0.010124537179389397,-1.0124537179389397,LOW SAVINGS
A04314,Northstar Wellness Care Network,Maryland,2024,-0.0008370085615313864,-0.08370085615313863,LOW SAVINGS
A04315,Meadow Health Collaborative Collaborative,Arizona,2024,-0.0006561849160777467,-0.06561849160777468,LOW SAVINGS
A04316,Golden Valley Clinical Partners Physician Alliance,Indiana,2024,0.038366626958082156,3.8366626958082155,HIGH SAVINGS
A04317,WellSpring Integrated Health Partners,Massachusetts,2024,0.014160583141172932,1.416058314117293,MODERATE SAVINGS
A04318,Community Provider Alliance Group,Missouri,2024,0.022759028419820714,2.2759028419820715,MODERATE SAVINGS
A04319,Metro Medical Group Group,New Jersey,2024,-0.024234093123637144,-2.4234093123637144,LOW SAVINGS
A04320,Cedar Physician Network Network,Alabama,2024,-0.0015409521645367269,-0.1540952164536727,LOW SAVINGS
A04321,Maplewood Medical Group Medical Center,Wisconsin,2024,0.011702961177490517,1.1702961177490516,MODERATE SAVINGS
A04322,Parkview Medical Group Collaborative,Georgia,2024,0.05984665870950608,5.984665870950608,HIGH SAVINGS
A04323,Silverstone Health Collaborative Alliance,Oregon,2024,0.030367947857186578,3.0367947857186577,HIGH SAVINGS
A04324,Mountain View Wellness Medical Center,Arizona,2024,0.0029004201236273418,0.2900420123627342,MODERATE SAVINGS
A04325,Northstar Medical Partners,Virginia,2024,0.055960591583894916,5.596059158389491,HIGH SAVINGS
A04326,Riverside Healthcare Medical Center,Washington,2024,0.010135396727779356,1.0135396727779356,MODERATE SAVINGS
A04327,Heartland Health Alliance Partners,Maryland,2024,0.03544326638069037,3.544326638069037,HIGH SAVINGS
A04328,Redwood Care Alliance Health System,New Jersey,2024,0.04058620864893752,4.058620864893752,HIGH SAVINGS
A04329,Mountain View Health Group,Ohio,2024,-0.040372684883737624,-4.037268488373762,LOW SAVINGS
A04330,Mountain View Clinical Partners Health System,New Jersey,2024,-0.03047912175686355,-3.047912175686355,LOW SAVINGS
A04331,Beacon Care Network Medical Center,Colorado,2024,0.0996717571355958,9.96717571355958,HIGH SAVINGS
A04332,Mountain View Care Alliance Group,Texas,2024,-0.015226553084998559,-1.522655308499856,LOW SAVINGS
A04333,Horizon Care Network Network,Arizona,2024,0.023081660738566174,2.308166073856617,MODERATE SAVINGS
A04334,Eastgate Care Alliance Physician Alliance,Minnesota,2024,0.006505846893425382,0.6505846893425382,MODERATE SAVINGS
A04335,Evergreen Care Alliance Collaborative,Missouri,2024,0.021119352672237416,2.1119352672237417,MODERATE SAVINGS
A04336,Pinnacle Care Medical Center,Florida,2024,-0.010322570233548616,-1.0322570233548616,LOW SAVINGS
A04337,Heartland Physicians Health System,Michigan,2024,0.05728197761866435,5.728197761866435,HIGH SAVINGS
A04338,Pioneer Clinical Partners Partners,Illinois,2024,0.003191306927268366,0.3191306927268366,MODERATE SAVINGS
A04339,Pioneer Health Alliance Care Network,Indiana,2024,0.037286499704664446,3.7286499704664444,HIGH SAVINGS
A04340,Lakeside Health Network Association,Washington,2024,0.018005440377993353,1.8005440377993354,MODERATE SAVINGS
A04342,Gateway Care Association,Oregon,2024,0.032731273157875385,3.2731273157875385,HIGH SAVINGS
A04344,Blue Ridge Care Alliance Care Network,Minnesota,2024,-0.007581129470724237,-0.7581129470724237,LOW SAVINGS
A04345,Green Valley Care Group,Indiana,2024,0.05384256694399132,5.384256694399132,HIGH SAVINGS
A04346,Evergreen Medical Partners Physician Alliance,Minnesota,2024,0.013527861423921686,1.3527861423921685,MODERATE SAVINGS
A04347,Oakridge Medical Group Association,Washington,2024,0.020679724824441362,2.0679724824441363,MODERATE SAVINGS
A04348,Stonebridge Health Collaborative Health System,Missouri,2024,0.03280574063182517,3.2805740631825167,HIGH SAVINGS
A04349,Cedar Care Alliance,Maryland,2024,0.031197898618668063,3.1197898618668063,HIGH SAVINGS
A04350,Cedar Provider Alliance Association,Missouri,2024,0.039495362489223425,3.9495362489223425,HIGH SAVINGS
A04351,Cedar Medical Group,Washington,2024,0.034920588986176934,3.4920588986176933,HIGH SAVINGS
A04352,Heartland Medical Care Network,Virginia,2024,-0.03153736701206248,-3.153736701206248,LOW SAVINGS
A04353,Eastgate Health Network Partners,Arizona,2024,0.04950694996725251,4.950694996725251,HIGH SAVINGS
A04354,Green Valley Clinical Partners Partners,Illinois,2024,0.01104575545394277,1.104575545394277,MODERATE SAVINGS
A04355,Green Valley Provider Alliance Network,Texas,2024,0.010186888454642797,1.0186888454642797,MODERATE SAVINGS
A04356,Northstar Integrated Health Care Network,Georgia,2024,0.05065805732281573,5.065805732281573,HIGH SAVINGS
A04357,Northstar Physician Network Group,Oregon,2024,-0.007957090166163238,-0.7957090166163238,LOW SAVINGS
A04358,Metro Care Network Health System,Minnesota,2024,0.028935818659445528,2.8935818659445527,MODERATE SAVINGS
A04359,Heritage Physician Network Physician Alliance,Missouri,2024,0.02992402246552836,2.992402246552836,MODERATE SAVINGS
A04360,Mountain View Healthcare Association,Massachusetts,2024,0.04851474787444888,4.851474787444888,HIGH SAVINGS
A04361,Green Valley Healthcare Network,Oregon,2024,0.02264442806436595,2.264442806436595,MODERATE SAVINGS
A04362,Westfield Integrated Health Partners,Ohio,2024,0.022607127082020957,2.260712708202096,MODERATE SAVINGS
A04363,Mountain View Clinical Partners Network,Illinois,2024,-0.002650515798961855,-0.2650515798961855,LOW SAVINGS
A04364,WellSpring Provider Alliance Care Network,Massachusetts,2024,0.023840464738529306,2.384046473852931,MODERATE SAVINGS
A04365,Westfield Health Collaborative Health System,New York,2024,0.01507970398426288,1.507970398426288,MODERATE SAVINGS
A04366,Heritage Provider Alliance Association,Connecticut,2024,0.02275159189075945,2.275159189075945,MODERATE SAVINGS
A04367,Clearview Care Alliance Health System,Massachusetts,2024,0.04451754480867018,4.4517544808670175,HIGH SAVINGS
A04368,Oakridge Integrated Health Association,Illinois,2024,-0.008797905522101225,-0.8797905522101225,LOW SAVINGS
A04369,Riverbend Health Partners Group,Alabama,2024,0.04983024889931679,4.983024889931679,HIGH SAVINGS
A04370,Evergreen Care Alliance Alliance,Missouri,2024,0.04324065387835171,4.324065387835171,HIGH SAVINGS
A04371,Metro Medical Partners Partners,Pennsylvania,2024,-0.017354340770162954,-1.7354340770162953,LOW SAVINGS
A04372,Stonebridge Provider Alliance Care Network,Massachusetts,2024,0.051254050352630635,5.125405035263063,HIGH SAVINGS
A04373,Highland Health Network,Indiana,2024,-0.00580789589258738,-0.580789589258738,LOW SAVINGS
A04374,Cedar Care Network Collaborative,Arizona,2024,0.06485652984521961,6.485652984521961,HIGH SAVINGS
A04375,Westfield Care Alliance,North Carolina,2024,0.011354256220745988,1.1354256220745989,MODERATE SAVINGS
A04376,Grandview Health Network Physician Alliance,California,2024,0.03981577943108422,3.981577943108422,HIGH SAVINGS
A04377,Highland Provider Alliance Network,North Carolina,2024,0.026127067768093593,2.6127067768093593,MODERATE SAVINGS
A04378,Unity Physicians Medical Center,Indiana,2024,0.028826027240748748,2.8826027240748746,MODERATE SAVINGS
A04379,Fairview Care Alliance Association,Pennsylvania,2024,0.004759456961776109,0.4759456961776109,MODERATE SAVINGS
A04380,Mountain View Provider Alliance Association,New Jersey,2024,0.00821541711196467,0.8215417111964669,MODERATE SAVINGS
A04381,Mountain View Care Network Partners,New Jersey,2024,0.009879886866808183,0.9879886866808183,MODERATE SAVINGS
A04382,Heartland Medical Network,Michigan,2024,0.06944264226523945,6.944264226523946,HIGH SAVINGS
A04383,Lakeside Care Network,Ohio,2024,-0.00015751588731735818,-0.015751588731735818,LOW SAVINGS
A04385,Fairview Clinical Partners Physician Alliance,Wisconsin,2024,-0.022307707870853646,-2.2307707870853646,LOW SAVINGS
A04386,Lakeside Physicians Partners,Pennsylvania,2024,-0.035378823461293396,-3.5378823461293396,LOW SAVINGS
A04388,Blue Ridge Wellness Health System,North Carolina,2024,-0.02044326312577347,-2.044326312577347,LOW SAVINGS
A04389,Canyon Clinical Partners Network,California,2024,0.0694292609489179,6.9429260948917895,HIGH SAVINGS
A04390,Lakeside Health Physician Alliance,North Carolina,2024,-0.013055866365948975,-1.3055866365948976,LOW SAVINGS
A04391,Horizon Provider Alliance Physician Alliance,Virginia,2024,0.03459980184493213,3.459980184493213,HIGH SAVINGS
A04392,Valley Health Health System,New York,2024,-0.006791815198089238,-0.6791815198089238,LOW SAVINGS
A04393,Clearview Clinical Partners Physician Alliance,Texas,2024,-0.004325709451514263,-0.4325709451514263,LOW SAVINGS
A04394,Meadow Care Alliance Alliance,Arizona,2024,0.004349941546468086,0.4349941546468086,MODERATE SAVINGS
A04395,Oakridge Physician Network Health System,Missouri,2024,0.018545147232317313,1.8545147232317312,MODERATE SAVINGS
A04396,Stonebridge Health Collaborative Alliance,Texas,2024,0.046721357631671234,4.672135763167123,HIGH SAVINGS
A04397,Gateway Health Collaborative,Texas,2024,-0.007219890103978557,-0.7219890103978557,LOW SAVINGS
A04398,Community Integrated Health Network,New York,2024,0.016668321132019832,1.6668321132019832,MODERATE SAVINGS
A04399,Silverstone Care Partners Physician Alliance,Connecticut,2024,0.03476190443113622,3.476190443113622,HIGH SAVINGS
A04400,Cedar Community Care Physician Alliance,Maryland,2024,0.00886207337673199,0.8862073376731989,MODERATE SAVINGS
A04401,Silverstone Health Alliance Alliance,Texas,2024,0.04953032260688087,4.9530322606880866,HIGH SAVINGS
A04402,Pinnacle Health Group,Oregon,2024,0.0728384870094004,7.28384870094004,HIGH SAVINGS
A04403,Grandview Health Network Health System,Massachusetts,2024,0.013860836735767636,1.3860836735767637,MODERATE SAVINGS
A04404,Blue Ridge Community Care Network,Arizona,2024,-0.002102736411972012,-0.2102736411972012,LOW SAVINGS
A04405,Brookside Physicians Association,Connecticut,2024,-0.004373404110508107,-0.4373404110508107,LOW SAVINGS
A04406,Blue Ridge Care Network Physician Alliance,Arizona,2024,0.06372736995866365,6.372736995866365,HIGH SAVINGS
A04407,Riverside Medical Group,Virginia,2024,0.04494663689354502,4.4946636893545024,HIGH SAVINGS
A04408,Summit Clinical Partners Group,Arizona,2024,0.0013351161126662374,0.13351161126662373,MODERATE SAVINGS
A04409,Evergreen Community Care Physician Alliance,Michigan,2024,-0.00048058117091025584,-0.04805811709102558,LOW SAVINGS
A04410,Green Valley Medical Partners Association,Colorado,2024,0.0399773146140694,3.99773146140694,HIGH SAVINGS
A04411,Valley Physician Network Medical Center,Tennessee,2024,0.012131123626288938,1.2131123626288938,MODERATE SAVINGS
A04412,Cedar Care Network Health System,Michigan,2024,-0.010489782911642447,-1.0489782911642447,LOW SAVINGS
A04414,Unity Medical Care Network,Alabama,2024,0.015526171457293632,1.5526171457293632,MODERATE SAVINGS
A04415,Pioneer Medical Partners Collaborative,Alabama,2024,0.018044844343839787,1.8044844343839788,MODERATE SAVINGS
A04416,Stonebridge Physicians Association,Texas,2024,0.0029004201236273418,0.2900420123627342,MODERATE SAVINGS
A04417,Redwood Care Alliance Care Network,Ohio,2024,0.0007063878396490435,0.07063878396490435,MODERATE SAVINGS
A04418,Summit Care Network Alliance,Wisconsin,2024,-0.03666201116173258,-3.666201116173258,LOW SAVINGS
A04420,Parkview Healthcare Health System,Florida,2024,0.04677120397305312,4.677120397305313,HIGH SAVINGS
A04421,Lakeside Community Care Medical Center,Washington,2024,0.04366904514823573,4.366904514823573,HIGH SAVINGS
A04423,Fairview Integrated Health Physician Alliance,Connecticut,2024,-0.015368856197470455,-1.5368856197470455,LOW SAVINGS
A04424,Gateway Health Partners Physician Alliance,Connecticut,2024,0.01979839012285376,1.9798390122853762,MODERATE SAVINGS
A04426,Grandview Medical Group Physician Alliance,New York,2024,-0.01618394806431523,-1.618394806431523,LOW SAVINGS
A04427,Highland Health Alliance Alliance,Massachusetts,2024,0.04803554887350098,4.8035548873500975,HIGH SAVINGS
A04428,Cedar Clinical Partners Partners,Wisconsin,2024,-0.0042816791881912074,-0.42816791881912075,LOW SAVINGS
A04429,Summit Care Network Network,Virginia,2024,-0.004062218874713889,-0.40622188747138893,LOW SAVINGS
A04430,Riverbend Physicians Medical Center,Colorado,2024,0.00478170202872647,0.47817020287264694,MODERATE SAVINGS
A04432,Metro Medical Group,Washington,2024,-0.008097410538160469,-0.8097410538160469,LOW SAVINGS
A04433,Pioneer Provider Alliance Health System,Arizona,2024,0.06016450594474637,6.016450594474637,HIGH SAVINGS
A04434,Lakeside Physician Network Medical Center,Ohio,2024,0.06960175567812443,6.960175567812444,HIGH SAVINGS
A04435,Redwood Community Care Network,Connecticut,2024,-0.03906780869740629,-3.9067808697406288,LOW SAVINGS
A04436,Canyon Care Partners Alliance,Minnesota,2024,0.04201175166418383,4.201175166418383,HIGH SAVINGS
A04437,Metro Healthcare Care Network,Michigan,2024,0.016443412248612555,1.6443412248612554,MODERATE SAVINGS
A04438,Maplewood Medical Partners Medical Center,New Jersey,2024,0.019572333446309056,1.9572333446309056,MODERATE SAVINGS
A04439,Brookside Health Collaborative Network,New York,2024,0.037183942168512056,3.7183942168512054,HIGH SAVINGS
A04440,Blue Ridge Health Network Physician Alliance,Florida,2024,-0.0020850351258180307,-0.20850351258180308,LOW SAVINGS
A04442,Riverbend Health Alliance Network,Massachusetts,2024,0.04536416741849385,4.536416741849385,HIGH SAVINGS
A04443,Oakridge Health Partners Association,Indiana,2024,0.052608396206381365,5.260839620638136,HIGH SAVINGS
A04444,Northstar Health Association,Virginia,2024,0.04291267270944202,4.291267270944202,HIGH SAVINGS
A04445,Eastgate Community Care Care Network,Ohio,2024,-0.013056937535350678,-1.305693753535068,LOW SAVINGS
A04446,Blue Ridge Physician Network Health System,Ohio,2024,0.0012878773541935915,0.12878773541935915,MODERATE SAVINGS
A04447,Pinnacle Community Care Collaborative,Ohio,2024,0.0010563606831728936,0.10563606831728936,MODERATE SAVINGS
A04448,Springfield Care Alliance Care Network,Wisconsin,2024,0.023917618398833537,2.391761839883354,MODERATE SAVINGS
A04449,Parkview Health Network Health System,Texas,2024,0.02586640648438314,2.5866406484383138,MODERATE SAVINGS
A04450,Blue Ridge Integrated Health Collaborative,Minnesota,2024,0.035704295327617167,3.570429532761717,HIGH SAVINGS
A04451,Meadow Physician Network Collaborative,Georgia,2024,-0.027335818487600066,-2.7335818487600068,LOW SAVINGS
A04452,Grandview Medical Partners,California,2024,0.021504267168753238,2.150426716875324,MODERATE SAVINGS
A04453,Metro Physicians Group,Maryland,2024,0.03785488185225482,3.785488185225482,HIGH SAVINGS
A04454,Lakeside Care Partners Care Network,New Jersey,2024,0.009463592774714306,0.9463592774714307,MODERATE SAVINGS
A04455,Redwood Care Alliance Group,Georgia,2024,0.014823297455844141,1.4823297455844142,MODERATE SAVINGS
A04456,Blue Ridge Care Alliance Medical Center,Pennsylvania,2024,0.04115465838754435,4.115465838754435,HIGH SAVINGS
A04457,Clearview Medical Group Network,Michigan,2024,-0.0020529414254686095,-0.20529414254686096,LOW SAVINGS
A04458,Evergreen Medical Health System,Pennsylvania,2024,-0.011716260250153473,-1.1716260250153474,LOW SAVINGS
A04459,Cedar Medical Partners Health System,Georgia,2024,-0.0033405198881361,-0.33405198881361,LOW SAVINGS
A04460,Stonebridge Care Partners Medical Center,Oregon,2024,0.030704398832770895,3.0704398832770896,HIGH SAVINGS
A04461,Riverside Health Partners,Connecticut,2024,0.0017527266698543068,0.17527266698543068,MODERATE SAVINGS
A04462,Summit Physician Network Network,Maryland,2024,-0.008945175009415952,-0.8945175009415952,LOW SAVINGS
A04464,Oakridge Physician Network Partners,Ohio,2024,0.032716340876235726,3.2716340876235726,HIGH SAVINGS
A04465,Clearview Health Network Alliance,Florida,2024,0.018299106746138466,1.8299106746138465,MODERATE SAVINGS
A04466,Heartland Care Association,Alabama,2024,-0.0013754280690673347,-0.13754280690673346,LOW SAVINGS
A04467,Eastgate Integrated Health Medical Center,Minnesota,2024,0.015482917552857852,1.548291755285785,MODERATE SAVINGS
A04468,Westfield Health Network,Oregon,2024,0.03393721205385902,3.3937212053859023,HIGH SAVINGS
A04469,Beacon Health Network Care Network,Maryland,2024,0.02896613072917042,2.896613072917042,MODERATE SAVINGS
A04470,Parkview Medical Partners Care Network,Missouri,2024,0.06459402425843576,6.459402425843576,HIGH SAVINGS
A04471,Golden Valley Healthcare Physician Alliance,Colorado,2024,0.03953731951958491,3.953731951958491,HIGH SAVINGS
A04472,Beacon Health Partners Group,Colorado,2024,-0.006027809407749956,-0.6027809407749956,LOW SAVINGS
A04473,Stonebridge Health Association,North Carolina,2024,-0.003381656628787058,-0.3381656628787058,LOW SAVINGS
A04474,Beacon Physicians Medical Center,Connecticut,2024,0.03920434161687087,3.920434161687087,HIGH SAVINGS
A04475,Blue Ridge Health Network,Illinois,2024,-0.04144257995907878,-4.1442579959078785,LOW SAVINGS
A04476,Cedar Care Partners,Florida,2024,0.02589759212087174,2.589759212087174,MODERATE SAVINGS
A04477,Grandview Integrated Health Association,Connecticut,2024,0.03876487831524874,3.876487831524874,HIGH SAVINGS
A04478,Grandview Physician Network Physician Alliance,Florida,2024,-0.023810939752801175,-2.3810939752801175,LOW SAVINGS
A04479,Heritage Physicians Physician Alliance,Colorado,2024,0.010342265056698881,1.034226505669888,MODERATE SAVINGS
A04480,Highland Medical Group Physician Alliance,Washington,2024,0.003546767434306796,0.3546767434306796,MODERATE SAVINGS
A04481,Evergreen Healthcare Medical Center,Indiana,2024,0.0017308093032339098,0.17308093032339097,MODERATE SAVINGS
A04482,Eastgate Physician Network Alliance,Michigan,2024,-0.010635808984734027,-1.0635808984734028,LOW SAVINGS
A04483,Westfield Health Partners Alliance,North Carolina,2024,0.02593418564589377,2.5934185645893773,MODERATE SAVINGS
A04485,Westfield Care Partners Medical Center,Ohio,2024,0.014505034140251206,1.4505034140251207,MODERATE SAVINGS
A04486,Brookside Provider Alliance Partners,New Jersey,2024,0.02102182555192579,2.102182555192579,MODERATE SAVINGS
A04487,Maplewood Health Alliance Health System,New York,2024,0.021731412641984183,2.1731412641984185,MODERATE SAVINGS
A04488,Heartland Health Collaborative Care Network,California,2024,0.029640449230942147,2.9640449230942147,MODERATE SAVINGS
A04489,Fairview Physician Network Partners,Massachusetts,2024,-0.009822933700968397,-0.9822933700968397,LOW SAVINGS
A04490,Valley Community Care Collaborative,Washington,2024,0.03135918297866549,3.135918297866549,HIGH SAVINGS
A04491,Highland Health Network Alliance,Florida,2024,-0.004279626703166777,-0.42796267031667773,LOW SAVINGS
A04492,Pioneer Integrated Health Network,Maryland,2024,0.0017887624877504433,0.17887624877504432,MODERATE SAVINGS
A04493,Summit Care Partners Alliance,Washington,2024,0.010192405972778687,1.0192405972778686,MODERATE SAVINGS
A04494,Evergreen Health Partners Health System,Texas,2024,0.06623171038490844,6.6231710384908435,HIGH SAVINGS
A04495,Eastgate Health Collaborative,Virginia,2024,0.01912941779860646,1.912941779860646,MODERATE SAVINGS
A04496,Crestview Provider Alliance Network,Tennessee,2024,0.02624516974752785,2.624516974752785,MODERATE SAVINGS
A04497,Grandview Healthcare Care Network,Massachusetts,2024,0.013685611627334004,1.3685611627334004,MODERATE SAVINGS
A04498,Heritage Medical Group Alliance,Pennsylvania,2024,0.0483944564437684,4.83944564437684,HIGH SAVINGS
A04499,Clearview Community Care Partners,New Jersey,2024,0.03553873792080675,3.553873792080675,HIGH SAVINGS
A04500,Meadow Health Alliance Collaborative,Maryland,2024,0.006274647334858095,0.6274647334858094,MODERATE SAVINGS
A04501,Canyon Healthcare Group,Washington,2024,-0.018638322829303843,-1.8638322829303844,LOW SAVINGS
A04502,Fairview Care Network Alliance,Tennessee,2024,0.057870251886794906,5.787025188679491,HIGH SAVINGS
A04503,Springfield Care Partners,Illinois,2024,0.027755132211001433,2.775513221100143,MODERATE SAVINGS
A04504,Green Valley Integrated Health Network,Minnesota,2024,0.019618422779089262,1.9618422779089262,MODERATE SAVINGS
A04505,Clearview Health Partners,Florida,2024,0.04234071439915268,4.234071439915268,HIGH SAVINGS
A04506,Horizon Clinical Partners Association,Michigan,2024,0.07841031009753283,7.841031009753283,HIGH SAVINGS
A04507,Community Clinical Partners Care Network,New Jersey,2024,-3.513104582695046e-05,-0.0035131045826950463,LOW SAVINGS
A04508,Heartland Clinical Partners Alliance,Ohio,2024,0.014870720559358773,1.4870720559358774,MODERATE SAVINGS
A04509,Crestview Health Medical Center,Arizona,2024,0.039598312130194886,3.9598312130194886,HIGH SAVINGS
A04510,WellSpring Health Physician Alliance,Massachusetts,2024,0.043794064862275335,4.379406486227533,HIGH SAVINGS
A04511,Mountain View Clinical Partners Partners,California,2024,0.06141421819541741,6.141421819541741,HIGH SAVINGS
A04512,Parkview Medical Group Physician Alliance,Virginia,2024,0.030527420190151863,3.052742019015186,HIGH SAVINGS
A04513,Crestview Physician Network Care Network,Colorado,2024,0.004547333291577742,0.4547333291577742,MODERATE SAVINGS
A04514,WellSpring Integrated Health Care Network,Arizona,2024,0.06664548008068973,6.664548008068973,HIGH SAVINGS
A04516,Golden Valley Medical Partners Association,Minnesota,2024,0.023239229283871822,2.3239229283871823,MODERATE SAVINGS
A04517,Silverstone Medical Health System,Michigan,2024,-0.0011349754595471465,-0.11349754595471465,LOW SAVINGS
A04518,Horizon Health Network Collaborative,Connecticut,2024,0.008246342742810928,0.8246342742810928,MODERATE SAVINGS
A04519,Riverbend Care Partners Care Network,North Carolina,2024,0.040362078674026546,4.036207867402655,HIGH SAVINGS
A04520,Valley Health Partners Alliance,Arizona,2024,-0.02157694468799588,-2.157694468799588,LOW SAVINGS
A04521,Unity Health Alliance Network,Illinois,2024,0.02932948550670286,2.932948550670286,MODERATE SAVINGS
A04522,Highland Care Alliance Collaborative,New York,2024,0.03983607316072522,3.9836073160725216,HIGH SAVINGS
A04523,Maplewood Community Care Partners,Indiana,2024,0.06993532265700898,6.993532265700899,HIGH SAVINGS
A04524,Oakridge Medical Association,New Jersey,2024,0.050096711231829294,5.00967112318293,HIGH SAVINGS
A04525,Canyon Integrated Health Group,Virginia,2024,0.01367084400878308,1.367084400878308,MODERATE SAVINGS
A04526,Pioneer Care Partners Network,Massachusetts,2024,-0.0170813028972522,-1.70813028972522,LOW SAVINGS
A04527,Heritage Care Association,North Carolina,2024,-0.02600111951735086,-2.600111951735086,LOW SAVINGS
A04528,Metro Medical Partners Group,Ohio,2024,0.017192746926359106,1.7192746926359106,MODERATE SAVINGS
A04529,Gateway Health Network Medical Center,Indiana,2024,0.0120483136599112,1.20483136599112,MODERATE SAVINGS
A04530,Valley Community Care Medical Center,Missouri,2024,-0.0031726692573162837,-0.31726692573162835,LOW SAVINGS
A04531,Beacon Health Partners Care Network,Washington,2024,0.013830038222596373,1.3830038222596372,MODERATE SAVINGS
A04532,Grandview Wellness Alliance,Colorado,2024,0.02218983690034138,2.218983690034138,MODERATE SAVINGS
A04533,Canyon Integrated Health Care Network,Tennessee,2024,0.004628762930472434,0.4628762930472434,MODERATE SAVINGS
A04534,Stonebridge Health Alliance,Michigan,2024,0.017051608785031973,1.7051608785031973,MODERATE SAVINGS
A04535,Meadow Medical Group Care Network,Maryland,2024,0.03916108670921834,3.916108670921834,HIGH SAVINGS
A04536,Blue Ridge Care Partners,North Carolina,2024,0.006885411108064162,0.6885411108064162,MODERATE SAVINGS
A04537,Maplewood Care Network Group,New York,2024,-0.022894028298299476,-2.2894028298299474,LOW SAVINGS
A04538,Pioneer Care Association,Georgia,2024,-0.008331720433365735,-0.8331720433365735,LOW SAVINGS
A04539,Silverstone Physician Network Association,Colorado,2024,0.010122279830957542,1.0122279830957541,MODERATE SAVINGS
A04540,Unity Medical Group Care Network,Minnesota,2024,0.005221680671557386,0.5221680671557386,MODERATE SAVINGS
A04541,Golden Valley Wellness Care Network,Wisconsin,2024,0.006096468118132726,0.6096468118132725,MODERATE SAVINGS
A04542,Beacon Health Partners Partners,Washington,2024,-0.03748890577016172,-3.748890577016172,LOW SAVINGS
A04543,Green Valley Care Network Group,New Jersey,2024,0.032827299585618565,3.2827299585618563,HIGH SAVINGS
A04545,Riverbend Health Alliance,Tennessee,2024,0.026838020117884973,2.6838020117884973,MODERATE SAVINGS
A04546,Horizon Provider Alliance Group,Indiana,2024,0.04816885454491267,4.816885454491267,HIGH SAVINGS
A04547,Pioneer Care Alliance Association,Georgia,2024,-0.04140733181465149,-4.140733181465149,LOW SAVINGS
A04549,Grandview Medical Partners Alliance,Maryland,2024,-0.007446144223143846,-0.7446144223143847,LOW SAVINGS
A04550,Redwood Health Partners Group,Missouri,2024,-0.00045899800104173144,-0.04589980010417315,LOW SAVINGS
A04551,Westfield Community Care Group,Illinois,2024,0.01595105890136971,1.5951058901369708,MODERATE SAVINGS
A04552,Eastgate Physicians Medical Center,North Carolina,2024,0.008359601038722932,0.8359601038722932,MODERATE SAVINGS
A04553,Evergreen Health Network Medical Center,North Carolina,2024,0.039663093479881756,3.9663093479881755,HIGH SAVINGS
A04554,Green Valley Health Network Physician Alliance,California,2024,0.019487275312698244,1.9487275312698245,MODERATE SAVINGS
A04555,Riverbend Integrated Health Care Network,Indiana,2024,0.040483441520112115,4.048344152011212,HIGH SAVINGS
A04556,Cedar Healthcare Association,Wisconsin,2024,0.04662741927218683,4.662741927218683,HIGH SAVINGS
A04557,Grandview Care Partners Group,Tennessee,2024,0.004496217070715141,0.44962170707151405,MODERATE SAVINGS
A04558,Blue Ridge Wellness Medical Center,Georgia,2024,0.046650549938820854,4.6650549938820856,HIGH SAVINGS
A04560,Metro Health Alliance Care Network,Ohio,2024,-0.02375229201102258,-2.375229201102258,LOW SAVINGS
A04561,Westfield Care Alliance Collaborative,Alabama,2024,0.010766551617772312,1.076655161777231,MODERATE SAVINGS
A04562,Pioneer Health Alliance Group,Tennessee,2024,-0.005687727942448827,-0.5687727942448827,LOW SAVINGS
A04563,Heartland Provider Alliance Health System,Missouri,2024,0.013535066187539026,1.3535066187539027,MODERATE SAVINGS
A04564,Oakridge Physicians Partners,Texas,2024,0.015786265712020874,1.5786265712020873,MODERATE SAVINGS
A04565,Fairview Care Partners,Georgia,2024,-0.0007383278634817615,-0.07383278634817615,LOW SAVINGS
A04567,Stonebridge Wellness Medical Center,Florida,2024,-0.006313343704967955,-0.6313343704967954,LOW SAVINGS
A04568,Parkview Medical Physician Alliance,Illinois,2024,0.023826290322575792,2.3826290322575794,MODERATE SAVINGS
A04569,Pioneer Community Care Partners,California,2024,0.03655197102012137,3.655197102012137,HIGH SAVINGS
A04570,Parkview Healthcare Association,Maryland,2024,0.014155591084047646,1.4155591084047645,MODERATE SAVINGS
A04571,Heartland Care Network Association,Georgia,2024,0.006443395575513306,0.6443395575513305,MODERATE SAVINGS
A04573,Heartland Physician Network Association,Washington,2024,0.010468954172923829,1.0468954172923828,MODERATE SAVINGS
A04574,Canyon Medical Partners Care Network,Pennsylvania,2024,-0.004909399555752963,-0.4909399555752963,LOW SAVINGS
A04575,Fairview Health Alliance Health System,Washington,2024,0.06022332022730887,6.022332022730887,HIGH SAVINGS
A04576,Springfield Integrated Health Health System,Virginia,2024,0.04341860153322608,4.341860153322608,HIGH SAVINGS
A04577,Horizon Health Network,Georgia,2024,0.04081332813337756,4.081332813337756,HIGH SAVINGS
A04578,Highland Care Alliance Health System,Minnesota,2024,-0.0003121649702315408,-0.031216497023154082,LOW SAVINGS
A04579,Horizon Community Care Collaborative,Texas,2024,0.01572882509324706,1.572882509324706,MODERATE SAVINGS
A04580,Springfield Health Alliance Association,Virginia,2024,0.04856618873848184,4.856618873848184,HIGH SAVINGS
A04581,Crestview Wellness Medical Center,Illinois,2024,0.007682748704435592,0.7682748704435592,MODERATE SAVINGS
A04582,Redwood Care Alliance Collaborative,Massachusetts,2024,-0.00525244502303053,-0.525244502303053,LOW SAVINGS
A04583,Blue Ridge Clinical Partners Alliance,Colorado,2024,0.028513066664219065,2.8513066664219067,MODERATE SAVINGS
A04584,Mountain View Care Partners Physician Alliance,Colorado,2024,0.058258883908149955,5.825888390814995,HIGH SAVINGS
A04586,Beacon Health Alliance,Michigan,2024,0.032882078108397154,3.2882078108397153,HIGH SAVINGS
A04587,Horizon Integrated Health Association,New Jersey,2024,0.0252710338793702,2.52710338793702,MODERATE SAVINGS
A04589,Highland Medical Partners Network,Minnesota,2024,0.02828215943860985,2.828215943860985,MODERATE SAVINGS
A04590,Valley Clinical Partners Group,Texas,2024,0.04494407915881462,4.494407915881462,HIGH SAVINGS
A04591,Summit Medical Health System,Virginia,2024,0.003534499861074511,0.3534499861074511,MODERATE SAVINGS
A04592,Gateway Wellness Health System,Georgia,2024,0.02500667622379783,2.500667622379783,MODERATE SAVINGS
A04593,Mountain View Health Alliance Health System,Maryland,2024,0.012459364589511718,1.2459364589511717,MODERATE SAVINGS
A04594,Grandview Wellness Association,Arizona,2024,-0.009018174788354745,-0.9018174788354745,LOW SAVINGS
A04596,Cedar Care Alliance Alliance,New Jersey,2024,0.022071754203286092,2.207175420328609,MODERATE SAVINGS
A04597,Valley Medical Partners Group,California,2024,0.052677177196331734,5.267717719633174,HIGH SAVINGS
A04598,Pioneer Medical Group Medical Center,Pennsylvania,2024,-0.017354340770162954,-1.7354340770162953,LOW SAVINGS
A04599,Gateway Health Partners,Florida,2024,-0.009727045689976618,-0.9727045689976618,LOW SAVINGS
A04600,Valley Healthcare Care Network,Massachusetts,2024,-0.0006529836903365167,-0.06529836903365167,LOW SAVINGS
A04601,Highland Health Association,Wisconsin,2024,0.0346051193433561,3.4605119343356097,HIGH SAVINGS
A04602,Gateway Healthcare Care Network,Arizona,2024,0.057263111230555795,5.72631112305558,HIGH SAVINGS
A04603,Heartland Integrated Health Association,North Carolina,2024,0.037179656238864614,3.7179656238864616,HIGH SAVINGS
A04604,Mountain View Community Care Association,Connecticut,2024,-0.011916789944551648,-1.1916789944551647,LOW SAVINGS
A04605,Silverstone Physician Network Care Network,New Jersey,2024,0.04406678766856662,4.406678766856662,HIGH SAVINGS
A04606,Meadow Clinical Partners Network,Indiana,2024,-0.053432490563194955,-5.343249056319496,LOW SAVINGS
A04607,Canyon Medical Group Care Network,Maryland,2024,-0.0059331926273486525,-0.5933192627348652,LOW SAVINGS
A04609,Northstar Provider Alliance Partners,Washington,2024,0.08345557856396843,8.345557856396843,HIGH SAVINGS
A04610,Northstar Health Care Network,Missouri,2024,-0.007069977863079731,-0.706997786307973,LOW SAVINGS
A04611,Oakridge Community Care Network,Pennsylvania,2024,0.011792591239980802,1.1792591239980803,MODERATE SAVINGS
A04612,Canyon Care Network Health System,Oregon,2024,0.030367947857186578,3.0367947857186577,HIGH SAVINGS
A04613,Lakeside Medical Partners Care Network,Ohio,2024,-0.02050796054144911,-2.050796054144911,LOW SAVINGS
A04614,Springfield Community Care Health System,Pennsylvania,2024,-0.016770532222443808,-1.6770532222443808,LOW SAVINGS
A04615,Grandview Provider Alliance Care Network,Virginia,2024,0.07682863136041668,7.682863136041668,HIGH SAVINGS
A04616,Community Health Care Network,Indiana,2024,0.02235854342689069,2.235854342689069,MODERATE SAVINGS
A04617,Silverstone Health Network,Washington,2024,-0.030676148413635463,-3.0676148413635462,LOW SAVINGS
A04618,Pioneer Health Alliance Alliance,Indiana,2024,0.03301570878072589,3.301570878072589,HIGH SAVINGS
A04619,Redwood Physician Network Association,North Carolina,2024,0.03024150835505631,3.024150835505631,HIGH SAVINGS
A04620,Eastgate Healthcare Group,Florida,2024,0.05361262868683865,5.361262868683865,HIGH SAVINGS
A04621,Clearview Health Alliance,Pennsylvania,2024,-0.006372842700485445,-0.6372842700485445,LOW SAVINGS
A04622,Horizon Physician Network Care Network,Ohio,2024,0.05942904381124157,5.942904381124157,HIGH SAVINGS
A04623,Canyon Care Medical Center,Florida,2024,0.06303290603872476,6.303290603872476,HIGH SAVINGS
A04624,WellSpring Medical Group Health System,Missouri,2024,0.010039645656046231,1.003964565604623,MODERATE SAVINGS
A04625,Blue Ridge Community Care Health System,Colorado,2024,-0.004479895448241201,-0.4479895448241201,LOW SAVINGS
A04626,WellSpring Care Partners Care Network,Missouri,2024,-0.0011674326407718567,-0.11674326407718567,LOW SAVINGS
A04627,Parkview Health Collaborative Physician Alliance,New Jersey,2024,-0.02998016115937193,-2.998016115937193,LOW SAVINGS
A04628,Metro Medical Association,Indiana,2024,0.07154788720417768,7.154788720417768,HIGH SAVINGS
A04629,Gateway Health Collaborative Alliance,Alabama,2024,0.001085189607476163,0.1085189607476163,MODERATE SAVINGS
A04630,Blue Ridge Health Collaborative Medical Center,Ohio,2024,0.050745048773330845,5.0745048773330845,HIGH SAVINGS
A04631,Canyon Clinical Partners Health System,Arizona,2024,0.021094930456663767,2.1094930456663765,MODERATE SAVINGS
A04632,Valley Provider Alliance Association,Georgia,2024,0.047390895269317,4.7390895269317,HIGH SAVINGS
A04633,Gateway Wellness Care Network,Colorado,2024,0.041900867117613476,4.190086711761348,HIGH SAVINGS
A04634,Valley Health Network Physician Alliance,Wisconsin,2024,0.0230387599815138,2.30387599815138,MODERATE SAVINGS
A04635,Brookside Health Care Network,Illinois,2024,0.023376911456362823,2.337691145636282,MODERATE SAVINGS
A04636,Mountain View Health Alliance Collaborative,Virginia,2024,0.014372508034918987,1.4372508034918987,MODERATE SAVINGS
A04637,Cedar Health Partners Partners,Arizona,2024,0.013530511660063537,1.3530511660063538,MODERATE SAVINGS
A04638,Silverstone Provider Alliance Health System,Maryland,2024,0.0218279819230949,2.1827981923094897,MODERATE SAVINGS
A04639,Highland Healthcare Group,New York,2024,0.04143582732412245,4.143582732412245,HIGH SAVINGS
A04640,Heritage Clinical Partners Collaborative,Colorado,2024,0.0005511244523809666,0.05511244523809666,MODERATE SAVINGS
A04641,Canyon Health Collaborative Collaborative,New York,2024,0.03928181259809799,3.928181259809799,HIGH SAVINGS
A04642,Highland Health Partners Care Network,Michigan,2024,0.050421572920021286,5.042157292002129,HIGH SAVINGS
A04643,Lakeside Health Collaborative Association,Colorado,2024,0.008735644343403338,0.8735644343403338,MODERATE SAVINGS
A04644,Brookside Care Collaborative,Tennessee,2024,0.028216684885201578,2.821668488520158,MODERATE SAVINGS
A04645,Springfield Care Partners Medical Center,Michigan,2024,0.04458367946451133,4.458367946451133,HIGH SAVINGS
A04646,Brookside Health Partners Alliance,New Jersey,2024,0.03124586782245236,3.124586782245236,HIGH SAVINGS
A04647,Blue Ridge Provider Alliance Network,Arizona,2024,0.06728774817624684,6.728774817624685,HIGH SAVINGS
A04648,Parkview Health Collaborative Health System,Connecticut,2024,0.002789496863253899,0.2789496863253899,MODERATE SAVINGS
A04649,Gateway Health Care Network,Florida,2024,0.01567066073696193,1.5670660736961928,MODERATE SAVINGS
A04651,Fairview Wellness Partners,Massachusetts,2024,0.040039722478280027,4.003972247828003,HIGH SAVINGS
A04652,Northstar Physician Network Health System,Minnesota,2024,0.015067908642751725,1.5067908642751724,MODERATE SAVINGS
A04653,Mountain View Medical Association,Oregon,2024,0.036259037536294864,3.6259037536294865,HIGH SAVINGS
A04654,Gateway Care Partners Partners,Ohio,2024,0.015476104287664005,1.5476104287664005,MODERATE SAVINGS
A04655,Northstar Care Alliance Medical Center,Texas,2024,0.05572898853536733,5.572898853536732,HIGH SAVINGS
A04656,Valley Healthcare Association,Colorado,2024,-0.014882162009903617,-1.4882162009903617,LOW SAVINGS
A04657,Pinnacle Health Care Network,Indiana,2024,0.02063822348976573,2.063822348976573,MODERATE SAVINGS
A04658,Eastgate Care Network,Illinois,2024,0.01977391499273357,1.977391499273357,MODERATE SAVINGS
A04659,Westfield Care Collaborative,Missouri,2024,0.0010502571431935518,0.10502571431935519,MODERATE SAVINGS
A04660,WellSpring Clinical Partners Network,Indiana,2024,0.0015888851888481918,0.15888851888481917,MODERATE SAVINGS
A04661,Crestview Medical Group Group,New Jersey,2024,0.03170111822825921,3.170111822825921,HIGH SAVINGS
A04662,Canyon Health Network Group,New Jersey,2024,0.003315028466516345,0.3315028466516345,MODERATE SAVINGS
A04663,Maplewood Community Care Alliance,Florida,2024,0.012205493804874333,1.2205493804874334,MODERATE SAVINGS
A04664,Oakridge Health Collaborative Collaborative,Minnesota,2024,0.01665242821668009,1.665242821668009,MODERATE SAVINGS
A04665,WellSpring Care Physician Alliance,Massachusetts,2024,-0.000364905646432331,-0.0364905646432331,LOW SAVINGS
A04666,Riverbend Medical Medical Center,Florida,2024,-0.04109825888121949,-4.109825888121949,LOW SAVINGS
A04667,Riverside Health Network,California,2024,0.0277412179296516,2.7741217929651603,MODERATE SAVINGS
A04668,Pioneer Clinical Partners Health System,Maryland,2024,0.03664678157174033,3.6646781571740332,HIGH SAVINGS
A04669,Grandview Medical Group Health System,New York,2024,0.031738472011768507,3.1738472011768506,HIGH SAVINGS
A04670,Westfield Care Network Association,Illinois,2024,-0.005806629515750814,-0.5806629515750814,LOW SAVINGS
A04671,Lakeside Health Partners Association,Pennsylvania,2024,0.0521561116801137,5.21561116801137,HIGH SAVINGS
A04672,Unity Care Alliance,Florida,2024,-0.02624862617191188,-2.624862617191188,LOW SAVINGS
A04673,Redwood Community Care Partners,Ohio,2024,0.0012327799792592466,0.12327799792592467,MODERATE SAVINGS
A04674,WellSpring Physician Network Network,New Jersey,2024,-0.017704519612663956,-1.7704519612663956,LOW SAVINGS
A04675,Crestview Community Care Health System,New Jersey,2024,0.04439382784144398,4.4393827841443985,HIGH SAVINGS
A04677,Lakeside Care Partners,Oregon,2024,0.01198429887799616,1.198429887799616,MODERATE SAVINGS
A04678,Evergreen Health Network Association,Washington,2024,-0.030111393569167633,-3.0111393569167633,LOW SAVINGS
A04679,Mountain View Care Partners Alliance,Maryland,2024,0.01765439516667128,1.7654395166671282,MODERATE SAVINGS
A04680,Beacon Medical Group Medical Center,Florida,2024,-0.018586323833584818,-1.8586323833584817,LOW SAVINGS
A04681,Maplewood Health Association,Missouri,2024,0.010227935265363659,1.022793526536366,MODERATE SAVINGS
A04682,Oakridge Care Partners Collaborative,Texas,2024,0.008878655048200297,0.8878655048200297,MODERATE SAVINGS
A04683,Pinnacle Physicians Group,Indiana,2024,0.0396949206106782,3.96949206106782,HIGH SAVINGS
A04684,Pioneer Health Network Alliance,Pennsylvania,2024,0.02172136746703879,2.1721367467038792,MODERATE SAVINGS
A04685,Unity Medical Partners Association,Illinois,2024,-0.020573014315669564,-2.057301431566956,LOW SAVINGS
A04686,Metro Clinical Partners Medical Center,Tennessee,2024,0.008160226303693896,0.8160226303693896,MODERATE SAVINGS
A04687,Oakridge Provider Alliance Partners,Tennessee,2024,0.01099201752736117,1.099201752736117,MODERATE SAVINGS
A04688,Grandview Healthcare Alliance,Illinois,2024,-0.022133157130665118,-2.2133157130665118,LOW SAVINGS
A04689,Clearview Health Partners Care Network,Wisconsin,2024,0.0344497945214537,3.44497945214537,HIGH SAVINGS
A04690,Summit Clinical Partners Medical Center,Florida,2024,0.03691501242756347,3.6915012427563467,HIGH SAVINGS
A04691,Valley Health Collaborative Collaborative,Colorado,2024,0.02424457176232527,2.4244571762325267,MODERATE SAVINGS
A04692,Canyon Health Medical Center,Indiana,2024,0.012400769665667525,1.2400769665667526,MODERATE SAVINGS
A04693,Summit Medical Group,Connecticut,2024,0.021793582866247316,2.1793582866247316,MODERATE SAVINGS
A04694,Stonebridge Care Group,New York,2024,0.030105816314425524,3.0105816314425526,HIGH SAVINGS
A04695,Riverbend Community Care Health System,Indiana,2024,0.05529336176673921,5.5293361766739215,HIGH SAVINGS
A04696,Redwood Physician Network Partners,Texas,2024,0.03803346394452974,3.803346394452974,HIGH SAVINGS
A04697,Metro Provider Alliance Partners,Texas,2024,0.00031442683948817464,0.03144268394881746,MODERATE SAVINGS
A04698,Northstar Physician Network Medical Center,Virginia,2024,0.02884598660093592,2.884598660093592,MODERATE SAVINGS
A04699,Springfield Care Network Partners,North Carolina,2024,0.016788950749296816,1.6788950749296816,MODERATE SAVINGS
A04700,Northstar Medical Physician Alliance,Minnesota,2024,0.019832842123037774,1.9832842123037775,MODERATE SAVINGS
A04701,Summit Care Network Health System,Florida,2024,0.06575007154924316,6.575007154924315,HIGH SAVINGS
A04702,Maplewood Health Alliance Association,Arizona,2024,-0.017996871678607074,-1.7996871678607074,LOW SAVINGS
A04703,Riverside Care Partners Care Network,Missouri,2024,0.013456114996617209,1.3456114996617208,MODERATE SAVINGS
A04704,Oakridge Health Alliance Collaborative,Washington,2024,0.026168816973983194,2.6168816973983193,MODERATE SAVINGS
A04705,WellSpring Healthcare Alliance,Tennessee,2024,0.09435631134627231,9.435631134627231,HIGH SAVINGS
A04706,Parkview Physicians Network,New York,2024,0.06614640377135238,6.614640377135237,HIGH SAVINGS
A04707,Beacon Provider Alliance Partners,Maryland,2024,0.002561639637298451,0.2561639637298451,MODERATE SAVINGS
A04708,Gateway Healthcare Association,Georgia,2024,-0.004911988390715565,-0.4911988390715565,LOW SAVINGS
A04709,Evergreen Clinical Partners Network,California,2024,0.029095453880899163,2.9095453880899163,MODERATE SAVINGS
A04710,Crestview Health Alliance Alliance,Washington,2024,0.026367549510649613,2.6367549510649613,MODERATE SAVINGS
A04711,Parkview Provider Alliance Network,Virginia,2024,0.011187243574457783,1.1187243574457784,MODERATE SAVINGS
A04712,Summit Medical Partners Group,Texas,2024,0.040049136617713005,4.0049136617713,HIGH SAVINGS
A04713,Horizon Physicians Group,Pennsylvania,2024,0.018591107047168227,1.8591107047168227,MODERATE SAVINGS
A04714,Summit Health Medical Center,Ohio,2024,0.05049222316035908,5.049222316035908,HIGH SAVINGS
A04715,Cedar Health Collaborative Group,Tennessee,2024,0.007112882230776705,0.7112882230776705,MODERATE SAVINGS
A04716,Springfield Physicians Health System,Indiana,2024,0.013959292470833374,1.3959292470833373,MODERATE SAVINGS
A04717,Canyon Health Partners Group,Washington,2024,0.03341973187373417,3.341973187373417,HIGH SAVINGS
A04719,Parkview Physician Network Collaborative,Oregon,2024,-0.008898634204143404,-0.8898634204143404,LOW SAVINGS
A04720,Stonebridge Integrated Health Partners,Texas,2024,-0.0035576893670951513,-0.35576893670951515,LOW SAVINGS
A04721,Lakeside Integrated Health Physician Alliance,Washington,2024,-0.01747623004841375,-1.747623004841375,LOW SAVINGS
A04722,Maplewood Health Network Care Network,Florida,2024,-0.015145354728841865,-1.5145354728841864,LOW SAVINGS
A04723,Beacon Care Care Network,Virginia,2024,0.058651354978426065,5.865135497842607,HIGH SAVINGS
A04724,Blue Ridge Care Partners Network,Wisconsin,2024,0.04434519266592016,4.434519266592016,HIGH SAVINGS
A04725,Heartland Provider Alliance Alliance,Virginia,2024,0.009124530264057436,0.9124530264057437,MODERATE SAVINGS
A04726,Oakridge Physicians Association,North Carolina,2024,0.06730892447733071,6.730892447733071,HIGH SAVINGS
A04727,Metro Community Care Care Network,Michigan,2024,-0.01823325632337846,-1.823325632337846,LOW SAVINGS
A04728,Summit Medical Group Care Network,California,2024,-0.007559496556387333,-0.7559496556387333,LOW SAVINGS
A04729,Green Valley Health Partners Health System,Massachusetts,2024,0.0348341716246609,3.4834171624660906,HIGH SAVINGS
A04730,Heartland Care Care Network,Pennsylvania,2024,0.03941774572493232,3.941774572493232,HIGH SAVINGS
A04731,Parkview Care Alliance Care Network,Wisconsin,2024,0.022111669869990195,2.2111669869990194,MODERATE SAVINGS
A04732,Highland Care Partners Physician Alliance,Tennessee,2024,0.027454728219126406,2.7454728219126405,MODERATE SAVINGS
A04733,Springfield Health Network Collaborative,Connecticut,2024,0.028949305085208328,2.894930508520833,MODERATE SAVINGS
A04734,Unity Medical Group Alliance,North Carolina,2024,0.04663839720846611,4.663839720846611,HIGH SAVINGS
A04735,Grandview Integrated Health Group,Georgia,2024,0.03556303860304056,3.556303860304056,HIGH SAVINGS
A04736,Valley Care Network Group,Illinois,2024,0.0024907847795015647,0.24907847795015647,MODERATE SAVINGS
A04737,Eastgate Health Partners Care Network,Missouri,2024,0.03226216039733361,3.226216039733361,HIGH SAVINGS
A04738,WellSpring Medical Partners Partners,Washington,2024,-0.008585541011277087,-0.8585541011277087,LOW SAVINGS
A04739,Community Care Collaborative,Connecticut,2024,0.012816855161939186,1.2816855161939187,MODERATE SAVINGS
A04740,Green Valley Health Alliance Care Network,Pennsylvania,2024,0.0254563714843893,2.54563714843893,MODERATE SAVINGS
A04741,Lakeside Health Alliance Collaborative,North Carolina,2024,0.009244737279691306,0.9244737279691306,MODERATE SAVINGS
A04742,Golden Valley Care Network,Michigan,2024,0.03688208513549736,3.688208513549736,HIGH SAVINGS
A04743,Cedar Care Network Association,Wisconsin,2024,0.02217290095151521,2.217290095151521,MODERATE SAVINGS
A04744,Unity Wellness Association,Wisconsin,2024,0.05784745049956759,5.784745049956759,HIGH SAVINGS
A04745,Westfield Health Association,Maryland,2024,0.041593263355909064,4.159326335590906,HIGH SAVINGS
A04746,Meadow Clinical Partners Collaborative,Virginia,2024,0.022189166896907902,2.2189166896907904,MODERATE SAVINGS
A04747,Heritage Health Collaborative,Florida,2024,-0.017503781953348535,-1.7503781953348536,LOW SAVINGS
A04748,Northstar Care Network Physician Alliance,Washington,2024,-0.014926134713282798,-1.4926134713282797,LOW SAVINGS
A04749,Lakeside Medical Physician Alliance,Colorado,2024,-0.004465558983771975,-0.4465558983771975,LOW SAVINGS
A04751,Meadow Wellness Medical Center,Arizona,2024,0.03450305634948054,3.450305634948054,HIGH SAVINGS
A04752,Fairview Medical Partners Group,Massachusetts,2024,-0.0065321850781881905,-0.6532185078188191,LOW SAVINGS
A04753,Riverside Integrated Health Association,Connecticut,2024,-0.002916573713571135,-0.2916573713571135,LOW SAVINGS
A04754,Stonebridge Health Network Network,Missouri,2024,0.06623171038490844,6.6231710384908435,HIGH SAVINGS
A04755,Summit Clinical Partners Network,Connecticut,2024,-0.017080874261049064,-1.7080874261049064,LOW SAVINGS
A04756,Stonebridge Care Network Network,Connecticut,2024,0.02430387241314181,2.430387241314181,MODERATE SAVINGS
A04757,Canyon Community Care Group,Georgia,2024,0.01601797437434283,1.601797437434283,MODERATE SAVINGS
A04759,Maplewood Medical Group Partners,Connecticut,2024,0.07291752741692464,7.291752741692465,HIGH SAVINGS
A04760,Westfield Medical Group Collaborative,Arizona,2024,-0.026997156922146038,-2.6997156922146037,LOW SAVINGS
A04761,Heritage Medical Network,North Carolina,2024,0.029568041678618286,2.9568041678618284,MODERATE SAVINGS
A04762,WellSpring Health Network Health System,Arizona,2024,0.0522394154731998,5.22394154731998,HIGH SAVINGS
A04763,Riverside Care Care Network,Georgia,2024,-0.005789470187597256,-0.5789470187597257,LOW SAVINGS
A04764,Springfield Physician Network Association,California,2024,0.05178839870807756,5.1788398708077565,HIGH SAVINGS
A04765,Horizon Community Care Health System,Michigan,2024,0.03383696470914284,3.383696470914284,HIGH SAVINGS
A04766,Springfield Physicians Association,Minnesota,2024,0.01843158506226377,1.8431585062263771,MODERATE SAVINGS
A04767,WellSpring Health Network Network,Florida,2024,0.014082348291269154,1.4082348291269153,MODERATE SAVINGS
A04768,Crestview Clinical Partners Collaborative,Alabama,2024,0.04254592129676987,4.254592129676987,HIGH SAVINGS
A04769,Green Valley Physicians Association,Arizona,2024,0.029402809518898558,2.940280951889856,MODERATE SAVINGS
A04770,Oakridge Community Care Health System,North Carolina,2024,0.020540899824597652,2.0540899824597654,MODERATE SAVINGS
A04771,Springfield Health Health System,Wisconsin,2024,0.005440045216359605,0.5440045216359605,MODERATE SAVINGS
A04772,Green Valley Physician Network Partners,Arizona,2024,-0.007014619704314828,-0.7014619704314828,LOW SAVINGS
A04773,Maplewood Health Alliance Collaborative,Wisconsin,2024,0.013157604720390433,1.3157604720390432,MODERATE SAVINGS
A04774,Silverstone Provider Alliance Physician Alliance,Illinois,2024,-0.011550025829061745,-1.1550025829061745,LOW SAVINGS
A04775,Redwood Health Collaborative Group,California,2024,0.05323726166159468,5.323726166159468,HIGH SAVINGS
A04776,Metro Medical Care Network,California,2024,0.014916518286327124,1.4916518286327123,MODERATE SAVINGS
A04777,Pinnacle Health Association,Washington,2024,0.030698201905683675,3.0698201905683673,HIGH SAVINGS
A04778,Summit Healthcare Alliance,Washington,2024,0.03461833250406368,3.461833250406368,HIGH SAVINGS
A04779,Metro Integrated Health Health System,Wisconsin,2024,-0.016330437662567195,-1.6330437662567194,LOW SAVINGS
A04780,WellSpring Care Partners,New York,2024,0.04169763429329924,4.169763429329924,HIGH SAVINGS
A04781,Gateway Provider Alliance Collaborative,New York,2024,0.046757570976548965,4.6757570976548966,HIGH SAVINGS
A04782,Heritage Care Partners Medical Center,Ohio,2024,0.009156448984895206,0.9156448984895207,MODERATE SAVINGS
A04784,Redwood Healthcare Collaborative,Missouri,2024,0.02890466121723713,2.890466121723713,MODERATE SAVINGS
A04785,Westfield Health Health System,Wisconsin,2024,-0.013442761525695441,-1.3442761525695441,LOW SAVINGS
A04786,Green Valley Wellness Physician Alliance,Arizona,2024,0.01860024875618653,1.860024875618653,MODERATE SAVINGS
A04787,Silverstone Physicians Partners,Connecticut,2024,0.04996230783947512,4.996230783947512,HIGH SAVINGS
A04788,Eastgate Community Care Partners,Indiana,2024,0.027294476162880707,2.7294476162880708,MODERATE SAVINGS
A04789,Highland Care Collaborative,Virginia,2024,0.02048855597324392,2.0488555973243923,MODERATE SAVINGS
A04790,Mountain View Integrated Health Medical Center,New York,2024,-0.0023633631407229197,-0.23633631407229197,LOW SAVINGS
A04791,Pinnacle Health Alliance Partners,Arizona,2024,0.0005186754032292264,0.05186754032292264,MODERATE SAVINGS
A04792,Clearview Care Partners Physician Alliance,Wisconsin,2024,0.007995029224223826,0.7995029224223826,MODERATE SAVINGS
A04793,Valley Physician Network Collaborative,Arizona,2024,0.004129767128931659,0.4129767128931659,MODERATE SAVINGS
A04794,Westfield Healthcare Network,Massachusetts,2024,0.0524611996112573,5.24611996112573,HIGH SAVINGS
A04795,Fairview Integrated Health Collaborative,Washington,2024,0.002586625870178178,0.2586625870178178,MODERATE SAVINGS
A04796,Parkview Provider Alliance Health System,Texas,2024,-0.043337247514043706,-4.333724751404371,LOW SAVINGS
A04797,Blue Ridge Health Partners Physician Alliance,North Carolina,2024,0.04564069859243592,4.564069859243592,HIGH SAVINGS
A04798,Lakeside Healthcare Medical Center,Connecticut,2024,0.05439584563235104,5.439584563235104,HIGH SAVINGS
A04799,Cedar Health Alliance,New Jersey,2024,0.011561942106541358,1.1561942106541359,MODERATE SAVINGS
A04800,Heritage Medical Group Association,Pennsylvania,2024,0.0051175857205194705,0.5117585720519471,MODERATE SAVINGS
A04801,Eastgate Care Partners Association,New York,2024,-0.0338149039033991,-3.38149039033991,LOW SAVINGS
A04802,Lakeside Community Care Health System,New Jersey,2024,0.020792597813908326,2.0792597813908325,MODERATE SAVINGS
A04803,Redwood Integrated Health Collaborative,Minnesota,2024,0.021632486230234275,2.1632486230234274,MODERATE SAVINGS
A04804,Canyon Community Care Physician Alliance,Minnesota,2024,-0.009541745561726349,-0.9541745561726348,LOW SAVINGS
A04805,Unity Medical Network,Wisconsin,2024,0.008927864113787385,0.8927864113787385,MODERATE SAVINGS
A04806,Maplewood Care Partners Collaborative,Texas,2024,-0.012437175373885685,-1.2437175373885685,LOW SAVINGS
A04808,Stonebridge Healthcare Association,Illinois,2024,0.04519707818175718,4.519707818175718,HIGH SAVINGS
A04809,Parkview Care Network Physician Alliance,Missouri,2024,0.05233862175582129,5.233862175582129,HIGH SAVINGS
A04810,Lakeside Health Network Care Network,New Jersey,2024,-0.0006763873925800777,-0.06763873925800777,LOW SAVINGS
A04811,Silverstone Clinical Partners Alliance,Ohio,2024,0.003110283234978023,0.3110283234978023,MODERATE SAVINGS
A04812,Grandview Physician Network Medical Center,Arizona,2024,0.037414191308479144,3.7414191308479143,HIGH SAVINGS
A04813,Meadow Provider Alliance Medical Center,Michigan,2024,0.023147469608661993,2.3147469608661995,MODERATE SAVINGS
A04814,Metro Health Alliance Partners,Georgia,2024,0.03532771057996355,3.5327710579963547,HIGH SAVINGS
A04815,Parkview Care Network Care Network,Illinois,2024,-0.026210517522855137,-2.6210517522855135,LOW SAVINGS
A04816,Lakeside Health Partners Care Network,Alabama,2024,0.04792456756311016,4.792456756311016,HIGH SAVINGS
A04818,Springfield Care Network Physician Alliance,California,2024,0.03263753027962845,3.263753027962845,HIGH SAVINGS
A04820,Brookside Care Partners Association,Michigan,2024,0.02104482005058326,2.1044820050583257,MODERATE SAVINGS
A04822,Evergreen Medical Partners Partners,Michigan,2024,0.0011072113925803247,0.11072113925803247,MODERATE SAVINGS
A04823,Highland Physician Network Association,Ohio,2024,0.021515094022457614,2.1515094022457615,MODERATE SAVINGS
A04824,Eastgate Wellness Collaborative,Minnesota,2024,0.012180697258491573,1.2180697258491573,MODERATE SAVINGS
A04825,Valley Physicians Physician Alliance,Oregon,2024,-0.007166926356449194,-0.7166926356449194,LOW SAVINGS
A04826,Redwood Health Alliance Care Network,Indiana,2024,0.04709277214359555,4.709277214359555,HIGH SAVINGS
A04827,Riverside Clinical Partners Alliance,Georgia,2024,0.03046513923863436,3.046513923863436,HIGH SAVINGS
A04828,Mountain View Care Partners Collaborative,Illinois,2024,-0.01745725377841695,-1.7457253778416952,LOW SAVINGS
A04829,Highland Care Alliance Medical Center,Pennsylvania,2024,0.017792308781560254,1.7792308781560253,MODERATE SAVINGS
A04830,Westfield Health Network Group,Florida,2024,0.009480874262243253,0.9480874262243253,MODERATE SAVINGS
A04831,Pioneer Health Partners Medical Center,Florida,2024,0.007461910026448618,0.7461910026448618,MODERATE SAVINGS
A04832,Lakeside Medical Alliance,Wisconsin,2024,0.02871317049788076,2.8713170497880762,MODERATE SAVINGS
A04833,Riverbend Care Partners Group,Washington,2024,-0.002990113221119277,-0.2990113221119277,LOW SAVINGS
A04834,Cedar Integrated Health Alliance,Alabama,2024,-0.007121187610967856,-0.7121187610967856,LOW SAVINGS
A04835,Canyon Physicians Collaborative,New York,2024,0.04476025405028372,4.476025405028372,HIGH SAVINGS
A04836,Stonebridge Care Network Medical Center,Massachusetts,2024,0.04590525974429757,4.590525974429757,HIGH SAVINGS
A04837,Redwood Health Alliance,Ohio,2024,0.038021863553684754,3.8021863553684754,HIGH SAVINGS
A04838,Summit Health Alliance Care Network,Ohio,2024,-0.016469888261083532,-1.6469888261083532,LOW SAVINGS
A04839,Fairview Health Network Association,Wisconsin,2024,0.014220984586326415,1.4220984586326415,MODERATE SAVINGS
A04840,Springfield Health Collaborative,Michigan,2024,0.021543750534550276,2.1543750534550274,MODERATE SAVINGS
A04841,Pioneer Physicians Health System,Maryland,2024,0.02415938491912354,2.415938491912354,MODERATE SAVINGS
A04842,Highland Wellness Collaborative,Alabama,2024,-0.004248920395660574,-0.4248920395660574,LOW SAVINGS
A04843,WellSpring Healthcare Association,New Jersey,2024,0.06135345752857448,6.135345752857448,HIGH SAVINGS
A04844,Pinnacle Health Network Collaborative,Georgia,2024,0.01457392418385397,1.457392418385397,MODERATE SAVINGS
A04845,Horizon Care Alliance Care Network,Colorado,2024,0.04219578442740382,4.219578442740382,HIGH SAVINGS
A04846,Community Integrated Health Group,Tennessee,2024,0.003514350410628342,0.3514350410628342,MODERATE SAVINGS
A04847,Lakeside Care Network Partners,Washington,2024,0.021771708441549856,2.1771708441549857,MODERATE SAVINGS
A04848,Valley Community Care Care Network,Massachusetts,2024,0.024636124262715536,2.4636124262715535,MODERATE SAVINGS
A04849,Redwood Community Care Health System,Maryland,2024,-0.014363456423826913,-1.4363456423826912,LOW SAVINGS
A04850,Grandview Physicians Physician Alliance,Maryland,2024,0.04888845629160355,4.888845629160355,HIGH SAVINGS
A04851,Pioneer Health Network Care Network,Texas,2024,-0.036973050927413854,-3.6973050927413853,LOW SAVINGS
A04852,Mountain View Integrated Health Physician Alliance,Texas,2024,0.004406933889699334,0.44069338896993343,MODERATE SAVINGS
A04853,Eastgate Health Collaborative Medical Center,Minnesota,2024,0.017787298517012724,1.7787298517012724,MODERATE SAVINGS
A04854,Metro Health Collaborative Collaborative,New Jersey,2024,0.005289945464901032,0.5289945464901031,MODERATE SAVINGS
A04855,Crestview Medical Partners Association,Texas,2024,0.06668608405994966,6.668608405994966,HIGH SAVINGS
A04856,Highland Clinical Partners Partners,Michigan,2024,-0.06212841633666801,-6.212841633666801,LOW SAVINGS
A04857,WellSpring Medical Group Group,Ohio,2024,0.013133153505024081,1.3133153505024082,MODERATE SAVINGS
A04858,Metro Care Health System,Washington,2024,0.005709580080630359,0.5709580080630359,MODERATE SAVINGS
A04859,Maplewood Physician Network Alliance,Florida,2024,0.043343921630678066,4.334392163067807,HIGH SAVINGS
A04860,Maplewood Care Alliance Medical Center,New York,2024,0.03128924312973085,3.1289243129730853,HIGH SAVINGS
A04861,Beacon Physicians Care Network,Wisconsin,2024,0.05318067623391503,5.318067623391503,HIGH SAVINGS
A04862,Valley Clinical Partners Collaborative,Wisconsin,2024,0.0024802768201064927,0.24802768201064926,MODERATE SAVINGS
A04863,Stonebridge Care Partners Collaborative,New York,2024,0.015825442498996128,1.5825442498996127,MODERATE SAVINGS
A04864,Riverside Care Alliance Association,Michigan,2024,0.016059646809304114,1.6059646809304113,MODERATE SAVINGS
A04865,Lakeside Care Alliance Medical Center,Maryland,2024,0.0029317961137200685,0.2931796113720069,MODERATE SAVINGS
A04866,Unity Physicians Collaborative,California,2024,0.029562242283197877,2.9562242283197877,MODERATE SAVINGS
A04867,Summit Care Association,Virginia,2024,0.0470996569252598,4.70996569252598,HIGH SAVINGS
A04868,Cedar Health Collaborative Association,Arizona,2024,0.035901292026387074,3.5901292026387073,HIGH SAVINGS
A04869,Silverstone Care Group,Illinois,2024,0.0497990156187048,4.97990156187048,HIGH SAVINGS
A04870,Valley Physician Network Network,Florida,2024,0.006676278515381776,0.6676278515381776,MODERATE SAVINGS
A04871,Clearview Medical Partners Association,Minnesota,2024,0.031279511964285335,3.1279511964285334,HIGH SAVINGS
A04872,Green Valley Clinical Partners Physician Alliance,Michigan,2024,0.021830516559177268,2.1830516559177267,MODERATE SAVINGS
A04873,Clearview Health Collaborative Group,Indiana,2024,0.03227655949759032,3.227655949759032,HIGH SAVINGS
A04874,Cedar Care Partners Physician Alliance,Florida,2024,0.03314523864087834,3.3145238640878336,HIGH SAVINGS
A04875,Brookside Care Network Medical Center,Virginia,2024,0.010954269169156677,1.0954269169156676,MODERATE SAVINGS
A04876,Brookside Care Network Group,California,2024,0.017470263801195818,1.7470263801195818,MODERATE SAVINGS
A04877,Beacon Care Partners Association,Virginia,2024,-0.027764373221335494,-2.776437322133549,LOW SAVINGS
A04878,Grandview Health Partners Collaborative,Maryland,2024,-0.028020395866662908,-2.802039586666291,LOW SAVINGS
A04879,Northstar Provider Alliance Network,Illinois,2024,0.041484772889185145,4.148477288918515,HIGH SAVINGS
A04880,Stonebridge Physicians Physician Alliance,Maryland,2024,0.0043845473250308156,0.43845473250308153,MODERATE SAVINGS
A04881,Heritage Integrated Health Physician Alliance,Oregon,2024,0.019530826115135076,1.9530826115135076,MODERATE SAVINGS
A04882,Summit Medical Association,Wisconsin,2024,0.05960249252695399,5.960249252695399,HIGH SAVINGS
A04883,Blue Ridge Care Group,Missouri,2024,0.049645837381229414,4.964583738122942,HIGH SAVINGS
A04884,Meadow Care Alliance Group,Alabama,2024,0.05468545509556146,5.468545509556146,HIGH SAVINGS
A04885,Heartland Health Alliance Alliance,Alabama,2024,0.008397282230609406,0.8397282230609405,MODERATE SAVINGS
A04886,Beacon Care Alliance Health System,Illinois,2024,0.029511186424786857,2.9511186424786855,MODERATE SAVINGS
A04887,Golden Valley Health Alliance,Georgia,2024,0.013449033214821085,1.3449033214821084,MODERATE SAVINGS
A04888,Westfield Healthcare Partners,Minnesota,2024,-0.03130559352365062,-3.1305593523650623,LOW SAVINGS
A04889,Meadow Care Partners Alliance,Connecticut,2024,0.018085921084324455,1.8085921084324454,MODERATE SAVINGS
A04890,Community Health Collaborative Health System,North Carolina,2024,0.05744633343420701,5.744633343420701,HIGH SAVINGS
A04891,Stonebridge Health Alliance Network,Alabama,2024,-0.0058767691240284164,-0.5876769124028416,LOW SAVINGS
A04892,Silverstone Health Partners Network,Washington,2024,-0.003549744874969485,-0.3549744874969485,LOW SAVINGS
A04893,Evergreen Provider Alliance Physician Alliance,New York,2024,0.030497689623334864,3.0497689623334865,HIGH SAVINGS
A04894,Brookside Healthcare Physician Alliance,New Jersey,2024,0.05169320611493035,5.169320611493035,HIGH SAVINGS
A04895,Blue Ridge Health Network Health System,New York,2024,0.009141415860623,0.9141415860623,MODERATE SAVINGS
A04896,Horizon Care Alliance Partners,Washington,2024,0.06158547431493404,6.158547431493404,HIGH SAVINGS
A04897,Heritage Health Network,Wisconsin,2024,0.027764871762527833,2.7764871762527834,MODERATE SAVINGS
A04898,WellSpring Clinical Partners Medical Center,New Jersey,2024,0.006782840187866685,0.6782840187866684,MODERATE SAVINGS
A04899,Springfield Provider Alliance Alliance,Minnesota,2024,0.020774504281995045,2.0774504281995045,MODERATE SAVINGS
A04900,Oakridge Provider Alliance Health System,Florida,2024,-0.002329876380489294,-0.23298763804892939,LOW SAVINGS
A04901,Springfield Medical Partners Partners,Wisconsin,2024,0.03056066269273603,3.056066269273603,HIGH SAVINGS
A04902,Mountain View Health Alliance Alliance,New Jersey,2024,-0.00953109560207061,-0.9531095602070611,LOW SAVINGS
A04903,Blue Ridge Care Partners Alliance,New York,2024,0.01423310921559417,1.423310921559417,MODERATE SAVINGS
A04904,Northstar Integrated Health Health System,Virginia,2024,0.038647689883385,3.8647689883385,HIGH SAVINGS
A04905,Gateway Care Partners Medical Center,Texas,2024,0.014369176729684316,1.4369176729684316,MODERATE SAVINGS
A04906,Gateway Provider Alliance Physician Alliance,Missouri,2024,0.030968526882218267,3.096852688221827,HIGH SAVINGS
A04907,Lakeside Care Network Collaborative,New York,2024,0.021153751803431715,2.1153751803431717,MODERATE SAVINGS
A04908,Stonebridge Physician Network Network,Wisconsin,2024,0.08520152333653414,8.520152333653414,HIGH SAVINGS
A04909,Redwood Health Network Health System,Arizona,2024,-0.01925699628873944,-1.925699628873944,LOW SAVINGS
A04911,Eastgate Medical Alliance,Florida,2024,0.034599109232856105,3.4599109232856105,HIGH SAVINGS
A04912,Stonebridge Health Health System,Indiana,2024,0.011702374882143747,1.1702374882143747,MODERATE SAVINGS
A04913,Brookside Physician Network Health System,Florida,2024,0.019507854240500253,1.9507854240500253,MODERATE SAVINGS
A04914,Golden Valley Community Care Collaborative,New York,2024,0.06107202276356935,6.107202276356935,HIGH SAVINGS
A04915,Oakridge Care Partners Group,Georgia,2024,0.0585808356834449,5.85808356834449,HIGH SAVINGS
A04916,Oakridge Integrated Health Health System,Michigan,2024,0.044338899446846956,4.4338899446846955,HIGH SAVINGS
A04917,Unity Health Partners Physician Alliance,Colorado,2024,0.019182943197014794,1.9182943197014795,MODERATE SAVINGS
A04918,Northstar Community Care Association,Massachusetts,2024,-0.001096517280512987,-0.10965172805129869,LOW SAVINGS
A04919,Grandview Care Alliance Network,Arizona,2024,0.03998900358724706,3.998900358724706,HIGH SAVINGS
A04920,Eastgate Physicians Alliance,Arizona,2024,0.03320119019029811,3.320119019029811,HIGH SAVINGS
A04921,Pinnacle Community Care Partners,Tennessee,2024,0.007253056161320361,0.725305616132036,MODERATE SAVINGS
A04922,Horizon Care Association,Colorado,2024,0.00019437733645184135,0.019437733645184134,MODERATE SAVINGS
A04923,Maplewood Health Health System,New York,2024,0.04596422789752017,4.596422789752017,HIGH SAVINGS
A04924,Summit Health Partners Group,North Carolina,2024,0.033300312066627445,3.3300312066627447,HIGH SAVINGS
A04925,Oakridge Health Collaborative Group,Indiana,2024,-0.006825690609543268,-0.6825690609543268,LOW SAVINGS
A04927,Oakridge Care Medical Center,North Carolina,2024,0.014456634313056672,1.445663431305667,MODERATE SAVINGS
A04928,Heartland Wellness Partners,Washington,2024,-0.0018874155689565049,-0.18874155689565048,LOW SAVINGS
A04929,Meadow Wellness Care Network,Ohio,2024,0.028816817336662928,2.881681733666293,MODERATE SAVINGS
A04931,Grandview Care Network Alliance,Connecticut,2024,-0.002736680430529991,-0.2736680430529991,LOW SAVINGS
A04932,Springfield Provider Alliance Physician Alliance,Indiana,2024,0.043537806876622044,4.353780687662204,HIGH SAVINGS
A04935,Meadow Care Partners Health System,Pennsylvania,2024,-0.04846454968631842,-4.846454968631842,LOW SAVINGS
A04936,Grandview Community Care Association,Ohio,2024,-0.025759905991083753,-2.5759905991083754,LOW SAVINGS
A04937,WellSpring Health Partners Association,Colorado,2024,0.02542405718999269,2.542405718999269,MODERATE SAVINGS
A04938,Community Physician Network Group,Connecticut,2024,-0.045539204787274544,-4.553920478727455,LOW SAVINGS
A04939,Green Valley Medical Group Alliance,New York,2024,0.07379214973197705,7.379214973197705,HIGH SAVINGS
A04940,Maplewood Health Alliance Partners,Oregon,2024,0.02561189273355216,2.561189273355216,MODERATE SAVINGS
A04941,Riverbend Healthcare Network,Georgia,2024,0.039145862051934606,3.914586205193461,HIGH SAVINGS
A04942,Northstar Health Collaborative Physician Alliance,Maryland,2024,0.016852084933302026,1.6852084933302025,MODERATE SAVINGS
A04943,Riverside Health Group,Indiana,2024,0.009984113559221778,0.9984113559221778,MODERATE SAVINGS
A04944,Golden Valley Provider Alliance Physician Alliance,Missouri,2024,0.07204377669692343,7.2043776696923425,HIGH SAVINGS
A04945,Pinnacle Physician Network Medical Center,Texas,2024,0.01394215444643002,1.394215444643002,MODERATE SAVINGS
A04946,Golden Valley Medical Health System,Texas,2024,-0.030111393569167633,-3.0111393569167633,LOW SAVINGS
A04947,Stonebridge Medical Group Physician Alliance,Tennessee,2024,0.002844670555620991,0.2844670555620991,MODERATE SAVINGS
A04948,Eastgate Healthcare Alliance,Arizona,2024,0.01920409444989191,1.920409444989191,MODERATE SAVINGS
A04949,Clearview Wellness Network,Ohio,2024,-0.009370055652670359,-0.9370055652670359,LOW SAVINGS
A04950,Parkview Health Alliance Medical Center,Florida,2024,0.002538770127072695,0.2538770127072695,MODERATE SAVINGS
A04951,Eastgate Physicians Group,Illinois,2024,0.019750054185290432,1.975005418529043,MODERATE SAVINGS
A04952,Pinnacle Care Alliance Group,Michigan,2024,0.006419282947035666,0.6419282947035666,MODERATE SAVINGS
A04953,Highland Health Alliance Collaborative,California,2024,0.0142019507190053,1.4201950719005298,MODERATE SAVINGS
A04954,Cedar Physicians Group,Michigan,2024,0.01590381477011183,1.590381477011183,MODERATE SAVINGS
A04955,Lakeside Health Alliance Care Network,Maryland,2024,-0.024080927867424523,-2.4080927867424524,LOW SAVINGS
A04956,Pioneer Health Partners Group,Colorado,2024,0.053808929571401064,5.380892957140106,HIGH SAVINGS
A04957,Gateway Health Partners Medical Center,Ohio,2024,0.025415172523295417,2.5415172523295415,MODERATE SAVINGS
A04958,Heritage Medical Group Group,Minnesota,2024,0.03126218815203037,3.1262188152030372,HIGH SAVINGS
A04959,Horizon Wellness Group,Indiana,2024,-0.005611764764028041,-0.5611764764028041,LOW SAVINGS
A04960,Horizon Physicians Health System,Illinois,2024,0.0376162501496088,3.76162501496088,HIGH SAVINGS
A04961,Lakeside Health Alliance,Connecticut,2024,0.04727733420958312,4.7277334209583115,HIGH SAVINGS
A04962,Stonebridge Community Care Physician Alliance,Indiana,2024,0.0036322380091188488,0.3632238009118849,MODERATE SAVINGS
A04963,Blue Ridge Care Partners Health System,Massachusetts,2024,0.001571865965654022,0.1571865965654022,MODERATE SAVINGS
A04964,Mountain View Care Alliance Care Network,California,2024,0.026287595952618946,2.6287595952618945,MODERATE SAVINGS
A04966,Pinnacle Health Medical Center,North Carolina,2024,-0.007449668730206394,-0.7449668730206394,LOW SAVINGS
A04967,Crestview Care Collaborative,Ohio,2024,0.041181426182674466,4.118142618267447,HIGH SAVINGS
A04968,Crestview Community Care Alliance,Washington,2024,-0.008959362884266596,-0.8959362884266596,LOW SAVINGS
A04969,Gateway Health Collaborative Partners,Colorado,2024,0.045298939218289445,4.529893921828944,HIGH SAVINGS
A04971,Redwood Care Network Group,California,2024,-0.030131841843289552,-3.013184184328955,LOW SAVINGS
A04972,Northstar Clinical Partners Network,Michigan,2024,0.005632661904680276,0.5632661904680276,MODERATE SAVINGS
A04973,Clearview Community Care Association,Minnesota,2024,-0.04610595177211577,-4.610595177211577,LOW SAVINGS
A04974,Canyon Physician Network Association,North Carolina,2024,0.013739303865464916,1.3739303865464916,MODERATE SAVINGS
A04975,Pinnacle Clinical Partners Association,New Jersey,2024,-0.018230961723083146,-1.8230961723083146,LOW SAVINGS
A04976,Lakeside Health Collaborative Collaborative,Virginia,2024,0.05031708902007971,5.0317089020079715,HIGH SAVINGS
A04977,Valley Physicians Group,Missouri,2024,0.06546632681772316,6.546632681772316,HIGH SAVINGS
A04978,Heritage Physician Network Medical Center,Michigan,2024,0.00031817421653974247,0.03181742165397425,MODERATE SAVINGS
A04979,Evergreen Care Network Collaborative,Virginia,2024,-0.06438622747664391,-6.438622747664391,LOW SAVINGS
A04980,Fairview Physicians Alliance,Tennessee,2024,0.004296858708851509,0.4296858708851509,MODERATE SAVINGS
A04981,Springfield Physician Network Medical Center,Illinois,2024,0.05455545680556649,5.455545680556649,HIGH SAVINGS
A04982,Riverside Care Partners Collaborative,Oregon,2024,0.035542824892192106,3.5542824892192106,HIGH SAVINGS
A04983,Golden Valley Medical Group,Minnesota,2024,0.01885119378130888,1.8851193781308881,MODERATE SAVINGS
A04984,Springfield Care Alliance Collaborative,Oregon,2024,0.028989412312226404,2.8989412312226404,MODERATE SAVINGS
A04985,Northstar Medical Partners Alliance,Arizona,2024,0.043153271956447005,4.3153271956447,HIGH SAVINGS
A04986,Oakridge Provider Alliance Collaborative,Alabama,2024,0.050660570509388866,5.066057050938887,HIGH SAVINGS
A04987,Oakridge Medical Partners Group,Connecticut,2024,0.04909057998432886,4.9090579984328855,HIGH SAVINGS
A04988,Oakridge Care Partners Physician Alliance,Florida,2024,0.00982534945779208,0.9825349457792079,MODERATE SAVINGS
A04989,Parkview Physician Network Group,Michigan,2024,0.06330002217002634,6.330002217002634,HIGH SAVINGS
A04990,Oakridge Integrated Health Network,Wisconsin,2024,-0.02216551275934914,-2.216551275934914,LOW SAVINGS
A04991,Clearview Medical Group Collaborative,Massachusetts,2024,-0.01212806823221571,-1.212806823221571,LOW SAVINGS
A04992,Canyon Health Group,Connecticut,2024,0.018143484597975136,1.8143484597975137,MODERATE SAVINGS
A04993,Maplewood Healthcare Collaborative,Wisconsin,2024,0.041266985645597165,4.1266985645597165,HIGH SAVINGS
A04994,Northstar Care Network Group,Indiana,2024,0.009077896344565477,0.9077896344565477,MODERATE SAVINGS
A04995,Riverbend Health Network Medical Center,Oregon,2024,0.005936750017943292,0.5936750017943292,MODERATE SAVINGS
A04996,Evergreen Care Alliance Group,Indiana,2024,0.0017777282537619903,0.17777282537619904,MODERATE SAVINGS
A04997,Eastgate Physician Network Collaborative,Arizona,2024,0.016741569446599082,1.6741569446599083,MODERATE SAVINGS
A04998,Heartland Provider Alliance Physician Alliance,Colorado,2024,-0.001374030944415561,-0.1374030944415561,LOW SAVINGS
A04999,Westfield Medical Medical Center,New York,2024,0.02034006996814237,2.034006996814237,MODERATE SAVINGS
A05000,Stonebridge Physicians Health System,North Carolina,2024,0.023072999855006836,2.3072999855006837,MODERATE SAVINGS
A05001,Fairview Care Alliance Alliance,Missouri,2024,0.024971924701967338,2.4971924701967336,MODERATE SAVINGS
A05002,Silverstone Medical Alliance,Texas,2024,0.0010349102803848768,0.10349102803848767,MODERATE SAVINGS
A05004,Riverbend Physician Network Medical Center,North Carolina,2024,0.01922477108299113,1.922477108299113,MODERATE SAVINGS
A05005,Grandview Health Collaborative Network,Florida,2024,0.022245042118584808,2.224504211858481,MODERATE SAVINGS
A05006,Mountain View Community Care Alliance,Pennsylvania,2024,0.01478072979800843,1.478072979800843,MODERATE SAVINGS
A05007,Heritage Health Care Network,Georgia,2024,0.03616537272029307,3.6165372720293067,HIGH SAVINGS
A05008,Summit Care Network,New Jersey,2024,0.03019465815850564,3.019465815850564,HIGH SAVINGS
A05009,WellSpring Care Partners Medical Center,California,2024,0.007955103052542035,0.7955103052542035,MODERATE SAVINGS
A05010,Grandview Health Network Partners,Pennsylvania,2024,-0.016135404953617333,-1.6135404953617334,LOW SAVINGS
A05011,Westfield Health Alliance Medical Center,North Carolina,2024,0.014476295845361017,1.4476295845361018,MODERATE SAVINGS
A05012,Canyon Care Network Care Network,Virginia,2024,0.015810902410550425,1.5810902410550425,MODERATE SAVINGS
A05013,Stonebridge Integrated Health Health System,Alabama,2024,0.034901603474098264,3.4901603474098266,HIGH SAVINGS
A05014,Clearview Health Collaborative Physician Alliance,Georgia,2024,-0.00449416651845282,-0.44941665184528196,LOW SAVINGS
A05016,Grandview Integrated Health Partners,Illinois,2024,0.029649733328153145,2.9649733328153145,MODERATE SAVINGS
A05017,Community Integrated Health Alliance,Michigan,2024,-0.0009252432587520897,-0.09252432587520897,LOW SAVINGS
A05018,Horizon Community Care Group,Wisconsin,2024,0.010710620284773301,1.07106202847733,MODERATE SAVINGS
A05019,Parkview Care Partners Partners,Missouri,2024,0.055256087308278475,5.525608730827847,HIGH SAVINGS
A05020,Brookside Health Collaborative Care Network,Colorado,2024,0.05445999388556591,5.445999388556591,HIGH SAVINGS
A05022,Horizon Health Partners,Pennsylvania,2024,0.012550151302829689,1.2550151302829688,MODERATE SAVINGS
A05023,Riverside Care Medical Center,Washington,2024,0.038298914695289475,3.8298914695289477,HIGH SAVINGS
A05024,Mountain View Healthcare Group,Georgia,2024,0.0337878209005531,3.37878209005531,HIGH SAVINGS
A05025,Lakeside Health Association,Ohio,2024,-0.0038771757208071324,-0.3877175720807132,LOW SAVINGS
A05026,Westfield Physicians Collaborative,Colorado,2024,0.014307919558714513,1.4307919558714512,MODERATE SAVINGS
A05027,Pinnacle Clinical Partners Partners,Arizona,2024,0.009831795597680142,0.9831795597680142,MODERATE SAVINGS
A05028,Cedar Medical Care Network,Michigan,2024,0.015445476317665505,1.5445476317665505,MODERATE SAVINGS
A05029,Unity Health Collaborative,California,2024,0.08425644230173576,8.425644230173576,HIGH SAVINGS
A05030,Riverbend Care Alliance Care Network,Maryland,2024,-0.03763190022438739,-3.7631900224387396,LOW SAVINGS
A05031,Highland Health Alliance Group,Minnesota,2024,0.016053707520543907,1.6053707520543907,MODERATE SAVINGS
A05032,Pinnacle Health Collaborative Care Network,North Carolina,2024,0.05443897392951344,5.443897392951344,HIGH SAVINGS
A05034,Pinnacle Care Partners Health System,Wisconsin,2024,-0.021366626202266464,-2.1366626202266463,LOW SAVINGS
A05036,Cedar Wellness Group,New Jersey,2024,0.012080524979567055,1.2080524979567056,MODERATE SAVINGS
A05037,Summit Health Collaborative,Pennsylvania,2024,0.018206979622169273,1.8206979622169273,MODERATE SAVINGS
A05038,Metro Medical Physician Alliance,Minnesota,2024,0.05928323766679972,5.928323766679973,HIGH SAVINGS
A05039,WellSpring Medical Group Care Network,Indiana,2024,0.025573251016136573,2.557325101613657,MODERATE SAVINGS
A05040,Horizon Health Alliance,Florida,2024,0.06771282730494926,6.771282730494926,HIGH SAVINGS
A05041,Community Health Partners,Pennsylvania,2024,0.012266845184843623,1.2266845184843622,MODERATE SAVINGS
A05042,Brookside Clinical Partners Partners,Washington,2024,0.01305072053192793,1.305072053192793,MODERATE SAVINGS
A05043,Grandview Wellness Care Network,Missouri,2024,0.015581658584851199,1.55816585848512,MODERATE SAVINGS
A05044,Meadow Physician Network Network,Alabama,2024,0.02755137405147703,2.755137405147703,MODERATE SAVINGS
A05045,Eastgate Medical Group Physician Alliance,Texas,2024,-0.06156665797914378,-6.1566657979143775,LOW SAVINGS
A05046,Unity Health Partners Group,Wisconsin,2024,0.010681112251149077,1.0681112251149076,MODERATE SAVINGS
A05047,Westfield Health Collaborative Medical Center,North Carolina,2024,0.02212833237441416,2.212833237441416,MODERATE SAVINGS
A05048,Clearview Wellness Association,Missouri,2024,0.036062766196454855,3.6062766196454854,HIGH SAVINGS
A05049,Redwood Physician Network Group,Colorado,2024,0.01342823709467671,1.342823709467671,MODERATE SAVINGS
A05050,Springfield Physician Network Collaborative,Texas,2024,-0.012539462551318764,-1.2539462551318765,LOW SAVINGS
A05051,Community Physicians Network,New Jersey,2024,0.0003459354795537663,0.03459354795537663,MODERATE SAVINGS
A05052,Green Valley Medical Partners Physician Alliance,Arizona,2024,-0.020271441934271894,-2.027144193427189,LOW SAVINGS
A05053,Grandview Wellness Physician Alliance,Florida,2024,-0.009681622229392381,-0.9681622229392381,LOW SAVINGS
A05054,Green Valley Physicians Health System,New York,2024,-0.007219586467183193,-0.7219586467183193,LOW SAVINGS
A05055,Unity Provider Alliance Network,Wisconsin,2024,-0.00486290734430585,-0.486290734430585,LOW SAVINGS
A05056,Pioneer Care Network Medical Center,Texas,2024,0.02121199585325478,2.121199585325478,MODERATE SAVINGS
A05057,Oakridge Community Care Physician Alliance,Florida,2024,0.03999746848421974,3.999746848421974,HIGH SAVINGS
A05058,Cedar Wellness Care Network,Arizona,2024,-0.016027230792181258,-1.6027230792181257,LOW SAVINGS
A05059,Clearview Care Partners Group,Alabama,2024,0.04817117261274514,4.817117261274514,HIGH SAVINGS
A05060,Pinnacle Integrated Health Alliance,Colorado,2024,0.024386931476142338,2.438693147614234,MODERATE SAVINGS
A05061,Meadow Health Alliance Partners,Colorado,2024,0.0013201252201464969,0.1320125220146497,MODERATE SAVINGS
A05062,Evergreen Integrated Health Physician Alliance,Texas,2024,0.04282767038628982,4.282767038628982,HIGH SAVINGS
A05063,Pioneer Community Care Care Network,Maryland,2024,0.035901292026387074,3.5901292026387073,HIGH SAVINGS
A05064,WellSpring Health Collaborative Health System,New Jersey,2024,0.043419592321207186,4.341959232120718,HIGH SAVINGS
A05065,Community Care Alliance Health System,Texas,2024,0.0025840976456328697,0.25840976456328696,MODERATE SAVINGS
A05066,Gateway Medical Partners Physician Alliance,Alabama,2024,0.03464305184536763,3.464305184536763,HIGH SAVINGS
A05067,Mountain View Physician Network Association,Michigan,2024,-0.008435576193852932,-0.8435576193852932,LOW SAVINGS
A05068,Golden Valley Physician Network Group,Michigan,2024,-0.0008032033736599426,-0.08032033736599425,LOW SAVINGS
A05069,Oakridge Health Alliance Care Network,Washington,2024,0.023904884513833487,2.390488451383349,MODERATE SAVINGS
A05070,Heritage Medical Physician Alliance,North Carolina,2024,0.03319617551556779,3.319617551556779,HIGH SAVINGS
A05071,Westfield Provider Alliance Care Network,Alabama,2024,0.0855382901911588,8.55382901911588,HIGH SAVINGS
A05072,Metro Community Care Network,Illinois,2024,0.018226178214929924,1.8226178214929925,MODERATE SAVINGS
A05073,Pioneer Health Collaborative Alliance,Massachusetts,2024,-0.007443976709578756,-0.7443976709578756,LOW SAVINGS
A05074,Stonebridge Care Partners Association,Colorado,2024,0.07665639188796781,7.665639188796781,HIGH SAVINGS
A05075,Heritage Medical Group Care Network,Virginia,2024,0.0479823169059852,4.79823169059852,HIGH SAVINGS
A05076,Pioneer Wellness Medical Center,Connecticut,2024,-0.013777609405861254,-1.3777609405861253,LOW SAVINGS
A05077,Northstar Physicians Care Network,Arizona,2024,0.048056948602887076,4.805694860288708,HIGH SAVINGS
A05078,Brookside Medical Partners Physician Alliance,Missouri,2024,0.07325777935868745,7.325777935868745,HIGH SAVINGS
A05079,Springfield Health Network Alliance,Washington,2024,0.010989649853908143,1.0989649853908143,MODERATE SAVINGS
A05080,Eastgate Care Network Collaborative,Minnesota,2024,0.028310666482763376,2.831066648276338,MODERATE SAVINGS
A05081,Horizon Care Network Alliance,Virginia,2024,-0.01718915254906046,-1.718915254906046,LOW SAVINGS
A05082,WellSpring Provider Alliance Physician Alliance,Maryland,2024,0.056216419706978556,5.621641970697856,HIGH SAVINGS
A05083,Redwood Care Partners Alliance,Maryland,2024,0.025389561520265624,2.538956152026562,MODERATE SAVINGS
A05085,Parkview Health Partners Alliance,Virginia,2024,-0.0027004002190534723,-0.27004002190534726,LOW SAVINGS
A05086,Riverside Health Network Partners,Pennsylvania,2024,0.06388189917360844,6.388189917360844,HIGH SAVINGS
A05087,Grandview Healthcare Health System,Arizona,2024,0.04871129894846555,4.871129894846555,HIGH SAVINGS
A05088,Cedar Medical Physician Alliance,Wisconsin,2024,-0.01981670301554679,-1.981670301554679,LOW SAVINGS
A05089,Blue Ridge Physicians Health System,Texas,2024,0.03554439604889024,3.5544396048890237,HIGH SAVINGS
A05090,Pinnacle Medical Group,Missouri,2024,0.05034633277140717,5.034633277140717,HIGH SAVINGS
A05091,Green Valley Care Alliance Network,Virginia,2024,0.048890040267571225,4.889004026757123,HIGH SAVINGS
A05092,Brookside Community Care Care Network,Ohio,2024,0.0052118945536342555,0.5211894553634255,MODERATE SAVINGS
A05093,Pinnacle Care Network Partners,Texas,2024,0.036274288173485915,3.6274288173485916,HIGH SAVINGS
A05094,Fairview Health Partners Collaborative,Georgia,2024,0.0005908382776512301,0.05908382776512301,MODERATE SAVINGS
A05095,Highland Health Physician Alliance,Oregon,2024,0.05148466865249349,5.148466865249349,HIGH SAVINGS
A05096,Gateway Healthcare Alliance,Georgia,2024,0.023023552452765834,2.3023552452765834,MODERATE SAVINGS
A05097,Green Valley Health Alliance Health System,Florida,2024,-0.005714445861948307,-0.5714445861948307,LOW SAVINGS
A05098,Northstar Medical Group Association,Ohio,2024,0.020747129078408186,2.0747129078408184,MODERATE SAVINGS
A05099,Summit Wellness Physician Alliance,Missouri,2024,-0.01498212509665259,-1.498212509665259,LOW SAVINGS
A05100,Highland Provider Alliance Group,Florida,2024,-0.0024396889857351434,-0.24396889857351434,LOW SAVINGS
A05101,WellSpring Medical Group Partners,Connecticut,2024,0.009998729929701541,0.9998729929701541,MODERATE SAVINGS
A05102,Cedar Medical Health System,New Jersey,2024,0.00688144223580723,0.688144223580723,MODERATE SAVINGS
A05103,Clearview Health Partners Collaborative,North Carolina,2024,0.029409623473213197,2.9409623473213196,MODERATE SAVINGS
A05104,Summit Health Group,Indiana,2024,0.03461326442265714,3.4613264422657144,HIGH SAVINGS
A05105,Summit Care Group,Texas,2024,0.03274825905121542,3.274825905121542,HIGH SAVINGS
A05106,Fairview Healthcare Association,Indiana,2024,0.013621395721267663,1.3621395721267664,MODERATE SAVINGS
A05107,Pioneer Health Collaborative Medical Center,Maryland,2024,-0.020801249805823444,-2.0801249805823443,LOW SAVINGS
A05108,Green Valley Wellness Partners,Georgia,2024,0.05272490774569083,5.272490774569083,HIGH SAVINGS
A05109,Heritage Care Partners Association,Missouri,2024,0.005836430224356367,0.5836430224356367,MODERATE SAVINGS
A05110,Lakeside Wellness Care Network,North Carolina,2024,0.010966546971096388,1.0966546971096387,MODERATE SAVINGS
A05111,Unity Health Association,Alabama,2024,-0.01972095126148718,-1.972095126148718,LOW SAVINGS
A05112,Summit Healthcare Collaborative,Wisconsin,2024,0.002167141881102165,0.21671418811021648,MODERATE SAVINGS
A05113,Blue Ridge Provider Alliance Health System,Massachusetts,2024,0.03449817065147623,3.4498170651476228,HIGH SAVINGS
A05114,Mountain View Health Partners Network,Texas,2024,0.06172732049090271,6.172732049090271,HIGH SAVINGS
A05115,Evergreen Wellness Group,Wisconsin,2024,0.043044870052795205,4.304487005279521,HIGH SAVINGS
A05116,Heartland Medical Partners Network,Pennsylvania,2024,-0.0006811360538188977,-0.06811360538188978,LOW SAVINGS
A05117,Northstar Health Group,Pennsylvania,2024,0.028528191798352608,2.8528191798352607,MODERATE SAVINGS
A05118,Heartland Care Network,Massachusetts,2024,0.0036386137537604397,0.36386137537604396,MODERATE SAVINGS
A05119,Parkview Health Partners Physician Alliance,Washington,2024,0.004528663114352817,0.45286631143528167,MODERATE SAVINGS
A05120,Horizon Health Network Alliance,Connecticut,2024,0.034174535271437524,3.4174535271437523,HIGH SAVINGS
A05121,Fairview Medical Group Medical Center,Michigan,2024,0.011340826485064666,1.1340826485064666,MODERATE SAVINGS
A05122,Mountain View Health Partners Care Network,Tennessee,2024,0.012708976246549465,1.2708976246549466,MODERATE SAVINGS
A05123,Metro Health Partners Medical Center,New Jersey,2024,0.051278038119124854,5.127803811912486,HIGH SAVINGS
A05124,Unity Health Network Partners,Tennessee,2024,0.06257567257192138,6.257567257192139,HIGH SAVINGS
A05125,Springfield Medical Group Partners,North Carolina,2024,0.025223844648401564,2.5223844648401563,MODERATE SAVINGS
A05126,Heartland Integrated Health Physician Alliance,Missouri,2024,0.028829917278252303,2.8829917278252304,MODERATE SAVINGS
A05127,Blue Ridge Health Collaborative Physician Alliance,Minnesota,2024,0.015384169296218303,1.5384169296218304,MODERATE SAVINGS
A05128,Gateway Integrated Health Association,Oregon,2024,0.03920323958929798,3.920323958929798,HIGH SAVINGS
A05129,Riverside Wellness Association,Washington,2024,0.0328003918150344,3.2800391815034398,HIGH SAVINGS
A05130,Parkview Health Alliance Care Network,Oregon,2024,-0.04046867022001112,-4.046867022001112,LOW SAVINGS
A05131,Evergreen Care Alliance Association,California,2024,-0.006896738574128846,-0.6896738574128847,LOW SAVINGS
A05132,Springfield Health Alliance Collaborative,Indiana,2024,0.03189611139252738,3.1896111392527384,HIGH SAVINGS
A05133,Springfield Physician Network Group,Pennsylvania,2024,-0.0008425935530371278,-0.08425935530371279,LOW SAVINGS
A05134,Beacon Health Alliance Collaborative,Tennessee,2024,0.0370623028077252,3.7062302807725196,HIGH SAVINGS
A05135,Valley Medical Group Association,Indiana,2024,0.017900098181675667,1.7900098181675668,MODERATE SAVINGS
A05136,Summit Clinical Partners Collaborative,Missouri,2024,0.00961843413944505,0.961843413944505,MODERATE SAVINGS
A05137,Canyon Wellness Medical Center,Florida,2024,-0.013395297333910384,-1.3395297333910383,LOW SAVINGS
A05138,Stonebridge Clinical Partners Association,Connecticut,2024,-0.06212841633666801,-6.212841633666801,LOW SAVINGS
A05139,WellSpring Medical Care Network,Pennsylvania,2024,0.06257813081909992,6.257813081909992,HIGH SAVINGS
A05140,Springfield Health Collaborative Partners,Ohio,2024,0.0316012424131928,3.1601242413192803,HIGH SAVINGS
A05141,Heartland Clinical Partners Association,Tennessee,2024,0.027841950084581357,2.7841950084581355,MODERATE SAVINGS
A05142,Riverbend Community Care Partners,Tennessee,2024,0.029532857322971562,2.9532857322971564,MODERATE SAVINGS
A05143,Clearview Medical Network,Alabama,2024,0.019253542036332855,1.9253542036332856,MODERATE SAVINGS
A05144,Redwood Health Partners Care Network,Texas,2024,-0.02383095552065441,-2.383095552065441,LOW SAVINGS
A05145,Eastgate Medical Collaborative,Florida,2024,0.04845025459320628,4.845025459320628,HIGH SAVINGS
A05146,Grandview Wellness Group,Washington,2024,0.020037840886551708,2.0037840886551708,MODERATE SAVINGS
A05147,Highland Provider Alliance Physician Alliance,Massachusetts,2024,-0.006065399444231588,-0.6065399444231588,LOW SAVINGS
A05148,Brookside Care Alliance Medical Center,California,2024,-0.030339636038183102,-3.0339636038183104,LOW SAVINGS
A05149,Highland Health Partners Group,Maryland,2024,-0.024482406457572662,-2.448240645757266,LOW SAVINGS
A05150,Valley Health Collaborative Group,Missouri,2024,0.07731507772941906,7.731507772941907,HIGH SAVINGS
A05151,Clearview Medical Care Network,Indiana,2024,0.05654308400578105,5.654308400578105,HIGH SAVINGS
A05152,Pioneer Medical Group Physician Alliance,Indiana,2024,0.029228558325052292,2.9228558325052294,MODERATE SAVINGS
A05153,Heritage Integrated Health Partners,Georgia,2024,0.018219408169749342,1.8219408169749343,MODERATE SAVINGS
A05154,Blue Ridge Physicians Physician Alliance,Tennessee,2024,0.02648683932732547,2.648683932732547,MODERATE SAVINGS
A05156,Maplewood Health Partners Partners,Pennsylvania,2024,0.013578084432600654,1.3578084432600654,MODERATE SAVINGS
A05157,Pinnacle Care Alliance,Indiana,2024,0.01856692582552076,1.8566925825520761,MODERATE SAVINGS
A05158,Silverstone Health Network Association,Massachusetts,2024,0.021481547154312376,2.1481547154312377,MODERATE SAVINGS
A05159,Parkview Health Collaborative Medical Center,North Carolina,2024,0.009187055847233033,0.9187055847233033,MODERATE SAVINGS
A05160,WellSpring Health Alliance Partners,Illinois,2024,0.022529688328202322,2.2529688328202324,MODERATE SAVINGS
A05161,Unity Care Alliance Health System,Alabama,2024,0.010607098739624813,1.0607098739624814,MODERATE SAVINGS
A05162,Pioneer Medical Medical Center,Florida,2024,0.024969933982149823,2.496993398214982,MODERATE SAVINGS
A05163,Meadow Community Care Physician Alliance,Arizona,2024,0.03432409458563309,3.432409458563309,HIGH SAVINGS
A05164,Westfield Community Care Partners,Missouri,2024,0.02318521364379923,2.3185213643799227,MODERATE SAVINGS
A05165,Springfield Care Alliance Network,Michigan,2024,-0.01340258190691618,-1.340258190691618,LOW SAVINGS
A05166,Horizon Healthcare Alliance,Colorado,2024,0.004051540183083468,0.4051540183083468,MODERATE SAVINGS
A05167,Redwood Health Health System,Wisconsin,2024,0.0028504653681889025,0.28504653681889025,MODERATE SAVINGS
A05168,Oakridge Health Partners Network,Missouri,2024,-0.012678542769737632,-1.2678542769737633,LOW SAVINGS
A05169,Stonebridge Medical Alliance,Missouri,2024,0.015335635916013748,1.5335635916013748,MODERATE SAVINGS
A05170,Springfield Care Alliance Association,Oregon,2024,0.0037012830793416245,0.37012830793416246,MODERATE SAVINGS
A05172,Riverbend Provider Alliance Association,Colorado,2024,0.009091982573200316,0.9091982573200316,MODERATE SAVINGS
A05173,Clearview Health Alliance Alliance,Ohio,2024,0.0679519080133438,6.79519080133438,HIGH SAVINGS
A05174,Gateway Wellness Physician Alliance,Oregon,2024,0.06751346500458756,6.751346500458756,HIGH SAVINGS
A05175,Gateway Medical Group Health System,Alabama,2024,0.015737504410578904,1.5737504410578904,MODERATE SAVINGS
A05176,Community Health Network Group,New Jersey,2024,0.06144457302445195,6.144457302445195,HIGH SAVINGS
A05177,Redwood Physicians Group,Oregon,2024,-0.031016084539634434,-3.1016084539634434,LOW SAVINGS
A05178,Gateway Health Alliance Collaborative,Arizona,2024,0.07180136792390285,7.180136792390285,HIGH SAVINGS
A05179,Heritage Care Network Care Network,Missouri,2024,0.010640865733104623,1.0640865733104623,MODERATE SAVINGS
A05180,Horizon Wellness Collaborative,Connecticut,2024,-0.012680751299598999,-1.2680751299598998,LOW SAVINGS
A05181,Maplewood Health Alliance Medical Center,Florida,2024,0.008682278480380824,0.8682278480380824,MODERATE SAVINGS
A05182,Clearview Healthcare Health System,Maryland,2024,0.03960032506668917,3.9600325066689166,HIGH SAVINGS
A05183,Green Valley Health Partners Medical Center,Colorado,2024,0.0024808185003466093,0.24808185003466093,MODERATE SAVINGS
A05184,Maplewood Health Partners Collaborative,Texas,2024,0.05436714884726047,5.4367148847260465,HIGH SAVINGS
A05185,Metro Health Alliance Group,Tennessee,2024,0.07516109945627822,7.5161099456278215,HIGH SAVINGS
A05186,Valley Health Physician Alliance,Maryland,2024,0.05935415414750497,5.935415414750497,HIGH SAVINGS
A05187,Clearview Integrated Health Care Network,Pennsylvania,2024,0.030841485073049832,3.0841485073049832,HIGH SAVINGS
A05188,Grandview Care Partners Collaborative,Virginia,2024,0.019701337464285883,1.9701337464285884,MODERATE SAVINGS
A05189,Westfield Community Care Network,Arizona,2024,0.023078855837103573,2.307885583710357,MODERATE SAVINGS
A05190,Canyon Care Health System,Michigan,2024,0.06811243871438004,6.811243871438004,HIGH SAVINGS
A05191,Parkview Health Association,Tennessee,2024,0.02984783719553597,2.9847837195535973,MODERATE SAVINGS
A05192,Gateway Medical Alliance,Tennessee,2024,0.05500720036027333,5.500720036027333,HIGH SAVINGS
A05193,Heritage Physician Network Care Network,North Carolina,2024,0.012182742658060571,1.218274265806057,MODERATE SAVINGS
A05194,Heartland Clinical Partners Partners,Illinois,2024,0.06999358813911674,6.999358813911674,HIGH SAVINGS
A05195,Metro Care Alliance Health System,Ohio,2024,-0.007675562448226007,-0.7675562448226007,LOW SAVINGS
A05196,Highland Care Partners Group,Connecticut,2024,0.040795523535562005,4.079552353556201,HIGH SAVINGS
A05197,Summit Integrated Health Health System,Wisconsin,2024,0.03525324595570919,3.5253245955709187,HIGH SAVINGS
A05198,Crestview Health Partners Health System,Minnesota,2024,0.034696860201833636,3.4696860201833637,HIGH SAVINGS
A05199,Redwood Clinical Partners Alliance,California,2024,-0.042833101879023734,-4.283310187902374,LOW SAVINGS
A05200,Riverside Health Partners Health System,Maryland,2024,0.011989028741778986,1.1989028741778986,MODERATE SAVINGS
A05201,Horizon Medical Partners Partners,Ohio,2024,-0.0077359198388589024,-0.7735919838858902,LOW SAVINGS
A05202,Highland Wellness Physician Alliance,Texas,2024,-0.013161993508068475,-1.3161993508068475,LOW SAVINGS
A05203,Heritage Care Alliance Medical Center,New Jersey,2024,0.06182888916123186,6.182888916123186,HIGH SAVINGS
A05204,Evergreen Care Partners Health System,Washington,2024,0.03382440479098484,3.3824404790984843,HIGH SAVINGS
A05205,Pioneer Care Alliance Group,Washington,2024,0.007840144550228472,0.7840144550228473,MODERATE SAVINGS
A05206,Metro Wellness Group,Indiana,2024,-0.016163026170043414,-1.6163026170043413,LOW SAVINGS
A05207,Parkview Integrated Health Group,Florida,2024,0.021060237906519196,2.1060237906519195,MODERATE SAVINGS
A05208,Metro Provider Alliance Association,Colorado,2024,-0.04463928100233322,-4.463928100233322,LOW SAVINGS
A05209,Grandview Medical Group Care Network,Massachusetts,2024,0.042925730703371724,4.2925730703371725,HIGH SAVINGS
A05210,Clearview Physicians Health System,Virginia,2024,-0.00984211700764878,-0.984211700764878,LOW SAVINGS
A05211,Canyon Community Care Association,Pennsylvania,2024,0.048639481496941146,4.863948149694115,HIGH SAVINGS
A05212,Westfield Health Alliance Care Network,Missouri,2024,-0.013184131260157515,-1.3184131260157514,LOW SAVINGS
A05213,Metro Care Partners Association,Georgia,2024,-0.008684917674999596,-0.8684917674999596,LOW SAVINGS
A05214,Northstar Wellness Association,Michigan,2024,0.013550734478127071,1.355073447812707,MODERATE SAVINGS
A05215,Parkview Health Health System,Pennsylvania,2024,0.028019722497189807,2.8019722497189807,MODERATE SAVINGS
A05217,Gateway Care Alliance Group,Ohio,2024,0.004381257601711872,0.43812576017118715,MODERATE SAVINGS
A05218,Gateway Health Network Partners,California,2024,-0.00077395735114708,-0.077395735114708,LOW SAVINGS
A05219,Beacon Clinical Partners Alliance,California,2024,-0.026382750458550226,-2.6382750458550226,LOW SAVINGS
A05220,Silverstone Care Alliance,Indiana,2024,0.03159788935141286,3.159788935141286,HIGH SAVINGS
A05221,Blue Ridge Health Network Group,Illinois,2024,0.0344497945214537,3.44497945214537,HIGH SAVINGS
A05222,Mountain View Health Collaborative Association,Pennsylvania,2024,-0.011114854909213457,-1.1114854909213456,LOW SAVINGS
A05223,Silverstone Health Alliance Medical Center,Wisconsin,2024,0.006419282947035666,0.6419282947035666,MODERATE SAVINGS
A05224,Springfield Healthcare Care Network,North Carolina,2024,0.019779859658884843,1.9779859658884842,MODERATE SAVINGS
A05225,Highland Provider Alliance Partners,Washington,2024,0.03599474021668732,3.599474021668732,HIGH SAVINGS
A05226,Valley Physician Network Health System,Massachusetts,2024,-0.027789909827325134,-2.7789909827325134,LOW SAVINGS
A05227,Riverside Health Collaborative Health System,Alabama,2024,0.024846139440840492,2.484613944084049,MODERATE SAVINGS
A05228,Mountain View Care Alliance,Indiana,2024,0.0614551838476141,6.14551838476141,HIGH SAVINGS
A05229,Oakridge Healthcare Collaborative,Maryland,2024,0.018146037683447806,1.8146037683447807,MODERATE SAVINGS
A05230,Metro Care Network Association,Maryland,2024,0.0035451244957991424,0.35451244957991424,MODERATE SAVINGS
A05231,Community Medical Group Network,Minnesota,2024,0.02367087588895024,2.367087588895024,MODERATE SAVINGS
A05232,Heartland Wellness Physician Alliance,Texas,2024,0.011807301049727032,1.1807301049727033,MODERATE SAVINGS
A05233,Heartland Care Group,Colorado,2024,0.01805864302624917,1.8058643026249168,MODERATE SAVINGS
A05234,Community Medical Group Physician Alliance,Illinois,2024,0.050787206560824916,5.078720656082492,HIGH SAVINGS
A05235,Mountain View Medical Partners Collaborative,Missouri,2024,0.024969440118947094,2.4969440118947093,MODERATE SAVINGS
A05236,Riverbend Integrated Health Partners,Tennessee,2024,0.027377061993255323,2.7377061993255323,MODERATE SAVINGS
A05237,WellSpring Health Alliance Alliance,Connecticut,2024,0.039244706037346526,3.9244706037346524,HIGH SAVINGS
A05238,Meadow Integrated Health Association,Indiana,2024,0.012394433940158862,1.2394433940158862,MODERATE SAVINGS
A05239,Westfield Medical Partners Collaborative,New York,2024,0.014376286324444612,1.4376286324444612,MODERATE SAVINGS
A05240,Pioneer Health Alliance Medical Center,Illinois,2024,0.023117248672721493,2.311724867272149,MODERATE SAVINGS
A05241,Metro Community Care Group,Florida,2024,0.04811863478263776,4.811863478263776,HIGH SAVINGS
A05242,Cedar Provider Alliance Medical Center,Michigan,2024,0.01833772118173811,1.833772118173811,MODERATE SAVINGS
A05243,Riverbend Medical Partners,Indiana,2024,-0.02926619211914639,-2.9266192119146393,LOW SAVINGS
A05244,Oakridge Care Group,Connecticut,2024,0.03985845496029271,3.985845496029271,HIGH SAVINGS
A05245,Maplewood Healthcare Partners,Arizona,2024,0.035279550708860886,3.5279550708860885,HIGH SAVINGS
A05246,WellSpring Community Care Medical Center,Maryland,2024,0.08660752216345699,8.6607522163457,HIGH SAVINGS
A05247,Community Medical Alliance,Maryland,2024,0.02810958581640757,2.8109585816407567,MODERATE SAVINGS
A05248,Cedar Care Medical Center,Washington,2024,0.021910359356244326,2.1910359356244324,MODERATE SAVINGS
A05249,Silverstone Medical Partners,Virginia,2024,-0.012994491010223676,-1.2994491010223677,LOW SAVINGS
A05250,Parkview Care Alliance Partners,Pennsylvania,2024,-0.011066977985450227,-1.1066977985450226,LOW SAVINGS
A05252,Highland Health Network Collaborative,Colorado,2024,-0.015222785658988248,-1.522278565898825,LOW SAVINGS
A05253,Grandview Medical Health System,Alabama,2024,0.0673520873990796,6.735208739907959,HIGH SAVINGS
A05254,Clearview Wellness Physician Alliance,Florida,2024,0.009047104011708343,0.9047104011708342,MODERATE SAVINGS
A05255,Lakeside Wellness Physician Alliance,North Carolina,2024,0.004434029493785435,0.4434029493785435,MODERATE SAVINGS
A05256,Stonebridge Health Care Network,Virginia,2024,0.008005338184444011,0.8005338184444011,MODERATE SAVINGS
A05257,Riverside Integrated Health Medical Center,Indiana,2024,-0.015757086909855483,-1.5757086909855482,LOW SAVINGS
A05258,Lakeside Medical Partners,Texas,2024,-6.496096676179713e-06,-0.0006496096676179713,LOW SAVINGS
A05259,Unity Integrated Health Alliance,Oregon,2024,0.047996005403155344,4.799600540315534,HIGH SAVINGS
A05260,Highland Wellness Partners,New Jersey,2024,0.06211388496769765,6.211388496769765,HIGH SAVINGS
A05261,Redwood Healthcare Physician Alliance,Texas,2024,0.018970542875222,1.8970542875221998,MODERATE SAVINGS
A05262,Brookside Medical Partners Care Network,California,2024,0.03854762073104014,3.8547620731040144,HIGH SAVINGS
A05263,Unity Healthcare Collaborative,Virginia,2024,0.02920941936247074,2.920941936247074,MODERATE SAVINGS
A05264,Meadow Health Alliance Care Network,Georgia,2024,0.031198826718597687,3.1198826718597688,HIGH SAVINGS
A05265,Summit Health Partners Care Network,Virginia,2024,0.04876342240656467,4.876342240656467,HIGH SAVINGS
A05266,Clearview Wellness Collaborative,Massachusetts,2024,0.015974948949375248,1.5974948949375247,MODERATE SAVINGS
A05267,Riverbend Health Collaborative Health System,Massachusetts,2024,0.0005045761153940494,0.050457611539404944,MODERATE SAVINGS
A05268,Pinnacle Clinical Partners Alliance,Pennsylvania,2024,0.04595745675899319,4.595745675899319,HIGH SAVINGS
A05269,Eastgate Community Care Collaborative,California,2024,-0.006665279083284095,-0.6665279083284096,LOW SAVINGS
A05270,Pioneer Wellness Alliance,Maryland,2024,-0.0006763873925800777,-0.06763873925800777,LOW SAVINGS
A05271,Evergreen Health Alliance Group,Massachusetts,2024,0.015557106867014553,1.5557106867014554,MODERATE SAVINGS
A05272,Brookside Health Partners Collaborative,Connecticut,2024,-0.0023309477869330668,-0.23309477869330666,LOW SAVINGS
A05273,Summit Provider Alliance Collaborative,Florida,2024,0.012552323929857306,1.2552323929857305,MODERATE SAVINGS
A05274,Pinnacle Integrated Health Collaborative,New Jersey,2024,0.001514894453808589,0.1514894453808589,MODERATE SAVINGS
A05275,Meadow Physicians Health System,Indiana,2024,0.009161959014594366,0.9161959014594366,MODERATE SAVINGS
A05276,Grandview Care Alliance Physician Alliance,Arizona,2024,-0.01804941478526275,-1.804941478526275,LOW SAVINGS
A05277,Meadow Integrated Health Alliance,New Jersey,2024,-0.00019125122764540895,-0.019125122764540897,LOW SAVINGS
A05278,Eastgate Medical Physician Alliance,Ohio,2024,0.01383020769550292,1.383020769550292,MODERATE SAVINGS
A05279,Maplewood Medical Partners Association,Indiana,2024,0.00025726940232067674,0.025726940232067674,MODERATE SAVINGS
A05280,WellSpring Care Partners Network,Georgia,2024,0.029480551693860487,2.948055169386049,MODERATE SAVINGS
A05281,Horizon Medical Group Health System,Maryland,2024,-0.014869224413617778,-1.4869224413617776,LOW SAVINGS
A05282,Westfield Care Partners Physician Alliance,Pennsylvania,2024,0.01590957868200067,1.590957868200067,MODERATE SAVINGS
A05283,Mountain View Health Alliance Network,New York,2024,0.016555107267627645,1.6555107267627645,MODERATE SAVINGS
A05284,Pinnacle Medical Partners Medical Center,Colorado,2024,0.023233088683436737,2.323308868343674,MODERATE SAVINGS
A05285,Lakeside Care Association,Massachusetts,2024,0.012615397978747967,1.2615397978747966,MODERATE SAVINGS
A05286,Green Valley Medical Group Network,Indiana,2024,-0.01747776820640075,-1.7477768206400748,LOW SAVINGS
A05287,Meadow Wellness Partners,Virginia,2024,0.037298678870807574,3.7298678870807573,HIGH SAVINGS
A05288,Heritage Care Network Association,Virginia,2024,0.0438954165322709,4.38954165322709,HIGH SAVINGS
A05289,Riverbend Wellness Care Network,Texas,2024,0.0036043573640754125,0.36043573640754123,MODERATE SAVINGS
A05290,Maplewood Clinical Partners Alliance,Florida,2024,-0.020801249805823444,-2.0801249805823443,LOW SAVINGS
A05291,Brookside Clinical Partners Group,Arizona,2024,0.04667025424102958,4.667025424102958,HIGH SAVINGS
A05292,Silverstone Care Network Physician Alliance,Alabama,2024,-0.012190168338112758,-1.2190168338112757,LOW SAVINGS
A05295,Clearview Health Alliance Health System,Georgia,2024,0.028829917278252303,2.8829917278252304,MODERATE SAVINGS
A05296,Northstar Health Alliance Alliance,Maryland,2024,-0.005340643689823907,-0.5340643689823907,LOW SAVINGS
A05297,Evergreen Health Collaborative Health System,Connecticut,2024,0.015066701934068514,1.5066701934068514,MODERATE SAVINGS
A05298,Silverstone Community Care Network,California,2024,-0.01088961932004953,-1.088961932004953,LOW SAVINGS
A05300,Maplewood Community Care Care Network,North Carolina,2024,0.04294489145361346,4.294489145361346,HIGH SAVINGS
A05301,Eastgate Medical Group Network,Alabama,2024,0.047110833411438874,4.711083341143888,HIGH SAVINGS
A05302,Silverstone Wellness Association,Georgia,2024,0.03980084718187691,3.980084718187691,HIGH SAVINGS
A05303,Canyon Health Collaborative Association,Maryland,2024,0.04442178104903631,4.442178104903631,HIGH SAVINGS
A05304,Westfield Care Network Group,Ohio,2024,0.05997795910980933,5.997795910980933,HIGH SAVINGS
A05306,Horizon Care Alliance Physician Alliance,Maryland,2024,0.019029669448553763,1.9029669448553763,MODERATE SAVINGS
A05307,WellSpring Community Care Group,Minnesota,2024,0.017184424531190064,1.7184424531190063,MODERATE SAVINGS
A05308,Westfield Medical Partners Health System,New Jersey,2024,0.02311237542636833,2.311237542636833,MODERATE SAVINGS
A05309,Community Physicians Medical Center,Michigan,2024,0.010386749530136184,1.0386749530136183,MODERATE SAVINGS
A05310,Pinnacle Health Collaborative Alliance,Washington,2024,0.036062766196454855,3.6062766196454854,HIGH SAVINGS
A05311,Blue Ridge Physician Network Physician Alliance,Pennsylvania,2024,0.044459191888942456,4.445919188894246,HIGH SAVINGS
A05312,Riverbend Physicians Health System,Missouri,2024,-0.028659240495382723,-2.8659240495382723,LOW SAVINGS
A05313,Riverbend Clinical Partners Physician Alliance,Massachusetts,2024,-0.012098644863763707,-1.2098644863763708,LOW SAVINGS
A05314,Canyon Medical Partners Physician Alliance,New Jersey,2024,-0.008997720809393735,-0.8997720809393736,LOW SAVINGS
A05315,Parkview Care Partners Group,Illinois,2024,0.010894839697539361,1.089483969753936,MODERATE SAVINGS
A05316,Gateway Provider Alliance Association,Indiana,2024,0.024510519625816116,2.4510519625816114,MODERATE SAVINGS
A05317,Canyon Health Partners Alliance,Tennessee,2024,-0.00031229352426108604,-0.031229352426108605,LOW SAVINGS
A05318,Metro Care Partners Partners,Oregon,2024,0.03483256089592577,3.483256089592577,HIGH SAVINGS
A05319,Eastgate Provider Alliance Physician Alliance,Oregon,2024,-0.01031354008609845,-1.0313540086098452,LOW SAVINGS
A05320,Community Provider Alliance Health System,Missouri,2024,0.015634494110564726,1.5634494110564727,MODERATE SAVINGS
A05321,Beacon Integrated Health Association,Pennsylvania,2024,0.024589342038852973,2.4589342038852973,MODERATE SAVINGS
A05322,Pinnacle Medical Group Health System,Michigan,2024,0.06036996428331381,6.03699642833138,HIGH SAVINGS
A05323,Grandview Care Alliance Care Network,Indiana,2024,0.02971180121067695,2.971180121067695,MODERATE SAVINGS
A05324,Northstar Medical Group Health System,Washington,2024,0.008831294407949998,0.8831294407949999,MODERATE SAVINGS
A05325,Green Valley Wellness Network,Florida,2024,-0.03462172625390508,-3.462172625390508,LOW SAVINGS
A05326,Springfield Health Alliance Care Network,Michigan,2024,0.03566463197546177,3.566463197546177,HIGH SAVINGS
A05327,Cedar Health Partners,Illinois,2024,0.0029376839842465093,0.2937683984246509,MODERATE SAVINGS
A05328,Valley Provider Alliance Partners,Wisconsin,2024,-0.04871517066873436,-4.871517066873436,LOW SAVINGS
A05329,Summit Health Collaborative Medical Center,Georgia,2024,0.029439698788644067,2.9439698788644066,MODERATE SAVINGS
A05330,Cedar Physician Network Collaborative,Florida,2024,0.028273681391114903,2.82736813911149,MODERATE SAVINGS
A05331,Stonebridge Health Network Physician Alliance,Massachusetts,2024,-0.00011493193097684035,-0.011493193097684035,LOW SAVINGS
A05332,Maplewood Health Partners Physician Alliance,Massachusetts,2024,0.0250169825338577,2.5016982533857703,MODERATE SAVINGS
A05333,Oakridge Health Network Physician Alliance,Tennessee,2024,0.01558391963978459,1.558391963978459,MODERATE SAVINGS
A05334,Community Care Care Network,North Carolina,2024,0.05228256209686078,5.228256209686078,HIGH SAVINGS
A05335,Springfield Wellness Care Network,New York,2024,0.009742689618063436,0.9742689618063436,MODERATE SAVINGS
A05336,Heartland Physicians Collaborative,Florida,2024,-0.013343923697876988,-1.3343923697876987,LOW SAVINGS
A05337,Green Valley Medical Group Medical Center,Colorado,2024,-0.03514939731386149,-3.514939731386149,LOW SAVINGS
A05338,Meadow Community Care Health System,Illinois,2024,0.021377031057023314,2.1377031057023315,MODERATE SAVINGS
A05339,Redwood Care Network Alliance,Illinois,2024,-0.01940565616753904,-1.9405656167539038,LOW SAVINGS
A05340,Horizon Medical Partners Care Network,Minnesota,2024,0.08876709797966043,8.876709797966043,HIGH SAVINGS
A05341,Pioneer Wellness Physician Alliance,North Carolina,2024,-0.025674594258090055,-2.5674594258090053,LOW SAVINGS
A05342,Horizon Health Partners Partners,Washington,2024,0.03802276326245549,3.802276326245549,HIGH SAVINGS
A05343,Pinnacle Medical Partners,Maryland,2024,0.031896567379334,3.1896567379334004,HIGH SAVINGS
A05344,Crestview Healthcare Medical Center,Alabama,2024,-0.002386843332274309,-0.23868433322743088,LOW SAVINGS
A05345,Parkview Care Health System,Wisconsin,2024,-0.011483351889906955,-1.1483351889906954,LOW SAVINGS
A05346,Oakridge Wellness Alliance,Tennessee,2024,-0.03183457727993333,-3.183457727993333,LOW SAVINGS
A05347,Blue Ridge Care Network Partners,Minnesota,2024,-0.009680368102903604,-0.9680368102903604,LOW SAVINGS
A05348,Heritage Physician Network Collaborative,Alabama,2024,0.01757328037517491,1.757328037517491,MODERATE SAVINGS
A05349,Springfield Health Partners Network,Pennsylvania,2024,0.011450147796705088,1.1450147796705088,MODERATE SAVINGS
A05350,Northstar Clinical Partners Alliance,Oregon,2024,0.06149797440668831,6.149797440668832,HIGH SAVINGS
A05351,Parkview Health Alliance Physician Alliance,Ohio,2024,-0.039922436427210294,-3.9922436427210295,LOW SAVINGS
A05352,Beacon Health Collaborative Alliance,Wisconsin,2024,0.024959701937003826,2.4959701937003826,MODERATE SAVINGS
A05353,Meadow Health Partners Care Network,California,2024,0.053336772439698366,5.333677243969836,HIGH SAVINGS
A05354,Springfield Care Alliance Medical Center,Connecticut,2024,0.03267070059916949,3.267070059916949,HIGH SAVINGS
A05355,Gateway Care Partners Network,Colorado,2024,-0.00786496446607739,-0.7864964466077391,LOW SAVINGS
A05356,Blue Ridge Health Collaborative Network,Georgia,2024,-0.015501266901745605,-1.5501266901745605,LOW SAVINGS
A05357,Stonebridge Medical Physician Alliance,Florida,2024,0.03376559122143457,3.376559122143457,HIGH SAVINGS
A05358,Clearview Health Network Care Network,New Jersey,2024,0.014088884775243875,1.4088884775243875,MODERATE SAVINGS
A05359,Crestview Medical Collaborative,Wisconsin,2024,0.024289894973606195,2.4289894973606194,MODERATE SAVINGS
A05360,Crestview Care Partners Alliance,Maryland,2024,-0.02738427133503421,-2.738427133503421,LOW SAVINGS
A05361,Clearview Physicians Physician Alliance,Florida,2024,0.004020309861977371,0.40203098619773714,MODERATE SAVINGS
A05362,Redwood Physicians Network,Texas,2024,0.07537662704135335,7.537662704135335,HIGH SAVINGS
A05363,Metro Care Partners Network,Michigan,2024,-0.03165799515579998,-3.165799515579998,LOW SAVINGS
A05364,Redwood Health Collaborative Alliance,Connecticut,2024,-0.025194663716389024,-2.5194663716389023,LOW SAVINGS
A05365,Stonebridge Wellness Care Network,Maryland,2024,0.03829781615895676,3.8297816158956763,HIGH SAVINGS
A05367,Heartland Care Partners Association,Michigan,2024,-0.014088273604789573,-1.4088273604789572,LOW SAVINGS
A05368,Riverside Health Alliance Medical Center,Ohio,2024,0.06156530907485857,6.156530907485857,HIGH SAVINGS
A05369,Riverbend Physician Network Physician Alliance,Tennessee,2024,0.02243842833607151,2.243842833607151,MODERATE SAVINGS
A05370,Parkview Health Physician Alliance,Maryland,2024,0.016380214064356254,1.6380214064356253,MODERATE SAVINGS
A05371,Pioneer Clinical Partners Network,Missouri,2024,0.008944411729967306,0.8944411729967306,MODERATE SAVINGS
A05372,Stonebridge Healthcare Partners,Pennsylvania,2024,0.02095108122192118,2.095108122192118,MODERATE SAVINGS
A05373,Pinnacle Care Network Medical Center,Oregon,2024,-0.010652602629797439,-1.0652602629797439,LOW SAVINGS
A05374,Valley Health Partners Care Network,Indiana,2024,0.00831035987631538,0.831035987631538,MODERATE SAVINGS
A05375,Community Care Partners Network,Florida,2024,0.06289684139125203,6.289684139125202,HIGH SAVINGS
A05376,Riverbend Care Partners,Washington,2024,0.004815414695375417,0.4815414695375417,MODERATE SAVINGS
A05377,Springfield Care Alliance,Georgia,2024,0.030834771231161465,3.0834771231161464,HIGH SAVINGS
A05378,Northstar Community Care Alliance,Ohio,2024,0.016229506451215514,1.6229506451215514,MODERATE SAVINGS
A05379,Pioneer Care Alliance Medical Center,Connecticut,2024,-0.019013263395055074,-1.9013263395055073,LOW SAVINGS
A05380,Redwood Healthcare Care Network,Texas,2024,0.004991644958455207,0.49916449584552064,MODERATE SAVINGS
A05381,Unity Wellness Physician Alliance,Washington,2024,0.03090763222861899,3.090763222861899,HIGH SAVINGS
A05382,Pinnacle Medical Partners Group,Connecticut,2024,0.018140448547363616,1.8140448547363617,MODERATE SAVINGS
A05383,Canyon Community Care Collaborative,Ohio,2024,0.03746528629925074,3.7465286299250744,HIGH SAVINGS
A05384,Mountain View Community Care Physician Alliance,Illinois,2024,-0.010651277268016646,-1.0651277268016646,LOW SAVINGS
A05385,Westfield Healthcare Care Network,Indiana,2024,0.015117360222745782,1.5117360222745782,MODERATE SAVINGS
A05386,Green Valley Integrated Health Collaborative,Florida,2024,0.028535618170203805,2.8535618170203803,MODERATE SAVINGS
A05387,Metro Healthcare Collaborative,Virginia,2024,0.027151006366763233,2.7151006366763233,MODERATE SAVINGS
A05388,Gateway Care Partners Group,Florida,2024,0.04805202701120456,4.805202701120456,HIGH SAVINGS
A05389,Highland Physician Network Network,Connecticut,2024,0.041593155509457656,4.159315550945766,HIGH SAVINGS
A05392,Pinnacle Care Partners Medical Center,Colorado,2024,0.020265433943746722,2.0265433943746722,MODERATE SAVINGS
A05393,Northstar Community Care Group,Maryland,2024,0.020825659541021536,2.0825659541021535,MODERATE SAVINGS
A05394,Metro Health Collaborative Partners,Alabama,2024,-0.005515079354862754,-0.5515079354862754,LOW SAVINGS
A05395,Westfield Health Partners Collaborative,Alabama,2024,0.02326283658110904,2.326283658110904,MODERATE SAVINGS
A05396,Highland Care Physician Alliance,Indiana,2024,0.036024601762349784,3.6024601762349784,HIGH SAVINGS
A05397,Summit Integrated Health Group,Massachusetts,2024,0.03792767038860509,3.792767038860509,HIGH SAVINGS
A05398,Green Valley Provider Alliance Care Network,Michigan,2024,-0.012234216627260555,-1.2234216627260555,LOW SAVINGS
A05399,Horizon Clinical Partners Partners,Washington,2024,0.03241247518347022,3.241247518347022,HIGH SAVINGS
A05400,Heartland Care Medical Center,New York,2024,0.05393621184312903,5.393621184312903,HIGH SAVINGS
A05401,Heritage Care Partners Physician Alliance,Oregon,2024,0.04420120394808969,4.420120394808969,HIGH SAVINGS
A05402,Summit Care Network Care Network,Washington,2024,0.056567805552126725,5.656780555212673,HIGH SAVINGS
A05403,Golden Valley Healthcare Partners,Georgia,2024,0.0242585715497409,2.42585715497409,MODERATE SAVINGS
A05404,Canyon Health Partners Health System,Washington,2024,-0.004627427739886497,-0.46274277398864966,LOW SAVINGS
A05405,Meadow Care Network Collaborative,Arizona,2024,0.03707108949763447,3.707108949763447,HIGH SAVINGS
A05406,Brookside Health Partners Association,Wisconsin,2024,-0.04700927532817992,-4.700927532817992,LOW SAVINGS
A05407,Highland Medical Alliance,Missouri,2024,0.014397503735239087,1.4397503735239088,MODERATE SAVINGS
A05408,Northstar Wellness Alliance,New Jersey,2024,0.009654438853645192,0.9654438853645192,MODERATE SAVINGS
A05409,Riverside Care Network Health System,Texas,2024,0.0033728021325343436,0.3372802132534344,MODERATE SAVINGS
A05410,Clearview Physicians Collaborative,Alabama,2024,0.07270150410957105,7.270150410957105,HIGH SAVINGS
A05411,Evergreen Health Network Network,Michigan,2024,0.010919767131357533,1.0919767131357534,MODERATE SAVINGS
A05412,Metro Integrated Health Network,Wisconsin,2024,0.04462898285628004,4.462898285628004,HIGH SAVINGS
A05413,Silverstone Care Network Alliance,Tennessee,2024,0.000850761520112645,0.0850761520112645,MODERATE SAVINGS
A05414,Brookside Health Partners Care Network,Pennsylvania,2024,0.0381464599740599,3.8146459974059903,HIGH SAVINGS
A05416,Crestview Health Alliance Group,Virginia,2024,0.0017464639190251016,0.17464639190251016,MODERATE SAVINGS
A05417,Heritage Health Alliance Partners,Maryland,2024,0.026101362383728868,2.6101362383728866,MODERATE SAVINGS
A05418,Crestview Wellness Association,Oregon,2024,0.028484733034702992,2.8484733034702994,MODERATE SAVINGS
A05419,Crestview Health Partners Network,Illinois,2024,-0.056594093398112826,-5.659409339811282,LOW SAVINGS
A05420,Silverstone Community Care Health System,Virginia,2024,0.06876705722037503,6.876705722037503,HIGH SAVINGS
A05421,Unity Physician Network Group,Indiana,2024,0.014015155841835861,1.401515584183586,MODERATE SAVINGS
A05422,Beacon Medical Group Network,Connecticut,2024,0.016515117627109034,1.6515117627109035,MODERATE SAVINGS
A05423,Westfield Health Collaborative Association,Ohio,2024,0.04471775837413767,4.471775837413767,HIGH SAVINGS
A05424,Unity Integrated Health Medical Center,Tennessee,2024,0.017599913845612308,1.7599913845612307,MODERATE SAVINGS
A05425,Cedar Care Collaborative,Michigan,2024,0.04405758467379063,4.405758467379063,HIGH SAVINGS
A05426,Redwood Care Alliance Partners,Alabama,2024,0.012223082239275238,1.2223082239275238,MODERATE SAVINGS
A05427,Northstar Care Network Health System,New York,2024,0.0669396682921992,6.69396682921992,HIGH SAVINGS
A05428,Metro Health Network Network,Missouri,2024,-0.02938221899223518,-2.9382218992235183,LOW SAVINGS
A05429,Beacon Physician Network Alliance,Maryland,2024,0.04591035021769339,4.591035021769339,HIGH SAVINGS
A05430,Brookside Health Collaborative Group,Washington,2024,0.007244620807317578,0.7244620807317578,MODERATE SAVINGS
A05431,Maplewood Care Network Network,Georgia,2024,0.036452357797553195,3.6452357797553194,HIGH SAVINGS
A05432,Riverside Health Collaborative Physician Alliance,Pennsylvania,2024,0.023771636797359892,2.377163679735989,MODERATE SAVINGS
A05433,Pioneer Care Alliance Care Network,North Carolina,2024,0.0020108746327060505,0.20108746327060506,MODERATE SAVINGS
A05434,Clearview Health Partners Medical Center,Indiana,2024,0.06745692299505739,6.7456922995057385,HIGH SAVINGS
A05435,Beacon Health Network,Virginia,2024,0.007391545616976567,0.7391545616976567,MODERATE SAVINGS
A05436,Maplewood Physician Network Care Network,New Jersey,2024,-0.013161136011873237,-1.3161136011873238,LOW SAVINGS
A05437,Westfield Care Partners Care Network,Washington,2024,-0.05579243672899032,-5.5792436728990324,LOW SAVINGS
A05438,Silverstone Care Association,Wisconsin,2024,-0.004673138432725988,-0.46731384327259884,LOW SAVINGS
A05440,Metro Health Partners Care Network,Pennsylvania,2024,0.015806256950600242,1.5806256950600241,MODERATE SAVINGS
A05441,Blue Ridge Medical Group Partners,Ohio,2024,0.04408608346440818,4.4086083464408174,HIGH SAVINGS
A05442,Golden Valley Physician Network Alliance,Alabama,2024,0.011127630245107295,1.1127630245107296,MODERATE SAVINGS
A05443,Heritage Community Care Network,North Carolina,2024,-0.00043457974802596006,-0.04345797480259601,LOW SAVINGS
A05444,Valley Healthcare Group,Tennessee,2024,0.012800822136078542,1.2800822136078542,MODERATE SAVINGS
A05445,Fairview Health Partners Group,Alabama,2024,0.04073328531544708,4.073328531544708,HIGH SAVINGS
A05446,WellSpring Clinical Partners Alliance,Illinois,2024,0.06589833195387285,6.589833195387285,HIGH SAVINGS
A05447,Pinnacle Community Care Group,Florida,2024,0.01621536546327861,1.6215365463278608,MODERATE SAVINGS
A05448,Golden Valley Health Alliance Association,New Jersey,2024,-0.002329876380489294,-0.23298763804892939,LOW SAVINGS
A05449,Valley Care Alliance Health System,Wisconsin,2024,-0.027155807233714874,-2.7155807233714873,LOW SAVINGS
A05450,Clearview Health Collaborative Network,Ohio,2024,-0.020477566790374255,-2.0477566790374255,LOW SAVINGS
A05451,Parkview Care Network Partners,Texas,2024,-0.021273242321105768,-2.1273242321105768,LOW SAVINGS
A05452,Parkview Community Care Partners,New York,2024,-0.0038290067037593033,-0.38290067037593034,LOW SAVINGS
A05453,Springfield Health Alliance Alliance,Indiana,2024,0.04034399227604725,4.034399227604725,HIGH SAVINGS
A05454,Eastgate Clinical Partners Medical Center,Pennsylvania,2024,0.014678341214935978,1.4678341214935977,MODERATE SAVINGS
A05455,Clearview Integrated Health Alliance,Colorado,2024,0.008997470802944168,0.8997470802944169,MODERATE SAVINGS
A05456,Westfield Healthcare Health System,Arizona,2024,0.00922418134403705,0.922418134403705,MODERATE SAVINGS
A05457,Horizon Physicians Association,Washington,2024,0.007553042130788049,0.7553042130788049,MODERATE SAVINGS
A05458,Pioneer Wellness Group,Ohio,2024,0.027097063987901605,2.7097063987901606,MODERATE SAVINGS
A05459,Community Care Alliance Care Network,Wisconsin,2024,0.012818474705193936,1.2818474705193936,MODERATE SAVINGS
A05460,Canyon Physician Network Physician Alliance,Indiana,2024,0.01807448842783551,1.807448842783551,MODERATE SAVINGS
A05462,Maplewood Medical Group,Minnesota,2024,0.02578727881297025,2.578727881297025,MODERATE SAVINGS
A05463,Horizon Health Health System,Arizona,2024,-0.00459322099432209,-0.45932209943220903,LOW SAVINGS
A05464,Heritage Care Physician Alliance,Pennsylvania,2024,0.009592288524359298,0.9592288524359298,MODERATE SAVINGS
A05466,Pioneer Physician Network Care Network,Alabama,2024,-0.0031693877377867055,-0.3169387737786705,LOW SAVINGS
A05467,Meadow Healthcare Medical Center,Virginia,2024,0.05757329910400649,5.7573299104006495,HIGH SAVINGS
A05468,Stonebridge Physicians Alliance,Massachusetts,2024,0.00046610357010939886,0.046610357010939886,MODERATE SAVINGS
A05469,Gateway Care Alliance Medical Center,Alabama,2024,-0.0008384068306801669,-0.08384068306801669,LOW SAVINGS
A05470,Meadow Health Association,Wisconsin,2024,-0.020278946577223275,-2.0278946577223276,LOW SAVINGS
A05471,Cedar Care Alliance Partners,Arizona,2024,-0.004515451807360487,-0.45154518073604866,LOW SAVINGS
A05472,Cedar Community Care Association,Pennsylvania,2024,0.047807973913291966,4.780797391329196,HIGH SAVINGS
A05473,Green Valley Clinical Partners Medical Center,Arizona,2024,-0.035578723437808664,-3.5578723437808666,LOW SAVINGS
A05474,Summit Health Collaborative Partners,Washington,2024,0.0006702732348917623,0.06702732348917623,MODERATE SAVINGS
A05475,Mountain View Care Partners Care Network,Michigan,2024,0.06337500457830686,6.337500457830686,HIGH SAVINGS
A05476,Riverbend Medical Group Alliance,Texas,2024,0.022084249550442768,2.208424955044277,MODERATE SAVINGS
A05477,Redwood Community Care Alliance,Texas,2024,0.012635134500464761,1.2635134500464762,MODERATE SAVINGS
A05478,Stonebridge Care Alliance Care Network,Illinois,2024,0.06288576178182359,6.288576178182359,HIGH SAVINGS
A05479,Heartland Care Network Collaborative,North Carolina,2024,0.026320414200303982,2.632041420030398,MODERATE SAVINGS
A05480,Green Valley Provider Alliance Partners,Massachusetts,2024,-0.018462272989642856,-1.8462272989642856,LOW SAVINGS
A05481,Highland Health Collaborative Group,Ohio,2024,0.01842578130296038,1.842578130296038,MODERATE SAVINGS
A05482,Pioneer Care Partners Group,Ohio,2024,0.012531915351814363,1.2531915351814364,MODERATE SAVINGS
A05483,Blue Ridge Care Network,Maryland,2024,0.029856718550075958,2.985671855007596,MODERATE SAVINGS
A05484,Riverside Physicians Network,Florida,2024,0.04645220229400877,4.645220229400877,HIGH SAVINGS
A05485,Beacon Medical Group Association,New York,2024,0.02469100388879703,2.4691003888797027,MODERATE SAVINGS
A05486,Highland Physician Network Partners,New York,2024,0.01809205352849071,1.809205352849071,MODERATE SAVINGS
A05487,Fairview Integrated Health Health System,New Jersey,2024,0.0025124631568212968,0.2512463156821297,MODERATE SAVINGS
A05488,Summit Care Partners Medical Center,New York,2024,0.08647913176010824,8.647913176010825,HIGH SAVINGS
A05489,Community Care Network Care Network,Connecticut,2024,-0.004373404110508107,-0.4373404110508107,LOW SAVINGS
A05490,Metro Health Network Partners,Oregon,2024,0.04035550912396586,4.0355509123965865,HIGH SAVINGS
A05491,Westfield Medical Partners Alliance,Florida,2024,0.0171965614164474,1.71965614164474,MODERATE SAVINGS
A05492,Green Valley Community Care Physician Alliance,Maryland,2024,0.03227231448327073,3.2272314483270734,HIGH SAVINGS
A05493,Mountain View Care Network Health System,Tennessee,2024,0.04810828563604336,4.8108285636043355,HIGH SAVINGS
A05494,Community Health Network Physician Alliance,Illinois,2024,0.022568261622300297,2.2568261622300296,MODERATE SAVINGS
A05495,Maplewood Health Partners,Indiana,2024,0.03617154848496659,3.6171548484966594,HIGH SAVINGS
A05496,Green Valley Health Alliance,Georgia,2024,0.06580677216742353,6.5806772167423535,HIGH SAVINGS
A05497,Community Healthcare Network,Missouri,2024,0.028039522315576906,2.8039522315576906,MODERATE SAVINGS
A05498,Heartland Physician Network Health System,Connecticut,2024,-0.01328446005403067,-1.3284460054030671,LOW SAVINGS
A05499,Pinnacle Clinical Partners Care Network,Tennessee,2024,0.04098336966996808,4.098336966996808,HIGH SAVINGS
A05501,Redwood Medical Group Association,Washington,2024,-0.010030503709079338,-1.003050370907934,LOW SAVINGS
A05502,Pioneer Integrated Health Partners,Massachusetts,2024,0.03422460156269137,3.4224601562691372,HIGH SAVINGS
A05503,Highland Integrated Health Partners,Virginia,2024,0.03324639782529004,3.324639782529004,HIGH SAVINGS
A05504,Riverbend Care Alliance Association,New York,2024,0.012717612395933341,1.2717612395933342,MODERATE SAVINGS
A05505,Crestview Medical Partners Physician Alliance,Michigan,2024,0.040440927622985956,4.044092762298596,HIGH SAVINGS
A05506,Horizon Health Collaborative Physician Alliance,Pennsylvania,2024,0.006574927702644867,0.6574927702644867,MODERATE SAVINGS
A05507,Springfield Clinical Partners Alliance,Wisconsin,2024,0.02930804788046595,2.930804788046595,MODERATE SAVINGS
A05508,Summit Health Collaborative Group,Illinois,2024,0.0018850362094068058,0.18850362094068057,MODERATE SAVINGS
A05509,Pioneer Community Care Medical Center,Texas,2024,0.0043952808716577725,0.43952808716577724,MODERATE SAVINGS
A05510,Riverside Medical Group Medical Center,North Carolina,2024,0.011331961881059482,1.1331961881059482,MODERATE SAVINGS
A05511,Golden Valley Physicians Association,Virginia,2024,0.000189127808094452,0.018912780809445202,MODERATE SAVINGS
A05512,Pinnacle Wellness Partners,Indiana,2024,0.029029405464104367,2.9029405464104365,MODERATE SAVINGS
A05513,Clearview Health Partners Group,Washington,2024,0.03552016862843413,3.552016862843413,HIGH SAVINGS
A05514,Westfield Medical Partners Care Network,North Carolina,2024,-0.02394500007769333,-2.394500007769333,LOW SAVINGS
A05515,Redwood Integrated Health Care Network,Colorado,2024,-0.040380541915759405,-4.038054191575941,LOW SAVINGS
A05516,Riverside Health Health System,Maryland,2024,0.015732641841403324,1.5732641841403323,MODERATE SAVINGS
A05517,Clearview Medical Alliance,Missouri,2024,0.006639245273976535,0.6639245273976535,MODERATE SAVINGS
A05518,Pioneer Health Partners Care Network,Illinois,2024,0.05747112972638037,5.747112972638037,HIGH SAVINGS
A05519,Gateway Health Network Collaborative,Pennsylvania,2024,-0.03022148242035662,-3.022148242035662,LOW SAVINGS
A05520,Fairview Care Partners Collaborative,Colorado,2024,-0.0061034669188698275,-0.6103466918869828,LOW SAVINGS
A05522,Community Care Alliance Alliance,Minnesota,2024,0.04190357768024264,4.190357768024263,HIGH SAVINGS
A05523,Mountain View Integrated Health Network,Oregon,2024,0.05075612044810759,5.075612044810759,HIGH SAVINGS
A05524,Westfield Medical Group Association,New York,2024,-0.01893433724966042,-1.893433724966042,LOW SAVINGS
A05525,Westfield Health Partners Physician Alliance,Missouri,2024,0.00741455127542815,0.741455127542815,MODERATE SAVINGS
A05526,Beacon Care Network Care Network,Georgia,2024,0.01868432606152485,1.868432606152485,MODERATE SAVINGS
A05527,Canyon Health Alliance Physician Alliance,North Carolina,2024,0.025482807640453044,2.5482807640453045,MODERATE SAVINGS
A05528,Fairview Medical Group Network,New Jersey,2024,-0.04298491826016582,-4.2984918260165825,LOW SAVINGS
A05529,Northstar Care Network Association,Michigan,2024,0.05850475389744755,5.850475389744755,HIGH SAVINGS
A05530,Golden Valley Medical Physician Alliance,Indiana,2024,0.03584446829397652,3.584446829397652,HIGH SAVINGS
A05531,Stonebridge Healthcare Alliance,Texas,2024,-0.023044944135569415,-2.3044944135569416,LOW SAVINGS
A05532,Mountain View Integrated Health Alliance,New Jersey,2024,0.03471156542789828,3.471156542789828,HIGH SAVINGS
A05533,Redwood Wellness Care Network,Ohio,2024,0.004542705180529386,0.4542705180529386,MODERATE SAVINGS
A05534,WellSpring Medical Partners Health System,Virginia,2024,0.09748792598467428,9.748792598467428,HIGH SAVINGS
A05535,Grandview Wellness Medical Center,North Carolina,2024,0.003895501753977479,0.3895501753977479,MODERATE SAVINGS
A05536,Pinnacle Health Partners Association,Virginia,2024,0.04118468317375951,4.118468317375951,HIGH SAVINGS
A05538,Meadow Health Network Care Network,Maryland,2024,0.01890004900498333,1.8900049004983328,MODERATE SAVINGS
A05539,Gateway Community Care Care Network,Ohio,2024,0.02014462766601669,2.0144627666016692,MODERATE SAVINGS
A05540,Clearview Care Network Care Network,Colorado,2024,0.04338639320930244,4.338639320930244,HIGH SAVINGS
A05541,Silverstone Health Alliance Collaborative,Indiana,2024,0.03267837383228865,3.267837383228865,HIGH SAVINGS
A05542,Silverstone Integrated Health Medical Center,Illinois,2024,0.023643629588523916,2.3643629588523916,MODERATE SAVINGS
A05543,Community Provider Alliance Partners,Alabama,2024,0.037120158226035864,3.712015822603586,HIGH SAVINGS
A05544,Mountain View Medical Group Association,Pennsylvania,2024,-0.03034038696634084,-3.034038696634084,LOW SAVINGS
A05545,Horizon Medical Medical Center,Tennessee,2024,0.01273525233859875,1.273525233859875,MODERATE SAVINGS
A05546,WellSpring Health Collaborative Care Network,California,2024,0.06172274725256713,6.172274725256713,HIGH SAVINGS
A05547,Metro Health Alliance Collaborative,California,2024,0.03464206074947029,3.4642060749470285,HIGH SAVINGS
A05548,Heartland Healthcare Alliance,North Carolina,2024,0.011304844253044177,1.1304844253044177,MODERATE SAVINGS
A05549,Meadow Community Care Association,Minnesota,2024,0.0125648036986376,1.25648036986376,MODERATE SAVINGS
A05550,Meadow Integrated Health Network,Missouri,2024,-0.019399707689259756,-1.9399707689259755,LOW SAVINGS
A05551,Redwood Health Network Care Network,Minnesota,2024,-0.016055929134067237,-1.6055929134067237,LOW SAVINGS
A05552,Brookside Health Network Care Network,Tennessee,2024,0.01617086429703996,1.617086429703996,MODERATE SAVINGS
A05553,Canyon Medical Group Alliance,Illinois,2024,-0.009179911550820945,-0.9179911550820945,LOW SAVINGS
A05554,Unity Care Alliance Association,North Carolina,2024,0.04118468317375951,4.118468317375951,HIGH SAVINGS
A05555,Clearview Clinical Partners Network,Massachusetts,2024,0.0642635947564333,6.42635947564333,HIGH SAVINGS
A05556,Blue Ridge Medical Group Medical Center,New York,2024,0.029061332188658317,2.9061332188658318,MODERATE SAVINGS
A05557,Evergreen Health Network Alliance,Massachusetts,2024,0.04578263320165021,4.5782633201650205,HIGH SAVINGS
A05558,Heartland Care Health System,Oregon,2024,-0.0214610932498383,-2.14610932498383,LOW SAVINGS
A05559,Unity Care Partners Group,Virginia,2024,0.0034450039311488857,0.34450039311488856,MODERATE SAVINGS
A05560,Lakeside Community Care Group,Ohio,2024,0.0267724998342049,2.67724998342049,MODERATE SAVINGS
A05561,Community Clinical Partners Medical Center,North Carolina,2024,0.04192618365780757,4.192618365780757,HIGH SAVINGS
A05562,Riverside Health Partners Collaborative,Oregon,2024,-0.028912937266281483,-2.8912937266281484,LOW SAVINGS
A05563,Redwood Medical Group Partners,Virginia,2024,-0.0029909147719088926,-0.29909147719088924,LOW SAVINGS
A05565,Beacon Health Collaborative Association,Oregon,2024,0.031264653150186124,3.1264653150186126,HIGH SAVINGS
A05566,Lakeside Healthcare Partners,Virginia,2024,0.06098340638360544,6.098340638360544,HIGH SAVINGS
A05567,Parkview Health Network Alliance,Illinois,2024,0.04135930274776317,4.135930274776317,HIGH SAVINGS
A05568,Green Valley Medical Partners,Georgia,2024,-0.007444265666365254,-0.7444265666365254,LOW SAVINGS
A05569,Silverstone Healthcare Care Network,Indiana,2024,0.04250415797372657,4.250415797372657,HIGH SAVINGS
A05570,Golden Valley Care Alliance Physician Alliance,Tennessee,2024,0.05068236104807354,5.068236104807354,HIGH SAVINGS
A05571,Silverstone Health Partners Association,Minnesota,2024,-0.014935032141929464,-1.4935032141929463,LOW SAVINGS
A05572,Clearview Health Collaborative Care Network,Maryland,2024,0.01964930968207991,1.964930968207991,MODERATE SAVINGS
A05574,Lakeside Health Collaborative Medical Center,Texas,2024,0.004272018602238542,0.4272018602238542,MODERATE SAVINGS
A05575,Canyon Medical Partners Network,California,2024,0.06874755452507679,6.874755452507679,HIGH SAVINGS
A05576,Grandview Physicians Association,California,2024,0.03558634478125277,3.558634478125277,HIGH SAVINGS
A05577,Horizon Wellness Partners,Alabama,2024,-0.0048276985980482525,-0.48276985980482523,LOW SAVINGS
A05578,Community Physicians Health System,Connecticut,2024,-0.057614942795732225,-5.761494279573222,LOW SAVINGS
A05579,Canyon Health Alliance Medical Center,Connecticut,2024,-0.05334319171208729,-5.334319171208729,LOW SAVINGS
A05580,Blue Ridge Health Medical Center,Arizona,2024,0.03743349948823378,3.7433499488233783,HIGH SAVINGS
A05581,Pioneer Health Collaborative Association,Illinois,2024,-0.006375690639115439,-0.6375690639115439,LOW SAVINGS
A05582,Meadow Health Collaborative Medical Center,California,2024,0.017208247885446046,1.7208247885446046,MODERATE SAVINGS
A05583,Crestview Medical Group Care Network,Georgia,2024,0.024265663674925483,2.426566367492548,MODERATE SAVINGS
A05584,Green Valley Clinical Partners Network,Indiana,2024,-0.02780148595655777,-2.780148595655777,LOW SAVINGS
A05585,Metro Health Alliance Network,North Carolina,2024,0.003134050380414815,0.3134050380414815,MODERATE SAVINGS
A05586,Pinnacle Care Health System,Tennessee,2024,0.021063838113390847,2.1063838113390845,MODERATE SAVINGS
A05587,Maplewood Healthcare Network,Georgia,2024,0.023339301329080412,2.333930132908041,MODERATE SAVINGS
A05588,Green Valley Health Partners Alliance,Pennsylvania,2024,0.07351255858551879,7.3512558585518795,HIGH SAVINGS
A05589,Redwood Care Network Health System,Connecticut,2024,-0.004643854256239119,-0.4643854256239119,LOW SAVINGS
A05590,Gateway Medical Group Network,Wisconsin,2024,0.012559076804126735,1.2559076804126734,MODERATE SAVINGS
A05591,Meadow Health Network Network,Florida,2024,-0.004233291573682648,-0.4233291573682648,LOW SAVINGS
A05592,Golden Valley Healthcare Health System,Illinois,2024,0.0019933604292911773,0.19933604292911772,MODERATE SAVINGS
A05593,Fairview Care Health System,Florida,2024,0.001897606869953826,0.1897606869953826,MODERATE SAVINGS
A05594,Grandview Health Network Collaborative,Arizona,2024,0.021836308001847837,2.1836308001847837,MODERATE SAVINGS
A05595,Pinnacle Medical Partners Physician Alliance,Colorado,2024,-0.015580135609290297,-1.5580135609290298,LOW SAVINGS
A05596,Riverside Health Network Alliance,New York,2024,0.02836171904727544,2.836171904727544,MODERATE SAVINGS
A05597,Gateway Care Network Association,Connecticut,2024,0.02795267233377199,2.795267233377199,MODERATE SAVINGS
A05598,Pinnacle Health Partners Network,Georgia,2024,0.03140235440367411,3.1402354403674106,HIGH SAVINGS
A05599,Lakeside Medical Partners Group,Colorado,2024,0.03490638843698316,3.4906388436983162,HIGH SAVINGS
A05600,Crestview Healthcare Alliance,Colorado,2024,0.04233131552092324,4.233131552092324,HIGH SAVINGS
A05601,Valley Clinical Partners Partners,Maryland,2024,0.017164458343986083,1.7164458343986082,MODERATE SAVINGS
A05602,Northstar Physicians Collaborative,New York,2024,0.00565370350796771,0.565370350796771,MODERATE SAVINGS
A05603,Eastgate Health Collaborative Alliance,Virginia,2024,0.033905422545559304,3.3905422545559305,HIGH SAVINGS
A05605,Riverside Care Alliance Care Network,Michigan,2024,-0.015002417331422765,-1.5002417331422764,LOW SAVINGS
A05606,Gateway Medical Association,California,2024,0.0008027319509236341,0.08027319509236341,MODERATE SAVINGS
A05607,Valley Care Network,Oregon,2024,0.015278685524739821,1.5278685524739821,MODERATE SAVINGS
A05608,Valley Health Network Collaborative,Michigan,2024,0.032549794077251754,3.2549794077251755,HIGH SAVINGS
A05609,Valley Medical Group Collaborative,New York,2024,0.03510327241688554,3.510327241688554,HIGH SAVINGS
A05610,Blue Ridge Medical Group,Tennessee,2024,0.05023624121209926,5.023624121209926,HIGH SAVINGS
A05611,Brookside Health Collaborative Association,Alabama,2024,0.014481624361664489,1.448162436166449,MODERATE SAVINGS
A05612,Riverside Medical Partners Physician Alliance,Georgia,2024,-0.00580345281739884,-0.580345281739884,LOW SAVINGS
A05613,Highland Medical Group Network,Minnesota,2024,-0.0014846272463105844,-0.14846272463105845,LOW SAVINGS
A05614,Unity Care Alliance Group,Colorado,2024,-0.022892116692000367,-2.2892116692000366,LOW SAVINGS
A05615,Eastgate Community Care Physician Alliance,Missouri,2024,0.06062902496759706,6.0629024967597065,HIGH SAVINGS
A05616,Gateway Health Collaborative Care Network,Maryland,2024,0.015209446746141898,1.5209446746141897,MODERATE SAVINGS
A05617,Heartland Medical Alliance,Missouri,2024,0.1043123929841882,10.43123929841882,HIGH SAVINGS
A05618,Golden Valley Physician Network Physician Alliance,Indiana,2024,0.006131937959580715,0.6131937959580714,MODERATE SAVINGS
A05619,Oakridge Physicians Alliance,Georgia,2024,0.03138480670782012,3.1384806707820125,HIGH SAVINGS
A05620,Riverbend Community Care Group,New York,2024,0.03318464675292987,3.318464675292987,HIGH SAVINGS
A05621,Green Valley Health Network Medical Center,Illinois,2024,0.0167470017048585,1.67470017048585,MODERATE SAVINGS
A05622,Green Valley Care Network Network,Tennessee,2024,0.017994208721714564,1.7994208721714564,MODERATE SAVINGS
A05623,Silverstone Provider Alliance Alliance,Florida,2024,0.010308523090605634,1.0308523090605635,MODERATE SAVINGS
A05624,Green Valley Medical Medical Center,Connecticut,2024,0.04096821759770381,4.096821759770381,HIGH SAVINGS
A05625,Cedar Medical Partners Medical Center,Washington,2024,0.014827211967878116,1.4827211967878116,MODERATE SAVINGS
A05626,Valley Medical Partners Network,Virginia,2024,0.03651679882827167,3.651679882827167,HIGH SAVINGS
A05627,Beacon Medical Group Partners,Massachusetts,2024,0.004105655076947277,0.4105655076947277,MODERATE SAVINGS
A05628,Stonebridge Care Network Collaborative,Tennessee,2024,0.008307813831754446,0.8307813831754446,MODERATE SAVINGS
A05629,Blue Ridge Healthcare Medical Center,Indiana,2024,-0.0009129458628238354,-0.09129458628238353,LOW SAVINGS
A05631,Westfield Clinical Partners Partners,Alabama,2024,-0.028901730905444872,-2.8901730905444873,LOW SAVINGS
A05632,Beacon Wellness Medical Center,New York,2024,0.06904436878902903,6.904436878902903,HIGH SAVINGS
A05633,Fairview Health Network Health System,Virginia,2024,-0.010916837616452834,-1.0916837616452835,LOW SAVINGS
A05634,Evergreen Care Physician Alliance,Arizona,2024,0.013557051671603378,1.3557051671603377,MODERATE SAVINGS
A05635,Beacon Integrated Health Network,Georgia,2024,0.07736843742562996,7.736843742562996,HIGH SAVINGS
A05636,Pioneer Physician Network Association,New York,2024,0.02275608170129647,2.275608170129647,MODERATE SAVINGS
A05637,Mountain View Wellness Health System,California,2024,0.016413392570536846,1.6413392570536847,MODERATE SAVINGS
A05638,Unity Medical Partners Network,Wisconsin,2024,0.054263625662715635,5.426362566271563,HIGH SAVINGS
A05639,Grandview Integrated Health Physician Alliance,Maryland,2024,0.0004952909281584209,0.04952909281584209,MODERATE SAVINGS
A05640,WellSpring Physician Network Health System,New Jersey,2024,0.1259079906974579,12.59079906974579,HIGH SAVINGS
A05641,Eastgate Health Care Network,Florida,2024,0.043358713216699714,4.335871321669972,HIGH SAVINGS
A05642,Community Health Collaborative Collaborative,California,2024,0.04564752585442366,4.564752585442366,HIGH SAVINGS
A05643,Redwood Community Care Care Network,Minnesota,2024,0.011564417208972982,1.1564417208972981,MODERATE SAVINGS
A05645,Riverbend Clinical Partners Collaborative,Oregon,2024,0.028077527577304775,2.8077527577304773,MODERATE SAVINGS
A05646,Heritage Health Network Care Network,New Jersey,2024,0.07519938218538028,7.5199382185380275,HIGH SAVINGS
A05647,Mountain View Health Network Association,Illinois,2024,-0.009362973442366909,-0.9362973442366909,LOW SAVINGS
A05648,Pioneer Medical Physician Alliance,Indiana,2024,0.06166736918724035,6.166736918724035,HIGH SAVINGS
A05649,Oakridge Health Collaborative Health System,Massachusetts,2024,0.015125395091154271,1.5125395091154272,MODERATE SAVINGS
A05650,Pioneer Medical Alliance,Colorado,2024,-0.03173112000340311,-3.1731120003403115,LOW SAVINGS
A05651,Redwood Provider Alliance Group,Colorado,2024,-0.011706809042833829,-1.1706809042833828,LOW SAVINGS
A05652,Evergreen Physicians Alliance,Indiana,2024,0.05032420365262902,5.032420365262902,HIGH SAVINGS
A05653,Highland Healthcare Care Network,Michigan,2024,0.02239444643703363,2.239444643703363,MODERATE SAVINGS
A05654,Riverbend Healthcare Collaborative,Missouri,2024,0.04702946719080418,4.702946719080418,HIGH SAVINGS
A05655,Lakeside Medical Partners Alliance,Massachusetts,2024,0.04080520791835617,4.0805207918356174,HIGH SAVINGS
A05656,Riverbend Care Network Association,Arizona,2024,0.1020426479310065,10.20426479310065,HIGH SAVINGS
A05657,Clearview Integrated Health Health System,Oregon,2024,0.02565371682452349,2.565371682452349,MODERATE SAVINGS
A05658,Community Provider Alliance Care Network,New Jersey,2024,0.024832337280097923,2.4832337280097923,MODERATE SAVINGS
A05659,WellSpring Health Partners Medical Center,Indiana,2024,0.0022127199912266374,0.22127199912266374,MODERATE SAVINGS
A05661,Lakeside Health Medical Center,Minnesota,2024,0.020441145335341807,2.044114533534181,MODERATE SAVINGS
A05662,Brookside Physician Network Physician Alliance,Missouri,2024,0.010098341907048189,1.009834190704819,MODERATE SAVINGS
A05664,Pioneer Care Network Group,Ohio,2024,0.0045622886795284616,0.4562288679528462,MODERATE SAVINGS
A05665,Highland Clinical Partners Association,New Jersey,2024,0.004580465108414449,0.4580465108414449,MODERATE SAVINGS
A05666,Oakridge Community Care Collaborative,Alabama,2024,0.001563364278716633,0.1563364278716633,MODERATE SAVINGS
A05667,Heartland Health Network Care Network,New Jersey,2024,0.03514512359389615,3.514512359389615,HIGH SAVINGS
A05668,Crestview Health Network Network,California,2024,-0.009716049444892724,-0.9716049444892725,LOW SAVINGS
A05669,Northstar Physician Network Care Network,Massachusetts,2024,0.01908338182568448,1.908338182568448,MODERATE SAVINGS
A05670,Riverbend Medical Partners Physician Alliance,Minnesota,2024,0.02787167134123707,2.787167134123707,MODERATE SAVINGS
A05671,Brookside Provider Alliance Physician Alliance,Alabama,2024,-0.008484023350933389,-0.8484023350933388,LOW SAVINGS
A05672,Mountain View Physician Network Partners,Wisconsin,2024,-0.023787464981163,-2.3787464981163,LOW SAVINGS
A05673,Canyon Healthcare Collaborative,California,2024,0.03712492088788837,3.7124920887888373,HIGH SAVINGS
A05674,Crestview Health Partners Group,Georgia,2024,0.039186440880766345,3.9186440880766344,HIGH SAVINGS
A05675,Green Valley Physician Network Collaborative,Oregon,2024,0.015056464352910158,1.5056464352910157,MODERATE SAVINGS
A05676,Beacon Wellness Physician Alliance,Indiana,2024,-0.009323211969343013,-0.9323211969343014,LOW SAVINGS
A05678,Grandview Clinical Partners Collaborative,Illinois,2024,0.004784325272127276,0.4784325272127276,MODERATE SAVINGS
A05679,Green Valley Health Collaborative Medical Center,Georgia,2024,0.04356036819950867,4.356036819950867,HIGH SAVINGS
A05681,Highland Care Alliance Partners,North Carolina,2024,0.02140246686957392,2.1402466869573917,MODERATE SAVINGS
A05682,Grandview Integrated Health Health System,New Jersey,2024,0.02534481892165836,2.534481892165836,MODERATE SAVINGS
A05683,Evergreen Integrated Health Care Network,Alabama,2024,0.0005045761153940494,0.050457611539404944,MODERATE SAVINGS
A05684,Gateway Community Care Association,North Carolina,2024,-0.002240069533225403,-0.2240069533225403,LOW SAVINGS
A05685,Brookside Health Collaborative Partners,Pennsylvania,2024,0.05034327320010526,5.034327320010526,HIGH SAVINGS
A05686,Lakeside Integrated Health Care Network,New Jersey,2024,0.05490598438923993,5.490598438923993,HIGH SAVINGS
A05687,Cedar Health Alliance Health System,Michigan,2024,-0.02998697871805073,-2.998697871805073,LOW SAVINGS
A05688,Metro Medical Group Care Network,Connecticut,2024,0.04371524785860591,4.371524785860591,HIGH SAVINGS
A05689,WellSpring Healthcare Collaborative,Ohio,2024,0.021882814267951783,2.1882814267951782,MODERATE SAVINGS
A05690,WellSpring Care Partners Collaborative,Alabama,2024,0.05055761777762426,5.055761777762426,HIGH SAVINGS
A05691,Lakeside Health Partners Network,Texas,2024,-0.0227923143293744,-2.27923143293744,LOW SAVINGS
A05692,Maplewood Care Collaborative,Virginia,2024,0.015391501104254557,1.5391501104254557,MODERATE SAVINGS
A05694,Lakeside Clinical Partners Medical Center,Arizona,2024,0.042124613446516246,4.212461344651625,HIGH SAVINGS
A05695,Evergreen Health Collaborative Care Network,Alabama,2024,0.06554192695367259,6.5541926953672585,HIGH SAVINGS
A05696,Northstar Medical Group Alliance,Ohio,2024,0.0549929613147404,5.49929613147404,HIGH SAVINGS
A05697,Parkview Care Partners Health System,Tennessee,2024,0.02548648929224757,2.548648929224757,MODERATE SAVINGS
A05698,WellSpring Integrated Health Group,Ohio,2024,0.015509457940111996,1.5509457940111997,MODERATE SAVINGS
A05699,Green Valley Care Partners Health System,Missouri,2024,-0.009777598403634184,-0.9777598403634183,LOW SAVINGS
A05700,Stonebridge Community Care Health System,Pennsylvania,2024,0.036213571356800256,3.6213571356800256,HIGH SAVINGS
A05701,Clearview Physician Network Physician Alliance,Connecticut,2024,0.0033848744533846783,0.3384874453384678,MODERATE SAVINGS
A05702,Pioneer Health Collaborative Collaborative,Tennessee,2024,0.03823316319473879,3.8233163194738786,HIGH SAVINGS
A05703,Northstar Care Alliance Health System,Illinois,2024,0.013419609633168055,1.3419609633168055,MODERATE SAVINGS
A05704,Riverside Health Alliance Network,Arizona,2024,0.05132504718823964,5.132504718823964,HIGH SAVINGS
A05705,Redwood Health Collaborative Partners,Massachusetts,2024,0.006994738768593635,0.6994738768593636,MODERATE SAVINGS
A05706,Crestview Integrated Health Alliance,Ohio,2024,0.04545926071997383,4.545926071997383,HIGH SAVINGS
A05707,Crestview Health Network Physician Alliance,Florida,2024,0.047625583164468056,4.762558316446806,HIGH SAVINGS
A05708,Pinnacle Care Network Physician Alliance,Washington,2024,0.023681352836840676,2.3681352836840674,MODERATE SAVINGS
A05709,Community Medical Association,North Carolina,2024,0.03397958073157946,3.397958073157946,HIGH SAVINGS
A05710,Maplewood Care Network Alliance,Massachusetts,2024,0.007572932471587414,0.7572932471587415,MODERATE SAVINGS
A05711,Northstar Care Care Network,North Carolina,2024,0.05533667194042784,5.533667194042784,HIGH SAVINGS
A05712,Westfield Care Alliance Network,Arizona,2024,0.039021867028433556,3.9021867028433554,HIGH SAVINGS
A05713,Brookside Care Care Network,Virginia,2024,0.036682934887958776,3.668293488795878,HIGH SAVINGS
A05714,Parkview Physician Network Health System,Indiana,2024,0.06477038000841853,6.477038000841853,HIGH SAVINGS
A05715,Heritage Healthcare Physician Alliance,Tennessee,2024,0.021242249581228577,2.124224958122858,MODERATE SAVINGS
A05716,Northstar Health Partners Partners,Minnesota,2024,-0.027053762241088606,-2.7053762241088606,LOW SAVINGS
A05717,Parkview Wellness Collaborative,Colorado,2024,-0.03591103889134633,-3.591103889134633,LOW SAVINGS
A05718,Heritage Health Association,Massachusetts,2024,-0.013668435389855623,-1.3668435389855622,LOW SAVINGS
A05719,Heartland Care Network Partners,Minnesota,2024,0.05943140298066215,5.943140298066215,HIGH SAVINGS
A05720,Riverbend Health Alliance Alliance,New York,2024,0.04851474787444888,4.851474787444888,HIGH SAVINGS
A05721,Heartland Medical Partners,Alabama,2024,0.03349208980190971,3.349208980190971,HIGH SAVINGS
A05722,Heartland Medical Medical Center,Massachusetts,2024,0.01173111489230484,1.173111489230484,MODERATE SAVINGS
A05723,Clearview Care Network Association,Illinois,2024,0.04617733240072645,4.617733240072645,HIGH SAVINGS
A05724,Horizon Physician Network Group,Ohio,2024,0.022601844643162953,2.2601844643162954,MODERATE SAVINGS
A05725,Gateway Physicians Alliance,Connecticut,2024,0.035876256407173825,3.5876256407173823,HIGH SAVINGS
A05726,Pioneer Physician Network Physician Alliance,Ohio,2024,0.02942390155780363,2.942390155780363,MODERATE SAVINGS
A05727,Stonebridge Physician Network Care Network,Illinois,2024,-0.0036070299711720047,-0.36070299711720044,LOW SAVINGS
A05728,Northstar Community Care Network,Oregon,2024,0.07227225547694775,7.2272255476947755,HIGH SAVINGS
A05729,Pinnacle Healthcare Association,Pennsylvania,2024,-0.018177287530745084,-1.8177287530745083,LOW SAVINGS
A05730,Community Health Partners Alliance,Maryland,2024,-0.004110405333258142,-0.4110405333258142,LOW SAVINGS
A05731,Springfield Medical Partners Care Network,Virginia,2024,0.005148366161366463,0.5148366161366463,MODERATE SAVINGS
A05732,Metro Provider Alliance Care Network,New York,2024,0.022200859662925784,2.2200859662925785,MODERATE SAVINGS
A05733,Redwood Health Partners Network,Colorado,2024,-0.0406561079637626,-4.06561079637626,LOW SAVINGS
A05734,Heritage Health Group,Illinois,2024,0.02001991016620876,2.001991016620876,MODERATE SAVINGS
A05735,Fairview Medical Health System,Connecticut,2024,0.013858530801511905,1.3858530801511904,MODERATE SAVINGS
A05737,Green Valley Integrated Health Physician Alliance,Washington,2024,0.013762105432071521,1.376210543207152,MODERATE SAVINGS
A05738,Pioneer Healthcare Alliance,Michigan,2024,0.043746601725241765,4.374660172524177,HIGH SAVINGS
A05739,Blue Ridge Medical Group Group,Maryland,2024,0.040713463237384194,4.071346323738419,HIGH SAVINGS
A05740,Parkview Health Alliance,Georgia,2024,0.031370803360268616,3.1370803360268615,HIGH SAVINGS
A05741,Parkview Medical Partners Alliance,Michigan,2024,-0.010924664743124245,-1.0924664743124246,LOW SAVINGS
A05742,Riverbend Health Care Network,Virginia,2024,-0.019913911722694452,-1.9913911722694453,LOW SAVINGS
A05743,Community Medical Partners Group,Colorado,2024,0.011775190669922215,1.1775190669922215,MODERATE SAVINGS
A05744,Lakeside Medical Partners Collaborative,Colorado,2024,0.030481295309050378,3.0481295309050376,HIGH SAVINGS
A05745,Mountain View Health Collaborative Group,Tennessee,2024,-0.00023107008270047206,-0.023107008270047205,LOW SAVINGS
A05746,Unity Health Partners Network,Massachusetts,2024,0.014353024307488655,1.4353024307488655,MODERATE SAVINGS
A05747,Riverside Provider Alliance Medical Center,Florida,2024,0.044319712455016064,4.4319712455016065,HIGH SAVINGS
A05748,Riverbend Health Network Health System,Tennessee,2024,0.029748122642054568,2.9748122642054566,MODERATE SAVINGS
A05749,Golden Valley Medical Partners Partners,New York,2024,0.04132910965086349,4.132910965086349,HIGH SAVINGS
A05750,Riverbend Medical Group Network,Massachusetts,2024,0.020483049586577012,2.048304958657701,MODERATE SAVINGS
A05751,Northstar Care Group,Connecticut,2024,0.01567066073696193,1.5670660736961928,MODERATE SAVINGS
A05752,Heartland Integrated Health Partners,Colorado,2024,0.04631906769235525,4.631906769235525,HIGH SAVINGS
A05753,Lakeside Clinical Partners Care Network,Washington,2024,0.030615222120892713,3.0615222120892716,HIGH SAVINGS
A05754,Parkview Medical Group Health System,Texas,2024,-0.007185951686995192,-0.7185951686995192,LOW SAVINGS
A05755,Mountain View Care Network,New Jersey,2024,-0.0012093970926831648,-0.12093970926831649,LOW SAVINGS
A05756,Clearview Health Collaborative Medical Center,Georgia,2024,0.02304883633613011,2.3048836336130107,MODERATE SAVINGS
A05757,Mountain View Health Network Partners,California,2024,0.01673990788679511,1.6739907886795111,MODERATE SAVINGS
A05758,Highland Health Alliance Care Network,Georgia,2024,0.018240850745317283,1.8240850745317283,MODERATE SAVINGS
A05759,Oakridge Health Network Alliance,Tennessee,2024,0.03099846320804751,3.099846320804751,HIGH SAVINGS
A05760,Redwood Health Partners,Washington,2024,-0.022570567070631438,-2.257056707063144,LOW SAVINGS
A05761,Mountain View Health Partners Collaborative,Arizona,2024,0.022597964048444493,2.259796404844449,MODERATE SAVINGS
A05762,Riverside Healthcare Association,California,2024,-0.011481638085740674,-1.1481638085740673,LOW SAVINGS
A05763,Riverbend Health Network Group,Connecticut,2024,0.005087723074913102,0.5087723074913102,MODERATE SAVINGS
A05764,Summit Care Alliance Collaborative,Maryland,2024,0.044958150326110856,4.495815032611086,HIGH SAVINGS
A05765,Valley Physician Network Alliance,Georgia,2024,0.03330636575393237,3.330636575393237,HIGH SAVINGS
A05766,Green Valley Medical Physician Alliance,Tennessee,2024,-0.006494789949694205,-0.6494789949694205,LOW SAVINGS
A05767,Silverstone Care Alliance Care Network,Maryland,2024,0.030783717924946895,3.0783717924946896,HIGH SAVINGS
A05768,Golden Valley Healthcare Alliance,Texas,2024,0.02952031995072626,2.952031995072626,MODERATE SAVINGS
A05769,Green Valley Medical Group Physician Alliance,Georgia,2024,-0.00585141174848977,-0.585141174848977,LOW SAVINGS
A05770,WellSpring Health Alliance Collaborative,Florida,2024,-0.0014653205941130643,-0.14653205941130643,LOW SAVINGS
A05771,Gateway Integrated Health Health System,North Carolina,2024,-0.0012670419763394286,-0.12670419763394286,LOW SAVINGS
A05772,Horizon Physician Network Physician Alliance,Massachusetts,2024,0.042910547173487246,4.291054717348724,HIGH SAVINGS
A05773,Meadow Health Collaborative Care Network,Florida,2024,0.05838097752353726,5.838097752353726,HIGH SAVINGS
A05774,Beacon Medical Medical Center,Florida,2024,0.011295859705727702,1.1295859705727702,MODERATE SAVINGS
A05775,Evergreen Health Alliance Alliance,Washington,2024,0.05113204981511689,5.113204981511689,HIGH SAVINGS
A05776,Oakridge Wellness Group,Illinois,2024,0.03060178299229661,3.060178299229661,HIGH SAVINGS
A05777,Silverstone Physician Network Alliance,Texas,2024,0.05195946696680931,5.195946696680931,HIGH SAVINGS
A05778,Community Health Physician Alliance,Alabama,2024,0.009647853201741415,0.9647853201741415,MODERATE SAVINGS
A05779,Lakeside Care Health System,Massachusetts,2024,0.0412810090854071,4.12810090854071,HIGH SAVINGS
A05780,Highland Provider Alliance Alliance,Minnesota,2024,-0.0038714669162819774,-0.38714669162819776,LOW SAVINGS
A05781,Evergreen Health Partners Partners,Arizona,2024,0.025639968345734652,2.5639968345734654,MODERATE SAVINGS
A05782,WellSpring Wellness Partners,Wisconsin,2024,-0.0043383156080071235,-0.43383156080071233,LOW SAVINGS
A05783,Metro Physician Network Medical Center,Alabama,2024,0.015179621974237681,1.517962197423768,MODERATE SAVINGS
A05784,Beacon Health Alliance Care Network,New York,2024,0.02812469285229057,2.812469285229057,MODERATE SAVINGS
A05785,Summit Physician Network Care Network,Michigan,2024,-0.03263267699127314,-3.2632676991273137,LOW SAVINGS
A05786,Lakeside Wellness Collaborative,Arizona,2024,0.00410292466910288,0.410292466910288,MODERATE SAVINGS
A05787,Heritage Community Care Collaborative,Minnesota,2024,-0.00513677233690312,-0.513677233690312,LOW SAVINGS
A05788,Redwood Healthcare Association,California,2024,0.010031855959666042,1.0031855959666043,MODERATE SAVINGS
A05789,Metro Wellness Alliance,Missouri,2024,0.02049416107123146,2.049416107123146,MODERATE SAVINGS
A05790,Horizon Health Network Physician Alliance,Michigan,2024,-0.008021035939100809,-0.8021035939100809,LOW SAVINGS
A05791,Canyon Care Alliance Alliance,Illinois,2024,0.0005473237849120706,0.05473237849120706,MODERATE SAVINGS
A05792,Redwood Medical Partners Network,New Jersey,2024,0.06627541776121951,6.627541776121951,HIGH SAVINGS
A05793,Mountain View Care Physician Alliance,Tennessee,2024,0.03110541664755862,3.1105416647558624,HIGH SAVINGS
A05794,Fairview Community Care Network,Maryland,2024,0.04606045456921952,4.606045456921952,HIGH SAVINGS
A05795,Golden Valley Health Collaborative Partners,Massachusetts,2024,0.027459386590575542,2.745938659057554,MODERATE SAVINGS
A05796,Stonebridge Health Network,Ohio,2024,-0.04585189984245796,-4.585189984245796,LOW SAVINGS
A05797,Valley Care Alliance Collaborative,Connecticut,2024,0.006529761110460278,0.6529761110460278,MODERATE SAVINGS
A05798,Grandview Wellness Health System,California,2024,-0.057889283731774224,-5.788928373177423,LOW SAVINGS
A05799,Silverstone Integrated Health Care Network,Virginia,2024,0.048016629476095266,4.801662947609526,HIGH SAVINGS
A05800,Stonebridge Care Alliance Health System,California,2024,0.01175872652019344,1.1758726520193439,MODERATE SAVINGS
A05801,Highland Care Group,Ohio,2024,0.007124499575388312,0.7124499575388312,MODERATE SAVINGS
A05802,Gateway Health Association,Indiana,2024,-0.05266436703317814,-5.266436703317813,LOW SAVINGS
A05803,Summit Health Network Health System,Connecticut,2024,-0.035751580310172934,-3.5751580310172932,LOW SAVINGS
A05804,Riverbend Clinical Partners Association,Texas,2024,-0.019391349730102737,-1.9391349730102738,LOW SAVINGS
A05805,Riverbend Wellness Network,Massachusetts,2024,0.03820714312123581,3.8207143121235814,HIGH SAVINGS
A05806,Westfield Physicians Partners,Alabama,2024,-0.018656307454490817,-1.8656307454490817,LOW SAVINGS
A05807,Heartland Care Alliance Alliance,Indiana,2024,-0.007744829815915837,-0.7744829815915837,LOW SAVINGS
A05808,Summit Health Association,Illinois,2024,0.009150256282831368,0.9150256282831368,MODERATE SAVINGS
A05809,Grandview Physician Network Network,Tennessee,2024,-0.014556327085851858,-1.4556327085851857,LOW SAVINGS
A05810,Fairview Healthcare Group,Arizona,2024,-0.032267535570894,-3.2267535570894,LOW SAVINGS
A05811,Heritage Care Medical Center,Illinois,2024,0.01667330563211091,1.667330563211091,MODERATE SAVINGS
A05812,Gateway Community Care Medical Center,Washington,2024,-0.0020696076107657876,-0.20696076107657876,LOW SAVINGS
A05813,Northstar Medical Partners Partners,Michigan,2024,0.06224244791493433,6.224244791493433,HIGH SAVINGS
A05814,Oakridge Community Care Association,Tennessee,2024,0.03576198225936895,3.5761982259368947,HIGH SAVINGS
A05815,Highland Care Partners Collaborative,Florida,2024,0.01461256443664346,1.461256443664346,MODERATE SAVINGS
A05816,Westfield Health Alliance Collaborative,New Jersey,2024,-0.001325453151370375,-0.13254531513703752,LOW SAVINGS
A05817,Heartland Care Partners Physician Alliance,Texas,2024,0.022229257845686155,2.2229257845686154,MODERATE SAVINGS
A05818,Parkview Physicians Partners,Colorado,2024,-0.0089238117581403,-0.8923811758140301,LOW SAVINGS
A05819,Clearview Community Care Physician Alliance,Ohio,2024,0.013685611627334004,1.3685611627334004,MODERATE SAVINGS
A05820,Lakeside Care Alliance Group,Maryland,2024,-0.03317771804498858,-3.317771804498858,LOW SAVINGS
A05821,Northstar Health Partners Network,Wisconsin,2024,-0.033550723705738916,-3.3550723705738914,LOW SAVINGS
A05822,Brookside Health Collaborative Health System,California,2024,-0.0043077471634430245,-0.4307747163443025,LOW SAVINGS
A05823,Pinnacle Medical Partners Partners,Texas,2024,-0.0009132728229783178,-0.09132728229783178,LOW SAVINGS
A05824,Redwood Medical Network,Illinois,2024,0.07351255858551879,7.3512558585518795,HIGH SAVINGS
A05825,Highland Physicians Care Network,Missouri,2024,0.014913750244745717,1.4913750244745716,MODERATE SAVINGS
A05826,Community Care Partners Alliance,Georgia,2024,0.010749584508676222,1.0749584508676222,MODERATE SAVINGS
A05828,Horizon Wellness Alliance,Maryland,2024,0.0585883752824137,5.85883752824137,HIGH SAVINGS
A05829,Unity Care Partners Network,Texas,2024,-0.025149426673166806,-2.5149426673166806,LOW SAVINGS
A05830,Westfield Physicians Health System,North Carolina,2024,0.0018482411201374066,0.18482411201374066,MODERATE SAVINGS
A05831,Parkview Health Network Partners,Illinois,2024,0.037030976037115144,3.7030976037115146,HIGH SAVINGS
A05832,Heartland Community Care Association,Massachusetts,2024,0.06159701456933015,6.159701456933015,HIGH SAVINGS
A05833,Unity Clinical Partners Alliance,Illinois,2024,0.011697501389068521,1.169750138906852,MODERATE SAVINGS
A05834,Pioneer Care Alliance,New Jersey,2024,-0.016335911249260288,-1.6335911249260286,LOW SAVINGS
A05835,Lakeside Health Network Physician Alliance,Indiana,2024,-0.028951724115838663,-2.895172411583866,LOW SAVINGS
A05836,Riverside Health Network Group,Michigan,2024,0.022503853317377108,2.2503853317377107,MODERATE SAVINGS
A05837,Meadow Care Partners Care Network,Wisconsin,2024,0.024049255577090964,2.404925557709096,MODERATE SAVINGS
A05838,Eastgate Care Alliance Group,Connecticut,2024,0.008926406799166281,0.8926406799166281,MODERATE SAVINGS
A05839,Stonebridge Health Partners Partners,Massachusetts,2024,0.039092823201854934,3.9092823201854934,HIGH SAVINGS
A05840,Riverbend Physician Network Partners,Illinois,2024,0.0013899706342435964,0.13899706342435963,MODERATE SAVINGS
A05841,Summit Clinical Partners Health System,Minnesota,2024,-0.006644614917224116,-0.6644614917224116,LOW SAVINGS
A05842,Eastgate Medical Health System,Oregon,2024,0.036996557855397155,3.6996557855397154,HIGH SAVINGS
A05843,Clearview Provider Alliance Physician Alliance,Massachusetts,2024,-0.011786287213571419,-1.1786287213571418,LOW SAVINGS
A05844,Fairview Health Partners Association,Texas,2024,-0.02142636611693605,-2.142636611693605,LOW SAVINGS
A05845,Grandview Healthcare Partners,Tennessee,2024,0.02183370264923962,2.183370264923962,MODERATE SAVINGS
A05846,Northstar Physician Network Physician Alliance,Maryland,2024,0.027277962174071402,2.7277962174071404,MODERATE SAVINGS
A05847,Maplewood Care Network Partners,Florida,2024,0.026044804824090426,2.6044804824090426,MODERATE SAVINGS
A05848,Lakeside Health Network Network,California,2024,0.05248567452445457,5.2485674524454575,HIGH SAVINGS
A05849,Metro Physicians Partners,Missouri,2024,0.04328282144214122,4.328282144214122,HIGH SAVINGS
A05850,Summit Care Alliance Network,Ohio,2024,0.044616046262200636,4.461604626220064,HIGH SAVINGS
A05851,Summit Provider Alliance Health System,New Jersey,2024,0.039745766603767364,3.9745766603767363,HIGH SAVINGS
A05852,Riverbend Health Network Network,California,2024,0.033263113527747204,3.3263113527747206,HIGH SAVINGS
A05853,Pioneer Care Alliance Network,Massachusetts,2024,0.023751795894905958,2.3751795894905956,MODERATE SAVINGS
A05854,Oakridge Care Alliance Association,North Carolina,2024,0.05419180444194798,5.419180444194798,HIGH SAVINGS
A05855,Springfield Care Partners Group,Virginia,2024,-0.020114036336383326,-2.0114036336383325,LOW SAVINGS
A05856,Green Valley Health Partners Group,Wisconsin,2024,0.0162039371698124,1.62039371698124,MODERATE SAVINGS
A05857,Riverbend Health Group,Massachusetts,2024,0.03782267643590713,3.7822676435907128,HIGH SAVINGS
A05858,Gateway Physicians Care Network,Virginia,2024,0.06489637223908966,6.489637223908966,HIGH SAVINGS
A05860,Highland Healthcare Alliance,Michigan,2024,0.028509572622107123,2.8509572622107124,MODERATE SAVINGS
A05861,Parkview Care Partners,Connecticut,2024,0.03685325306859751,3.685325306859751,HIGH SAVINGS
A05862,Summit Community Care Medical Center,Oregon,2024,-0.06156665797914378,-6.1566657979143775,LOW SAVINGS
A05863,Pinnacle Health Network Association,Illinois,2024,0.012987019150048585,1.2987019150048584,MODERATE SAVINGS
A05864,Brookside Health Alliance Partners,Florida,2024,0.003060881887265854,0.30608818872658544,MODERATE SAVINGS
A05865,Canyon Community Care Partners,Indiana,2024,-0.011479168811888258,-1.1479168811888258,LOW SAVINGS
A05866,Valley Health Alliance Partners,Florida,2024,0.0233893303582089,2.33893303582089,MODERATE SAVINGS
A05867,Mountain View Healthcare Partners,Tennessee,2024,0.03724361826217766,3.7243618262177662,HIGH SAVINGS
A05868,Heritage Health Collaborative Group,Washington,2024,0.029903404709843522,2.990340470984352,MODERATE SAVINGS
A05869,Heartland Health Partners,New Jersey,2024,0.06030036030834528,6.030036030834528,HIGH SAVINGS
A05870,Beacon Healthcare Partners,Texas,2024,0.07498318038970969,7.498318038970969,HIGH SAVINGS
A05871,Heartland Integrated Health Network,Colorado,2024,0.052951771984874746,5.295177198487474,HIGH SAVINGS
A05872,Westfield Community Care Health System,Washington,2024,-0.004880147195223167,-0.48801471952231673,LOW SAVINGS
A05873,Summit Health Partners Health System,Illinois,2024,0.05943573601534978,5.943573601534978,HIGH SAVINGS
A05874,Riverside Health Network Association,Indiana,2024,0.020514459868062426,2.0514459868062427,MODERATE SAVINGS
A05875,Northstar Wellness Health System,Florida,2024,0.06478171679383354,6.478171679383355,HIGH SAVINGS
A05876,Fairview Care Alliance Physician Alliance,Illinois,2024,-0.004087758756037571,-0.40877587560375706,LOW SAVINGS
A05878,Summit Healthcare Health System,Indiana,2024,0.021377031057023314,2.1377031057023315,MODERATE SAVINGS
A05879,Golden Valley Health Partners Physician Alliance,Maryland,2024,0.029615070364362058,2.9615070364362057,MODERATE SAVINGS
A05880,Cedar Health Network Group,Arizona,2024,0.014317600595106747,1.4317600595106748,MODERATE SAVINGS
A05881,Evergreen Physician Network Health System,Missouri,2024,0.01941556703931635,1.941556703931635,MODERATE SAVINGS
A05882,Blue Ridge Health Collaborative Health System,Massachusetts,2024,-0.009553111909382841,-0.9553111909382841,LOW SAVINGS
A05883,Stonebridge Wellness Association,Colorado,2024,0.060019547953203044,6.001954795320304,HIGH SAVINGS
A05884,Golden Valley Clinical Partners Alliance,Ohio,2024,0.04396744128825616,4.396744128825616,HIGH SAVINGS
A05885,Cedar Provider Alliance Alliance,California,2024,0.0343392830160581,3.4339283016058095,HIGH SAVINGS
A05886,Golden Valley Wellness Group,Illinois,2024,0.005488357128309355,0.5488357128309355,MODERATE SAVINGS
A05887,Oakridge Healthcare Alliance,Georgia,2024,0.017451982389049898,1.7451982389049898,MODERATE SAVINGS
A05888,Blue Ridge Medical Group Collaborative,Arizona,2024,0.008112888209134129,0.8112888209134129,MODERATE SAVINGS
A05889,Green Valley Care Alliance Health System,Illinois,2024,-0.0017353480956073765,-0.17353480956073764,LOW SAVINGS
A05890,Springfield Care Partners Partners,Connecticut,2024,0.07006862425935516,7.006862425935516,HIGH SAVINGS
A05891,Stonebridge Physician Network Health System,Wisconsin,2024,0.04813467383641926,4.813467383641926,HIGH SAVINGS
A05892,WellSpring Health Alliance Association,Georgia,2024,-0.017236059619437315,-1.7236059619437316,LOW SAVINGS
A05893,Parkview Wellness Physician Alliance,Florida,2024,-0.012432193893115123,-1.2432193893115122,LOW SAVINGS
A05894,Silverstone Healthcare Medical Center,Massachusetts,2024,0.011957500303802094,1.1957500303802093,MODERATE SAVINGS
A05895,Oakridge Care Health System,Virginia,2024,-0.0052132739852271985,-0.5213273985227198,LOW SAVINGS
A05896,Pinnacle Health Network Group,North Carolina,2024,-0.013673500478008648,-1.3673500478008649,LOW SAVINGS
A05897,Silverstone Health Physician Alliance,Minnesota,2024,0.029102966326715177,2.9102966326715176,MODERATE SAVINGS
A05898,Parkview Care Partners Alliance,Ohio,2024,0.025656017967426694,2.565601796742669,MODERATE SAVINGS
A05899,Heritage Care Network Partners,Wisconsin,2024,0.020209544879896776,2.0209544879896777,MODERATE SAVINGS
A05900,Riverbend Medical Physician Alliance,Alabama,2024,-0.04460780098830782,-4.460780098830782,LOW SAVINGS
A05901,Beacon Healthcare Care Network,Minnesota,2024,0.013546521498437145,1.3546521498437145,MODERATE SAVINGS
A05903,Maplewood Care Alliance Group,Indiana,2024,0.03076397195380264,3.076397195380264,HIGH SAVINGS
A05904,Beacon Physician Network Physician Alliance,Alabama,2024,0.02070083734867131,2.070083734867131,MODERATE SAVINGS
A05905,Evergreen Medical Group Alliance,New Jersey,2024,-0.010779951976971175,-1.0779951976971176,LOW SAVINGS
A05906,Horizon Healthcare Health System,North Carolina,2024,-0.018193236362291552,-1.8193236362291552,LOW SAVINGS
A05907,Redwood Community Care Physician Alliance,Tennessee,2024,0.01514690378563738,1.514690378563738,MODERATE SAVINGS
A05908,Golden Valley Wellness Medical Center,Wisconsin,2024,0.06665040897078688,6.665040897078687,HIGH SAVINGS
A05909,Grandview Physician Network Group,North Carolina,2024,0.06744897881839414,6.744897881839414,HIGH SAVINGS
A05910,Silverstone Provider Alliance Collaborative,Connecticut,2024,0.039688034967082696,3.9688034967082695,HIGH SAVINGS
A05911,Beacon Clinical Partners Care Network,Maryland,2024,-0.0129224073353538,-1.29224073353538,LOW SAVINGS
A05912,Community Care Network Collaborative,Pennsylvania,2024,0.05211094883199131,5.211094883199132,HIGH SAVINGS
A05913,Northstar Health Network Care Network,Michigan,2024,0.028067152516577397,2.8067152516577396,MODERATE SAVINGS
A05914,Crestview Health Association,Pennsylvania,2024,0.0610778961653411,6.10778961653411,HIGH SAVINGS
A05915,Unity Community Care Partners,New Jersey,2024,-0.01523546614735272,-1.523546614735272,LOW SAVINGS
A05916,Northstar Physicians Network,Wisconsin,2024,-0.002317031252049244,-0.23170312520492442,LOW SAVINGS
A05917,Unity Care Network Group,Indiana,2024,0.05452841178797801,5.452841178797801,HIGH SAVINGS
A05919,Green Valley Health Alliance Group,Massachusetts,2024,-0.03345112769631038,-3.3451127696310383,LOW SAVINGS
A05921,Stonebridge Clinical Partners Medical Center,Georgia,2024,0.03212606342079355,3.212606342079355,HIGH SAVINGS
A05922,Evergreen Care Partners,New York,2024,0.06564953445842388,6.564953445842388,HIGH SAVINGS
A05923,Summit Wellness Health System,Tennessee,2024,0.06062581040888168,6.062581040888168,HIGH SAVINGS
A05924,Riverside Care Network Physician Alliance,Connecticut,2024,-0.009017331126136953,-0.9017331126136954,LOW SAVINGS
A05925,Riverbend Health Alliance Health System,North Carolina,2024,0.023400211318686512,2.3400211318686512,MODERATE SAVINGS
A05926,Fairview Integrated Health Medical Center,Indiana,2024,0.04484274768572325,4.484274768572325,HIGH SAVINGS
A05927,Heartland Health Health System,Oregon,2024,0.027265476402765665,2.7265476402765665,MODERATE SAVINGS
A05928,Green Valley Physicians Partners,Oregon,2024,0.019801659859238176,1.9801659859238177,MODERATE SAVINGS
A05929,Parkview Physician Network Alliance,Arizona,2024,0.05819685829253402,5.819685829253403,HIGH SAVINGS
A05930,Springfield Clinical Partners Health System,Minnesota,2024,0.016793638176010053,1.6793638176010053,MODERATE SAVINGS
A05931,Pinnacle Integrated Health Care Network,Washington,2024,0.021171135865472958,2.117113586547296,MODERATE SAVINGS
A05932,Westfield Care Alliance Partners,Minnesota,2024,0.0881155019037388,8.81155019037388,HIGH SAVINGS
A05933,Grandview Medical Care Network,New York,2024,0.02535228808260591,2.535228808260591,MODERATE SAVINGS
A05935,WellSpring Health Group,Texas,2024,0.05837820287745267,5.837820287745267,HIGH SAVINGS
A05936,Beacon Care Network Health System,Arizona,2024,0.04133627091250341,4.13362709125034,HIGH SAVINGS
A05937,Highland Care Partners Medical Center,Georgia,2024,0.013000754081488304,1.3000754081488304,MODERATE SAVINGS
A05938,Westfield Health Alliance Group,Massachusetts,2024,-0.017051559097143582,-1.7051559097143583,LOW SAVINGS
A05939,Parkview Physician Network Medical Center,Minnesota,2024,0.02300583745821633,2.300583745821633,MODERATE SAVINGS
A05940,Unity Community Care Physician Alliance,Indiana,2024,0.06908619626046922,6.908619626046922,HIGH SAVINGS
A05941,Blue Ridge Care Partners Medical Center,Missouri,2024,0.016612868415894266,1.6612868415894266,MODERATE SAVINGS
A05942,Clearview Health Group,North Carolina,2024,0.05157854881686686,5.157854881686686,HIGH SAVINGS
A05943,Green Valley Care Partners Network,Pennsylvania,2024,0.07041106533902702,7.041106533902703,HIGH SAVINGS
A05944,Golden Valley Clinical Partners Care Network,Pennsylvania,2024,-0.02587858324277425,-2.5878583242774247,LOW SAVINGS
A05945,Oakridge Provider Alliance Alliance,Pennsylvania,2024,0.035338853294153594,3.5338853294153596,HIGH SAVINGS
A05946,Oakridge Healthcare Group,Missouri,2024,0.00427052006147376,0.427052006147376,MODERATE SAVINGS
A05947,Horizon Care Partners Care Network,Minnesota,2024,0.03604099973047572,3.604099973047572,HIGH SAVINGS
A05948,Unity Integrated Health Association,Missouri,2024,0.0032118644186840844,0.32118644186840845,MODERATE SAVINGS
A05949,Canyon Integrated Health Network,Arizona,2024,0.012520369105607136,1.2520369105607136,MODERATE SAVINGS
A05950,Maplewood Care Alliance Alliance,Pennsylvania,2024,0.05672161779461207,5.672161779461208,HIGH SAVINGS
A05951,Beacon Physicians Physician Alliance,Illinois,2024,0.017840322743025303,1.7840322743025303,MODERATE SAVINGS
A05952,Beacon Care Partners Medical Center,Oregon,2024,0.0708687300372003,7.08687300372003,HIGH SAVINGS
A05953,Springfield Healthcare Alliance,New York,2024,3.1979622336415305e-05,0.0031979622336415305,MODERATE SAVINGS
A05954,Crestview Care Alliance Collaborative,Indiana,2024,0.017086274586462943,1.7086274586462942,MODERATE SAVINGS
A05955,Heritage Health Physician Alliance,Indiana,2024,-0.004535242414204509,-0.45352424142045095,LOW SAVINGS
A05957,Springfield Care Network Association,Missouri,2024,0.0022992851508975365,0.22992851508975365,MODERATE SAVINGS
A05958,Silverstone Health Alliance Physician Alliance,Connecticut,2024,0.010115238956039867,1.0115238956039867,MODERATE SAVINGS
A05959,Evergreen Health Alliance,Maryland,2024,0.030065176445106444,3.0065176445106445,HIGH SAVINGS
A05960,Eastgate Wellness Medical Center,Florida,2024,0.0008915744555512743,0.08915744555512743,MODERATE SAVINGS
A05961,Meadow Health Collaborative Alliance,New York,2024,0.0028756113137436506,0.28756113137436506,MODERATE SAVINGS
A05962,Golden Valley Medical Partners Alliance,Massachusetts,2024,-0.025123425751446167,-2.5123425751446167,LOW SAVINGS
A05963,Highland Clinical Partners Network,Alabama,2024,0.04330479389545925,4.330479389545925,HIGH SAVINGS
A05964,Highland Community Care Association,Tennessee,2024,-0.02752497859251102,-2.7524978592511022,LOW SAVINGS
A05965,Pioneer Care Collaborative,New York,2024,0.002776352560684719,0.2776352560684719,MODERATE SAVINGS
A05966,Horizon Wellness Health System,Maryland,2024,0.0007989523379799432,0.07989523379799432,MODERATE SAVINGS
A05967,Northstar Wellness Partners,Massachusetts,2024,-0.010916837616452834,-1.0916837616452835,LOW SAVINGS
A05968,Unity Healthcare Association,Washington,2024,0.03639569368087035,3.6395693680870354,HIGH SAVINGS
A05969,Redwood Clinical Partners Medical Center,Washington,2024,0.027213529270573453,2.721352927057345,MODERATE SAVINGS
A05970,Green Valley Care Partners Alliance,Michigan,2024,0.037271044771167924,3.7271044771167925,HIGH SAVINGS
A05971,Lakeside Provider Alliance Group,New York,2024,-0.017193057498369725,-1.7193057498369726,LOW SAVINGS
A05972,Fairview Provider Alliance Group,Maryland,2024,0.023328269495716168,2.3328269495716167,MODERATE SAVINGS
A05973,Grandview Care Network Association,California,2024,-0.00044486917277004726,-0.044486917277004726,LOW SAVINGS
A05974,Canyon Physician Network Group,Maryland,2024,-0.04066135164239546,-4.0661351642395465,LOW SAVINGS
A05975,Lakeside Healthcare Network,Alabama,2024,0.08085867721222678,8.085867721222678,HIGH SAVINGS
A05976,Cedar Healthcare Collaborative,Michigan,2024,0.018891419984574078,1.8891419984574078,MODERATE SAVINGS
A05977,Westfield Medical Group Care Network,Connecticut,2024,0.010629176338781127,1.0629176338781128,MODERATE SAVINGS
A05978,Springfield Health Physician Alliance,Wisconsin,2024,0.02718759858401492,2.718759858401492,MODERATE SAVINGS
A05979,Redwood Care Collaborative,Colorado,2024,-0.01040691000582239,-1.040691000582239,LOW SAVINGS
A05980,Horizon Healthcare Collaborative,New York,2024,-0.021799632489233257,-2.179963248923326,LOW SAVINGS
A05981,Highland Health Network Partners,Connecticut,2024,0.022134896706516943,2.213489670651694,MODERATE SAVINGS
A05982,Pioneer Physicians Alliance,Texas,2024,0.011833077712322193,1.1833077712322193,MODERATE SAVINGS
A05983,Brookside Physician Network Association,Illinois,2024,0.007411084144966123,0.7411084144966124,MODERATE SAVINGS
A05984,Springfield Care Alliance Alliance,Illinois,2024,-0.008947256276342689,-0.8947256276342689,LOW SAVINGS
A05985,Blue Ridge Care Collaborative,New York,2024,0.02754193617104402,2.7541936171044017,MODERATE SAVINGS
A05986,Oakridge Health Network Association,Virginia,2024,0.01843648157981062,1.843648157981062,MODERATE SAVINGS
A05987,Maplewood Health Network Alliance,Michigan,2024,0.023501182739084168,2.350118273908417,MODERATE SAVINGS
A05988,Highland Clinical Partners Alliance,Georgia,2024,-0.0018183211570041724,-0.18183211570041724,LOW SAVINGS
A05989,Stonebridge Health Partners Collaborative,Colorado,2024,-0.0046732565431819315,-0.4673256543181932,LOW SAVINGS
A05990,Heritage Medical Alliance,Oregon,2024,0.03830954308822779,3.8309543088227787,HIGH SAVINGS
A05991,Mountain View Medical Partners Care Network,Connecticut,2024,0.03027427579323916,3.0274275793239163,HIGH SAVINGS
A05992,Blue Ridge Integrated Health Health System,Missouri,2024,-0.04621870204413722,-4.621870204413722,LOW SAVINGS
A05993,Community Care Alliance Network,Indiana,2024,0.0010695442571973786,0.10695442571973786,MODERATE SAVINGS
A05994,Riverside Wellness Care Network,Virginia,2024,0.04762412443721757,4.762412443721757,HIGH SAVINGS
A05995,Northstar Medical Group Group,Arizona,2024,-0.03392516071987413,-3.392516071987413,LOW SAVINGS
A05996,Community Wellness Partners,Oregon,2024,0.029068485482539538,2.906848548253954,MODERATE SAVINGS
A05997,Lakeside Health Alliance Alliance,New Jersey,2024,0.02190992605973209,2.190992605973209,MODERATE SAVINGS
A05998,Gateway Health Partners Collaborative,New Jersey,2024,0.0321280069591113,3.2128006959111297,HIGH SAVINGS
A05999,Riverbend Physician Network Alliance,Massachusetts,2024,0.022736261886087107,2.2736261886087106,MODERATE SAVINGS
A06000,Fairview Healthcare Health System,Pennsylvania,2024,0.04601312781780013,4.601312781780012,HIGH SAVINGS
A06001,Highland Medical Association,New Jersey,2024,0.0026940699066351965,0.26940699066351964,MODERATE SAVINGS
A06002,Parkview Health Network Collaborative,Georgia,2024,0.041460668897617924,4.1460668897617925,HIGH SAVINGS
A06003,Fairview Care Network Network,Minnesota,2024,0.002711838846466938,0.2711838846466938,MODERATE SAVINGS
A06004,Horizon Physician Network Collaborative,Texas,2024,-0.03196065564443638,-3.1960655644436375,LOW SAVINGS
A06005,Crestview Healthcare Partners,New York,2024,0.07989153802586457,7.989153802586458,HIGH SAVINGS
A06006,Blue Ridge Provider Alliance Physician Alliance,Indiana,2024,-0.01721609626583875,-1.721609626583875,LOW SAVINGS
A06007,Stonebridge Integrated Health Collaborative,California,2024,0.08298730875347096,8.298730875347097,HIGH SAVINGS
A06008,Maplewood Clinical Partners Group,Wisconsin,2024,-0.004278253145388224,-0.4278253145388224,LOW SAVINGS
A06009,Horizon Health Alliance Group,California,2024,0.03689199540136949,3.689199540136949,HIGH SAVINGS
A06010,Pinnacle Provider Alliance Physician Alliance,Maryland,2024,0.02664535763698461,2.664535763698461,MODERATE SAVINGS
A06011,Unity Physicians Alliance,Florida,2024,0.05744171889700658,5.744171889700659,HIGH SAVINGS
A06012,Northstar Health Collaborative Care Network,Maryland,2024,0.003914146007684218,0.3914146007684218,MODERATE SAVINGS
A06013,Oakridge Care Partners Care Network,Wisconsin,2024,0.03241522910287275,3.2415229102872747,HIGH SAVINGS
A06014,Clearview Care Network Partners,California,2024,0.02917183554728446,2.917183554728446,MODERATE SAVINGS
A06015,Heritage Clinical Partners Care Network,Arizona,2024,0.0032568350407286123,0.32568350407286123,MODERATE SAVINGS
A06016,Horizon Medical Partners Group,Arizona,2024,0.0022599772844691677,0.22599772844691676,MODERATE SAVINGS
A06017,Maplewood Medical Network,Georgia,2024,0.03270796220060571,3.2707962200605714,HIGH SAVINGS
A06018,Summit Health Alliance Alliance,California,2024,0.024100887028316625,2.4100887028316627,MODERATE SAVINGS
A06019,Community Care Alliance Collaborative,Missouri,2024,0.05733749207285353,5.733749207285353,HIGH SAVINGS
A06020,Clearview Health Alliance Partners,Massachusetts,2024,0.0728496847388861,7.28496847388861,HIGH SAVINGS
A06021,Horizon Care Group,Missouri,2024,-0.0014993401184985448,-0.14993401184985447,LOW SAVINGS
A06022,Fairview Care Alliance,Missouri,2024,-0.0014752266757978698,-0.14752266757978696,LOW SAVINGS
A06023,Crestview Physicians Partners,Missouri,2024,0.03111195642608544,3.111195642608544,HIGH SAVINGS
A06025,Community Health Network Network,Indiana,2024,0.054783799649873864,5.478379964987386,HIGH SAVINGS
A06026,Heartland Medical Group Group,Michigan,2024,0.014196877579317013,1.4196877579317013,MODERATE SAVINGS
A06027,Clearview Care Health System,Pennsylvania,2024,0.02469100388879703,2.4691003888797027,MODERATE SAVINGS
A06028,Highland Health Alliance Physician Alliance,Virginia,2024,0.01743228716305775,1.743228716305775,MODERATE SAVINGS
A06029,Valley Medical Health System,Wisconsin,2024,0.02945161083010816,2.9451610830108157,MODERATE SAVINGS
A06030,Mountain View Care Partners Group,Ohio,2024,0.037681595890617946,3.7681595890617947,HIGH SAVINGS
A06031,Maplewood Care Alliance Care Network,Virginia,2024,-0.0008032033736599426,-0.08032033736599425,LOW SAVINGS
A06032,Beacon Medical Physician Alliance,Massachusetts,2024,-0.001770713108665555,-0.1770713108665555,LOW SAVINGS
A06033,Beacon Medical Partners Physician Alliance,New York,2024,0.04520752637927134,4.520752637927134,HIGH SAVINGS
A06034,Clearview Physicians Partners,Georgia,2024,0.046850119782817855,4.685011978281786,HIGH SAVINGS
A06035,Metro Health Collaborative Medical Center,Texas,2024,0.04608488606049816,4.608488606049816,HIGH SAVINGS
A06036,Highland Health Collaborative Association,Arizona,2024,0.04206584463942733,4.2065844639427326,HIGH SAVINGS
A06037,Northstar Health Partners Association,Maryland,2024,0.006956195746672426,0.6956195746672427,MODERATE SAVINGS
A06038,Grandview Provider Alliance Alliance,New Jersey,2024,0.01898482595188937,1.898482595188937,MODERATE SAVINGS
A06040,Redwood Physician Network Alliance,Tennessee,2024,0.02677194101900349,2.677194101900349,MODERATE SAVINGS
A06041,Heartland Care Alliance Association,Georgia,2024,0.014244283787236703,1.4244283787236702,MODERATE SAVINGS
A06042,Crestview Health Alliance Physician Alliance,New York,2024,0.0337147403921192,3.37147403921192,HIGH SAVINGS
A06043,Eastgate Wellness Physician Alliance,New York,2024,0.01839722700880431,1.839722700880431,MODERATE SAVINGS
A06044,Westfield Provider Alliance Association,Indiana,2024,0.020617866018492935,2.0617866018492936,MODERATE SAVINGS
A06045,Pioneer Medical Group Collaborative,Massachusetts,2024,0.08993107120461381,8.993107120461381,HIGH SAVINGS
A06046,Unity Wellness Network,Arizona,2024,0.027524829694535305,2.7524829694535304,MODERATE SAVINGS
A06047,Fairview Medical Group Care Network,Maryland,2024,0.043026145360699715,4.302614536069972,HIGH SAVINGS
A06048,Beacon Care Partners Network,Minnesota,2024,0.07042464637744644,7.0424646377446445,HIGH SAVINGS
A06049,Metro Wellness Partners,Michigan,2024,0.01959848832690513,1.9598488326905128,MODERATE SAVINGS
A06050,Beacon Community Care Health System,Oregon,2024,-0.017667556702101794,-1.7667556702101794,LOW SAVINGS
A06051,Cedar Wellness Network,Arizona,2024,0.027734103571515494,2.7734103571515494,MODERATE SAVINGS
A06052,Oakridge Health Health System,Tennessee,2024,0.0032579483528034792,0.3257948352803479,MODERATE SAVINGS
A06053,Summit Care Network Collaborative,Wisconsin,2024,0.005558141395387895,0.5558141395387896,MODERATE SAVINGS
A06054,Springfield Medical Alliance,Ohio,2024,0.021086579713819793,2.1086579713819793,MODERATE SAVINGS
A06055,Westfield Health Network Health System,Florida,2024,-0.027467992481010714,-2.7467992481010715,LOW SAVINGS
A06056,Clearview Health Collaborative Partners,California,2024,0.05111922434135963,5.1119224341359635,HIGH SAVINGS
A06057,Meadow Physicians Network,Texas,2024,0.02682884499450431,2.682884499450431,MODERATE SAVINGS
A06058,Beacon Physician Network Association,Georgia,2024,0.01301938002323924,1.301938002323924,MODERATE SAVINGS
A06059,Crestview Care Alliance Partners,Pennsylvania,2024,0.009872882581782398,0.9872882581782397,MODERATE SAVINGS
A06060,Maplewood Provider Alliance Medical Center,Indiana,2024,-0.021586183893265224,-2.1586183893265223,LOW SAVINGS
A06061,Metro Wellness Collaborative,Oregon,2024,-0.07349661990940873,-7.349661990940873,LOW SAVINGS
A06062,Pinnacle Care Partners Physician Alliance,Minnesota,2024,-0.0032842675951542536,-0.3284267595154254,LOW SAVINGS
A06063,Fairview Physician Network Medical Center,Oregon,2024,0.007871355859806676,0.7871355859806676,MODERATE SAVINGS
A06064,Parkview Medical Group Partners,New Jersey,2024,0.041879958445126486,4.187995844512649,HIGH SAVINGS
A06065,Maplewood Physicians Partners,Virginia,2024,0.04050721752543836,4.0507217525438355,HIGH SAVINGS
A06066,Springfield Health Collaborative Alliance,Florida,2024,0.03324408671348915,3.3244086713489147,HIGH SAVINGS
A06067,Valley Clinical Partners Care Network,Colorado,2024,0.004066230831925572,0.40662308319255724,MODERATE SAVINGS
A06068,Silverstone Health Network Care Network,Missouri,2024,0.03984278077546721,3.9842780775467213,HIGH SAVINGS
A06069,Metro Community Care Medical Center,Pennsylvania,2024,0.017260923170858606,1.7260923170858606,MODERATE SAVINGS
A06070,Crestview Care Alliance,Maryland,2024,0.024345039911036585,2.4345039911036586,MODERATE SAVINGS
A06071,Community Care Association,Oregon,2024,0.027131387342097947,2.7131387342097946,MODERATE SAVINGS
A06072,Pioneer Care Partners Care Network,Oregon,2024,-0.0006038364334565328,-0.06038364334565328,LOW SAVINGS
A06073,Metro Health Network Collaborative,Wisconsin,2024,-0.016478177294072038,-1.6478177294072038,LOW SAVINGS
A06074,Riverside Care Network Care Network,Wisconsin,2024,0.03260298798218421,3.260298798218421,HIGH SAVINGS
A06075,Riverbend Medical Group Physician Alliance,Texas,2024,0.020242206533926985,2.0242206533926983,MODERATE SAVINGS
A06076,Gateway Care Partners Collaborative,California,2024,-0.018504707395118076,-1.8504707395118076,LOW SAVINGS
A06077,Golden Valley Medical Group Medical Center,Connecticut,2024,0.012103812867556466,1.2103812867556467,MODERATE SAVINGS
A06078,Maplewood Clinical Partners Partners,Arizona,2024,-0.02326223869536338,-2.3262238695363378,LOW SAVINGS
A06079,WellSpring Integrated Health Collaborative,Oregon,2024,-0.001956442119343978,-0.1956442119343978,LOW SAVINGS
A06080,Canyon Care Partners Group,Maryland,2024,0.02394195621200444,2.394195621200444,MODERATE SAVINGS
A06081,Parkview Health Alliance Alliance,Alabama,2024,0.007879237459918188,0.7879237459918188,MODERATE SAVINGS
A06082,Highland Care Health System,Connecticut,2024,0.008536858895739676,0.8536858895739676,MODERATE SAVINGS
A06083,Oakridge Clinical Partners Health System,Massachusetts,2024,-0.010639820111928738,-1.063982011192874,LOW SAVINGS
A06084,Community Clinical Partners Association,Tennessee,2024,-0.030616119159721362,-3.061611915972136,LOW SAVINGS
A06085,Maplewood Clinical Partners Physician Alliance,Missouri,2024,0.044594533776878054,4.459453377687805,HIGH SAVINGS
A06086,Parkview Integrated Health Physician Alliance,Connecticut,2024,0.01834177220944439,1.8341772209444391,MODERATE SAVINGS
A06087,Metro Health Network,Colorado,2024,0.04888731606332072,4.888731606332072,HIGH SAVINGS
A06088,Mountain View Physicians Partners,Connecticut,2024,0.04862741901407236,4.862741901407236,HIGH SAVINGS
A06089,Springfield Community Care Alliance,Colorado,2024,-0.025298065767675848,-2.5298065767675846,LOW SAVINGS
A06090,Riverbend Health Collaborative Group,California,2024,0.02786992172800625,2.786992172800625,MODERATE SAVINGS
A06091,Beacon Health Network Alliance,Oregon,2024,0.038023694981683245,3.8023694981683245,HIGH SAVINGS
A06092,Pioneer Medical Partners Physician Alliance,Missouri,2024,0.08539885773338712,8.539885773338712,HIGH SAVINGS
A06093,Green Valley Physicians Medical Center,Wisconsin,2024,0.012116069187084797,1.2116069187084797,MODERATE SAVINGS
A06094,Cedar Integrated Health Collaborative,Minnesota,2024,0.0157585221516508,1.57585221516508,MODERATE SAVINGS
A06095,Westfield Health Network Partners,Wisconsin,2024,-0.057614942795732225,-5.761494279573222,LOW SAVINGS
A06096,Metro Physician Network Care Network,Arizona,2024,0.05768162842561536,5.768162842561536,HIGH SAVINGS
A06097,Mountain View Integrated Health Care Network,Ohio,2024,0.05138529169634117,5.1385291696341175,HIGH SAVINGS
A06098,Crestview Clinical Partners Physician Alliance,Virginia,2024,0.020024831028784038,2.002483102878404,MODERATE SAVINGS
A06099,Summit Health Alliance Partners,Tennessee,2024,0.027990044617913632,2.7990044617913634,MODERATE SAVINGS
A06100,Eastgate Provider Alliance Alliance,Michigan,2024,-0.007179220332612611,-0.7179220332612611,LOW SAVINGS
A06101,Fairview Medical Partners Collaborative,Missouri,2024,0.043044870052795205,4.304487005279521,HIGH SAVINGS
A06102,Evergreen Medical Group Association,Connecticut,2024,0.02299585064543124,2.299585064543124,MODERATE SAVINGS
A06103,Green Valley Integrated Health Group,Maryland,2024,0.0008915744555512743,0.08915744555512743,MODERATE SAVINGS
A06104,Unity Medical Partners Medical Center,Washington,2024,0.02739493564499667,2.739493564499667,MODERATE SAVINGS
A06105,Stonebridge Integrated Health Association,Maryland,2024,0.021277012052317603,2.12770120523176,MODERATE SAVINGS
A06106,Evergreen Care Partners Group,Tennessee,2024,-0.0032077960334691356,-0.3207796033469136,LOW SAVINGS
A06107,Heartland Health Partners Partners,Maryland,2024,0.043088931684376226,4.308893168437622,HIGH SAVINGS
A06109,Evergreen Care Partners Care Network,Alabama,2024,0.042020244426893005,4.2020244426893,HIGH SAVINGS
A06110,Crestview Care Partners Health System,Florida,2024,0.0011163514280978948,0.11163514280978948,MODERATE SAVINGS
A06111,Springfield Care Group,Alabama,2024,0.03187719747167572,3.1877197471675722,HIGH SAVINGS
A06112,Community Health Network Medical Center,New Jersey,2024,0.011069859841688987,1.1069859841688987,MODERATE SAVINGS
A06113,Valley Care Partners Network,Texas,2024,0.025767269251034706,2.5767269251034706,MODERATE SAVINGS
A06114,Community Medical Partners Alliance,Minnesota,2024,-0.042251143179020775,-4.225114317902078,LOW SAVINGS
A06115,Eastgate Care Network Group,Oregon,2024,0.03249910478706011,3.249910478706011,HIGH SAVINGS
A06116,Riverbend Clinical Partners Partners,Indiana,2024,0.02711387839507338,2.711387839507338,MODERATE SAVINGS
A06117,Westfield Medical Partners Partners,Florida,2024,-0.022975314604376167,-2.2975314604376167,LOW SAVINGS
A06118,Grandview Medical Association,Minnesota,2024,0.04057501930112626,4.057501930112626,HIGH SAVINGS
A06119,Clearview Provider Alliance Association,Georgia,2024,0.023751795894905958,2.3751795894905956,MODERATE SAVINGS
A06120,Cedar Integrated Health Network,Wisconsin,2024,-0.022552552304825297,-2.2552552304825295,LOW SAVINGS
A06121,Evergreen Medical Network,Minnesota,2024,0.012888328713011163,1.2888328713011163,MODERATE SAVINGS
A06122,Northstar Care Partners Medical Center,Arizona,2024,-0.01970833994167005,-1.970833994167005,LOW SAVINGS
A06123,Summit Physicians Care Network,North Carolina,2024,-0.038878009857125084,-3.8878009857125084,LOW SAVINGS
A06124,Northstar Care Alliance Association,Missouri,2024,0.0051046886634213105,0.5104688663421311,MODERATE SAVINGS
A06125,Lakeside Health Partners Physician Alliance,Alabama,2024,-0.006999244419769663,-0.6999244419769663,LOW SAVINGS
A06126,Pinnacle Provider Alliance Alliance,Indiana,2024,0.0007207172410288389,0.07207172410288389,MODERATE SAVINGS
A06127,Blue Ridge Care Alliance,Minnesota,2024,-0.001866830828000345,-0.1866830828000345,LOW SAVINGS
A06128,Pinnacle Physician Network Care Network,Tennessee,2024,-0.006508195812096315,-0.6508195812096316,LOW SAVINGS
A06129,Parkview Care Medical Center,Illinois,2024,0.009980250135815447,0.9980250135815447,MODERATE SAVINGS
A06130,Springfield Community Care Physician Alliance,Florida,2024,0.007691194596536461,0.7691194596536461,MODERATE SAVINGS
A06132,Canyon Care Care Network,Florida,2024,-0.00541143466188515,-0.5411434661885149,LOW SAVINGS
A06133,Riverside Care Group,Maryland,2024,0.03745472586195664,3.745472586195664,HIGH SAVINGS
A06134,Redwood Care Partners Care Network,Oregon,2024,0.02573783252215545,2.573783252215545,MODERATE SAVINGS
A06135,Metro Clinical Partners Group,Illinois,2024,0.017638380576262956,1.7638380576262955,MODERATE SAVINGS
A06136,Maplewood Clinical Partners Collaborative,Michigan,2024,0.041665597177290514,4.166559717729052,HIGH SAVINGS
A06137,Clearview Physician Network Collaborative,Connecticut,2024,0.014912611958113714,1.4912611958113715,MODERATE SAVINGS
A06138,Blue Ridge Health Partners Group,New York,2024,0.03771293792740556,3.771293792740556,HIGH SAVINGS
A06139,WellSpring Care Care Network,Colorado,2024,-0.016780425146876898,-1.6780425146876898,LOW SAVINGS
A06140,Maplewood Health Partners Association,New York,2024,0.010553647513192132,1.0553647513192133,MODERATE SAVINGS
A06141,Eastgate Wellness Association,Illinois,2024,0.015568907682500742,1.556890768250074,MODERATE SAVINGS
A06142,Stonebridge Medical Group Alliance,California,2024,0.059505678923176535,5.950567892317653,HIGH SAVINGS
A06143,Fairview Health Collaborative Collaborative,California,2024,-0.0018063417424324353,-0.18063417424324354,LOW SAVINGS
A06144,WellSpring Medical Alliance,New York,2024,0.03455352635694251,3.455352635694251,HIGH SAVINGS
A06145,Riverbend Health Partners,Arizona,2024,0.014837704166309343,1.4837704166309342,MODERATE SAVINGS
A06146,Blue Ridge Wellness Physician Alliance,Pennsylvania,2024,0.0014835498721997749,0.14835498721997747,MODERATE SAVINGS
A06147,Fairview Physician Network Network,Pennsylvania,2024,0.018465694157635954,1.8465694157635955,MODERATE SAVINGS
A06148,Meadow Clinical Partners Alliance,New Jersey,2024,0.03520779789786247,3.520779789786247,HIGH SAVINGS
A06149,Golden Valley Community Care Physician Alliance,Oregon,2024,6.163811786267221e-05,0.006163811786267221,MODERATE SAVINGS
A06150,Valley Care Alliance Alliance,New Jersey,2024,0.009827480650946244,0.9827480650946244,MODERATE SAVINGS
A06151,Evergreen Clinical Partners Association,Washington,2024,0.036779430641375954,3.6779430641375956,HIGH SAVINGS
A06152,Evergreen Health Alliance Partners,Tennessee,2024,-0.012158976341782332,-1.2158976341782333,LOW SAVINGS
A06153,Riverbend Physician Network Collaborative,New Jersey,2024,0.008013289006958472,0.8013289006958472,MODERATE SAVINGS
A06154,Stonebridge Health Alliance Physician Alliance,New York,2024,0.012011697342528814,1.2011697342528815,MODERATE SAVINGS
A06155,Crestview Community Care Medical Center,Colorado,2024,0.027335697986237355,2.7335697986237353,MODERATE SAVINGS
A06156,Canyon Health Collaborative,Alabama,2024,0.02367387363235851,2.367387363235851,MODERATE SAVINGS
A06157,Blue Ridge Wellness Partners,New York,2024,0.024833402247291088,2.4833402247291088,MODERATE SAVINGS
A06158,Evergreen Clinical Partners Physician Alliance,Ohio,2024,0.04645241535598408,4.645241535598408,HIGH SAVINGS
A06159,WellSpring Physicians Physician Alliance,Tennessee,2024,-0.0016071978229503779,-0.16071978229503778,LOW SAVINGS
A06160,Mountain View Health Collaborative Alliance,Georgia,2024,0.029054753394651227,2.9054753394651227,MODERATE SAVINGS
A06161,Grandview Health Collaborative Partners,Arizona,2024,-0.016479362561908226,-1.6479362561908226,LOW SAVINGS
A06162,Northstar Medical Partners Group,Pennsylvania,2024,-0.016645050678576606,-1.6645050678576605,LOW SAVINGS
A06163,Cedar Wellness Physician Alliance,Florida,2024,0.0070188732815980575,0.7018873281598057,MODERATE SAVINGS
A06164,Parkview Physicians Care Network,Wisconsin,2024,0.07516099510920331,7.516099510920331,HIGH SAVINGS
A06165,Highland Medical Partners,Virginia,2024,0.011698473792961569,1.1698473792961568,MODERATE SAVINGS
A06166,Unity Health Network Collaborative,California,2024,-0.05579243672899032,-5.5792436728990324,LOW SAVINGS
A06168,Heritage Care Partners Health System,Wisconsin,2024,0.06499154422215686,6.499154422215686,HIGH SAVINGS
A06169,Pinnacle Integrated Health Partners,Pennsylvania,2024,0.08038891733245863,8.038891733245864,HIGH SAVINGS
A06171,Community Physicians Care Network,Alabama,2024,0.06295207994396297,6.295207994396297,HIGH SAVINGS
A06173,Parkview Medical Group Medical Center,North Carolina,2024,0.01228424247818894,1.228424247818894,MODERATE SAVINGS
A06174,Stonebridge Community Care Alliance,Michigan,2024,0.0029777894396185865,0.29777894396185867,MODERATE SAVINGS
A06175,Highland Health Collaborative Collaborative,Pennsylvania,2024,-0.011378508180101261,-1.137850818010126,LOW SAVINGS
A06176,Green Valley Physician Network Health System,Georgia,2024,0.013598623293633918,1.3598623293633918,MODERATE SAVINGS
A06177,Golden Valley Health Alliance Physician Alliance,Washington,2024,0.03972038480679295,3.972038480679295,HIGH SAVINGS
A06178,Canyon Care Alliance Collaborative,Texas,2024,0.036536110595775904,3.6536110595775906,HIGH SAVINGS
A06179,Blue Ridge Care Partners Partners,Minnesota,2024,0.03112453466029603,3.112453466029603,HIGH SAVINGS
A06180,Brookside Care Alliance Association,Indiana,2024,-0.00048058682107439047,-0.04805868210743905,LOW SAVINGS
A06181,Maplewood Medical Group Group,New Jersey,2024,0.00011667194516377397,0.011667194516377396,MODERATE SAVINGS
A06182,Beacon Care Alliance Medical Center,New York,2024,-0.008338731489219105,-0.8338731489219104,LOW SAVINGS
A06183,Parkview Care Alliance,Oregon,2024,0.02024456896718029,2.024456896718029,MODERATE SAVINGS
A06184,Lakeside Healthcare Group,Virginia,2024,0.05167749702823756,5.167749702823756,HIGH SAVINGS
A06185,Heartland Health Partners Health System,Tennessee,2024,0.045558760660731536,4.555876066073154,HIGH SAVINGS
A06186,Clearview Provider Alliance Partners,Tennessee,2024,0.027142403332871382,2.714240333287138,MODERATE SAVINGS
A06187,Heartland Health Collaborative Alliance,North Carolina,2024,0.01091156523848309,1.091156523848309,MODERATE SAVINGS
A06188,Parkview Medical Health System,Alabama,2024,0.037983953535847985,3.7983953535847985,HIGH SAVINGS
A06189,Heartland Health Network Network,Virginia,2024,0.012010516316085114,1.2010516316085114,MODERATE SAVINGS
A06190,Parkview Medical Collaborative,Florida,2024,0.022099851054716263,2.209985105471626,MODERATE SAVINGS
A06191,Fairview Clinical Partners Care Network,North Carolina,2024,0.02480802297855709,2.4808022978557087,MODERATE SAVINGS
A06192,Highland Medical Partners Partners,Michigan,2024,-0.019249878058882227,-1.9249878058882226,LOW SAVINGS
A06193,Stonebridge Community Care Association,Minnesota,2024,0.04756950938073579,4.7569509380735795,HIGH SAVINGS
A06194,Clearview Healthcare Network,Arizona,2024,-0.008092668706183968,-0.8092668706183967,LOW SAVINGS
A06195,Meadow Community Care Care Network,Oregon,2024,0.044015104519075504,4.4015104519075505,HIGH SAVINGS
A06196,Redwood Community Care Group,Tennessee,2024,-0.0006352445900838439,-0.06352445900838438,LOW SAVINGS
A06197,Brookside Physicians Partners,Oregon,2024,0.005018591036377735,0.5018591036377735,MODERATE SAVINGS
A06198,Valley Health Alliance,Massachusetts,2024,0.0017058991621472684,0.17058991621472683,MODERATE SAVINGS
A06199,Unity Physicians Association,Arizona,2024,0.010712623318901729,1.0712623318901728,MODERATE SAVINGS
A06200,Summit Care Care Network,Tennessee,2024,0.004156294154950762,0.4156294154950762,MODERATE SAVINGS
A06201,Springfield Health Association,Massachusetts,2024,0.026706878111334004,2.6706878111334005,MODERATE SAVINGS
A06202,Blue Ridge Medical Group Association,Arizona,2024,0.011953120538676334,1.1953120538676334,MODERATE SAVINGS
A06203,WellSpring Clinical Partners Care Network,Michigan,2024,0.021716475795812963,2.1716475795812964,MODERATE SAVINGS
A06204,WellSpring Medical Partners Collaborative,Wisconsin,2024,0.01682058745077533,1.682058745077533,MODERATE SAVINGS
A06205,Grandview Care Physician Alliance,Alabama,2024,0.005835060311771152,0.5835060311771152,MODERATE SAVINGS
A06206,Northstar Medical Partners Health System,Tennessee,2024,0.040091734366241416,4.009173436624142,HIGH SAVINGS
A06207,Gateway Care Alliance Association,Virginia,2024,-0.010413516186708069,-1.041351618670807,LOW SAVINGS
A06208,Green Valley Healthcare Group,New York,2024,0.023024835216755628,2.302483521675563,MODERATE SAVINGS
A06209,Westfield Care Group,Texas,2024,0.004207391941748712,0.42073919417487127,MODERATE SAVINGS
A06210,Pinnacle Physician Network Health System,Indiana,2024,0.03393109777365751,3.3931097773657513,HIGH SAVINGS
A06211,Stonebridge Care Alliance Physician Alliance,Indiana,2024,0.02446858614554474,2.446858614554474,MODERATE SAVINGS
A06212,Oakridge Medical Partners,California,2024,0.0113634452122612,1.13634452122612,MODERATE SAVINGS
A06214,Golden Valley Care Physician Alliance,Georgia,2024,0.04922827442743195,4.922827442743196,HIGH SAVINGS
A06215,Summit Physicians Alliance,Arizona,2024,-0.014075950431666507,-1.4075950431666506,LOW SAVINGS
A06216,Maplewood Care Partners Partners,Georgia,2024,0.0272332917127318,2.72332917127318,MODERATE SAVINGS
A06217,Heritage Health Health System,North Carolina,2024,0.007624982643650082,0.7624982643650082,MODERATE SAVINGS
A06218,Horizon Health Network Care Network,Washington,2024,0.019545640170232303,1.9545640170232303,MODERATE SAVINGS
A06219,Pinnacle Community Care Care Network,New York,2024,0.05608975447111065,5.608975447111065,HIGH SAVINGS
A06220,Crestview Health Network Partners,Illinois,2024,0.05920348911142199,5.920348911142199,HIGH SAVINGS
A06221,Silverstone Health Alliance,Pennsylvania,2024,0.010033391506902238,1.0033391506902238,MODERATE SAVINGS
A06222,Brookside Care Alliance Partners,Michigan,2024,0.03887587158516594,3.8875871585165944,HIGH SAVINGS
A06223,Lakeside Medical Partners Partners,Illinois,2024,0.00115220825571663,0.115220825571663,MODERATE SAVINGS
A06224,Unity Clinical Partners Network,New Jersey,2024,-0.007185645884907412,-0.7185645884907412,LOW SAVINGS
A06226,Community Medical Collaborative,Colorado,2024,0.007806326345538214,0.7806326345538214,MODERATE SAVINGS
A06227,Maplewood Health Alliance Alliance,Ohio,2024,-0.013253070398912601,-1.32530703989126,LOW SAVINGS
A06228,Horizon Community Care Network,Colorado,2024,0.03126218815203037,3.1262188152030372,HIGH SAVINGS
A06229,Unity Community Care Medical Center,Illinois,2024,-0.019700826783657158,-1.9700826783657157,LOW SAVINGS
A06230,Eastgate Community Care Alliance,Virginia,2024,0.02312675371761167,2.312675371761167,MODERATE SAVINGS
A06231,Mountain View Health Health System,Tennessee,2024,0.0057282328354255905,0.5728232835425591,MODERATE SAVINGS
A06232,Lakeside Community Care Network,Georgia,2024,0.010604916882042893,1.0604916882042892,MODERATE SAVINGS
A06233,Clearview Medical Partners Medical Center,Michigan,2024,-0.011837555794841961,-1.183755579484196,LOW SAVINGS
A06234,Golden Valley Clinical Partners Network,Florida,2024,0.049698228658899724,4.969822865889972,HIGH SAVINGS
A06235,Gateway Medical Medical Center,Washington,2024,0.01600147574194866,1.600147574194866,MODERATE SAVINGS
A06236,Springfield Wellness Medical Center,Ohio,2024,0.0354490693655086,3.54490693655086,HIGH SAVINGS
A06237,Horizon Health Partners Network,California,2024,0.013168729916302049,1.3168729916302049,MODERATE SAVINGS
A06238,Grandview Health Collaborative Care Network,Tennessee,2024,0.047313103665331174,4.731310366533117,HIGH SAVINGS
A06239,Evergreen Physicians Network,Michigan,2024,0.00738648586076065,0.738648586076065,MODERATE SAVINGS
A06240,Unity Health Collaborative Health System,Massachusetts,2024,0.009191800708835584,0.9191800708835584,MODERATE SAVINGS
A06241,Crestview Health Network Collaborative,New Jersey,2024,-0.028089750340358266,-2.808975034035827,LOW SAVINGS
A06242,Meadow Wellness Health System,Pennsylvania,2024,0.0007207002589667102,0.07207002589667101,MODERATE SAVINGS
A06243,Silverstone Wellness Alliance,Missouri,2024,0.053075429295775696,5.307542929577569,HIGH SAVINGS
A06244,Pioneer Medical Group Health System,New Jersey,2024,0.04297608239254786,4.297608239254786,HIGH SAVINGS
A06245,Brookside Physician Network Medical Center,New Jersey,2024,-0.006211195701710257,-0.6211195701710257,LOW SAVINGS
A06246,Parkview Medical Group Care Network,New Jersey,2024,0.032778790400308976,3.2778790400308977,HIGH SAVINGS
A06247,Grandview Care Partners Physician Alliance,Florida,2024,0.006996240922355801,0.6996240922355801,MODERATE SAVINGS
A06248,Unity Medical Collaborative,Texas,2024,-0.007048325003977417,-0.7048325003977417,LOW SAVINGS
A06249,Riverbend Physicians Network,California,2024,-0.004133388927802592,-0.41333889278025915,LOW SAVINGS
A06250,Blue Ridge Health Association,Illinois,2024,-0.01834655798357402,-1.8346557983574021,LOW SAVINGS
A06251,Blue Ridge Care Physician Alliance,Oregon,2024,-0.013850571004905665,-1.3850571004905665,LOW SAVINGS
A06252,Green Valley Physicians Group,Washington,2024,0.02992402246552836,2.992402246552836,MODERATE SAVINGS
A06253,Beacon Care Collaborative,New York,2024,0.023051776354292088,2.305177635429209,MODERATE SAVINGS
A06254,WellSpring Health Alliance Group,Massachusetts,2024,-0.011270457926725163,-1.1270457926725164,LOW SAVINGS
A06255,Springfield Care Association,Texas,2024,0.020578151521465426,2.0578151521465426,MODERATE SAVINGS
A06256,Crestview Physicians Group,Florida,2024,0.0020825249613456924,0.20825249613456923,MODERATE SAVINGS
A06257,Community Medical Group Association,Wisconsin,2024,0.029492299061025844,2.9492299061025844,MODERATE SAVINGS
A06258,Beacon Health Alliance Association,Ohio,2024,0.0017969077981692969,0.17969077981692969,MODERATE SAVINGS
A06259,Brookside Provider Alliance Association,North Carolina,2024,-0.017826482701929384,-1.7826482701929385,LOW SAVINGS
A06260,Mountain View Health Network,Indiana,2024,-0.01291581000648081,-1.291581000648081,LOW SAVINGS
A06261,Parkview Provider Alliance Alliance,Washington,2024,0.04563821652390577,4.563821652390577,HIGH SAVINGS
A06262,Evergreen Physician Network Physician Alliance,Maryland,2024,0.04937028918440521,4.937028918440521,HIGH SAVINGS
A06263,Heartland Clinical Partners Care Network,Michigan,2024,0.04585580652006943,4.585580652006943,HIGH SAVINGS
A06264,Meadow Care Alliance Association,California,2024,0.0242146478274795,2.42146478274795,MODERATE SAVINGS
A06265,Community Health Alliance Collaborative,Illinois,2024,0.00521394454098264,0.521394454098264,MODERATE SAVINGS
A06266,Grandview Health Collaborative Medical Center,California,2024,0.040096757117333695,4.00967571173337,HIGH SAVINGS
A06267,Cedar Health Health System,Ohio,2024,0.0296243667627635,2.96243667627635,MODERATE SAVINGS
A06268,Northstar Health Network Medical Center,Alabama,2024,0.007870750203831219,0.7870750203831218,MODERATE SAVINGS
A06269,Westfield Wellness Partners,North Carolina,2024,0.025529492425329432,2.5529492425329434,MODERATE SAVINGS
A06270,Canyon Clinical Partners Physician Alliance,Massachusetts,2024,0.0420868929062763,4.20868929062763,HIGH SAVINGS
A06271,Metro Care Partners Group,Oregon,2024,0.04564597624376152,4.564597624376153,HIGH SAVINGS
A06272,Beacon Health Collaborative Group,Massachusetts,2024,0.02323172956316161,2.323172956316161,MODERATE SAVINGS
A06273,Maplewood Medical Medical Center,Ohio,2024,0.023072999855006836,2.3072999855006837,MODERATE SAVINGS
A06274,Green Valley Medical Association,Georgia,2024,0.04382371471357632,4.382371471357632,HIGH SAVINGS
A06275,Highland Physicians Physician Alliance,Minnesota,2024,0.023772424500955566,2.3772424500955567,MODERATE SAVINGS
A06276,Silverstone Community Care Care Network,Texas,2024,0.028039473825317303,2.8039473825317303,MODERATE SAVINGS
A06277,Metro Clinical Partners Health System,Virginia,2024,0.04527500638649065,4.527500638649065,HIGH SAVINGS
A06278,Canyon Physicians Health System,New York,2024,0.02904982195206726,2.904982195206726,MODERATE SAVINGS
A06279,Lakeside Wellness Medical Center,Pennsylvania,2024,0.07992698544987978,7.992698544987978,HIGH SAVINGS
A06280,Horizon Health Physician Alliance,North Carolina,2024,-0.0024396889857351434,-0.24396889857351434,LOW SAVINGS
A06281,Riverbend Physician Network Network,Massachusetts,2024,0.034847460157658564,3.4847460157658565,HIGH SAVINGS
A06282,WellSpring Medical Partners Care Network,Tennessee,2024,0.026768635383500043,2.676863538350004,MODERATE SAVINGS
A06284,Brookside Health Network Association,Missouri,2024,-0.021714208034244377,-2.1714208034244376,LOW SAVINGS
A06285,Clearview Health Care Network,Florida,2024,-0.04035233832871744,-4.035233832871744,LOW SAVINGS
A06286,Fairview Medical Collaborative,Washington,2024,0.04531825040375254,4.531825040375255,HIGH SAVINGS
A06287,Community Health Network Partners,Arizona,2024,-0.03933038725197565,-3.933038725197565,LOW SAVINGS
A06288,Pinnacle Medical Group Partners,Georgia,2024,-0.013716009685476777,-1.3716009685476778,LOW SAVINGS
A06289,Valley Health Alliance Physician Alliance,Tennessee,2024,0.03756340948627724,3.756340948627724,HIGH SAVINGS
A06290,Highland Health Collaborative Partners,Massachusetts,2024,0.02051276699463676,2.051276699463676,MODERATE SAVINGS
A06291,Pinnacle Physicians Network,Illinois,2024,0.06402222312476541,6.402222312476541,HIGH SAVINGS
A06292,Silverstone Health Partners Physician Alliance,Connecticut,2024,0.0456225348010317,4.56225348010317,HIGH SAVINGS
A06293,Metro Health Alliance Physician Alliance,Virginia,2024,0.013546521498437145,1.3546521498437145,MODERATE SAVINGS
A06294,Beacon Physicians Health System,Washington,2024,-0.018121733571303693,-1.8121733571303693,LOW SAVINGS
A06295,Beacon Medical Alliance,Oregon,2024,0.023180433488549035,2.3180433488549035,MODERATE SAVINGS
A06296,Meadow Health Alliance Alliance,New Jersey,2024,0.019730337619373702,1.9730337619373701,MODERATE SAVINGS
A06297,Golden Valley Provider Alliance Group,Tennessee,2024,0.020592557377099117,2.0592557377099117,MODERATE SAVINGS
A06298,Meadow Health Alliance,Massachusetts,2024,-0.013442761525695441,-1.3442761525695441,LOW SAVINGS
A06299,Lakeside Care Partners Alliance,New York,2024,-0.00925691020232228,-0.925691020232228,LOW SAVINGS
A06300,Grandview Community Care Collaborative,New Jersey,2024,-0.03599056310377219,-3.599056310377219,LOW SAVINGS
A06301,Riverbend Care Network Network,New Jersey,2024,0.017742274042518467,1.7742274042518467,MODERATE SAVINGS
A06302,Golden Valley Wellness Association,Wisconsin,2024,0.005611626541020946,0.5611626541020945,MODERATE SAVINGS
A06303,Westfield Physicians Medical Center,Texas,2024,0.06922525453347833,6.922525453347833,HIGH SAVINGS
A06304,Heartland Medical Physician Alliance,Ohio,2024,0.05683908056104935,5.6839080561049355,HIGH SAVINGS
A06305,Summit Medical Group Physician Alliance,Virginia,2024,0.03526737525694919,3.526737525694919,HIGH SAVINGS
A06306,Blue Ridge Care Network Health System,Oregon,2024,0.022458448199277514,2.2458448199277514,MODERATE SAVINGS
A06307,Clearview Physician Network Medical Center,Missouri,2024,0.08455695966677039,8.45569596667704,HIGH SAVINGS
A06308,Golden Valley Community Care Health System,Missouri,2024,0.04439755394917123,4.439755394917123,HIGH SAVINGS
A06309,Heritage Care Alliance Partners,Florida,2024,-0.02625035967100221,-2.625035967100221,LOW SAVINGS
A06310,Springfield Wellness Physician Alliance,Pennsylvania,2024,-0.010673168773584298,-1.0673168773584298,LOW SAVINGS
A06311,Horizon Medical Group Group,Connecticut,2024,-0.006952838634268213,-0.6952838634268212,LOW SAVINGS
A06312,Northstar Medical Partners Collaborative,Ohio,2024,-0.01426646944003339,-1.4266469440033391,LOW SAVINGS
A06313,Valley Medical Partners Medical Center,Florida,2024,-0.0007567014216136866,-0.07567014216136866,LOW SAVINGS
A06314,Blue Ridge Clinical Partners Collaborative,Wisconsin,2024,0.03626480023113099,3.626480023113099,HIGH SAVINGS
A06315,Gateway Medical Group Association,California,2024,-0.0037310913375304747,-0.37310913375304744,LOW SAVINGS
A06316,Canyon Health Alliance Alliance,Missouri,2024,0.015201353061274049,1.520135306127405,MODERATE SAVINGS
A06317,Evergreen Integrated Health Network,California,2024,-0.011024414006996195,-1.1024414006996195,LOW SAVINGS
A06318,Oakridge Community Care Partners,Texas,2024,0.051026288699695714,5.102628869969571,HIGH SAVINGS
A06319,Evergreen Integrated Health Collaborative,Tennessee,2024,-0.009017331126136953,-0.9017331126136954,LOW SAVINGS
A06320,Gateway Medical Partners Group,New York,2024,0.043011761377915896,4.30117613779159,HIGH SAVINGS
A06321,Silverstone Care Alliance Health System,North Carolina,2024,0.0580310456590712,5.80310456590712,HIGH SAVINGS
A06322,Westfield Health Partners Medical Center,Colorado,2024,0.018098215970459974,1.8098215970459974,MODERATE SAVINGS
A06323,Pinnacle Health Partners Health System,New York,2024,-0.05087206447448742,-5.087206447448742,LOW SAVINGS
A06324,Pioneer Medical Group Care Network,Oregon,2024,0.04187667513223625,4.187667513223625,HIGH SAVINGS
A06325,Lakeside Wellness Network,Indiana,2024,0.05189280895772148,5.189280895772148,HIGH SAVINGS
A06326,Silverstone Physicians Association,Virginia,2024,0.03319724276914837,3.319724276914837,HIGH SAVINGS
A06327,Beacon Physicians Association,Colorado,2024,0.03352187962234476,3.3521879622344755,HIGH SAVINGS
A06328,Maplewood Care Network Health System,Massachusetts,2024,0.01987215521303218,1.987215521303218,MODERATE SAVINGS
A06329,Valley Health Collaborative Network,Oregon,2024,-0.006136225966816402,-0.6136225966816402,LOW SAVINGS
A06330,Community Healthcare Physician Alliance,New York,2024,0.030037292954075888,3.003729295407589,HIGH SAVINGS
A06331,Unity Care Group,Colorado,2024,0.09507110197069524,9.507110197069524,HIGH SAVINGS
A06332,Fairview Physician Network Collaborative,Illinois,2024,0.05484848980994006,5.4848489809940055,HIGH SAVINGS
A06333,Oakridge Medical Partners Care Network,Alabama,2024,0.05303470108870962,5.303470108870962,HIGH SAVINGS
A06334,Redwood Medical Partners Physician Alliance,Illinois,2024,-0.004169890736242425,-0.41698907362424253,LOW SAVINGS
A06335,Canyon Health Collaborative Alliance,Tennessee,2024,0.041670089942547645,4.167008994254765,HIGH SAVINGS
A06336,Highland Care Association,Maryland,2024,0.04832531181817299,4.832531181817299,HIGH SAVINGS
A06337,Fairview Healthcare Collaborative,Texas,2024,0.034830698837889036,3.483069883788904,HIGH SAVINGS
A06338,Grandview Medical Group Network,Tennessee,2024,-0.0017521891961375584,-0.17521891961375582,LOW SAVINGS
A06339,Green Valley Integrated Health Alliance,Minnesota,2024,0.022591213546999934,2.2591213546999933,MODERATE SAVINGS
A06340,Brookside Health Network Network,Maryland,2024,-0.01820170243915659,-1.820170243915659,LOW SAVINGS
A06341,Stonebridge Physicians Network,Massachusetts,2024,0.015852418780017,1.5852418780017,MODERATE SAVINGS
A06342,Riverside Clinical Partners Partners,Ohio,2024,0.041284575916991036,4.128457591699104,HIGH SAVINGS
A06344,Brookside Care Network Partners,Massachusetts,2024,0.008516702030477039,0.8516702030477039,MODERATE SAVINGS
A06345,Riverside Physicians Alliance,Michigan,2024,0.026782551792558354,2.6782551792558356,MODERATE SAVINGS
A06346,Mountain View Physicians Physician Alliance,New Jersey,2024,0.035940239350818436,3.5940239350818435,HIGH SAVINGS
A06347,Valley Provider Alliance Care Network,Michigan,2024,0.00789787064035674,0.7897870640356739,MODERATE SAVINGS
A06348,Valley Care Network Partners,Missouri,2024,0.042161986255924405,4.21619862559244,HIGH SAVINGS
A06349,Green Valley Physicians Alliance,Massachusetts,2024,-0.0011527298091709832,-0.11527298091709831,LOW SAVINGS
A06350,Mountain View Healthcare Physician Alliance,California,2024,0.02970271101301113,2.970271101301113,MODERATE SAVINGS
A06351,Beacon Health Alliance Physician Alliance,Florida,2024,-0.022417518512252845,-2.2417518512252843,LOW SAVINGS
A06352,Heritage Health Medical Center,Pennsylvania,2024,0.08043643374848973,8.043643374848973,HIGH SAVINGS
A06353,Valley Care Collaborative,Illinois,2024,0.008794642471095241,0.8794642471095241,MODERATE SAVINGS
A06354,Springfield Clinical Partners Association,California,2024,0.06352455676781206,6.352455676781206,HIGH SAVINGS
A06355,Oakridge Medical Group Care Network,Maryland,2024,-0.00015881720520565112,-0.01588172052056511,LOW SAVINGS
A06356,Pioneer Integrated Health Group,Oregon,2024,0.040771693228417595,4.077169322841759,HIGH SAVINGS
A06357,Eastgate Medical Group Group,Minnesota,2024,0.04595745675899319,4.595745675899319,HIGH SAVINGS
A06358,Northstar Clinical Partners Health System,Wisconsin,2024,-0.014850315604350888,-1.4850315604350888,LOW SAVINGS
A06359,Fairview Health Alliance Partners,Indiana,2024,0.058865065027157215,5.886506502715721,HIGH SAVINGS
A06360,Northstar Physician Network Collaborative,New Jersey,2024,0.0033134572364987526,0.33134572364987525,MODERATE SAVINGS
A06361,Eastgate Provider Alliance Health System,Wisconsin,2024,0.025748349668258376,2.5748349668258377,MODERATE SAVINGS
A06362,Eastgate Medical Partners Association,Minnesota,2024,0.01793354625877048,1.7933546258770479,MODERATE SAVINGS
A06363,Valley Health Alliance Association,Washington,2024,0.03286174732108496,3.286174732108496,HIGH SAVINGS
A06364,Metro Health Alliance Health System,Missouri,2024,-0.01019996551508812,-1.019996551508812,LOW SAVINGS
A06365,Grandview Physicians Group,Michigan,2024,0.049441459836541225,4.944145983654122,HIGH SAVINGS
A06366,Riverside Provider Alliance Partners,Wisconsin,2024,0.059709832686989414,5.970983268698942,HIGH SAVINGS
A06367,Mountain View Health Partners Group,Washington,2024,0.05413801837376493,5.413801837376493,HIGH SAVINGS
A06368,Golden Valley Provider Alliance Partners,Pennsylvania,2024,0.03536751791682092,3.536751791682092,HIGH SAVINGS
A06369,Meadow Care Alliance Care Network,Ohio,2024,-0.013787472429367268,-1.3787472429367267,LOW SAVINGS
A06370,Brookside Healthcare Partners,Indiana,2024,0.018819226497764664,1.8819226497764665,MODERATE SAVINGS
A06371,Northstar Health Alliance Medical Center,Minnesota,2024,-0.02394930826767046,-2.394930826767046,LOW SAVINGS
A06372,Grandview Health Alliance Association,Virginia,2024,0.030748752525747207,3.0748752525747207,HIGH SAVINGS
A06373,Riverbend Health Network Collaborative,North Carolina,2024,0.04509596230174942,4.509596230174942,HIGH SAVINGS
A06374,Highland Healthcare Association,Massachusetts,2024,0.004621417374913638,0.46214173749136384,MODERATE SAVINGS
A06375,Unity Care Alliance Medical Center,Oregon,2024,0.0920747482545171,9.20747482545171,HIGH SAVINGS
A06376,Metro Health Partners Association,Connecticut,2024,-0.04787425261022587,-4.7874252610225865,LOW SAVINGS
A06377,Springfield Health Collaborative Association,Minnesota,2024,0.01106224308806264,1.106224308806264,MODERATE SAVINGS
A06378,Stonebridge Health Physician Alliance,Missouri,2024,0.008866988390193002,0.8866988390193002,MODERATE SAVINGS
A06379,Oakridge Wellness Network,Texas,2024,0.01943192125227205,1.9431921252272049,MODERATE SAVINGS
A06380,Cedar Health Partners Network,California,2024,0.05518671506959757,5.518671506959757,HIGH SAVINGS
A06381,Silverstone Community Care Physician Alliance,New York,2024,0.06260041070623165,6.260041070623165,HIGH SAVINGS
A06382,Springfield Medical Group Association,Texas,2024,-0.009257323827168991,-0.9257323827168991,LOW SAVINGS
A06383,Valley Care Alliance Network,Massachusetts,2024,-0.02499549268810678,-2.499549268810678,LOW SAVINGS
A06384,Brookside Physicians Alliance,Tennessee,2024,0.018074634433004468,1.8074634433004468,MODERATE SAVINGS
A06385,Meadow Care Health System,Wisconsin,2024,0.004444985286865253,0.44449852868652534,MODERATE SAVINGS
A06386,Community Health Partners Medical Center,Massachusetts,2024,0.014994705760938237,1.4994705760938236,MODERATE SAVINGS
A06387,Northstar Care Network,Oregon,2024,0.005358960020048616,0.5358960020048615,MODERATE SAVINGS
A06388,Grandview Healthcare Network,Virginia,2024,0.03608460575534834,3.608460575534834,HIGH SAVINGS
A06389,Springfield Community Care Partners,Wisconsin,2024,0.0050296310451244195,0.502963104512442,MODERATE SAVINGS
A06390,Springfield Health Alliance Partners,New York,2024,-0.002963283004788014,-0.2963283004788014,LOW SAVINGS
A06391,Silverstone Provider Alliance Care Network,Wisconsin,2024,0.021600531199556218,2.160053119955622,MODERATE SAVINGS
A06392,Eastgate Medical Group Association,New Jersey,2024,0.05125550631499933,5.125550631499933,HIGH SAVINGS
A06393,WellSpring Health Network Care Network,Indiana,2024,0.01698704924252437,1.698704924252437,MODERATE SAVINGS
A06394,Meadow Care Network,Ohio,2024,0.04444433940080219,4.444433940080219,HIGH SAVINGS
A06395,Golden Valley Physicians Group,Virginia,2024,0.008428189178276676,0.8428189178276676,MODERATE SAVINGS
A06397,Northstar Care Partners Alliance,Alabama,2024,0.009471286029453536,0.9471286029453536,MODERATE SAVINGS
A06398,Maplewood Integrated Health Network,Minnesota,2024,0.01344705847736981,1.344705847736981,MODERATE SAVINGS
A06399,Oakridge Health Partners Health System,New York,2024,0.04942830125743814,4.942830125743814,HIGH SAVINGS
A06401,Stonebridge Care Alliance Partners,Indiana,2024,0.012676299448164778,1.2676299448164778,MODERATE SAVINGS
A06402,Parkview Care Alliance Association,Colorado,2024,0.0176955464308899,1.76955464308899,MODERATE SAVINGS
A06403,Brookside Medical Partners Partners,Washington,2024,0.012180697258491573,1.2180697258491573,MODERATE SAVINGS
A06404,Evergreen Provider Alliance Network,Ohio,2024,0.006110172489620757,0.6110172489620757,MODERATE SAVINGS
A06405,Riverbend Medical Alliance,North Carolina,2024,0.018700284308237055,1.8700284308237054,MODERATE SAVINGS
A06406,Northstar Care Network Collaborative,North Carolina,2024,-0.027324362372065317,-2.7324362372065316,LOW SAVINGS
A06407,Fairview Care Network,Georgia,2024,0.03074736265947862,3.074736265947862,HIGH SAVINGS
A06408,Pioneer Care Network Care Network,Wisconsin,2024,-0.007130033751795563,-0.7130033751795564,LOW SAVINGS
A06409,Community Health Partners Collaborative,Wisconsin,2024,0.05385416847145857,5.385416847145857,HIGH SAVINGS
A06410,Brookside Care Network Care Network,Alabama,2024,-0.0469050707119842,-4.69050707119842,LOW SAVINGS
A06411,Riverside Integrated Health Network,Oregon,2024,0.015678226224389902,1.5678226224389902,MODERATE SAVINGS
A06413,Pinnacle Medical Partners Network,Minnesota,2024,0.0389194743416577,3.8919474341657696,HIGH SAVINGS
A06414,Maplewood Wellness Care Network,Oregon,2024,0.03060318921525054,3.0603189215250537,HIGH SAVINGS
A06415,Highland Health Collaborative Care Network,Texas,2024,0.0033933902266810576,0.3393390226681058,MODERATE SAVINGS
A06416,Northstar Care Medical Center,Massachusetts,2024,0.0032638064951775836,0.32638064951775836,MODERATE SAVINGS
A06417,Riverbend Medical Collaborative,New Jersey,2024,0.054873250050794374,5.4873250050794375,HIGH SAVINGS
A06418,Cedar Provider Alliance Network,Maryland,2024,0.0073478731974625806,0.7347873197462581,MODERATE SAVINGS
A06419,Riverside Integrated Health Partners,Minnesota,2024,-0.01207385780466853,-1.207385780466853,LOW SAVINGS
A06420,Maplewood Wellness Collaborative,Ohio,2024,0.0679519080133438,6.79519080133438,HIGH SAVINGS
A06421,Springfield Medical Partners Medical Center,Pennsylvania,2024,0.07268499124779407,7.268499124779407,HIGH SAVINGS
A06422,Northstar Care Partners Care Network,Washington,2024,0.036416638934454806,3.6416638934454806,HIGH SAVINGS
A06423,Redwood Health Network Collaborative,Oregon,2024,0.042996931739808106,4.299693173980811,HIGH SAVINGS
A06424,Oakridge Health Partners Alliance,Connecticut,2024,0.03792211933452195,3.792211933452195,HIGH SAVINGS
A06425,Brookside Care Alliance Group,Indiana,2024,-0.0009872774778187828,-0.09872774778187828,LOW SAVINGS
A06426,Valley Medical Care Network,Washington,2024,0.0308236469309919,3.08236469309919,HIGH SAVINGS
A06427,Pinnacle Health Partners Alliance,Ohio,2024,-0.038878009857125084,-3.8878009857125084,LOW SAVINGS
A06428,Redwood Provider Alliance Care Network,Ohio,2024,0.03593855563899574,3.593855563899574,HIGH SAVINGS
A06429,Maplewood Health Partners Health System,Missouri,2024,0.05494615838221455,5.4946158382214545,HIGH SAVINGS
A06430,Pinnacle Wellness Medical Center,Georgia,2024,0.04360752805259938,4.3607528052599385,HIGH SAVINGS
A06431,Redwood Health Alliance Group,Ohio,2024,-0.023457417660201315,-2.3457417660201316,LOW SAVINGS
A06432,Beacon Healthcare Physician Alliance,Massachusetts,2024,0.019701337464285883,1.9701337464285884,MODERATE SAVINGS
A06433,Oakridge Health Network Group,Minnesota,2024,0.008837969595900955,0.8837969595900954,MODERATE SAVINGS
A06435,Community Clinical Partners Alliance,Washington,2024,0.007553042130788049,0.7553042130788049,MODERATE SAVINGS
A06436,Horizon Community Care Medical Center,Massachusetts,2024,0.015688899473849202,1.5688899473849203,MODERATE SAVINGS
A06437,Heritage Health Collaborative Care Network,Tennessee,2024,0.013883078586175913,1.3883078586175914,MODERATE SAVINGS
A06438,Summit Healthcare Physician Alliance,Massachusetts,2024,0.03980661612455668,3.980661612455668,HIGH SAVINGS
A06439,Heritage Care Collaborative,Colorado,2024,-0.0008405375523555282,-0.08405375523555282,LOW SAVINGS
A06440,Eastgate Clinical Partners Alliance,Massachusetts,2024,0.011515492703788372,1.1515492703788373,MODERATE SAVINGS
A06441,Westfield Health Alliance Health System,Maryland,2024,0.007328907121691788,0.7328907121691788,MODERATE SAVINGS
A06443,Crestview Provider Alliance Group,Tennessee,2024,0.03377655299598801,3.3776552995988007,HIGH SAVINGS
A06444,Valley Clinical Partners Association,Alabama,2024,-0.01877493767461534,-1.8774937674615342,LOW SAVINGS
A06445,Summit Medical Physician Alliance,Florida,2024,0.025691144335755492,2.569114433575549,MODERATE SAVINGS
A06446,Green Valley Care Collaborative,Tennessee,2024,0.021028393130015522,2.102839313001552,MODERATE SAVINGS
A06447,Beacon Provider Alliance Group,Arizona,2024,0.03126569040119604,3.126569040119604,HIGH SAVINGS
A06448,Community Provider Alliance Physician Alliance,Maryland,2024,0.019694093499122302,1.9694093499122303,MODERATE SAVINGS
A06449,Highland Health Alliance Network,Missouri,2024,0.0014714283639705452,0.14714283639705453,MODERATE SAVINGS
A06450,Northstar Physician Network Network,Colorado,2024,0.03143611472215917,3.1436114722159165,HIGH SAVINGS
A06451,Gateway Healthcare Medical Center,Florida,2024,0.04321989443540174,4.321989443540174,HIGH SAVINGS
A06452,Summit Physicians Collaborative,Washington,2024,0.021302026560069548,2.1302026560069547,MODERATE SAVINGS
A06453,Oakridge Care Network Alliance,Florida,2024,0.0005443795096895179,0.05443795096895179,MODERATE SAVINGS
A06454,Unity Clinical Partners Care Network,Missouri,2024,-0.029116834913379498,-2.91168349133795,LOW SAVINGS
A06455,Brookside Wellness Partners,New York,2024,0.05026820834518205,5.0268208345182055,HIGH SAVINGS
A06456,Canyon Healthcare Alliance,California,2024,0.015056464352910158,1.5056464352910157,MODERATE SAVINGS
A06457,Springfield Care Care Network,Wisconsin,2024,0.060109109635724724,6.0109109635724725,HIGH SAVINGS
A06458,Lakeside Care Alliance Health System,California,2024,0.00826432448594845,0.826432448594845,MODERATE SAVINGS
A06459,Riverbend Provider Alliance Medical Center,Georgia,2024,-0.008528713969773564,-0.8528713969773564,LOW SAVINGS
A06460,Eastgate Integrated Health Alliance,Wisconsin,2024,0.02867461856367712,2.8674618563677123,MODERATE SAVINGS
A06461,Blue Ridge Care Association,Oregon,2024,0.025565508680000147,2.5565508680000146,MODERATE SAVINGS
A06462,Mountain View Care Partners Network,Maryland,2024,-0.010276623939462206,-1.0276623939462206,LOW SAVINGS
A06463,Redwood Care Alliance Association,Wisconsin,2024,0.03245638784211854,3.2456387842118537,HIGH SAVINGS
A06465,Blue Ridge Medical Partners,Wisconsin,2024,0.0776827945389889,7.76827945389889,HIGH SAVINGS
A06466,Cedar Care Network Alliance,Michigan,2024,0.010041816605790798,1.0041816605790799,MODERATE SAVINGS
A06467,Horizon Healthcare Association,Tennessee,2024,0.020430341906408665,2.0430341906408667,MODERATE SAVINGS
A06468,Maplewood Health Collaborative Health System,Wisconsin,2024,0.012111799876732207,1.2111799876732208,MODERATE SAVINGS
A06469,WellSpring Health Collaborative Physician Alliance,Connecticut,2024,-0.02111986166975297,-2.111986166975297,LOW SAVINGS
A06470,Summit Physician Network Alliance,Washington,2024,-0.0021749715062587428,-0.21749715062587427,LOW SAVINGS
A06471,Heritage Health Network Network,New Jersey,2024,0.00020599985153649814,0.020599985153649813,MODERATE SAVINGS
A06472,Gateway Integrated Health Care Network,Georgia,2024,0.05872880670740717,5.872880670740717,HIGH SAVINGS
A06473,Mountain View Community Care Care Network,Ohio,2024,0.012459364589511718,1.2459364589511717,MODERATE SAVINGS
A06474,Lakeside Integrated Health Health System,Colorado,2024,0.041217408406968505,4.121740840696851,HIGH SAVINGS
A06475,Gateway Health Partners Group,California,2024,0.03940015611437239,3.9400156114372393,HIGH SAVINGS
A06476,Golden Valley Wellness Network,Missouri,2024,-0.0050461776258794305,-0.5046177625879431,LOW SAVINGS
A06477,Stonebridge Health Partners Health System,Virginia,2024,0.011353415961684632,1.1353415961684632,MODERATE SAVINGS
A06478,Heartland Health Alliance Medical Center,Connecticut,2024,0.031891332824356994,3.1891332824356993,HIGH SAVINGS
A06479,Cedar Health Alliance Medical Center,Georgia,2024,0.04824576613240315,4.824576613240315,HIGH SAVINGS
A06480,Unity Care Alliance Care Network,North Carolina,2024,0.006217001549876024,0.6217001549876023,MODERATE SAVINGS
A06481,Pioneer Medical Partners Partners,Minnesota,2024,-0.012753756301649854,-1.2753756301649855,LOW SAVINGS
A06482,Riverside Health Network Care Network,Tennessee,2024,0.016592892020789504,1.6592892020789503,MODERATE SAVINGS
A06483,Meadow Care Network Health System,Georgia,2024,0.009453726066366477,0.9453726066366477,MODERATE SAVINGS
A06484,WellSpring Care Alliance Group,Minnesota,2024,0.02351719210293395,2.351719210293395,MODERATE SAVINGS
A06485,Parkview Medical Partners Physician Alliance,Tennessee,2024,0.09241069177672248,9.241069177672248,HIGH SAVINGS
A06486,Heritage Health Alliance Health System,Virginia,2024,0.0724441271454835,7.24441271454835,HIGH SAVINGS
A06487,Westfield Health Partners Association,New York,2024,0.005892057108667947,0.5892057108667947,MODERATE SAVINGS
A06488,Heritage Health Alliance Care Network,Georgia,2024,-0.016341251832842685,-1.6341251832842685,LOW SAVINGS
A06489,Riverside Medical Group Physician Alliance,New Jersey,2024,-0.0024350627004102866,-0.24350627004102865,LOW SAVINGS
A06490,Cedar Provider Alliance Health System,New York,2024,-0.021250823808767503,-2.1250823808767505,LOW SAVINGS
A06493,Valley Wellness Association,Tennessee,2024,0.01664635027137437,1.6646350271374373,MODERATE SAVINGS
A06494,Mountain View Health Care Network,Florida,2024,0.03189206295575376,3.189206295575376,HIGH SAVINGS
A06495,WellSpring Health Partners Group,Tennessee,2024,0.06144457302445195,6.144457302445195,HIGH SAVINGS
A06497,Riverbend Health Alliance Partners,California,2024,0.02082907591126242,2.082907591126242,MODERATE SAVINGS
A06498,Green Valley Care Alliance Association,California,2024,-0.02268181701938961,-2.268181701938961,LOW SAVINGS
A06499,Green Valley Medical Partners Alliance,Florida,2024,-0.015358442316843086,-1.5358442316843086,LOW SAVINGS
A06500,Community Care Network Association,Missouri,2024,0.03843264214712931,3.843264214712931,HIGH SAVINGS
A06501,Redwood Wellness Medical Center,Ohio,2024,0.003976023264454625,0.3976023264454625,MODERATE SAVINGS
A06502,Metro Care Partners Alliance,Colorado,2024,0.039383630032164,3.9383630032164003,HIGH SAVINGS
A06503,Maplewood Healthcare Group,Florida,2024,0.012853795850928863,1.2853795850928864,MODERATE SAVINGS
A06504,Beacon Health Network Health System,Minnesota,2024,-0.028778497157214172,-2.877849715721417,LOW SAVINGS
A06505,Evergreen Health Alliance Network,Minnesota,2024,0.03886702396932405,3.8867023969324053,HIGH SAVINGS
A06506,Golden Valley Integrated Health Medical Center,Minnesota,2024,0.01621659483053113,1.621659483053113,MODERATE SAVINGS
A06507,Grandview Care Alliance Collaborative,Florida,2024,-0.03369577469925902,-3.3695774699259022,LOW SAVINGS
A06508,Gateway Health Network Health System,Arizona,2024,0.0422377142324118,4.22377142324118,HIGH SAVINGS
A06509,Redwood Health Partners Partners,Colorado,2024,0.06318759783619944,6.318759783619944,HIGH SAVINGS
A06510,Green Valley Medical Health System,Maryland,2024,0.031572896254690334,3.1572896254690335,HIGH SAVINGS
A06511,Stonebridge Health Collaborative Physician Alliance,Connecticut,2024,-0.010408361195954823,-1.0408361195954823,LOW SAVINGS
A06512,Silverstone Care Network Care Network,Minnesota,2024,0.020747129078408186,2.0747129078408184,MODERATE SAVINGS
A06513,Redwood Provider Alliance Physician Alliance,Washington,2024,0.027170799016670494,2.7170799016670495,MODERATE SAVINGS
A06514,Parkview Healthcare Physician Alliance,Washington,2024,0.01933429876137343,1.933429876137343,MODERATE SAVINGS
A06516,Summit Medical Partners Association,Indiana,2024,0.028246045208408028,2.824604520840803,MODERATE SAVINGS
A06517,Highland Provider Alliance Care Network,Missouri,2024,0.03434869204689543,3.434869204689543,HIGH SAVINGS
A06518,Community Medical Partners Medical Center,Illinois,2024,-0.0036544968748704458,-0.3654496874870446,LOW SAVINGS
A06519,Summit Care Partners Association,North Carolina,2024,-0.012270894914530957,-1.2270894914530956,LOW SAVINGS
A06520,Gateway Physician Network Association,Washington,2024,0.006264529273735296,0.6264529273735296,MODERATE SAVINGS
A06521,Heartland Physician Network Alliance,Massachusetts,2024,0.0008033350927228919,0.08033350927228919,MODERATE SAVINGS
A06522,Green Valley Health Alliance Partners,Indiana,2024,0.031506819618869204,3.1506819618869204,HIGH SAVINGS
A06523,Fairview Wellness Collaborative,Maryland,2024,-0.013157657748483117,-1.3157657748483118,LOW SAVINGS
A06525,Fairview Health Group,Colorado,2024,0.0015419675442724045,0.15419675442724046,MODERATE SAVINGS
A06526,Unity Care Partners Association,Alabama,2024,0.029910608070591076,2.9910608070591076,MODERATE SAVINGS
A06527,Redwood Physicians Care Network,Minnesota,2024,0.013861114866969107,1.3861114866969106,MODERATE SAVINGS
A06530,Crestview Health Physician Alliance,Georgia,2024,0.05733749207285353,5.733749207285353,HIGH SAVINGS
A06531,Crestview Care Partners,North Carolina,2024,-0.015668044073598977,-1.5668044073598977,LOW SAVINGS
A06532,Heartland Health Partners Alliance,Florida,2024,-0.02378523319023688,-2.3785233190236883,LOW SAVINGS
A06533,Riverside Clinical Partners Health System,Texas,2024,0.011470564397012963,1.1470564397012963,MODERATE SAVINGS
A06534,Northstar Clinical Partners Collaborative,Maryland,2024,0.019427365993954594,1.9427365993954595,MODERATE SAVINGS
A06535,Gateway Medical Group Medical Center,Wisconsin,2024,-0.04610595177211577,-4.610595177211577,LOW SAVINGS
A06536,Community Health Collaborative Association,Florida,2024,0.0037041122455727764,0.37041122455727765,MODERATE SAVINGS
A06537,Highland Health Care Network,Pennsylvania,2024,-0.02081391595349239,-2.0813915953492392,LOW SAVINGS
A06538,Meadow Provider Alliance Care Network,Wisconsin,2024,0.01273525233859875,1.273525233859875,MODERATE SAVINGS
A06539,Beacon Medical Group Collaborative,Oregon,2024,0.05206109644637519,5.206109644637519,HIGH SAVINGS
A06540,Pioneer Health Alliance,Tennessee,2024,0.033434845773994505,3.3434845773994506,HIGH SAVINGS
A06541,Meadow Wellness Network,Colorado,2024,0.039688034967082696,3.9688034967082695,HIGH SAVINGS
A06542,Eastgate Care Alliance Partners,Pennsylvania,2024,-0.021210598689008906,-2.1210598689008906,LOW SAVINGS
A06543,Riverbend Community Care Alliance,Alabama,2024,0.047958668709929805,4.79586687099298,HIGH SAVINGS
A06544,Valley Medical Network,Virginia,2024,0.026580608725994003,2.6580608725994,MODERATE SAVINGS
A06545,Beacon Health Alliance Partners,North Carolina,2024,0.021340761893681674,2.1340761893681672,MODERATE SAVINGS
A06546,Heartland Health Collaborative Network,New York,2024,0.04021478030821111,4.021478030821111,HIGH SAVINGS
A06547,Eastgate Wellness Group,Virginia,2024,0.026256336708720074,2.6256336708720074,MODERATE SAVINGS
A06548,Maplewood Wellness Physician Alliance,North Carolina,2024,0.054797292409760126,5.479729240976012,HIGH SAVINGS
A06549,Gateway Care Alliance Physician Alliance,Tennessee,2024,0.010488470190774587,1.0488470190774586,MODERATE SAVINGS
A06550,Gateway Care Group,Indiana,2024,0.020091739979180186,2.0091739979180185,MODERATE SAVINGS
A06551,WellSpring Care Network Association,California,2024,-0.004719282596297617,-0.4719282596297617,LOW SAVINGS
A06552,Canyon Health Alliance Association,Connecticut,2024,0.06531557049634687,6.531557049634687,HIGH SAVINGS
A06553,Mountain View Care Partners Medical Center,Connecticut,2024,0.005065606710220349,0.506560671022035,MODERATE SAVINGS
A06554,Horizon Medical Group Medical Center,California,2024,0.04642891087831278,4.642891087831278,HIGH SAVINGS
A06555,Parkview Healthcare Network,Massachusetts,2024,0.02939118940629956,2.9391189406299563,MODERATE SAVINGS
A06556,Blue Ridge Care Network Collaborative,New York,2024,-0.0027210962701631333,-0.2721096270163133,LOW SAVINGS
A06557,Stonebridge Care Alliance Association,Pennsylvania,2024,0.034373696814958575,3.4373696814958574,HIGH SAVINGS
A06558,Canyon Integrated Health Collaborative,New York,2024,0.04241457924138189,4.241457924138189,HIGH SAVINGS
A06559,Silverstone Care Partners Alliance,Maryland,2024,0.03285686612836309,3.285686612836309,HIGH SAVINGS
A06560,Silverstone Healthcare Health System,Connecticut,2024,0.012269949566056766,1.2269949566056766,MODERATE SAVINGS
A06561,Blue Ridge Wellness Collaborative,California,2024,-0.02779694409254488,-2.7796944092544877,LOW SAVINGS
A06563,WellSpring Care Partners Association,Texas,2024,0.03613924759013475,3.613924759013475,HIGH SAVINGS
A06564,Cedar Medical Partners Collaborative,Minnesota,2024,-0.021124062169588724,-2.112406216958872,LOW SAVINGS
A06565,Community Healthcare Health System,Oregon,2024,-0.008231280005351196,-0.8231280005351196,LOW SAVINGS
A06566,Crestview Health Network Medical Center,Indiana,2024,0.011256122408535333,1.1256122408535332,MODERATE SAVINGS
A06567,Brookside Wellness Care Network,Florida,2024,0.010134517135433035,1.0134517135433034,MODERATE SAVINGS
A06569,Highland Care Network Alliance,Washington,2024,0.023204245170986026,2.3204245170986026,MODERATE SAVINGS
A06570,Crestview Clinical Partners Association,Illinois,2024,-0.01026612745296688,-1.026612745296688,LOW SAVINGS
A06571,Parkview Health Partners Medical Center,Alabama,2024,0.003903459026546723,0.3903459026546723,MODERATE SAVINGS
A06572,Heritage Care Alliance Network,New Jersey,2024,-0.010390895616744595,-1.0390895616744595,LOW SAVINGS
A06573,Golden Valley Medical Partners,Virginia,2024,0.037750457005274164,3.7750457005274165,HIGH SAVINGS
A06574,Crestview Physician Network Association,Missouri,2024,0.007795754900953682,0.7795754900953682,MODERATE SAVINGS
A06575,Cedar Health Network Physician Alliance,Colorado,2024,0.009711916469974862,0.9711916469974862,MODERATE SAVINGS
A06576,Metro Integrated Health Physician Alliance,New Jersey,2024,0.052960677535810324,5.296067753581032,HIGH SAVINGS
A06577,Heritage Health Partners,Michigan,2024,0.0005473237849120706,0.05473237849120706,MODERATE SAVINGS
A06578,Evergreen Community Care Group,Connecticut,2024,0.03125675697610995,3.1256756976109954,HIGH SAVINGS
A06579,Highland Physician Network Group,North Carolina,2024,0.038943432491486504,3.8943432491486503,HIGH SAVINGS
A06580,Clearview Care Alliance Network,Illinois,2024,-0.008827174539615077,-0.8827174539615077,LOW SAVINGS
A06581,Heritage Care Alliance Association,Missouri,2024,-0.008793332819969043,-0.8793332819969043,LOW SAVINGS
A06582,Valley Physician Network Group,New Jersey,2024,0.030319385881034864,3.0319385881034866,HIGH SAVINGS
A06583,Beacon Medical Partners Health System,Minnesota,2024,-0.041373629043949256,-4.137362904394926,LOW SAVINGS
A06584,Fairview Care Alliance Care Network,Illinois,2024,0.010004492611422272,1.0004492611422273,MODERATE SAVINGS
A06585,Community Wellness Collaborative,Arizona,2024,0.039931034307139866,3.9931034307139868,HIGH SAVINGS
A06586,Westfield Care Association,Ohio,2024,0.015209446746141898,1.5209446746141897,MODERATE SAVINGS
A06587,Grandview Clinical Partners Network,Texas,2024,0.023197030014252388,2.3197030014252387,MODERATE SAVINGS
A06588,Meadow Community Care Partners,Colorado,2024,-0.0055280448127514896,-0.5528044812751489,LOW SAVINGS
A06589,Beacon Health Collaborative Partners,Indiana,2024,0.01894000579476361,1.8940005794763608,MODERATE SAVINGS
A06590,Westfield Physician Network Group,Maryland,2024,-0.0062793941002233815,-0.6279394100223381,LOW SAVINGS
A06591,Parkview Healthcare Collaborative,Illinois,2024,-0.0290958791320467,-2.9095879132046703,LOW SAVINGS
A06592,Cedar Health Network Care Network,Colorado,2024,-0.028910376811459283,-2.8910376811459284,LOW SAVINGS
A06593,Grandview Care Group,Oregon,2024,0.04536416741849385,4.536416741849385,HIGH SAVINGS
A06594,Crestview Medical Association,New York,2024,0.03442911199844869,3.442911199844869,HIGH SAVINGS
A06595,Blue Ridge Care Partners Collaborative,Tennessee,2024,0.017976209689375786,1.7976209689375786,MODERATE SAVINGS
A06596,Riverbend Health Partners Network,Washington,2024,0.0022800050010209206,0.22800050010209205,MODERATE SAVINGS
A06597,Summit Medical Network,Florida,2024,-0.007718051233506682,-0.7718051233506682,LOW SAVINGS
A06598,Heritage Provider Alliance Group,Missouri,2024,0.0331504979738214,3.31504979738214,HIGH SAVINGS
A06599,Cedar Physicians Health System,Pennsylvania,2024,0.03455478361553071,3.455478361553071,HIGH SAVINGS
A06600,Brookside Medical Medical Center,Florida,2024,0.012213511334847356,1.2213511334847356,MODERATE SAVINGS
A06602,Valley Wellness Collaborative,New York,2024,0.01587203763274663,1.5872037632746632,MODERATE SAVINGS
A06603,Clearview Health Alliance Care Network,Pennsylvania,2024,-0.017462471237915857,-1.7462471237915858,LOW SAVINGS
A06604,Summit Health Partners Physician Alliance,California,2024,0.003108010379142529,0.3108010379142529,MODERATE SAVINGS
A06606,Fairview Care Partners Partners,Tennessee,2024,0.009223641699708829,0.9223641699708829,MODERATE SAVINGS
A06607,Unity Health Network Association,California,2024,-0.014243576763855617,-1.4243576763855617,LOW SAVINGS
A06608,Valley Physicians Care Network,Wisconsin,2024,-0.03633752916970062,-3.633752916970062,LOW SAVINGS
A06609,Clearview Health Alliance Network,Michigan,2024,-0.0039404436314026525,-0.39404436314026525,LOW SAVINGS
A06610,Westfield Clinical Partners Care Network,Alabama,2024,-0.0098859494798165,-0.98859494798165,LOW SAVINGS
A06611,Blue Ridge Clinical Partners Physician Alliance,Georgia,2024,0.0542405785587968,5.4240578558796795,HIGH SAVINGS
A06612,Green Valley Wellness Collaborative,Wisconsin,2024,0.00991489024322913,0.9914890243229131,MODERATE SAVINGS
A06613,Blue Ridge Healthcare Collaborative,New Jersey,2024,-0.016811820052812673,-1.6811820052812672,LOW SAVINGS
A06614,Parkview Wellness Association,Arizona,2024,-0.022239356768876874,-2.2239356768876872,LOW SAVINGS
A06615,Heritage Wellness Medical Center,Washington,2024,-0.009741072555725643,-0.9741072555725643,LOW SAVINGS
A06616,Riverside Health Physician Alliance,Connecticut,2024,0.014115154062075697,1.4115154062075697,MODERATE SAVINGS
A06617,Crestview Integrated Health Group,Arizona,2024,0.04698727483258149,4.698727483258149,HIGH SAVINGS
A06618,Brookside Health Alliance Collaborative,New Jersey,2024,0.015589048577460575,1.5589048577460576,MODERATE SAVINGS
A06619,Gateway Care Medical Center,Georgia,2024,0.04674008346567436,4.674008346567436,HIGH SAVINGS
A06620,Grandview Integrated Health Medical Center,Virginia,2024,0.07013545510469452,7.013545510469451,HIGH SAVINGS
A06621,Springfield Health Network Group,California,2024,0.011537656086167547,1.1537656086167547,MODERATE SAVINGS
A06622,Eastgate Care Group,New York,2024,0.005679597417598962,0.5679597417598962,MODERATE SAVINGS
A06623,Brookside Medical Care Network,Georgia,2024,-0.0045579802784515705,-0.45579802784515705,LOW SAVINGS
A06624,Evergreen Health Network Partners,Wisconsin,2024,0.023717857300938224,2.3717857300938223,MODERATE SAVINGS
A06625,Unity Integrated Health Partners,Arizona,2024,0.03896747565393934,3.8967475653939343,HIGH SAVINGS
A06626,Riverbend Health Network Partners,Missouri,2024,0.011116913093657317,1.1116913093657317,MODERATE SAVINGS
A06627,Fairview Clinical Partners Collaborative,Ohio,2024,-0.00934516245454252,-0.934516245454252,LOW SAVINGS
A06629,Community Care Partners Health System,Virginia,2024,-0.0015814609859271253,-0.15814609859271253,LOW SAVINGS
A06630,Cedar Health Alliance Network,Alabama,2024,0.00023995077859156435,0.023995077859156437,MODERATE SAVINGS
A06631,Redwood Medical Health System,Connecticut,2024,0.015501656665834451,1.5501656665834451,MODERATE SAVINGS
A06632,Redwood Physicians Medical Center,Washington,2024,0.043771654421526605,4.377165442152661,HIGH SAVINGS
A06633,Gateway Wellness Group,Pennsylvania,2024,0.017230080290782344,1.7230080290782344,MODERATE SAVINGS
A06634,Evergreen Healthcare Physician Alliance,Florida,2024,0.04041543585141827,4.041543585141827,HIGH SAVINGS
A06635,Summit Care Collaborative,Illinois,2024,0.028925913308002923,2.8925913308002924,MODERATE SAVINGS
A06636,Meadow Health Network Collaborative,New Jersey,2024,0.023929322955079945,2.3929322955079946,MODERATE SAVINGS
A06637,Pinnacle Care Network Care Network,Maryland,2024,-0.04013371596769521,-4.013371596769521,LOW SAVINGS
A06638,Cedar Medical Group Alliance,Ohio,2024,0.04328282144214122,4.328282144214122,HIGH SAVINGS
A06639,Westfield Provider Alliance Physician Alliance,Washington,2024,0.01804999699774832,1.804999699774832,MODERATE SAVINGS
A06640,Grandview Clinical Partners Health System,California,2024,0.02701473897496714,2.7014738974967143,MODERATE SAVINGS
A06641,Lakeside Clinical Partners Association,Maryland,2024,0.002486994393538151,0.2486994393538151,MODERATE SAVINGS
A06642,Silverstone Community Care Collaborative,Wisconsin,2024,0.012326021302800041,1.232602130280004,MODERATE SAVINGS
A06643,Clearview Physician Network Association,New York,2024,-0.006204148698477047,-0.6204148698477047,LOW SAVINGS
A06644,Evergreen Wellness Partners,Indiana,2024,0.01936081338412542,1.936081338412542,MODERATE SAVINGS
A06645,Gateway Physician Network Network,New Jersey,2024,0.020767876573431758,2.076787657343176,MODERATE SAVINGS
A06646,Horizon Provider Alliance Collaborative,Minnesota,2024,0.06730708081699922,6.730708081699922,HIGH SAVINGS
A06648,Pioneer Health Association,Colorado,2024,-0.021608911209646704,-2.1608911209646706,LOW SAVINGS
A06649,Green Valley Health Collaborative Physician Alliance,Georgia,2024,0.022989881841911967,2.2989881841911965,MODERATE SAVINGS
A06650,Golden Valley Care Partners Association,Florida,2024,0.025154349816790066,2.5154349816790065,MODERATE SAVINGS
A06651,Eastgate Health Network Collaborative,New York,2024,-0.025686679355896434,-2.5686679355896436,LOW SAVINGS
A06652,Stonebridge Clinical Partners Network,Florida,2024,0.009629155892258188,0.9629155892258188,MODERATE SAVINGS
A06653,Brookside Community Care Medical Center,North Carolina,2024,0.03789283790734332,3.7892837907343315,HIGH SAVINGS
A06654,Westfield Provider Alliance Medical Center,Michigan,2024,-0.00540546593652526,-0.540546593652526,LOW SAVINGS
A06655,Grandview Physician Network Collaborative,Michigan,2024,0.011194676023605665,1.1194676023605665,MODERATE SAVINGS
A06656,Oakridge Health Collaborative Physician Alliance,Florida,2024,0.03992572564443911,3.9925725644439107,HIGH SAVINGS
A06657,Highland Care Partners Alliance,Alabama,2024,0.041279600046685024,4.127960004668503,HIGH SAVINGS
A06658,Canyon Care Association,Tennessee,2024,0.024325466026846838,2.432546602684684,MODERATE SAVINGS
A06659,Canyon Medical Group Association,Alabama,2024,0.03837506036436422,3.837506036436422,HIGH SAVINGS
A06660,Maplewood Healthcare Health System,Washington,2024,0.01051191186259839,1.051191186259839,MODERATE SAVINGS
A06661,Blue Ridge Health Collaborative,Minnesota,2024,0.00016217892427814753,0.016217892427814753,MODERATE SAVINGS
A06662,WellSpring Care Network Group,Michigan,2024,0.03662383211706509,3.662383211706509,HIGH SAVINGS
A06663,Lakeside Medical Group Medical Center,California,2024,0.00043734791452109637,0.043734791452109636,MODERATE SAVINGS
A06664,Meadow Medical Group Partners,California,2024,-0.00950461448857299,-0.9504614488572991,LOW SAVINGS
A06665,Stonebridge Health Medical Center,Pennsylvania,2024,0.010989649853908143,1.0989649853908143,MODERATE SAVINGS
A06666,WellSpring Care Alliance Medical Center,Oregon,2024,0.0023063462529734247,0.23063462529734247,MODERATE SAVINGS
A06667,Green Valley Community Care Care Network,Arizona,2024,0.006583444109149641,0.6583444109149641,MODERATE SAVINGS
A06669,Heritage Health Network Collaborative,North Carolina,2024,0.007944495294685737,0.7944495294685737,MODERATE SAVINGS
A06670,Golden Valley Integrated Health Physician Alliance,Pennsylvania,2024,0.02110003169019832,2.110003169019832,MODERATE SAVINGS
A06671,Eastgate Wellness Care Network,Illinois,2024,0.01280254353109796,1.280254353109796,MODERATE SAVINGS
A06672,Brookside Care Partners Medical Center,Illinois,2024,-0.009173471875350406,-0.9173471875350405,LOW SAVINGS
A06673,Mountain View Health Partners Partners,Alabama,2024,0.037763796648506966,3.7763796648506966,HIGH SAVINGS
A06674,Fairview Medical Medical Center,Missouri,2024,0.0317725645681348,3.17725645681348,HIGH SAVINGS
A06676,Silverstone Health Network Collaborative,North Carolina,2024,0.008660757726851126,0.8660757726851126,MODERATE SAVINGS
A06677,Lakeside Medical Partners Physician Alliance,Washington,2024,0.026459198664056924,2.645919866405692,MODERATE SAVINGS
A06678,Cedar Clinical Partners Health System,Illinois,2024,0.032150819620377684,3.215081962037768,HIGH SAVINGS
A06679,Westfield Medical Association,Colorado,2024,-0.023913725364641685,-2.3913725364641687,LOW SAVINGS
A06680,Oakridge Medical Group Health System,Indiana,2024,-0.046051571696143545,-4.605157169614355,LOW SAVINGS
A06681,Eastgate Physician Network Group,Massachusetts,2024,0.029434202370536518,2.943420237053652,MODERATE SAVINGS
A06682,Metro Physicians Association,Virginia,2024,0.011012573880599197,1.1012573880599197,MODERATE SAVINGS
A06683,Pinnacle Medical Collaborative,Wisconsin,2024,0.0384831535237818,3.8483153523781803,HIGH SAVINGS
A06684,Evergreen Care Network Alliance,Texas,2024,0.005216122827117671,0.5216122827117672,MODERATE SAVINGS
A06685,Riverside Health Network Medical Center,Oregon,2024,-0.013113749985041384,-1.3113749985041385,LOW SAVINGS
A06686,Horizon Physician Network Medical Center,Alabama,2024,0.00923780397426261,0.9237803974262611,MODERATE SAVINGS
A06687,Evergreen Healthcare Collaborative,Connecticut,2024,0.016065947825540727,1.6065947825540727,MODERATE SAVINGS
A06688,Crestview Physicians Network,Florida,2024,0.007598548284892898,0.7598548284892898,MODERATE SAVINGS
A06689,Riverside Integrated Health Physician Alliance,Indiana,2024,0.10368921197664409,10.36892119766441,HIGH SAVINGS
A06690,Metro Physician Network Association,Missouri,2024,0.012410892066928306,1.2410892066928307,MODERATE SAVINGS
A06691,Pioneer Clinical Partners Collaborative,Tennessee,2024,0.01823083652295004,1.823083652295004,MODERATE SAVINGS
A06692,Grandview Care Network Network,Missouri,2024,-0.006780210758659919,-0.6780210758659919,LOW SAVINGS
A06693,Meadow Care Alliance,Colorado,2024,-0.040445891547440445,-4.0445891547440445,LOW SAVINGS
A06694,Valley Health Partners Partners,Arizona,2024,0.00892226314567071,0.8922263145670709,MODERATE SAVINGS
A06695,Blue Ridge Care Network Alliance,Virginia,2024,0.01610210204035203,1.610210204035203,MODERATE SAVINGS
A06696,Grandview Physicians Partners,Minnesota,2024,0.01176061335291986,1.176061335291986,MODERATE SAVINGS
A06697,Maplewood Care Network,Georgia,2024,0.018826920438673695,1.8826920438673695,MODERATE SAVINGS
A06698,Highland Care Network Group,Arizona,2024,-0.0005825498895082407,-0.05825498895082407,LOW SAVINGS
A06699,Summit Care Network Physician Alliance,Indiana,2024,0.052712535570680445,5.271253557068045,HIGH SAVINGS
A06701,Evergreen Medical Alliance,Indiana,2024,-0.026661753259826036,-2.6661753259826035,LOW SAVINGS
A06702,Community Wellness Network,Minnesota,2024,-0.013589862169834266,-1.3589862169834266,LOW SAVINGS
A06703,Beacon Health Collaborative,Alabama,2024,0.02235600402034411,2.235600402034411,MODERATE SAVINGS
A06704,Summit Physicians Health System,Minnesota,2024,0.013506424350372583,1.3506424350372583,MODERATE SAVINGS
A06705,Silverstone Care Collaborative,Texas,2024,0.015089971448099973,1.5089971448099972,MODERATE SAVINGS
A06706,Community Healthcare Collaborative,Missouri,2024,0.031113204080138117,3.1113204080138117,HIGH SAVINGS
A06707,Horizon Care Network Care Network,Michigan,2024,-0.004441171204557373,-0.44411712045573726,LOW SAVINGS
A06708,Horizon Health Collaborative Association,Colorado,2024,0.025497013590288498,2.54970135902885,MODERATE SAVINGS
A06709,Eastgate Integrated Health Group,Colorado,2024,-0.014896056838984567,-1.4896056838984566,LOW SAVINGS
A06710,Heritage Health Alliance Collaborative,Texas,2024,-0.005613894907512876,-0.5613894907512876,LOW SAVINGS
A06711,Redwood Care Network Partners,Oregon,2024,0.014588734905592548,1.4588734905592549,MODERATE SAVINGS
A06712,Green Valley Health Alliance Medical Center,Connecticut,2024,0.018405018119628094,1.8405018119628094,MODERATE SAVINGS
A06713,Valley Wellness Health System,Illinois,2024,0.04535231088745691,4.535231088745691,HIGH SAVINGS
A06715,Horizon Health Care Network,Florida,2024,0.016788950749296816,1.6788950749296816,MODERATE SAVINGS
A06716,Clearview Medical Group Partners,Massachusetts,2024,0.011297950658740888,1.1297950658740887,MODERATE SAVINGS
A06717,Meadow Health Network Association,Colorado,2024,0.04060556953777205,4.060556953777205,HIGH SAVINGS
A06718,Eastgate Care Network Alliance,Maryland,2024,0.0129258450649501,1.2925845064950099,MODERATE SAVINGS
A06719,Mountain View Health Partners Association,Michigan,2024,-0.0005962796859623094,-0.05962796859623094,LOW SAVINGS
A06721,Silverstone Health Partners Alliance,Oregon,2024,0.009647853201741415,0.9647853201741415,MODERATE SAVINGS
A06722,Redwood Care Partners,Massachusetts,2024,0.033667423256027895,3.3667423256027895,HIGH SAVINGS
A06723,Unity Health Partners Care Network,Michigan,2024,0.00986952344237109,0.9869523442371089,MODERATE SAVINGS
A06724,WellSpring Care Partners Health System,Indiana,2024,0.0018136994461057459,0.1813699446105746,MODERATE SAVINGS
A06725,Highland Medical Medical Center,Oregon,2024,0.03300660435657516,3.300660435657516,HIGH SAVINGS
A06726,Golden Valley Care Health System,Arizona,2024,-0.015408268385085284,-1.5408268385085284,LOW SAVINGS
A06727,Green Valley Integrated Health Partners,Pennsylvania,2024,0.015285760039871792,1.5285760039871792,MODERATE SAVINGS
A06728,Springfield Care Partners Health System,Alabama,2024,0.02394991084056278,2.394991084056278,MODERATE SAVINGS
A06729,Meadow Health Partners Medical Center,Florida,2024,0.010359489948473787,1.0359489948473788,MODERATE SAVINGS
A06730,Community Healthcare Alliance,Virginia,2024,0.009187529890549594,0.9187529890549594,MODERATE SAVINGS
A06731,Golden Valley Medical Association,Connecticut,2024,-0.02832732636958822,-2.832732636958822,LOW SAVINGS
A06732,Grandview Care Partners Health System,Connecticut,2024,0.0404179154582079,4.04179154582079,HIGH SAVINGS
A06733,Clearview Health Physician Alliance,Florida,2024,-0.006882497825812595,-0.6882497825812595,LOW SAVINGS
A06734,Highland Integrated Health Care Network,Florida,2024,-0.0029569307227593693,-0.29569307227593694,LOW SAVINGS
A06735,Golden Valley Integrated Health Collaborative,Alabama,2024,0.0003808438422130524,0.03808438422130524,MODERATE SAVINGS
A06736,Riverbend Medical Group Partners,Illinois,2024,0.02311196382344852,2.311196382344852,MODERATE SAVINGS
A06737,Pinnacle Health Physician Alliance,North Carolina,2024,-0.030337133199706975,-3.0337133199706976,LOW SAVINGS
A06738,Cedar Health Partners Medical Center,Illinois,2024,0.03060318921525054,3.0603189215250537,HIGH SAVINGS
A06739,Grandview Community Care Health System,Colorado,2024,-0.0017739035623748087,-0.17739035623748087,LOW SAVINGS
A06740,Fairview Care Partners Network,New York,2024,0.011294067279452057,1.1294067279452056,MODERATE SAVINGS
A06741,Springfield Health Group,Connecticut,2024,0.049111461456979276,4.911146145697928,HIGH SAVINGS
A06742,Lakeside Care Alliance Network,Massachusetts,2024,0.04743113786693923,4.743113786693923,HIGH SAVINGS
A06743,Green Valley Physician Network Physician Alliance,Arizona,2024,-0.045115141591447576,-4.511514159144758,LOW SAVINGS
A06744,Beacon Clinical Partners Collaborative,Colorado,2024,-0.011288891656201337,-1.1288891656201336,LOW SAVINGS
A06745,Oakridge Medical Medical Center,Minnesota,2024,-0.03345304729138613,-3.345304729138613,LOW SAVINGS
A06746,Clearview Wellness Care Network,Illinois,2024,0.006390339380470268,0.6390339380470268,MODERATE SAVINGS
A06747,Northstar Health Partners Care Network,California,2024,0.010859733188040429,1.0859733188040428,MODERATE SAVINGS
A06748,Evergreen Health Collaborative Medical Center,Michigan,2024,0.024772178201241616,2.4772178201241615,MODERATE SAVINGS
A06749,Unity Health Collaborative Care Network,Massachusetts,2024,0.051845437760124694,5.184543776012469,HIGH SAVINGS
A06750,Green Valley Health Collaborative Partners,Minnesota,2024,-0.005497828622966899,-0.5497828622966899,LOW SAVINGS
A06751,Canyon Medical Group Network,Virginia,2024,0.03678873111395208,3.678873111395208,HIGH SAVINGS
A06752,Lakeside Care Medical Center,Virginia,2024,-0.051457134581616555,-5.145713458161656,LOW SAVINGS
A06753,Pioneer Provider Alliance Medical Center,Oregon,2024,-0.019069695809895672,-1.9069695809895673,LOW SAVINGS
A06754,Crestview Health Collaborative Collaborative,Ohio,2024,-0.003893944278926254,-0.3893944278926254,LOW SAVINGS
A06755,Fairview Health Alliance Collaborative,California,2024,0.006039489974707241,0.6039489974707241,MODERATE SAVINGS
A06756,Fairview Healthcare Partners,Texas,2024,-0.0018183211570041724,-0.18183211570041724,LOW SAVINGS
A06757,Springfield Wellness Association,North Carolina,2024,0.04902604633328088,4.902604633328088,HIGH SAVINGS
A06758,Riverbend Wellness Physician Alliance,Colorado,2024,-0.0033336616417405894,-0.33336616417405895,LOW SAVINGS
A06759,Summit Care Alliance Physician Alliance,Connecticut,2024,-0.018067428196314263,-1.8067428196314264,LOW SAVINGS
A06760,Westfield Health Collaborative Alliance,Wisconsin,2024,0.037504715138974035,3.7504715138974034,HIGH SAVINGS
A06761,Highland Medical Health System,New Jersey,2024,0.027282500155763268,2.728250015576327,MODERATE SAVINGS
A06762,Northstar Health Partners Physician Alliance,Alabama,2024,0.012313373328589701,1.23133733285897,MODERATE SAVINGS
A06763,Green Valley Care Network Care Network,Washington,2024,0.03685325306859751,3.685325306859751,HIGH SAVINGS
A06764,Metro Physicians Medical Center,New Jersey,2024,0.016731761473314833,1.6731761473314832,MODERATE SAVINGS
A06765,Meadow Clinical Partners Medical Center,Florida,2024,-0.0019106224862843909,-0.1910622486284391,LOW SAVINGS
A06766,Westfield Physician Network Medical Center,Colorado,2024,0.04167113791747128,4.167113791747128,HIGH SAVINGS
A06768,Silverstone Care Network Association,Minnesota,2024,0.007010621579164418,0.7010621579164418,MODERATE SAVINGS
A06769,Pinnacle Medical Physician Alliance,North Carolina,2024,0.015291397769605876,1.5291397769605874,MODERATE SAVINGS
A06770,Green Valley Clinical Partners Health System,Florida,2024,0.04126425833665664,4.126425833665664,HIGH SAVINGS
A06771,Brookside Wellness Physician Alliance,Ohio,2024,-0.006018505307390641,-0.6018505307390641,LOW SAVINGS
A06772,Riverside Medical Group Network,New York,2024,0.03590546769452232,3.590546769452232,HIGH SAVINGS
A06773,Blue Ridge Health Collaborative Partners,Florida,2024,0.019695969151110743,1.9695969151110742,MODERATE SAVINGS
A06774,Mountain View Health Partners Alliance,Washington,2024,0.021115045823148538,2.1115045823148537,MODERATE SAVINGS
A06775,Gateway Wellness Medical Center,New York,2024,0.0023358182224475295,0.23358182224475296,MODERATE SAVINGS
A06776,Community Care Partners Association,Indiana,2024,0.0034709277134693755,0.34709277134693756,MODERATE SAVINGS
A06777,Brookside Physician Network Group,Florida,2024,0.012002702398798465,1.2002702398798466,MODERATE SAVINGS
A06778,Gateway Care Network,Florida,2024,0.029747645693629077,2.974764569362908,MODERATE SAVINGS
A06779,Silverstone Wellness Health System,North Carolina,2024,0.06464699921668851,6.464699921668851,HIGH SAVINGS
A06780,Silverstone Medical Association,Texas,2024,-0.02933922948867999,-2.933922948867999,LOW SAVINGS
A06781,Community Health Group,Virginia,2024,0.0020425562470950506,0.20425562470950506,MODERATE SAVINGS
A06782,Golden Valley Care Partners Medical Center,Maryland,2024,-0.018779239424846106,-1.8779239424846106,LOW SAVINGS
A06783,Parkview Provider Alliance Association,Michigan,2024,0.03458175775470278,3.4581757754702775,HIGH SAVINGS
A06784,Valley Health Alliance Medical Center,Indiana,2024,0.03788376928343453,3.788376928343453,HIGH SAVINGS
A06786,Evergreen Medical Group Health System,Wisconsin,2024,0.039633566066665314,3.9633566066665313,HIGH SAVINGS
A06787,Horizon Care Network,Alabama,2024,0.009260573926364153,0.9260573926364153,MODERATE SAVINGS
A06788,Unity Physician Network Network,Tennessee,2024,0.05137386166445558,5.137386166445558,HIGH SAVINGS
A06789,Canyon Care Network Alliance,Florida,2024,0.01622993777205788,1.6229937772057879,MODERATE SAVINGS
A06790,Heritage Health Collaborative Collaborative,Massachusetts,2024,-0.016780425146876898,-1.6780425146876898,LOW SAVINGS
A06791,Summit Integrated Health Medical Center,Missouri,2024,0.03616943058184922,3.616943058184922,HIGH SAVINGS
A06792,Blue Ridge Health Collaborative Association,Alabama,2024,0.02564463584574439,2.564463584574439,MODERATE SAVINGS
A06793,Fairview Wellness Medical Center,New York,2024,-0.03783176676312275,-3.7831766763122747,LOW SAVINGS
A06795,Silverstone Health Collaborative Group,Missouri,2024,0.04294887575807456,4.294887575807456,HIGH SAVINGS
A06796,Cedar Community Care Care Network,Maryland,2024,0.043771654421526605,4.377165442152661,HIGH SAVINGS
A06797,Summit Community Care Network,Michigan,2024,0.034561966277424395,3.4561966277424396,HIGH SAVINGS
A06799,Silverstone Medical Group Partners,Connecticut,2024,0.04934753558906878,4.934753558906878,HIGH SAVINGS
A06800,Lakeside Care Alliance Care Network,Colorado,2024,-0.015898573318962914,-1.5898573318962914,LOW SAVINGS
A06801,Unity Medical Partners,Minnesota,2024,0.06072578699515678,6.072578699515678,HIGH SAVINGS
A06802,Horizon Medical Care Network,Georgia,2024,0.0439246337904003,4.39246337904003,HIGH SAVINGS
A06803,Canyon Medical Partners,Wisconsin,2024,0.0051133074826675605,0.5113307482667561,MODERATE SAVINGS
A06804,Summit Health Collaborative Care Network,New York,2024,0.025358083622011685,2.5358083622011685,MODERATE SAVINGS
A06805,Silverstone Clinical Partners Physician Alliance,Florida,2024,0.038458835491235556,3.8458835491235557,HIGH SAVINGS
A06806,Golden Valley Wellness Collaborative,Illinois,2024,0.006492581376775226,0.6492581376775226,MODERATE SAVINGS
A06807,Brookside Health Physician Alliance,Alabama,2024,0.013822174131152507,1.3822174131152507,MODERATE SAVINGS
A06808,Metro Health Network Alliance,California,2024,0.008260907913525834,0.8260907913525835,MODERATE SAVINGS
A06809,Maplewood Care Group,Washington,2024,0.02965645759567067,2.965645759567067,MODERATE SAVINGS
A06810,Stonebridge Physician Network Association,California,2024,0.026806955248513925,2.6806955248513926,MODERATE SAVINGS
A06811,Evergreen Medical Partners Collaborative,Connecticut,2024,0.0362117263294593,3.62117263294593,HIGH SAVINGS
A06812,Eastgate Health Health System,Michigan,2024,0.004050737951073055,0.4050737951073055,MODERATE SAVINGS
A06813,Riverbend Physician Network Care Network,New Jersey,2024,0.046386994601538147,4.6386994601538145,HIGH SAVINGS
A06814,Stonebridge Healthcare Group,Minnesota,2024,-0.006852851728771547,-0.6852851728771546,LOW SAVINGS
A06815,Mountain View Health Partners,Arizona,2024,0.038130764544375625,3.8130764544375624,HIGH SAVINGS
A06816,Golden Valley Health Network Care Network,Pennsylvania,2024,0.03316211992821656,3.3162119928216565,HIGH SAVINGS
A06817,Meadow Medical Partners Association,Minnesota,2024,0.011024371924281016,1.1024371924281016,MODERATE SAVINGS
A06818,Maplewood Health Alliance Physician Alliance,New Jersey,2024,-0.010621807635619427,-1.0621807635619427,LOW SAVINGS
A06819,Pinnacle Health Collaborative Network,Texas,2024,0.0035928657281803804,0.35928657281803805,MODERATE SAVINGS
A06820,Maplewood Care Network Association,North Carolina,2024,0.020471258939652185,2.0471258939652186,MODERATE SAVINGS
A06821,Grandview Health Partners,California,2024,0.06817871930827876,6.817871930827876,HIGH SAVINGS
A06822,Canyon Provider Alliance Physician Alliance,Massachusetts,2024,-0.00881881787149878,-0.8818817871498781,LOW SAVINGS
A06823,Evergreen Provider Alliance Collaborative,Michigan,2024,0.03130653693921772,3.130653693921772,HIGH SAVINGS
A06824,Eastgate Health Collaborative Network,New Jersey,2024,-0.0053174033249235265,-0.5317403324923526,LOW SAVINGS
A06825,Metro Medical Alliance,Missouri,2024,-0.017166183600358594,-1.7166183600358593,LOW SAVINGS
A06827,Crestview Medical Physician Alliance,Virginia,2024,-0.018891565175204003,-1.8891565175204004,LOW SAVINGS
A06828,Silverstone Care Network Collaborative,Connecticut,2024,0.015808780218772446,1.5808780218772447,MODERATE SAVINGS
A06829,Heritage Care Partners Partners,Virginia,2024,0.001767269410259991,0.17672694102599912,MODERATE SAVINGS
A06830,Oakridge Medical Group Group,Georgia,2024,-0.0035978382193046533,-0.3597838219304653,LOW SAVINGS
A06831,Community Wellness Alliance,Michigan,2024,0.009280447583368054,0.9280447583368054,MODERATE SAVINGS
A06832,Beacon Health Network Collaborative,Georgia,2024,0.02133104117428319,2.133104117428319,MODERATE SAVINGS
A06833,Fairview Community Care Collaborative,New York,2024,0.012717239341395807,1.2717239341395807,MODERATE SAVINGS
A06834,Cedar Health Care Network,Illinois,2024,-0.0067025233709392925,-0.6702523370939293,LOW SAVINGS
A06835,Clearview Physicians Alliance,New Jersey,2024,0.0223863349043133,2.23863349043133,MODERATE SAVINGS
A06836,Cedar Medical Partners Group,Missouri,2024,0.03656358853665851,3.656358853665851,HIGH SAVINGS
A06838,Lakeside Integrated Health Group,Massachusetts,2024,0.006800642185953486,0.6800642185953486,MODERATE SAVINGS
A06839,Canyon Care Partners Network,Arizona,2024,-0.030892938764665374,-3.0892938764665376,LOW SAVINGS
A06840,Cedar Health Collaborative Medical Center,Colorado,2024,0.052364372044653225,5.2364372044653225,HIGH SAVINGS
A06841,Heartland Clinical Partners Health System,Virginia,2024,0.07167251732196214,7.167251732196214,HIGH SAVINGS
A06842,Lakeside Care Alliance Physician Alliance,Pennsylvania,2024,-0.012720603424630257,-1.2720603424630257,LOW SAVINGS
A06843,Brookside Care Group,Wisconsin,2024,0.019096092178934813,1.9096092178934814,MODERATE SAVINGS
A06844,Blue Ridge Clinical Partners Group,Illinois,2024,0.003436853289263218,0.3436853289263218,MODERATE SAVINGS
A06845,Blue Ridge Health Partners Health System,Oregon,2024,0.001288005367776639,0.1288005367776639,MODERATE SAVINGS
A06846,Heritage Community Care Association,Arizona,2024,0.03955317551910917,3.955317551910917,HIGH SAVINGS
A06847,Riverside Health Partners Physician Alliance,Washington,2024,0.013223492402456561,1.322349240245656,MODERATE SAVINGS
A06848,Clearview Wellness Group,Virginia,2024,0.041777391479029966,4.177739147902996,HIGH SAVINGS
A06849,Grandview Medical Physician Alliance,Georgia,2024,0.02942660708840833,2.942660708840833,MODERATE SAVINGS
A06850,Lakeside Community Care Partners,Alabama,2024,-0.021482288068697578,-2.1482288068697577,LOW SAVINGS
A06851,Golden Valley Care Alliance Group,North Carolina,2024,0.02557128456429259,2.5571284564292593,MODERATE SAVINGS
A06852,Heritage Medical Association,Georgia,2024,0.05403486965265306,5.403486965265306,HIGH SAVINGS
A06853,Stonebridge Medical Partners Alliance,Wisconsin,2024,0.00048351742999932937,0.04835174299993294,MODERATE SAVINGS
A06854,Cedar Physician Network Physician Alliance,Alabama,2024,0.06180089931234482,6.180089931234482,HIGH SAVINGS
A06855,Heartland Physician Network Network,Minnesota,2024,-0.03201952463075345,-3.201952463075345,LOW SAVINGS
A06856,Westfield Medical Group Alliance,Tennessee,2024,0.05085521310616064,5.0855213106160635,HIGH SAVINGS
A06857,Crestview Community Care Physician Alliance,Alabama,2024,0.06497537614757339,6.497537614757339,HIGH SAVINGS
A06858,Highland Community Care Partners,Pennsylvania,2024,0.03260884723826186,3.260884723826186,HIGH SAVINGS
A06859,Silverstone Provider Alliance Group,Ohio,2024,0.013252351048828855,1.3252351048828854,MODERATE SAVINGS
A06860,Unity Health Partners Partners,Connecticut,2024,0.035089961863726656,3.5089961863726655,HIGH SAVINGS
A06861,Green Valley Wellness Health System,Connecticut,2024,0.004612965019693195,0.4612965019693195,MODERATE SAVINGS
A06862,Clearview Care Network,Tennessee,2024,0.020087580532597942,2.008758053259794,MODERATE SAVINGS
A06863,Meadow Medical Partners Physician Alliance,Tennessee,2024,0.030242440023303303,3.02424400233033,HIGH SAVINGS
A06864,Fairview Care Network Care Network,Michigan,2024,0.03516646132498779,3.5166461324987788,HIGH SAVINGS
A06865,Crestview Wellness Physician Alliance,Texas,2024,-0.017061135947266437,-1.7061135947266437,LOW SAVINGS
A06866,Cedar Medical Alliance,Wisconsin,2024,-0.015616591269465432,-1.5616591269465432,LOW SAVINGS
A06868,Metro Healthcare Network,Missouri,2024,0.0002847589838431167,0.02847589838431167,MODERATE SAVINGS
A06869,Gateway Medical Group Care Network,Oregon,2024,0.06825692804164067,6.825692804164067,HIGH SAVINGS
A06870,Community Medical Physician Alliance,Virginia,2024,-0.05247746133941541,-5.247746133941541,LOW SAVINGS
A06871,Golden Valley Health Care Network,Oregon,2024,0.04038533974614279,4.038533974614279,HIGH SAVINGS
A06872,Green Valley Medical Partners Collaborative,Missouri,2024,0.029000016964989536,2.9000016964989537,MODERATE SAVINGS
A06873,Redwood Health Network Physician Alliance,Washington,2024,0.04444870540045747,4.444870540045747,HIGH SAVINGS
A06874,Horizon Care Partners Partners,Connecticut,2024,0.014958716022895356,1.4958716022895355,MODERATE SAVINGS
A06875,Pioneer Health Physician Alliance,North Carolina,2024,0.011246954018563758,1.1246954018563757,MODERATE SAVINGS
A06876,Meadow Medical Partners Network,Virginia,2024,0.06184160881765087,6.184160881765087,HIGH SAVINGS
A06877,WellSpring Health Collaborative Network,Tennessee,2024,0.03531815976376141,3.531815976376141,HIGH SAVINGS
A06878,Redwood Wellness Association,New Jersey,2024,0.052061485423413205,5.20614854234132,HIGH SAVINGS
A06879,Crestview Healthcare Physician Alliance,Washington,2024,0.015954631227769783,1.5954631227769782,MODERATE SAVINGS
A06880,Brookside Healthcare Group,Connecticut,2024,0.055936189815478425,5.593618981547842,HIGH SAVINGS
A06881,Pinnacle Care Network Network,New York,2024,0.006868771806795877,0.6868771806795877,MODERATE SAVINGS
A06882,Evergreen Healthcare Network,Michigan,2024,0.06376808451946606,6.376808451946606,HIGH SAVINGS
A06883,Westfield Integrated Health Health System,Virginia,2024,0.023440488808389146,2.3440488808389146,MODERATE SAVINGS
A06884,Cedar Health Collaborative Network,Illinois,2024,0.07566481557850548,7.5664815578505475,HIGH SAVINGS
A06885,Summit Health Alliance Physician Alliance,Indiana,2024,0.0313019329967532,3.13019329967532,HIGH SAVINGS
A06886,Northstar Health Partners Collaborative,Texas,2024,0.041354954380364954,4.135495438036496,HIGH SAVINGS
A06887,Parkview Clinical Partners Health System,Maryland,2024,0.020291065042466742,2.0291065042466743,MODERATE SAVINGS
A06888,Silverstone Health Collaborative Collaborative,Ohio,2024,0.048994020101148075,4.899402010114808,HIGH SAVINGS
A06889,Horizon Community Care Alliance,Washington,2024,0.02725046303082793,2.725046303082793,MODERATE SAVINGS
A06890,Canyon Health Partners Network,Virginia,2024,-0.00917442133208057,-0.917442133208057,LOW SAVINGS
A06891,Blue Ridge Care Health System,North Carolina,2024,0.04037414578056146,4.037414578056146,HIGH SAVINGS
A06892,Unity Healthcare Group,Georgia,2024,0.011716344027493122,1.1716344027493122,MODERATE SAVINGS
A06893,Pioneer Health Network Association,California,2024,0.012692815115060296,1.2692815115060296,MODERATE SAVINGS
A06894,Brookside Health Medical Center,Texas,2024,-0.026236977088032243,-2.623697708803224,LOW SAVINGS
A06895,Meadow Care Care Network,North Carolina,2024,0.004869996005918952,0.4869996005918952,MODERATE SAVINGS
A06896,Valley Medical Group Partners,Ohio,2024,0.012415485380433878,1.2415485380433877,MODERATE SAVINGS
A06897,Community Health Alliance,Missouri,2024,0.023874401782081795,2.3874401782081796,MODERATE SAVINGS
A06898,Maplewood Physicians Alliance,Colorado,2024,0.02051778874342704,2.051778874342704,MODERATE SAVINGS
A06899,Community Integrated Health Health System,Pennsylvania,2024,0.008761542149574426,0.8761542149574426,MODERATE SAVINGS
A06900,Westfield Care Partners Association,Alabama,2024,0.0585013164572643,5.85013164572643,HIGH SAVINGS
A06901,Westfield Provider Alliance Network,Ohio,2024,0.0015859921878028564,0.15859921878028566,MODERATE SAVINGS
A06902,Green Valley Care Alliance,Pennsylvania,2024,0.029424677150466302,2.94246771504663,MODERATE SAVINGS
A06903,Eastgate Wellness Partners,Minnesota,2024,-0.035316030556187025,-3.5316030556187026,LOW SAVINGS
A06904,Evergreen Care Alliance Network,Wisconsin,2024,-0.02121076220655799,-2.121076220655799,LOW SAVINGS
A06905,Pioneer Health Partners Alliance,Washington,2024,0.007506756206383235,0.7506756206383235,MODERATE SAVINGS
A06906,Springfield Health Collaborative Network,Connecticut,2024,0.053999112318176466,5.399911231817646,HIGH SAVINGS
A06907,Highland Medical Collaborative,Missouri,2024,0.008428189178276676,0.8428189178276676,MODERATE SAVINGS
A06908,Heritage Health Collaborative Alliance,Texas,2024,-0.039817553009789126,-3.9817553009789126,LOW SAVINGS
A06909,Pioneer Medical Collaborative,New York,2024,-0.004284553782921412,-0.4284553782921412,LOW SAVINGS
A06910,Springfield Healthcare Health System,New Jersey,2024,0.027005591012363855,2.7005591012363857,MODERATE SAVINGS
A06911,Highland Healthcare Physician Alliance,Indiana,2024,0.06120039099530619,6.1200390995306195,HIGH SAVINGS
A06912,Canyon Wellness Network,Colorado,2024,0.013495995378014072,1.3495995378014072,MODERATE SAVINGS
A06913,Clearview Health Network Physician Alliance,Missouri,2024,0.011379779684937833,1.1379779684937834,MODERATE SAVINGS
A06914,Eastgate Integrated Health Physician Alliance,Minnesota,2024,0.02189681826297356,2.189681826297356,MODERATE SAVINGS
A06915,WellSpring Physicians Health System,Arizona,2024,-0.00829701906287766,-0.8297019062877661,LOW SAVINGS
A06916,Unity Care Network Partners,Connecticut,2024,0.05008610814475391,5.008610814475391,HIGH SAVINGS
A06917,Clearview Healthcare Collaborative,Maryland,2024,0.01839586917729294,1.839586917729294,MODERATE SAVINGS
A06918,Mountain View Care Network Group,New Jersey,2024,0.02469328077326133,2.469328077326133,MODERATE SAVINGS
A06919,Heritage Community Care Medical Center,Colorado,2024,0.04070663998145459,4.070663998145458,HIGH SAVINGS
A06920,Riverside Health Network Network,North Carolina,2024,0.024066632212543623,2.4066632212543624,MODERATE SAVINGS
A06921,Crestview Care Partners Care Network,Virginia,2024,-0.012755050779237416,-1.2755050779237416,LOW SAVINGS
A06922,Riverside Care Alliance Collaborative,Tennessee,2024,-0.0015750024223164206,-0.15750024223164205,LOW SAVINGS
A06923,Valley Health Partners Network,Georgia,2024,0.022791564210703358,2.279156421070336,MODERATE SAVINGS
A06924,Parkview Medical Group Group,New York,2024,-0.0031921864899517676,-0.31921864899517677,LOW SAVINGS
A06925,Blue Ridge Health Partners Association,Florida,2024,0.004325150643059108,0.43251506430591086,MODERATE SAVINGS
A06926,Golden Valley Healthcare Medical Center,Michigan,2024,0.0483944564437684,4.83944564437684,HIGH SAVINGS
A06927,Crestview Provider Alliance Health System,North Carolina,2024,-0.017301804409674614,-1.7301804409674615,LOW SAVINGS
A06928,Summit Physicians Association,Pennsylvania,2024,-0.01108865950314627,-1.108865950314627,LOW SAVINGS
A06929,Pioneer Integrated Health Care Network,Georgia,2024,0.015758397964104283,1.5758397964104283,MODERATE SAVINGS
A06930,Community Medical Group Medical Center,Illinois,2024,-0.047693327445693254,-4.769332744569326,LOW SAVINGS
A06931,Brookside Clinical Partners Network,Tennessee,2024,0.03662353708242413,3.6623537082424127,HIGH SAVINGS
A06932,Northstar Medical Alliance,Connecticut,2024,0.01860561331000219,1.8605613310002191,MODERATE SAVINGS
A06933,Valley Health Partners Medical Center,Virginia,2024,0.02232632868265846,2.232632868265846,MODERATE SAVINGS
A06934,Brookside Care Network Health System,California,2024,0.013225136517233865,1.3225136517233866,MODERATE SAVINGS
A06935,Heritage Medical Group Partners,North Carolina,2024,0.009059886633465327,0.9059886633465327,MODERATE SAVINGS
A06937,Beacon Medical Partners Medical Center,Oregon,2024,0.06067571338665596,6.067571338665596,HIGH SAVINGS
A06938,Summit Clinical Partners Alliance,Tennessee,2024,0.017732251257459915,1.7732251257459914,MODERATE SAVINGS
A06939,Maplewood Healthcare Medical Center,Alabama,2024,0.04141055696605891,4.141055696605891,HIGH SAVINGS
A06940,Clearview Health Partners Alliance,Michigan,2024,0.03769690565328392,3.7696905653283923,HIGH SAVINGS
A06941,Parkview Medical Partners Association,Illinois,2024,-0.005343067792224371,-0.5343067792224371,LOW SAVINGS
A06942,Maplewood Care Medical Center,Indiana,2024,-0.021512410830294443,-2.1512410830294444,LOW SAVINGS
A06944,Valley Care Alliance Physician Alliance,Colorado,2024,0.010041058274027296,1.0041058274027297,MODERATE SAVINGS
A06945,Golden Valley Clinical Partners Group,Massachusetts,2024,0.0013230354645032498,0.132303546450325,MODERATE SAVINGS
A06946,Evergreen Clinical Partners Care Network,Massachusetts,2024,0.019233178006662834,1.9233178006662834,MODERATE SAVINGS
A06947,Northstar Care Partners Network,Florida,2024,0.028313802402689842,2.831380240268984,MODERATE SAVINGS
A06948,Unity Physician Network Alliance,Colorado,2024,0.028034322727912227,2.803432272791223,MODERATE SAVINGS
A06949,Mountain View Physicians Association,North Carolina,2024,0.025077423852769357,2.5077423852769356,MODERATE SAVINGS
A06950,Canyon Health Alliance Group,Minnesota,2024,-0.007755332860628142,-0.7755332860628141,LOW SAVINGS
A06951,Heartland Healthcare Association,Virginia,2024,-0.04812564240276915,-4.812564240276915,LOW SAVINGS
A06952,Lakeside Health Alliance Medical Center,Wisconsin,2024,0.054260419684842125,5.4260419684842125,HIGH SAVINGS
A06953,Valley Physician Network Association,Pennsylvania,2024,-0.028402001911688762,-2.840200191168876,LOW SAVINGS
A06954,Redwood Physicians Physician Alliance,Georgia,2024,0.04048798553411094,4.048798553411094,HIGH SAVINGS
A06955,Green Valley Provider Alliance Alliance,Connecticut,2024,0.01624456956811132,1.6244569568111318,MODERATE SAVINGS
A06956,Westfield Health Network Alliance,Indiana,2024,0.053133178104582526,5.313317810458253,HIGH SAVINGS
A06957,Crestview Medical Partners Collaborative,North Carolina,2024,0.05325118031482297,5.325118031482297,HIGH SAVINGS
A06958,Crestview Care Network Health System,Georgia,2024,0.007200682654808621,0.7200682654808621,MODERATE SAVINGS
A06959,WellSpring Physicians Medical Center,Wisconsin,2024,-0.005976118493226082,-0.5976118493226082,LOW SAVINGS
A06960,Northstar Physicians Association,Indiana,2024,0.0590451463600491,5.90451463600491,HIGH SAVINGS
A06961,Silverstone Care Partners Group,California,2024,0.012682902872161426,1.2682902872161426,MODERATE SAVINGS
A06962,Eastgate Health Partners Health System,Minnesota,2024,-0.012234099576405142,-1.2234099576405142,LOW SAVINGS
A06963,Golden Valley Wellness Partners,Wisconsin,2024,0.05527835483821632,5.527835483821632,HIGH SAVINGS
A06964,Westfield Health Network Collaborative,Virginia,2024,0.0024096433543746893,0.24096433543746892,MODERATE SAVINGS
A06965,Clearview Medical Partners Physician Alliance,Colorado,2024,0.026409422341761843,2.640942234176184,MODERATE SAVINGS
A06966,Green Valley Healthcare Physician Alliance,Indiana,2024,-0.0003121649702315408,-0.031216497023154082,LOW SAVINGS
A06967,Unity Health Collaborative Group,Oregon,2024,0.02814278968003597,2.814278968003597,MODERATE SAVINGS
A06968,Westfield Health Alliance Partners,Washington,2024,0.029259710875262118,2.9259710875262117,MODERATE SAVINGS
A06969,Horizon Medical Partners Medical Center,Massachusetts,2024,-0.006509954298006566,-0.6509954298006566,LOW SAVINGS
A06970,Highland Medical Partners Association,New Jersey,2024,-0.04351037559681236,-4.351037559681236,LOW SAVINGS
A06971,Community Healthcare Group,Missouri,2024,0.012738258568997048,1.2738258568997047,MODERATE SAVINGS
A06972,Pinnacle Health Alliance Care Network,Virginia,2024,0.011343733117815233,1.1343733117815233,MODERATE SAVINGS
A06973,Golden Valley Health Network Group,New Jersey,2024,0.017353483571706706,1.7353483571706705,MODERATE SAVINGS
A06974,Gateway Health Partners Partners,Michigan,2024,0.08640382623357488,8.640382623357489,HIGH SAVINGS
A06975,Oakridge Health Collaborative Alliance,Arizona,2024,-0.005373861364238567,-0.5373861364238567,LOW SAVINGS
A06976,WellSpring Health Collaborative Group,New Jersey,2024,0.020630833217408943,2.063083321740894,MODERATE SAVINGS
A06977,Meadow Health Collaborative Group,Connecticut,2024,0.025703730334286613,2.570373033428661,MODERATE SAVINGS
A06978,Maplewood Medical Group Collaborative,Georgia,2024,0.038915641104412306,3.8915641104412306,HIGH SAVINGS
A06979,Highland Integrated Health Network,Missouri,2024,0.030935511365340885,3.0935511365340886,HIGH SAVINGS
A06980,Horizon Medical Group Alliance,Texas,2024,0.012856232095736693,1.2856232095736693,MODERATE SAVINGS
A06981,Beacon Care Partners,Michigan,2024,0.03278784176436097,3.2787841764360968,HIGH SAVINGS
A06982,Green Valley Healthcare Alliance,Georgia,2024,0.04917158810131972,4.917158810131972,HIGH SAVINGS
A06983,Pioneer Health Network Medical Center,Wisconsin,2024,0.01716423886377684,1.716423886377684,MODERATE SAVINGS
A06984,Heritage Physicians Alliance,Tennessee,2024,-0.008359406794678618,-0.8359406794678618,LOW SAVINGS
A06985,Highland Physicians Network,Michigan,2024,0.043912870514416676,4.391287051441668,HIGH SAVINGS
A06986,Crestview Care Partners Group,Texas,2024,0.029338028715381676,2.9338028715381674,MODERATE SAVINGS
A06987,Evergreen Health Collaborative,Pennsylvania,2024,0.017352960234689886,1.7352960234689887,MODERATE SAVINGS
A06988,Silverstone Wellness Partners,Ohio,2024,0.029126073913354082,2.912607391335408,MODERATE SAVINGS
A06989,Mountain View Provider Alliance Care Network,North Carolina,2024,0.000996409119452349,0.0996409119452349,MODERATE SAVINGS
A06990,Parkview Clinical Partners Collaborative,Missouri,2024,0.026757609004927622,2.675760900492762,MODERATE SAVINGS
A06991,Community Health Collaborative Alliance,Indiana,2024,-0.01253076982822143,-1.2530769828221429,LOW SAVINGS
A06992,Gateway Physicians Physician Alliance,Virginia,2024,0.0329698820332759,3.29698820332759,HIGH SAVINGS
A06993,Eastgate Care Association,Alabama,2024,0.0433112544335998,4.33112544335998,HIGH SAVINGS
A06994,Summit Community Care Association,Ohio,2024,0.020586652687849528,2.058665268784953,MODERATE SAVINGS
A06995,Cedar Health Network Health System,Indiana,2024,-0.015005519224402722,-1.5005519224402721,LOW SAVINGS
A06996,Golden Valley Care Network Collaborative,Maryland,2024,0.058813923912056525,5.881392391205653,HIGH SAVINGS
A06997,Grandview Health Partners Partners,Georgia,2024,0.025122497813243633,2.512249781324363,MODERATE SAVINGS
A06998,Mountain View Care Partners Association,Georgia,2024,0.03495882310745253,3.4958823107452535,HIGH SAVINGS
A06999,Fairview Health Care Network,Minnesota,2024,0.01324026321486237,1.324026321486237,MODERATE SAVINGS
A07000,Pioneer Medical Group Network,Tennessee,2024,0.053026472270279304,5.30264722702793,HIGH SAVINGS
A07001,Riverside Physicians Medical Center,Michigan,2024,0.033452329087211616,3.3452329087211616,HIGH SAVINGS
A07002,Riverside Integrated Health Alliance,Virginia,2024,-0.04046847017977393,-4.046847017977393,LOW SAVINGS
A07003,Maplewood Wellness Alliance,Michigan,2024,0.008650996126122341,0.8650996126122341,MODERATE SAVINGS
A07004,Community Integrated Health Collaborative,Massachusetts,2024,0.02102182555192579,2.102182555192579,MODERATE SAVINGS
A07005,Cedar Integrated Health Medical Center,Maryland,2024,0.053314354340377124,5.331435434037712,HIGH SAVINGS
A07006,WellSpring Wellness Alliance,Virginia,2024,-0.002445586152334249,-0.2445586152334249,LOW SAVINGS
A07007,Eastgate Provider Alliance Care Network,Wisconsin,2024,0.022179199344069343,2.2179199344069342,MODERATE SAVINGS
A07008,Mountain View Wellness Care Network,Florida,2024,-0.045837408504864854,-4.583740850486485,LOW SAVINGS
A07009,Stonebridge Physicians Medical Center,Massachusetts,2024,0.02693621695501096,2.693621695501096,MODERATE SAVINGS
A07010,Beacon Integrated Health Partners,Maryland,2024,0.03357702965260972,3.357702965260972,HIGH SAVINGS
A07011,Heritage Health Network Physician Alliance,Oregon,2024,0.034921736615943826,3.4921736615943826,HIGH SAVINGS
A07012,Mountain View Care Alliance Alliance,North Carolina,2024,0.01394621136952723,1.394621136952723,MODERATE SAVINGS
A07013,Lakeside Physicians Alliance,Indiana,2024,0.051779317463679225,5.177931746367922,HIGH SAVINGS
A07014,Crestview Care Alliance Medical Center,Oregon,2024,-0.0017709791759472873,-0.17709791759472873,LOW SAVINGS
A07015,Brookside Physician Network Partners,New York,2024,0.012073461762050734,1.2073461762050735,MODERATE SAVINGS
A07016,Riverbend Care Medical Center,Massachusetts,2024,-0.019909272900496423,-1.9909272900496422,LOW SAVINGS
A07017,Lakeside Provider Alliance Partners,Florida,2024,-0.032190590553977945,-3.2190590553977945,LOW SAVINGS
A07018,Westfield Integrated Health Association,Virginia,2024,0.009264266017658607,0.9264266017658608,MODERATE SAVINGS
A07019,Riverside Medical Group Alliance,Minnesota,2024,0.05156182259648297,5.156182259648297,HIGH SAVINGS
A07020,Mountain View Health Collaborative Medical Center,Michigan,2024,0.01620170954481539,1.6201709544815388,MODERATE SAVINGS
A07021,Highland Physician Network Collaborative,Maryland,2024,0.013979703220483997,1.3979703220483997,MODERATE SAVINGS
A07022,Westfield Healthcare Medical Center,Illinois,2024,0.0278711720066749,2.78711720066749,MODERATE SAVINGS
A07023,Springfield Health Network Health System,Texas,2024,0.005990701842542769,0.5990701842542769,MODERATE SAVINGS
A07024,Heritage Care Group,Indiana,2024,0.07472308040965568,7.472308040965568,HIGH SAVINGS
A07027,Golden Valley Medical Partners Health System,New York,2024,-0.008420188996594798,-0.8420188996594798,LOW SAVINGS
A07028,Springfield Wellness Partners,Colorado,2024,0.020893070543786887,2.0893070543786885,MODERATE SAVINGS
A07029,Grandview Medical Partners Physician Alliance,Virginia,2024,0.04266460613878266,4.266460613878266,HIGH SAVINGS
A07030,Redwood Physician Network Collaborative,Illinois,2024,0.00801894542779406,0.801894542779406,MODERATE SAVINGS
A07031,Golden Valley Care Partners Physician Alliance,Washington,2024,-0.02588730475675296,-2.588730475675296,LOW SAVINGS
A07032,Springfield Care Network Network,Indiana,2024,0.008359601038722932,0.8359601038722932,MODERATE SAVINGS
A07033,Pioneer Care Network Physician Alliance,Ohio,2024,0.05456538371254248,5.456538371254248,HIGH SAVINGS
A07034,Springfield Physician Network Network,Connecticut,2024,0.04771482995391417,4.771482995391417,HIGH SAVINGS
A07035,Riverbend Health Medical Center,Texas,2024,0.09751492874785465,9.751492874785466,HIGH SAVINGS
A07036,Highland Clinical Partners Physician Alliance,Pennsylvania,2024,0.0181743536866437,1.81743536866437,MODERATE SAVINGS
A07037,Blue Ridge Physicians Alliance,Pennsylvania,2024,-0.01289384031094873,-1.289384031094873,LOW SAVINGS
A07038,Evergreen Care Partners Collaborative,Colorado,2024,0.03949054936542995,3.949054936542995,HIGH SAVINGS
A07039,Metro Health Partners Group,Massachusetts,2024,-0.016785609057315982,-1.6785609057315982,LOW SAVINGS
A07040,Lakeside Healthcare Collaborative,Illinois,2024,-0.03141235496682811,-3.141235496682811,LOW SAVINGS
A07041,Fairview Physicians Group,Georgia,2024,0.011631078187598532,1.1631078187598531,MODERATE SAVINGS
A07042,Unity Physician Network Association,New York,2024,0.036966135831966195,3.6966135831966196,HIGH SAVINGS
A07043,Golden Valley Provider Alliance Alliance,New York,2024,0.0218353002665004,2.18353002665004,MODERATE SAVINGS
A07044,Northstar Care Network Medical Center,Wisconsin,2024,0.005488357128309355,0.5488357128309355,MODERATE SAVINGS
A07045,Parkview Wellness Alliance,Alabama,2024,0.027423426410267328,2.742342641026733,MODERATE SAVINGS
A07047,Meadow Provider Alliance Alliance,Florida,2024,-0.030413180489271822,-3.0413180489271823,LOW SAVINGS
A07048,Blue Ridge Medical Group Health System,Arizona,2024,-0.010783444701955535,-1.0783444701955536,LOW SAVINGS
A07049,Fairview Health Network Medical Center,Pennsylvania,2024,0.0008632112578994586,0.08632112578994586,MODERATE SAVINGS
A07050,Northstar Physicians Partners,California,2024,0.03123337494692079,3.123337494692079,HIGH SAVINGS
A07051,Valley Clinical Partners Physician Alliance,Ohio,2024,0.0034275884081937337,0.34275884081937336,MODERATE SAVINGS
A07052,Heartland Care Partners Health System,North Carolina,2024,-0.010281225632237125,-1.0281225632237125,LOW SAVINGS
A07054,Stonebridge Medical Collaborative,Wisconsin,2024,0.01972601690881697,1.9726016908816968,MODERATE SAVINGS
A07055,Valley Provider Alliance Alliance,Michigan,2024,0.00710855878240176,0.7108558782401759,MODERATE SAVINGS
A07058,Highland Medical Group Partners,Michigan,2024,-0.0060332902545099,-0.60332902545099,LOW SAVINGS
A07059,Golden Valley Care Alliance Network,Washington,2024,0.009946262663096617,0.9946262663096617,MODERATE SAVINGS
A07060,Eastgate Care Partners Health System,Minnesota,2024,0.01095226646595664,1.095226646595664,MODERATE SAVINGS
A07061,Oakridge Health Network Partners,Washington,2024,-0.022530252278794623,-2.2530252278794625,LOW SAVINGS
A07062,WellSpring Care Partners Physician Alliance,Minnesota,2024,-0.020743105069966083,-2.0743105069966083,LOW SAVINGS
A07063,Riverside Provider Alliance Alliance,Massachusetts,2024,0.02210932487072199,2.210932487072199,MODERATE SAVINGS
A07064,Stonebridge Health Collaborative Care Network,New York,2024,0.022331729320110235,2.2331729320110236,MODERATE SAVINGS
A07065,Valley Health Alliance Network,North Carolina,2024,0.01593865531258733,1.593865531258733,MODERATE SAVINGS
A07066,Silverstone Care Alliance Network,Connecticut,2024,-0.021868746176486896,-2.1868746176486895,LOW SAVINGS
A07067,WellSpring Health Network,Oregon,2024,0.041204698026660276,4.120469802666028,HIGH SAVINGS
A07068,WellSpring Physicians Collaborative,Virginia,2024,0.06800289139987362,6.8002891399873615,HIGH SAVINGS
A07069,Pioneer Provider Alliance Association,Alabama,2024,0.001432224352345188,0.1432224352345188,MODERATE SAVINGS
A07070,Westfield Physician Network Care Network,Illinois,2024,0.007376667681883953,0.7376667681883953,MODERATE SAVINGS
A07071,Horizon Physician Network Network,New Jersey,2024,0.013165610335945578,1.316561033594558,MODERATE SAVINGS
A07072,Valley Physicians Partners,Michigan,2024,0.053995813526007665,5.399581352600767,HIGH SAVINGS
A07073,Lakeside Medical Partners Medical Center,Missouri,2024,0.003838782043292832,0.3838782043292832,MODERATE SAVINGS
A07074,Community Medical Partners Collaborative,Florida,2024,0.021359181945927334,2.1359181945927332,MODERATE SAVINGS
A07075,Silverstone Medical Group Group,Massachusetts,2024,0.025703730334286613,2.570373033428661,MODERATE SAVINGS
A07076,Blue Ridge Integrated Health Physician Alliance,Oregon,2024,0.07445059407530195,7.445059407530195,HIGH SAVINGS
A07077,Northstar Clinical Partners Medical Center,California,2024,0.0149003958551094,1.49003958551094,MODERATE SAVINGS
A07078,Horizon Medical Partners Network,Wisconsin,2024,-0.00894930482212707,-0.894930482212707,LOW SAVINGS
A07079,Oakridge Health Alliance Network,Washington,2024,0.04710699272795596,4.710699272795596,HIGH SAVINGS
A07080,Gateway Health Collaborative Medical Center,Ohio,2024,0.04190250846012112,4.190250846012112,HIGH SAVINGS
A07081,Westfield Care Network Alliance,Alabama,2024,0.037064723191268995,3.7064723191268993,HIGH SAVINGS
A07082,Community Physician Network Alliance,Minnesota,2024,-0.03412194998837596,-3.412194998837596,LOW SAVINGS
A07083,Riverbend Physician Network Association,Virginia,2024,0.03156488433916555,3.156488433916555,HIGH SAVINGS
A07084,Stonebridge Community Care Network,Indiana,2024,0.03052009150840909,3.0520091508409086,HIGH SAVINGS
A07085,Green Valley Care Care Network,Texas,2024,0.020557087145280786,2.0557087145280786,MODERATE SAVINGS
A07086,Unity Health Alliance Medical Center,Connecticut,2024,0.03305833617068558,3.305833617068558,HIGH SAVINGS
A07087,Brookside Care Network Association,Tennessee,2024,0.0007319628277086115,0.07319628277086114,MODERATE SAVINGS
A07088,Parkview Care Network Health System,Massachusetts,2024,0.030909772027985435,3.0909772027985434,HIGH SAVINGS
A07089,Riverbend Health Collaborative Network,Ohio,2024,0.004963869060573163,0.4963869060573163,MODERATE SAVINGS
A07090,Clearview Care Alliance Group,Wisconsin,2024,0.016297350913971616,1.6297350913971616,MODERATE SAVINGS
A07091,Horizon Health Network Partners,Alabama,2024,0.052032940549194676,5.203294054919468,HIGH SAVINGS
A07092,Valley Health Network,Indiana,2024,-0.03945348760805959,-3.945348760805959,LOW SAVINGS
A07093,Pinnacle Health Collaborative Partners,Maryland,2024,0.05593394082877319,5.593394082877319,HIGH SAVINGS
A07094,Stonebridge Medical Medical Center,Ohio,2024,0.01456293030198989,1.456293030198989,MODERATE SAVINGS
A07095,Riverbend Healthcare Group,Arizona,2024,0.005945613793852895,0.5945613793852894,MODERATE SAVINGS
A07096,Oakridge Provider Alliance Association,Indiana,2024,0.029740142462041576,2.9740142462041574,MODERATE SAVINGS
A07097,Heritage Care Network Medical Center,Minnesota,2024,0.030458248444990982,3.0458248444990983,HIGH SAVINGS
A07098,WellSpring Care Partners Group,Wisconsin,2024,-0.006234220262899152,-0.6234220262899152,LOW SAVINGS
A07099,Heartland Care Network Medical Center,Massachusetts,2024,-0.003462946625080943,-0.34629466250809426,LOW SAVINGS
A07100,Meadow Health Health System,Virginia,2024,0.012397145669508187,1.2397145669508187,MODERATE SAVINGS
A07101,Silverstone Physician Network Collaborative,Michigan,2024,-0.0015989255417581687,-0.15989255417581685,LOW SAVINGS
A07102,Blue Ridge Medical Partners Group,Texas,2024,0.004502628266082021,0.4502628266082021,MODERATE SAVINGS
A07103,Brookside Care Partners Care Network,Connecticut,2024,0.05882306319570885,5.882306319570885,HIGH SAVINGS
A07104,Beacon Medical Group Care Network,Michigan,2024,0.0622815455847496,6.22815455847496,HIGH SAVINGS
A07105,Canyon Health Partners Collaborative,Arizona,2024,0.05616678529849995,5.616678529849995,HIGH SAVINGS
A07106,Heartland Integrated Health Medical Center,Indiana,2024,0.020088773988612803,2.0088773988612805,MODERATE SAVINGS
A07107,Cedar Clinical Partners Collaborative,California,2024,-0.02377350763658224,-2.377350763658224,LOW SAVINGS
A07108,Highland Wellness Alliance,Arizona,2024,-0.01859799469315898,-1.8597994693158981,LOW SAVINGS
A07109,Heartland Medical Group Partners,Connecticut,2024,0.002486994393538151,0.2486994393538151,MODERATE SAVINGS
A07110,Riverside Health Collaborative Association,Michigan,2024,0.010227935265363659,1.022793526536366,MODERATE SAVINGS
A07111,Horizon Care Medical Center,Alabama,2024,0.010449646593131036,1.0449646593131034,MODERATE SAVINGS
A07112,Blue Ridge Care Partners Care Network,Tennessee,2024,0.05632429046755313,5.632429046755313,HIGH SAVINGS
A07113,Beacon Medical Care Network,Arizona,2024,0.022607082510989997,2.2607082510989995,MODERATE SAVINGS
A07114,Riverbend Physicians Physician Alliance,Tennessee,2024,-0.027132959005001702,-2.71329590050017,LOW SAVINGS
A07115,Cedar Medical Group Collaborative,Pennsylvania,2024,0.018625632391698243,1.8625632391698244,MODERATE SAVINGS
A07116,Heritage Wellness Association,California,2024,-0.014490391637461766,-1.4490391637461766,LOW SAVINGS
A07117,Northstar Care Network Care Network,Missouri,2024,-0.014909687580487548,-1.4909687580487547,LOW SAVINGS
A07118,Silverstone Medical Group Association,New Jersey,2024,0.02368777139166772,2.368777139166772,MODERATE SAVINGS
A07119,Stonebridge Health Partners Group,New York,2024,0.03985845496029271,3.985845496029271,HIGH SAVINGS
A07120,Unity Health Network Medical Center,Texas,2024,-0.03322132947738945,-3.322132947738945,LOW SAVINGS
A07121,Heritage Medical Medical Center,New Jersey,2024,0.022230343066494178,2.2230343066494176,MODERATE SAVINGS
A07122,Maplewood Provider Alliance Alliance,Oregon,2024,0.007591749589454184,0.7591749589454184,MODERATE SAVINGS
A07123,Riverside Physician Network Network,Connecticut,2024,0.014456634313056672,1.445663431305667,MODERATE SAVINGS
A07124,Pioneer Medical Group Association,California,2024,0.013984813831284871,1.398481383128487,MODERATE SAVINGS
A07125,Highland Health Partners Network,North Carolina,2024,0.010523324444660542,1.0523324444660542,MODERATE SAVINGS
A07126,Stonebridge Care Association,Minnesota,2024,0.027467562780514695,2.7467562780514694,MODERATE SAVINGS
A07128,Clearview Health Partners Association,Alabama,2024,0.01912876312359268,1.912876312359268,MODERATE SAVINGS
A07129,Summit Care Network Group,New York,2024,0.01766568120017684,1.766568120017684,MODERATE SAVINGS
A07130,Cedar Community Care Medical Center,Indiana,2024,0.000461423898177705,0.046142389817770496,MODERATE SAVINGS
A07132,WellSpring Wellness Association,Missouri,2024,0.047006046999653814,4.700604699965381,HIGH SAVINGS
A07133,Blue Ridge Physicians Medical Center,New Jersey,2024,0.014640242763579153,1.4640242763579152,MODERATE SAVINGS
A07134,Oakridge Clinical Partners Collaborative,Minnesota,2024,0.018613643491768694,1.8613643491768694,MODERATE SAVINGS
A07135,Summit Physician Network Association,Indiana,2024,0.011720551845942884,1.1720551845942884,MODERATE SAVINGS
A07136,Riverside Physician Network Medical Center,Illinois,2024,0.009554823410337435,0.9554823410337434,MODERATE SAVINGS
A07137,Horizon Health Collaborative Network,Tennessee,2024,-0.024234431365926925,-2.4234431365926925,LOW SAVINGS
A07138,Silverstone Healthcare Alliance,Florida,2024,0.03247117740197205,3.247117740197205,HIGH SAVINGS
A07140,Silverstone Health Partners Medical Center,Maryland,2024,0.001951142616775028,0.19511426167750281,MODERATE SAVINGS
A07141,Golden Valley Physicians Partners,Illinois,2024,-0.013171870691775655,-1.3171870691775656,LOW SAVINGS
A07142,Mountain View Care Partners Partners,Michigan,2024,0.013428430596980007,1.3428430596980008,MODERATE SAVINGS
A07143,Gateway Care Alliance Collaborative,New Jersey,2024,0.00825071331894214,0.825071331894214,MODERATE SAVINGS
A07144,Springfield Health Partners,Tennessee,2024,0.020161526265762418,2.016152626576242,MODERATE SAVINGS
A07145,Heartland Care Network Group,Ohio,2024,0.0024680257816123447,0.24680257816123446,MODERATE SAVINGS
A07146,Summit Health Collaborative Association,Virginia,2024,-0.006929249427228153,-0.6929249427228154,LOW SAVINGS
A07147,Redwood Wellness Alliance,Michigan,2024,0.03869040571350174,3.8690405713501743,HIGH SAVINGS
A07148,Gateway Health Group,Illinois,2024,0.009126438058440253,0.9126438058440254,MODERATE SAVINGS
A07149,Beacon Health Partners Health System,Virginia,2024,-0.022889053607708192,-2.288905360770819,LOW SAVINGS
A07150,Maplewood Physicians Collaborative,New York,2024,0.052364648267982275,5.236464826798228,HIGH SAVINGS
A07151,Metro Medical Group Health System,Washington,2024,0.041946401655707476,4.194640165570748,HIGH SAVINGS
A07152,Brookside Health Alliance Network,Alabama,2024,0.033572923274324686,3.3572923274324684,HIGH SAVINGS
A07153,Maplewood Health Collaborative Care Network,North Carolina,2024,-0.00806278706017227,-0.806278706017227,LOW SAVINGS
A07154,Heritage Medical Partners Health System,Virginia,2024,-0.027374408106537098,-2.73744081065371,LOW SAVINGS
A07155,Beacon Physician Network Collaborative,Florida,2024,-0.00771948721422042,-0.771948721422042,LOW SAVINGS
A07156,Horizon Integrated Health Collaborative,Minnesota,2024,-0.0040867551533279554,-0.40867551533279556,LOW SAVINGS
A07157,Mountain View Health Alliance Medical Center,Maryland,2024,0.04676940403591227,4.676940403591226,HIGH SAVINGS
A07158,Golden Valley Medical Group Health System,Florida,2024,0.004349941546468086,0.4349941546468086,MODERATE SAVINGS
A07159,Northstar Care Collaborative,Texas,2024,-0.013806655276622191,-1.380665527662219,LOW SAVINGS
A07160,Beacon Health Health System,Washington,2024,0.02280093334148973,2.2800933341489733,MODERATE SAVINGS
A07161,Pioneer Clinical Partners Care Network,Massachusetts,2024,0.0867583737182205,8.67583737182205,HIGH SAVINGS
A07162,Fairview Health Partners,Massachusetts,2024,0.017160476859730652,1.7160476859730651,MODERATE SAVINGS
A07163,Blue Ridge Healthcare Network,Pennsylvania,2024,0.03673007865995449,3.6730078659954493,HIGH SAVINGS
A07164,Summit Medical Partners Alliance,Alabama,2024,0.014958716022895356,1.4958716022895355,MODERATE SAVINGS
A07165,Cedar Health Network Partners,Maryland,2024,0.03559609452113781,3.5596094521137807,HIGH SAVINGS
A07166,Riverbend Health Collaborative Collaborative,Michigan,2024,-0.011869591901584072,-1.1869591901584071,LOW SAVINGS
A07167,Lakeside Integrated Health Alliance,Pennsylvania,2024,-0.014364935615026421,-1.4364935615026422,LOW SAVINGS
A07168,Mountain View Care Network Alliance,Florida,2024,0.029902892441486792,2.9902892441486792,MODERATE SAVINGS
A07169,Unity Integrated Health Network,Florida,2024,-0.02534647497745075,-2.534647497745075,LOW SAVINGS
A07170,Crestview Community Care Network,Connecticut,2024,0.005076340549500988,0.5076340549500987,MODERATE SAVINGS
A07171,Horizon Integrated Health Alliance,Oregon,2024,0.028305496539698802,2.8305496539698805,MODERATE SAVINGS
A07172,Eastgate Health Partners,Alabama,2024,0.033842220577228826,3.3842220577228828,HIGH SAVINGS
A07173,Pioneer Medical Group Partners,Minnesota,2024,0.012286739246633389,1.228673924663339,MODERATE SAVINGS
A07174,Riverside Community Care Alliance,Georgia,2024,0.007362770794279178,0.7362770794279179,MODERATE SAVINGS
A07175,Mountain View Clinical Partners Physician Alliance,Georgia,2024,-0.013906267932864248,-1.3906267932864247,LOW SAVINGS
A07176,Green Valley Care Physician Alliance,Minnesota,2024,0.038075366136806794,3.8075366136806794,HIGH SAVINGS
A07177,Pinnacle Community Care Health System,Alabama,2024,-0.0015794833157602819,-0.1579483315760282,LOW SAVINGS
A07178,Mountain View Care Network Network,Michigan,2024,0.04459107577400575,4.459107577400575,HIGH SAVINGS
A07179,Fairview Medical Partners Medical Center,Virginia,2024,0.04259364798446009,4.259364798446009,HIGH SAVINGS
A07180,Highland Clinical Partners Group,Florida,2024,0.03849906464706217,3.849906464706217,HIGH SAVINGS
A07181,Riverside Medical Partners Association,Connecticut,2024,0.07562073961500858,7.562073961500857,HIGH SAVINGS
A07182,Lakeside Physicians Collaborative,North Carolina,2024,0.005045015288860364,0.5045015288860364,MODERATE SAVINGS
A07183,Eastgate Health Network Group,Arizona,2024,-0.028774286154561148,-2.8774286154561146,LOW SAVINGS
A07184,Lakeside Health Collaborative Alliance,Texas,2024,0.022736261886087107,2.2736261886087106,MODERATE SAVINGS
A07185,Blue Ridge Medical Partners Association,Illinois,2024,-0.03267062675215343,-3.2670626752153433,LOW SAVINGS
A07186,Horizon Integrated Health Partners,Texas,2024,0.02762189205341951,2.7621892053419512,MODERATE SAVINGS
A07187,Unity Healthcare Medical Center,New Jersey,2024,0.04674107416357091,4.67410741635709,HIGH SAVINGS
A07188,Maplewood Wellness Association,Indiana,2024,0.02605049649909314,2.605049649909314,MODERATE SAVINGS
A07189,Evergreen Community Care Medical Center,California,2024,0.009094517232680246,0.9094517232680246,MODERATE SAVINGS
A07190,Stonebridge Physicians Collaborative,Texas,2024,0.045223925253208945,4.522392525320894,HIGH SAVINGS
A07191,Oakridge Care Alliance Physician Alliance,Ohio,2024,0.03830621446922313,3.830621446922313,HIGH SAVINGS
A07192,Beacon Healthcare Group,Arizona,2024,0.03667888141949263,3.667888141949263,HIGH SAVINGS
A07193,Fairview Clinical Partners Network,Wisconsin,2024,0.07787414449947593,7.787414449947592,HIGH SAVINGS
A07194,Beacon Health Network Partners,Pennsylvania,2024,0.03197703741158963,3.197703741158963,HIGH SAVINGS
A07195,Silverstone Care Partners Partners,Minnesota,2024,-0.0076214168338491,-0.76214168338491,LOW SAVINGS
A07196,Highland Care Care Network,Ohio,2024,0.02250230995365207,2.250230995365207,MODERATE SAVINGS
A07197,Lakeside Medical Association,Connecticut,2024,-0.003117333192670186,-0.31173331926701864,LOW SAVINGS
A07198,Unity Medical Group Group,North Carolina,2024,0.03867497329764376,3.867497329764376,HIGH SAVINGS
A07199,Summit Physicians Medical Center,Washington,2024,-0.00600732800637598,-0.6007328006375979,LOW SAVINGS
A07200,Valley Healthcare Health System,Indiana,2024,0.03026016802905498,3.026016802905498,HIGH SAVINGS
A07201,Silverstone Care Physician Alliance,Virginia,2024,-0.013140111558677633,-1.3140111558677634,LOW SAVINGS
A07202,Meadow Medical Group Group,New Jersey,2024,0.09645449860022068,9.645449860022067,HIGH SAVINGS
A07204,WellSpring Physicians Association,Massachusetts,2024,-0.0313960962986065,-3.13960962986065,LOW SAVINGS
A07205,Redwood Care Association,Wisconsin,2024,-0.006369945407379057,-0.6369945407379057,LOW SAVINGS
A07206,Clearview Care Physician Alliance,Florida,2024,0.011731358639010305,1.1731358639010305,MODERATE SAVINGS
A07207,Oakridge Medical Partners Partners,North Carolina,2024,-0.017742941507692053,-1.7742941507692054,LOW SAVINGS
A07208,Heritage Medical Group Collaborative,Washington,2024,0.003959837714330637,0.39598377143306374,MODERATE SAVINGS
A07209,Silverstone Health Partners Care Network,New Jersey,2024,0.02474299363915345,2.474299363915345,MODERATE SAVINGS
A07210,Gateway Care Partners Care Network,North Carolina,2024,0.028730720293691926,2.8730720293691925,MODERATE SAVINGS
A07211,Heritage Care Network,Virginia,2024,0.05402018470838797,5.402018470838797,HIGH SAVINGS
A07212,Clearview Care Network Physician Alliance,Washington,2024,0.008251806556200668,0.8251806556200667,MODERATE SAVINGS
A07213,Parkview Healthcare Medical Center,Colorado,2024,-0.016797179051065616,-1.6797179051065616,LOW SAVINGS
A07214,Metro Physician Network Health System,Wisconsin,2024,0.006112505210331282,0.6112505210331282,MODERATE SAVINGS
A07215,Horizon Health Collaborative Collaborative,Arizona,2024,0.07925884469985973,7.925884469985974,HIGH SAVINGS
A07216,Cedar Health Alliance Group,North Carolina,2024,0.04808055572709758,4.808055572709758,HIGH SAVINGS
A07217,Oakridge Medical Partners Medical Center,Virginia,2024,0.030440285683141995,3.0440285683141997,HIGH SAVINGS
A07218,Oakridge Care Care Network,Missouri,2024,0.02651768801792547,2.651768801792547,MODERATE SAVINGS
A07219,Canyon Physicians Care Network,Connecticut,2024,0.052411829682833595,5.2411829682833595,HIGH SAVINGS
A07220,Highland Health Collaborative Health System,Colorado,2024,0.01141822646726954,1.141822646726954,MODERATE SAVINGS
A07221,Maplewood Physician Network Collaborative,Minnesota,2024,-0.004424502173085279,-0.4424502173085279,LOW SAVINGS
A07222,Eastgate Physicians Network,Massachusetts,2024,0.02239444643703363,2.239444643703363,MODERATE SAVINGS
A07223,Summit Care Partners Collaborative,Maryland,2024,0.024487827191101652,2.448782719110165,MODERATE SAVINGS
A07224,Brookside Care Partners,Oregon,2024,0.038578955057638864,3.8578955057638864,HIGH SAVINGS
A07225,Parkview Medical Partners Health System,Texas,2024,0.039796323602934516,3.9796323602934516,HIGH SAVINGS
A07226,Westfield Health Collaborative Partners,Maryland,2024,0.004655139121619174,0.4655139121619174,MODERATE SAVINGS
A07227,Eastgate Wellness Alliance,Alabama,2024,-0.06938795680460048,-6.938795680460048,LOW SAVINGS
A07228,Valley Wellness Physician Alliance,Michigan,2024,-0.024780915669822722,-2.4780915669822723,LOW SAVINGS
A07229,Blue Ridge Integrated Health Care Network,Massachusetts,2024,0.030565093007518845,3.0565093007518844,HIGH SAVINGS
A07230,WellSpring Care Network Care Network,Florida,2024,0.038589031059305653,3.8589031059305654,HIGH SAVINGS
A07231,Community Health Network Care Network,New Jersey,2024,0.033209288211500175,3.3209288211500176,HIGH SAVINGS
A07232,Unity Community Care Group,Pennsylvania,2024,0.01990262683205755,1.990262683205755,MODERATE SAVINGS
A07234,Grandview Health Network,Pennsylvania,2024,0.020686466721089633,2.0686466721089634,MODERATE SAVINGS
A07235,Eastgate Medical Care Network,Maryland,2024,-0.022460493711180734,-2.2460493711180733,LOW SAVINGS
A07236,Community Health Alliance Health System,Ohio,2024,0.016828675250065667,1.6828675250065668,MODERATE SAVINGS
A07237,Riverside Care Partners Partners,Texas,2024,0.03610728874600398,3.6107288746003983,HIGH SAVINGS
A07238,Westfield Health Network Physician Alliance,Connecticut,2024,0.03145450812739577,3.145450812739577,HIGH SAVINGS
A07239,Highland Care Partners Health System,Pennsylvania,2024,0.031097151651451445,3.1097151651451447,HIGH SAVINGS
A07240,Horizon Medical Partners Health System,Texas,2024,-0.009888198848502375,-0.9888198848502375,LOW SAVINGS
A07241,Brookside Wellness Health System,Pennsylvania,2024,0.031128332169653963,3.112833216965396,HIGH SAVINGS
A07242,Lakeside Integrated Health Partners,Oregon,2024,0.042122761460709486,4.212276146070948,HIGH SAVINGS
A07243,Green Valley Care Network Alliance,Oregon,2024,0.04215420876556888,4.2154208765568875,HIGH SAVINGS
A07244,Springfield Clinical Partners Network,Illinois,2024,0.03875968207203429,3.8759682072034294,HIGH SAVINGS
A07245,Highland Health Health System,Florida,2024,0.026372889200479893,2.637288920047989,MODERATE SAVINGS
A07247,Stonebridge Medical Partners Group,Pennsylvania,2024,0.020393818209933738,2.039381820993374,MODERATE SAVINGS
A07248,Northstar Health Physician Alliance,Tennessee,2024,0.042232842708771756,4.223284270877175,HIGH SAVINGS
A07249,Cedar Care Alliance Collaborative,Tennessee,2024,0.003121099876874162,0.31210998768741616,MODERATE SAVINGS
A07250,Heartland Wellness Association,Texas,2024,0.03357798733731235,3.3577987337312347,HIGH SAVINGS
A07251,Gateway Community Care Group,Tennessee,2024,0.05670934330783012,5.670934330783012,HIGH SAVINGS
A07252,Lakeside Health Network Medical Center,Ohio,2024,0.03695720016123149,3.6957200161231487,HIGH SAVINGS
A07253,Gateway Health Network Care Network,Maryland,2024,-0.024574595972936163,-2.4574595972936164,LOW SAVINGS
A07255,Meadow Care Alliance Partners,North Carolina,2024,0.03351773229999349,3.351773229999349,HIGH SAVINGS
A07256,Evergreen Healthcare Health System,Virginia,2024,-0.025908290652656922,-2.5908290652656922,LOW SAVINGS
A07258,Lakeside Care Network Care Network,Indiana,2024,-0.010402684714996405,-1.0402684714996404,LOW SAVINGS
A07259,Silverstone Community Care Group,Texas,2024,0.0360740472906793,3.60740472906793,HIGH SAVINGS
A07260,Highland Health Partners Physician Alliance,Tennessee,2024,-0.03253130478659829,-3.253130478659829,LOW SAVINGS
A07261,Redwood Health Care Network,Illinois,2024,0.027484630611690902,2.7484630611690903,MODERATE SAVINGS
A07262,Northstar Healthcare Group,Pennsylvania,2024,0.02554731358420467,2.554731358420467,MODERATE SAVINGS
A07263,Grandview Physicians Alliance,Texas,2024,-0.00043457974802596006,-0.04345797480259601,LOW SAVINGS
A07264,Riverside Community Care Health System,Massachusetts,2024,0.02974398840172924,2.974398840172924,MODERATE SAVINGS
A07265,Springfield Health Partners Alliance,Missouri,2024,0.01344980092411826,1.344980092411826,MODERATE SAVINGS
A07267,Riverbend Wellness Medical Center,Florida,2024,-0.023922601557059362,-2.3922601557059364,LOW SAVINGS
A07268,Parkview Care Partners Physician Alliance,Connecticut,2024,0.011006709748311427,1.1006709748311427,MODERATE SAVINGS
A07269,Northstar Medical Medical Center,California,2024,-0.015307528546837286,-1.5307528546837286,LOW SAVINGS
A07270,Westfield Physician Network Partners,Tennessee,2024,-0.012658911837040229,-1.265891183704023,LOW SAVINGS
A07271,Cedar Health Network,Tennessee,2024,0.031870723691823095,3.1870723691823097,HIGH SAVINGS
A07272,Blue Ridge Healthcare Association,Texas,2024,-0.01607601151044099,-1.6076011510440988,LOW SAVINGS
A07273,Mountain View Wellness Association,Georgia,2024,0.022612108545882567,2.2612108545882568,MODERATE SAVINGS
A07275,Mountain View Care Network Association,Texas,2024,-0.0039047270094108213,-0.3904727009410821,LOW SAVINGS
A07276,Pioneer Medical Association,Wisconsin,2024,0.002558131051468663,0.2558131051468663,MODERATE SAVINGS
A07277,Highland Community Care Group,Virginia,2024,0.03623118442153132,3.623118442153132,HIGH SAVINGS
A07278,Fairview Medical Partners,Oregon,2024,0.0020947925914309965,0.20947925914309964,MODERATE SAVINGS
A07279,Fairview Medical Group,Tennessee,2024,0.07079842823471713,7.079842823471713,HIGH SAVINGS
A07280,Westfield Health Alliance Physician Alliance,Washington,2024,0.018275431989893214,1.8275431989893214,MODERATE SAVINGS
A07281,Riverside Care Association,Georgia,2024,0.015020229459126679,1.502022945912668,MODERATE SAVINGS
A07282,Beacon Health Alliance Medical Center,Tennessee,2024,-0.010783483010768967,-1.0783483010768968,LOW SAVINGS
A07283,Mountain View Community Care Health System,Massachusetts,2024,0.05910618096870177,5.910618096870177,HIGH SAVINGS
A07284,Lakeside Care Alliance Association,Illinois,2024,-0.02747639357753399,-2.7476393577533993,LOW SAVINGS
A07285,Evergreen Integrated Health Medical Center,Florida,2024,0.06327786650062901,6.327786650062901,HIGH SAVINGS
A07286,Oakridge Care Alliance Alliance,Minnesota,2024,0.06590027262397409,6.590027262397409,HIGH SAVINGS
A07287,Brookside Care Alliance Collaborative,Oregon,2024,-0.010092584210640791,-1.0092584210640791,LOW SAVINGS
A07288,Redwood Health Group,Pennsylvania,2024,-0.0034303463401269513,-0.3430346340126951,LOW SAVINGS
A07289,Clearview Healthcare Alliance,Florida,2024,0.011640140416657872,1.1640140416657871,MODERATE SAVINGS
A07290,Golden Valley Provider Alliance Medical Center,Washington,2024,1.165988510764401e-06,0.0001165988510764401,MODERATE SAVINGS
A07291,Gateway Care Collaborative,Wisconsin,2024,-0.0036419675429072715,-0.3641967542907272,LOW SAVINGS
A07292,Valley Healthcare Medical Center,Oregon,2024,-0.029724035466236125,-2.9724035466236125,LOW SAVINGS
A07293,Green Valley Care Association,Florida,2024,-0.00241174772502734,-0.241174772502734,LOW SAVINGS
A07294,Redwood Medical Collaborative,Minnesota,2024,-0.002593379575728864,-0.2593379575728864,LOW SAVINGS
A07295,Heritage Health Collaborative Network,Tennessee,2024,0.040235903594299384,4.023590359429939,HIGH SAVINGS
A07296,Grandview Care Partners Care Network,Tennessee,2024,0.031896567379334,3.1896567379334004,HIGH SAVINGS
A07297,Summit Healthcare Care Network,Maryland,2024,-0.025053208936725937,-2.5053208936725935,LOW SAVINGS
A07298,Lakeside Physician Network Collaborative,Pennsylvania,2024,0.030065176445106444,3.0065176445106445,HIGH SAVINGS
A07299,Gateway Health Alliance Association,Texas,2024,-0.0012506009261289079,-0.12506009261289078,LOW SAVINGS
A07300,Pinnacle Healthcare Collaborative,New Jersey,2024,0.04874443735631274,4.8744437356312735,HIGH SAVINGS
A07301,Gateway Community Care Physician Alliance,Washington,2024,0.007582222004990636,0.7582222004990636,MODERATE SAVINGS
A07302,Westfield Care Network Physician Alliance,Arizona,2024,0.022446487056197936,2.2446487056197935,MODERATE SAVINGS
A07303,Westfield Integrated Health Group,Massachusetts,2024,0.022672211767962358,2.2672211767962356,MODERATE SAVINGS
A07304,Horizon Care Network Health System,Indiana,2024,-0.01714900085878867,-1.714900085878867,LOW SAVINGS
A07305,Riverside Clinical Partners Network,California,2024,0.06986770551987913,6.986770551987913,HIGH SAVINGS
A07306,Maplewood Health Collaborative Group,Wisconsin,2024,-0.0014666628520742563,-0.14666628520742564,LOW SAVINGS
A07307,Silverstone Wellness Collaborative,Connecticut,2024,0.0674255959794665,6.7425595979466495,HIGH SAVINGS
A07308,Metro Health Alliance Alliance,Minnesota,2024,0.0018948639933180323,0.18948639933180322,MODERATE SAVINGS
A07309,Riverside Medical Partners Partners,Michigan,2024,0.0022609872499651643,0.22609872499651643,MODERATE SAVINGS
A07310,Redwood Health Alliance Health System,Ohio,2024,0.036161987575226845,3.6161987575226844,HIGH SAVINGS
A07311,Silverstone Community Care Partners,Massachusetts,2024,0.009393196360318764,0.9393196360318764,MODERATE SAVINGS
A07312,Stonebridge Provider Alliance Health System,Michigan,2024,0.029126073913354082,2.912607391335408,MODERATE SAVINGS
A07313,Maplewood Community Care Collaborative,Colorado,2024,-0.020876042645155732,-2.0876042645155732,LOW SAVINGS
A07314,Blue Ridge Physician Network Medical Center,Missouri,2024,0.01633367532119812,1.633367532119812,MODERATE SAVINGS
A07315,Heritage Integrated Health Association,North Carolina,2024,-0.04736128666355435,-4.736128666355436,LOW SAVINGS
A07316,WellSpring Health Alliance Physician Alliance,Colorado,2024,0.0044861374738664715,0.44861374738664717,MODERATE SAVINGS
A07317,Maplewood Physicians Health System,Colorado,2024,0.0490549053144129,4.90549053144129,HIGH SAVINGS
A07318,Fairview Provider Alliance Network,Tennessee,2024,0.0215641188860023,2.15641188860023,MODERATE SAVINGS
A07319,Community Care Alliance Medical Center,Massachusetts,2024,0.03235655540536644,3.235655540536644,HIGH SAVINGS
A07320,Highland Community Care Medical Center,New Jersey,2024,0.0225629995352121,2.2562999535212103,MODERATE SAVINGS
A07321,Blue Ridge Wellness Care Network,Colorado,2024,-0.01060349376936905,-1.060349376936905,LOW SAVINGS
A07322,Riverbend Care Partners Health System,North Carolina,2024,-0.0014697382230464357,-0.14697382230464356,LOW SAVINGS
A07323,Parkview Physician Network Network,Maryland,2024,0.012362420357182475,1.2362420357182475,MODERATE SAVINGS
A07324,Springfield Healthcare Physician Alliance,Washington,2024,0.03513145889007314,3.5131458890073137,HIGH SAVINGS
A07325,Crestview Health Network Care Network,Tennessee,2024,-0.02226921582921588,-2.226921582921588,LOW SAVINGS
A07326,Pinnacle Health Alliance Medical Center,Washington,2024,0.01939346635962868,1.939346635962868,MODERATE SAVINGS
A07327,Parkview Physicians Health System,Virginia,2024,-0.026110355913777816,-2.6110355913777816,LOW SAVINGS
A07328,Valley Healthcare Physician Alliance,Massachusetts,2024,0.002451185499372561,0.2451185499372561,MODERATE SAVINGS
A07329,Lakeside Physicians Association,Alabama,2024,-0.006526544236643275,-0.6526544236643275,LOW SAVINGS
A07330,Metro Health Partners Network,Connecticut,2024,0.004004961345354537,0.4004961345354537,MODERATE SAVINGS
A07331,Evergreen Health Alliance Health System,Alabama,2024,0.06158365476176932,6.158365476176932,HIGH SAVINGS
A07333,Clearview Health Network Network,Massachusetts,2024,-0.013297028533528224,-1.3297028533528223,LOW SAVINGS
A07334,Unity Health Health System,Tennessee,2024,0.02849273196920206,2.849273196920206,MODERATE SAVINGS
A07335,Beacon Provider Alliance Physician Alliance,Virginia,2024,0.04251611160814662,4.251611160814662,HIGH SAVINGS
A07336,Riverside Wellness Physician Alliance,New Jersey,2024,0.032549794077251754,3.2549794077251755,HIGH SAVINGS
A07337,Cedar Physician Network Partners,Texas,2024,0.05358487993313783,5.3584879933137834,HIGH SAVINGS
A07338,Gateway Health Collaborative Group,Texas,2024,-0.04469789367476345,-4.469789367476345,LOW SAVINGS
A07339,Heartland Health Collaborative Medical Center,Minnesota,2024,0.08640382623357488,8.640382623357489,HIGH SAVINGS
A07340,Gateway Health Partners Care Network,New York,2024,0.014576011980313235,1.4576011980313235,MODERATE SAVINGS
A07341,Northstar Care Network Alliance,New Jersey,2024,-0.0032142204905740647,-0.32142204905740646,LOW SAVINGS
A07342,Valley Health Partners Collaborative,Maryland,2024,0.02277407094355511,2.277407094355511,MODERATE SAVINGS
A07343,Oakridge Clinical Partners Care Network,Florida,2024,-0.03510521878574698,-3.510521878574698,LOW SAVINGS
A07344,Riverbend Community Care Collaborative,Texas,2024,0.038568466024779216,3.8568466024779218,HIGH SAVINGS
A07345,Highland Care Network Care Network,Missouri,2024,-0.02751751591818274,-2.751751591818274,LOW SAVINGS
A07346,Northstar Provider Alliance Care Network,Alabama,2024,-0.017768254790491884,-1.7768254790491884,LOW SAVINGS
A07347,Summit Health Alliance Group,Missouri,2024,0.03846867211756962,3.8468672117569622,HIGH SAVINGS
A07348,Springfield Physicians Collaborative,California,2024,0.05767797558952093,5.767797558952093,HIGH SAVINGS
A07349,Community Physicians Group,New York,2024,-0.002113992396627985,-0.2113992396627985,LOW SAVINGS
A07350,Brookside Care Medical Center,Minnesota,2024,0.04135313439146897,4.135313439146897,HIGH SAVINGS
A07352,Metro Health Collaborative,California,2024,0.05517295447187271,5.517295447187271,HIGH SAVINGS
A07353,Mountain View Physician Network Care Network,Pennsylvania,2024,0.022659572631494738,2.265957263149474,MODERATE SAVINGS
A07355,Valley Clinical Partners Medical Center,Arizona,2024,0.012006968934282635,1.2006968934282636,MODERATE SAVINGS
A07356,Community Physicians Physician Alliance,New Jersey,2024,0.014358461985130532,1.4358461985130533,MODERATE SAVINGS
A07357,Oakridge Medical Partners Association,Missouri,2024,0.05643817501473457,5.643817501473457,HIGH SAVINGS
A07358,Golden Valley Wellness Health System,Illinois,2024,-0.044932264595614876,-4.4932264595614875,LOW SAVINGS
A07359,Community Integrated Health Physician Alliance,Arizona,2024,0.0391501449080559,3.9150144908055897,HIGH SAVINGS
A07360,Unity Health Care Network,Pennsylvania,2024,0.02270074792186885,2.2700747921868847,MODERATE SAVINGS
A07361,Metro Integrated Health Care Network,Arizona,2024,-0.01788326291901276,-1.788326291901276,LOW SAVINGS
A07362,Pioneer Healthcare Partners,Connecticut,2024,-0.00942320052691496,-0.9423200526914959,LOW SAVINGS
A07363,Evergreen Clinical Partners Medical Center,Texas,2024,0.0032633774503356616,0.32633774503356616,MODERATE SAVINGS
A07364,Pinnacle Community Care Medical Center,Tennessee,2024,0.0019628652991648217,0.19628652991648216,MODERATE SAVINGS
A07365,Green Valley Health Care Network,Michigan,2024,-0.022176291612071797,-2.2176291612071797,LOW SAVINGS
A07366,Mountain View Medical Group Care Network,Texas,2024,0.008710933975630625,0.8710933975630626,MODERATE SAVINGS
A07367,Clearview Health Network Group,North Carolina,2024,-0.006133551055021676,-0.6133551055021675,LOW SAVINGS
A07368,Cedar Care Partners Health System,Alabama,2024,0.043222520173272515,4.322252017327251,HIGH SAVINGS
A07369,Evergreen Health Collaborative Collaborative,Washington,2024,0.019779859658884843,1.9779859658884842,MODERATE SAVINGS
A07370,Heartland Health Alliance Network,Massachusetts,2024,0.019344863595800954,1.9344863595800954,MODERATE SAVINGS
A07371,Heartland Medical Partners Health System,Indiana,2024,0.004105581811315337,0.41055818113153364,MODERATE SAVINGS
A07372,Eastgate Physicians Partners,Oregon,2024,0.025771040951255233,2.5771040951255233,MODERATE SAVINGS
A07373,Pioneer Care Partners Health System,Texas,2024,0.004172823795615262,0.4172823795615262,MODERATE SAVINGS
A07374,Oakridge Care Network Health System,Michigan,2024,0.061636384028127045,6.163638402812705,HIGH SAVINGS
A07375,Brookside Physician Network Collaborative,Virginia,2024,0.022613959396744453,2.261395939674445,MODERATE SAVINGS
A07376,Community Care Network Network,Connecticut,2024,0.027037283962173135,2.7037283962173135,MODERATE SAVINGS
A07377,Grandview Physician Network Care Network,Pennsylvania,2024,0.006307783331348141,0.630778333134814,MODERATE SAVINGS
A07378,Gateway Provider Alliance Health System,Tennessee,2024,0.04625862923533524,4.625862923533524,HIGH SAVINGS
A07379,Springfield Community Care Association,Pennsylvania,2024,-0.029970162609760306,-2.9970162609760305,LOW SAVINGS
A07380,Redwood Health Partners Alliance,Maryland,2024,-0.031592493987791306,-3.1592493987791306,LOW SAVINGS
A07381,Fairview Clinical Partners Medical Center,Michigan,2024,0.0004986537721792171,0.04986537721792171,MODERATE SAVINGS
A07382,Heartland Medical Partners Collaborative,California,2024,0.09168769644279375,9.168769644279374,HIGH SAVINGS
A07383,Golden Valley Community Care Alliance,Alabama,2024,0.0017426937390751214,0.17426937390751215,MODERATE SAVINGS
A07384,Summit Physician Network Medical Center,Minnesota,2024,0.03763380289519169,3.7633802895191693,HIGH SAVINGS
A07385,Unity Medical Alliance,Michigan,2024,0.022807318168884805,2.2807318168884807,MODERATE SAVINGS
A07386,Summit Medical Group Medical Center,Illinois,2024,-0.00757718213968213,-0.7577182139682129,LOW SAVINGS
A07387,Golden Valley Physician Network Network,Pennsylvania,2024,0.030130986382703347,3.0130986382703346,HIGH SAVINGS
A07388,Crestview Wellness Network,Minnesota,2024,0.029168710279351532,2.9168710279351533,MODERATE SAVINGS
A07389,Redwood Medical Partners Collaborative,Ohio,2024,0.010364248323048332,1.0364248323048333,MODERATE SAVINGS
A07391,Evergreen Care Medical Center,Illinois,2024,0.015542159063062585,1.5542159063062584,MODERATE SAVINGS
A07392,Blue Ridge Health Collaborative Alliance,Illinois,2024,0.005174208286378305,0.5174208286378306,MODERATE SAVINGS
A07393,Brookside Medical Partners Network,Massachusetts,2024,0.040758481106116434,4.075848110611643,HIGH SAVINGS
A07394,Silverstone Care Partners Care Network,Washington,2024,0.04607878364715197,4.607878364715197,HIGH SAVINGS
A07395,Crestview Medical Care Network,Texas,2024,0.04143245262829688,4.143245262829688,HIGH SAVINGS
A07396,Eastgate Provider Alliance Association,Illinois,2024,0.03513088085746356,3.513088085746356,HIGH SAVINGS
A07397,Summit Health Network Group,California,2024,0.052322280561685516,5.232228056168552,HIGH SAVINGS
A07398,Evergreen Physicians Association,Washington,2024,0.0476450868246489,4.76450868246489,HIGH SAVINGS
A07399,Clearview Healthcare Medical Center,Wisconsin,2024,0.025345710867272855,2.5345710867272855,MODERATE SAVINGS
A07400,Lakeside Provider Alliance Physician Alliance,Texas,2024,0.017142766825876808,1.7142766825876807,MODERATE SAVINGS
A07401,Northstar Healthcare Medical Center,Massachusetts,2024,-0.013035049045196166,-1.3035049045196165,LOW SAVINGS
A07402,Northstar Physician Network Alliance,Michigan,2024,0.029710319736794114,2.9710319736794113,MODERATE SAVINGS
A07403,Clearview Medical Partners Partners,Ohio,2024,0.032287236898004494,3.228723689800449,HIGH SAVINGS
A07404,Fairview Provider Alliance Health System,Wisconsin,2024,-0.03635281177775101,-3.635281177775101,LOW SAVINGS
A07405,Metro Provider Alliance Collaborative,Michigan,2024,-0.02493304703217342,-2.493304703217342,LOW SAVINGS
A07406,Heritage Health Partners Partners,Wisconsin,2024,-0.019391349730102737,-1.9391349730102738,LOW SAVINGS
A07407,Eastgate Medical Group Collaborative,Colorado,2024,0.051013110300923696,5.101311030092369,HIGH SAVINGS
A07408,Clearview Medical Group Health System,Missouri,2024,0.0010968700133021337,0.10968700133021338,MODERATE SAVINGS
A07409,WellSpring Healthcare Health System,Wisconsin,2024,0.03501963021920986,3.5019630219209863,HIGH SAVINGS
A07410,Fairview Health Network Group,Missouri,2024,-0.012579852358137019,-1.2579852358137018,LOW SAVINGS
A07411,Oakridge Care Network Collaborative,Illinois,2024,0.01620913759205953,1.6209137592059528,MODERATE SAVINGS
A07412,Riverside Health Alliance Partners,North Carolina,2024,0.038420034387859854,3.8420034387859854,HIGH SAVINGS
A07414,Westfield Medical Partners,Ohio,2024,-0.017263943316120526,-1.7263943316120527,LOW SAVINGS
A07415,Eastgate Clinical Partners Collaborative,North Carolina,2024,0.03743995679959377,3.7439956799593768,HIGH SAVINGS
A07416,Clearview Integrated Health Group,Indiana,2024,0.0057282328354255905,0.5728232835425591,MODERATE SAVINGS
A07417,Metro Physician Network Group,Florida,2024,-0.005678431303860726,-0.5678431303860726,LOW SAVINGS
A07418,Springfield Care Partners Alliance,California,2024,0.04206098862777298,4.206098862777298,HIGH SAVINGS
A07419,Metro Care Alliance Group,Pennsylvania,2024,0.02329726922962369,2.329726922962369,MODERATE SAVINGS
A07420,Oakridge Medical Partners Alliance,Indiana,2024,0.04215517648933898,4.215517648933898,HIGH SAVINGS
A07421,Highland Community Care Alliance,Texas,2024,0.05355493225559579,5.355493225559579,HIGH SAVINGS
A07422,Community Care Alliance Physician Alliance,Minnesota,2024,0.012929090572020883,1.2929090572020883,MODERATE SAVINGS
A07423,Fairview Care Alliance Partners,Illinois,2024,-0.0321282749032738,-3.2128274903273804,LOW SAVINGS
A07424,Heartland Care Alliance,Oregon,2024,0.049474894359611506,4.947489435961151,HIGH SAVINGS
A07425,Cedar Medical Partners Care Network,Ohio,2024,0.013166770626285004,1.3166770626285005,MODERATE SAVINGS
A07426,Unity Integrated Health Care Network,Oregon,2024,0.019582015472248922,1.9582015472248921,MODERATE SAVINGS
A07428,Grandview Care Network Physician Alliance,Alabama,2024,-0.0009145540565436609,-0.09145540565436608,LOW SAVINGS
A07429,Golden Valley Physicians Collaborative,Minnesota,2024,0.026144004236243624,2.6144004236243625,MODERATE SAVINGS
A07431,Heritage Care Alliance Group,Texas,2024,0.05821730036422195,5.821730036422195,HIGH SAVINGS
A07432,Evergreen Clinical Partners Health System,Illinois,2024,0.002760855076419937,0.27608550764199374,MODERATE SAVINGS
A07433,Stonebridge Medical Network,Georgia,2024,0.02585086475875956,2.585086475875956,MODERATE SAVINGS
A07434,Heritage Provider Alliance Collaborative,Minnesota,2024,0.0003020079829074555,0.030200798290745547,MODERATE SAVINGS
A07435,Valley Health Association,California,2024,-0.02715039807567522,-2.7150398075675217,LOW SAVINGS
A07436,WellSpring Care Network Medical Center,Texas,2024,-0.01381837746246668,-1.381837746246668,LOW SAVINGS
A07437,Redwood Medical Group Physician Alliance,Oregon,2024,0.052965158388758496,5.29651583887585,HIGH SAVINGS
A07438,Lakeside Health Alliance Physician Alliance,Ohio,2024,-0.0032236291861992843,-0.32236291861992844,LOW SAVINGS
A07439,Clearview Care Alliance Alliance,Pennsylvania,2024,0.02550873060382364,2.550873060382364,MODERATE SAVINGS
A07440,Unity Medical Group Network,Michigan,2024,0.053937170404314935,5.393717040431493,HIGH SAVINGS
A07441,Beacon Care Alliance Partners,New York,2024,-0.039361182415076315,-3.9361182415076317,LOW SAVINGS
A07442,Redwood Health Alliance Association,Illinois,2024,0.030431116846604992,3.043111684660499,HIGH SAVINGS
A07443,Cedar Health Alliance Care Network,Colorado,2024,0.02911325546537764,2.911325546537764,MODERATE SAVINGS
A07444,Beacon Care Alliance,Pennsylvania,2024,0.04787808960652113,4.7878089606521135,HIGH SAVINGS
A07445,Clearview Medical Group Medical Center,Missouri,2024,0.02271568498424576,2.271568498424576,MODERATE SAVINGS
A07446,Lakeside Care Alliance Partners,Connecticut,2024,0.016092352841433833,1.6092352841433832,MODERATE SAVINGS
A07447,Gateway Wellness Network,Oregon,2024,0.04601672606778164,4.601672606778164,HIGH SAVINGS
A07448,Riverbend Health Collaborative Care Network,Massachusetts,2024,0.012350233583217572,1.2350233583217571,MODERATE SAVINGS
A07449,Metro Community Care Physician Alliance,Texas,2024,-0.04529732405443522,-4.529732405443522,LOW SAVINGS
A07450,Crestview Community Care Partners,California,2024,0.0035006333746321785,0.3500633374632178,MODERATE SAVINGS
A07451,Northstar Community Care Partners,Texas,2024,-0.010405913349522277,-1.0405913349522278,LOW SAVINGS
A07452,Heartland Care Partners Group,Virginia,2024,0.04909506750089841,4.909506750089841,HIGH SAVINGS
A07453,Brookside Community Care Collaborative,Colorado,2024,0.051648526160048204,5.16485261600482,HIGH SAVINGS
A07454,Blue Ridge Provider Alliance Medical Center,New York,2024,0.029068485482539538,2.906848548253954,MODERATE SAVINGS
A07456,Redwood Medical Partners Partners,Arizona,2024,0.009801577555069028,0.9801577555069028,MODERATE SAVINGS
A07457,Evergreen Health Collaborative Alliance,Tennessee,2024,-0.05546401188789825,-5.546401188789825,LOW SAVINGS
A07458,Cedar Care Network,Wisconsin,2024,0.007933388167361095,0.7933388167361095,MODERATE SAVINGS
A07459,Unity Health Collaborative Partners,Connecticut,2024,0.032910847727293344,3.2910847727293344,HIGH SAVINGS
A07460,Lakeside Care Physician Alliance,Oregon,2024,0.004986662427030405,0.4986662427030405,MODERATE SAVINGS
A07461,Pinnacle Provider Alliance Network,Georgia,2024,0.06702562240360174,6.702562240360174,HIGH SAVINGS
A07462,Metro Health Partners Physician Alliance,Arizona,2024,0.04868626370663079,4.868626370663079,HIGH SAVINGS
A07463,Westfield Medical Partners Group,Connecticut,2024,-0.0009011244099672989,-0.0901124409967299,LOW SAVINGS
A07464,Silverstone Physicians Alliance,New York,2024,0.04927259993153472,4.927259993153472,HIGH SAVINGS
A07465,Redwood Health Network,Michigan,2024,0.025942871448212997,2.5942871448213,MODERATE SAVINGS
A07466,Riverbend Care Network Alliance,Virginia,2024,0.044400026847257724,4.440002684725773,HIGH SAVINGS
A07467,Blue Ridge Physicians Collaborative,Texas,2024,0.003923548777518394,0.3923548777518394,MODERATE SAVINGS
A07468,Heritage Wellness Physician Alliance,Massachusetts,2024,0.01497287670057883,1.497287670057883,MODERATE SAVINGS
A07469,Grandview Care Collaborative,Texas,2024,-0.01541031145633411,-1.5410311456334111,LOW SAVINGS
A07470,Riverbend Medical Partners Partners,Texas,2024,0.06035652432742707,6.035652432742707,HIGH SAVINGS
A07471,Evergreen Clinical Partners Alliance,New York,2024,0.0022982350040602105,0.22982350040602106,MODERATE SAVINGS
A07472,Unity Health Partners Association,Colorado,2024,-0.0206549341414649,-2.06549341414649,LOW SAVINGS
A07473,Unity Care Partners Health System,North Carolina,2024,0.05738395830027056,5.738395830027056,HIGH SAVINGS
A07474,Lakeside Health Network,Ohio,2024,0.00991489024322913,0.9914890243229131,MODERATE SAVINGS
A07475,Stonebridge Care Partners Physician Alliance,New York,2024,0.021116707344231784,2.1116707344231784,MODERATE SAVINGS
A07476,Unity Care Collaborative,Indiana,2024,0.015745179669965068,1.5745179669965068,MODERATE SAVINGS
A07477,Summit Integrated Health Collaborative,New Jersey,2024,0.009253426857634322,0.9253426857634321,MODERATE SAVINGS
A07479,Cedar Clinical Partners Association,Ohio,2024,0.05768448459614944,5.768448459614945,HIGH SAVINGS
A07480,Valley Wellness Medical Center,Indiana,2024,0.04325094976061563,4.325094976061563,HIGH SAVINGS
A07481,Riverside Health Partners Medical Center,Wisconsin,2024,0.010202502645431471,1.020250264543147,MODERATE SAVINGS
A07482,Eastgate Medical Partners,Texas,2024,0.007988080026694568,0.7988080026694568,MODERATE SAVINGS
A07484,Canyon Health Network Care Network,Oregon,2024,0.039813449188980235,3.9813449188980234,HIGH SAVINGS
A07485,Riverbend Care Partners Partners,Missouri,2024,0.004143286207341287,0.4143286207341287,MODERATE SAVINGS
A07486,Clearview Community Care Medical Center,Michigan,2024,0.059609945877195064,5.960994587719506,HIGH SAVINGS
A07487,Horizon Clinical Partners Care Network,New Jersey,2024,0.04194412205658958,4.194412205658958,HIGH SAVINGS
A07488,Golden Valley Care Partners Health System,Pennsylvania,2024,0.06580580151442637,6.580580151442637,HIGH SAVINGS
A07489,Crestview Health Alliance Health System,Illinois,2024,-0.014864162042252119,-1.4864162042252118,LOW SAVINGS
A07490,Canyon Care Alliance Health System,Minnesota,2024,0.018319207719372663,1.8319207719372663,MODERATE SAVINGS
A07491,Crestview Physicians Care Network,Florida,2024,0.018561866097345905,1.8561866097345905,MODERATE SAVINGS
A07492,Beacon Wellness Health System,Tennessee,2024,0.03741535327593925,3.7415353275939247,HIGH SAVINGS
A07493,Unity Medical Group Association,California,2024,0.019574843058800574,1.9574843058800573,MODERATE SAVINGS
A07494,Riverside Medical Group Group,California,2024,0.044636782589997426,4.463678258999742,HIGH SAVINGS
A07495,Fairview Health Network Collaborative,Missouri,2024,0.05252636868759024,5.252636868759024,HIGH SAVINGS
A07496,Blue Ridge Medical Partners Medical Center,Arizona,2024,0.003251316789746706,0.3251316789746706,MODERATE SAVINGS
A07497,Redwood Care Alliance,Texas,2024,0.004810180980601682,0.4810180980601682,MODERATE SAVINGS
A07498,Parkview Wellness Network,Florida,2024,-0.017242946593423947,-1.7242946593423947,LOW SAVINGS
A07499,Riverside Health Network Collaborative,Missouri,2024,-0.009206174247385854,-0.9206174247385854,LOW SAVINGS
A07500,Unity Wellness Collaborative,Tennessee,2024,0.05830726300681439,5.830726300681439,HIGH SAVINGS
